station_id,timestamp,opc_pm1,opc_pm25,opc_pm10,opc_pm10_max,pms_pm25,temperature,humidity,pressure,rssi,snr,hub_rssi,hub_snr
4,2026-06-07 19:50:47,17.53,195.29,327.67,327.67,0.55,22.22,24.68,910.1071,-102,4.25,-102.0,4.25
4,2026-06-07 20:10:47,18.45,217.21,327.67,327.67,10.63,22.64,24.03,910.2420,-100,5.00,-100.0,5.0
3,2026-06-07 20:30:48,0.40,2.15,9.11,70.51,0.00,21.94,27.22,909.8230,-108,-0.50,-100.0,4.25
4,2026-06-07 20:30:48,12.81,140.05,327.67,327.67,0.00,21.65,25.38,910.3770,-100,4.25,-100.0,4.25
3,2026-06-07 20:40:48,0.43,2.25,11.25,63.27,0.00,21.96,27.11,909.9397,-109,-2.50,-104.0,2.75
4,2026-06-07 20:40:48,12.18,139.88,327.67,327.67,41.19,21.05,26.13,910.4488,-104,2.75,-104.0,2.75
4,2026-06-07 20:50:47,7.50,84.22,327.67,327.67,37.27,21.13,26.04,910.5539,-101,4.25,-101.0,4.25
4,2026-06-07 21:00:47,4.22,49.02,281.43,327.67,116.93,19.98,27.13,910.6335,-102,4.75,-102.0,4.75
4,2026-06-07 21:10:47,3.11,32.26,151.24,327.67,4.21,18.39,29.40,910.7369,-103,3.50,-103.0,3.5
4,2026-06-07 21:20:47,2.19,21.25,110.87,327.67,0.00,18.32,29.46,910.8882,-100,5.25,-100.0,5.25
4,2026-06-07 21:30:47,2.38,25.26,128.93,327.67,11.58,17.81,30.24,910.9957,-101,5.50,-101.0,5.5
4,2026-06-07 21:40:47,3.96,46.37,237.70,327.67,20.80,17.10,31.43,911.0051,-99,5.50,-99.0,5.5
4,2026-06-07 21:50:47,5.03,60.59,325.07,327.67,41.75,16.46,32.69,911.0358,-101,3.50,-101.0,3.5
3,2026-06-07 22:00:48,0.38,1.70,9.22,49.15,0.00,15.36,38.29,910.6650,-110,-1.50,-100.0,4.5
4,2026-06-07 22:00:48,1.94,21.85,122.40,327.67,53.35,15.75,34.33,911.1700,-100,4.50,-100.0,4.5
4,2026-06-07 22:10:47,4.63,58.92,327.67,327.67,11.72,15.86,34.02,911.2614,-101,5.25,-101.0,5.25
4,2026-06-07 22:20:47,4.89,64.08,327.67,327.67,0.16,15.57,34.32,911.4008,-102,4.25,-102.0,4.25
4,2026-06-07 22:30:47,3.70,46.13,281.30,327.67,58.42,15.30,34.56,911.4528,-100,5.50,-100.0,5.5
3,2026-06-07 22:40:48,0.36,1.40,7.42,38.09,0.00,13.90,41.31,911.0755,-109,-1.00,-100.0,4.0
4,2026-06-07 22:40:48,2.55,29.15,156.25,327.67,34.00,14.75,35.82,911.5253,-100,4.00,-100.0,4.0
4,2026-06-07 22:50:47,2.42,29.73,170.59,327.67,30.31,14.71,35.79,911.6533,-101,5.25,-101.0,5.25
4,2026-06-07 23:00:47,4.93,64.08,327.67,327.67,73.22,14.58,35.92,911.7331,-101,4.50,-101.0,4.5
4,2026-06-07 23:10:47,4.71,61.97,327.67,327.67,35.77,14.21,36.78,911.8760,-101,4.50,-101.0,4.5
4,2026-06-07 23:20:47,5.49,75.24,327.67,327.67,18.36,13.99,37.26,911.9719,-101,4.50,-101.0,4.5
4,2026-06-07 23:30:47,5.89,82.77,327.67,327.67,64.41,13.60,38.49,912.0407,-101,4.75,-101.0,4.75
4,2026-06-07 23:40:47,3.09,40.24,227.72,327.67,107.24,13.32,38.72,912.1849,-101,5.00,-101.0,5.0
4,2026-06-07 23:50:47,7.13,103.83,327.67,327.67,17.76,12.71,40.27,912.2362,-103,3.75,-103.0,3.75
3,2026-06-08 00:00:48,0.38,0.95,3.28,23.66,0.00,12.67,42.36,911.9714,-108,1.50,-102.0,2.75
4,2026-06-08 00:00:48,5.84,82.70,327.67,327.67,21.95,12.95,39.61,912.3821,-102,2.75,-102.0,2.75
3,2026-06-08 00:10:48,0.41,1.01,3.55,24.81,0.00,12.70,42.05,912.0838,-109,-0.25,-101.0,3.25
4,2026-06-08 00:10:48,6.79,98.10,327.67,327.67,81.38,12.54,40.27,912.4788,-101,3.25,-101.0,3.25
4,2026-06-08 00:20:47,6.13,89.19,327.67,327.67,14.77,12.35,41.03,912.5893,-101,4.25,-101.0,4.25
3,2026-06-08 00:30:48,0.39,0.82,2.38,27.58,0.00,12.33,42.74,912.2758,-109,0.50,-102.0,2.25
4,2026-06-08 00:30:48,6.37,94.72,327.67,327.67,17.31,12.07,41.71,912.6365,-102,2.25,-102.0,2.25
3,2026-06-08 00:40:48,0.38,0.92,4.01,54.34,0.00,12.06,43.39,912.3491,-110,-2.00,-102.0,4.25
4,2026-06-08 00:40:48,4.70,66.30,327.67,327.67,129.23,11.95,41.89,912.7432,-102,4.25,-102.0,4.25
4,2026-06-08 00:50:47,8.25,123.48,327.67,327.67,21.60,11.76,42.45,912.7386,-101,4.75,-101.0,4.75
3,2026-06-08 01:00:48,0.35,0.74,2.59,35.43,0.00,11.83,44.19,912.5238,-109,-0.75,-102.0,3.75
4,2026-06-08 01:00:48,7.39,114.36,327.67,327.67,4.38,11.12,44.35,912.8393,-102,3.75,-102.0,3.75
4,2026-06-08 01:10:47,4.94,72.05,327.67,327.67,42.33,10.90,45.04,912.9102,-102,4.50,-102.0,4.5
3,2026-06-08 01:20:48,0.36,0.89,2.85,29.45,0.00,11.60,44.88,912.6427,-108,0.00,-101.0,4.0
4,2026-06-08 01:20:48,1.96,22.99,131.14,327.67,123.29,11.13,44.35,912.9852,-101,4.00,-101.0,4.0
3,2026-06-08 01:30:48,0.34,0.85,2.20,14.25,0.00,11.42,45.43,912.6627,-109,-0.75,-100.0,3.75
4,2026-06-08 01:30:48,3.97,52.62,311.42,327.67,9.07,11.08,44.46,912.9670,-100,3.75,-100.0,3.75
4,2026-06-08 01:40:47,3.50,47.64,267.94,327.67,38.50,10.65,45.59,912.9728,-102,4.75,-102.0,4.75
3,2026-06-08 01:50:48,0.37,0.87,2.88,26.98,0.00,11.02,46.80,912.7170,-109,0.50,-102.0,4.0
4,2026-06-08 01:50:48,4.92,68.15,327.67,327.67,39.16,10.64,45.96,913.0205,-102,4.00,-102.0,4.0
4,2026-06-08 02:00:47,5.75,77.89,327.67,327.67,39.66,10.24,47.12,913.0688,-101,5.25,-101.0,5.25
4,2026-06-08 02:10:47,4.23,60.38,327.67,327.67,33.56,10.07,47.88,913.1986,-100,5.75,-100.0,5.75
3,2026-06-08 02:20:48,0.36,0.80,2.67,41.38,0.00,10.58,48.24,912.9423,-109,-2.75,-101.0,4.5
4,2026-06-08 02:20:48,0.54,4.33,23.69,327.67,7.71,10.39,47.11,913.3655,-101,4.50,-101.0,4.5
4,2026-06-08 02:40:47,0.54,3.65,18.72,240.11,11.39,9.88,48.39,913.5501,-101,4.75,-101.0,4.75
3,2026-06-08 02:50:48,0.34,0.71,1.97,27.67,0.00,10.19,49.58,913.2838,-109,-0.50,-101.0,4.0
4,2026-06-08 02:50:48,1.23,14.38,78.90,327.67,25.12,9.44,49.99,913.6530,-101,4.00,-101.0,4.0
3,2026-06-08 03:00:48,0.33,0.82,2.56,26.32,0.00,9.76,50.99,913.3346,-107,-0.25,-102.0,4.25
4,2026-06-08 03:00:48,0.52,3.67,20.40,301.64,10.25,9.60,49.52,913.8123,-102,4.25,-102.0,4.25
4,2026-06-08 03:10:47,1.11,12.46,70.05,327.67,19.30,9.60,49.93,913.8480,-101,5.50,-101.0,5.5
4,2026-06-08 03:20:47,0.43,2.61,12.96,327.67,17.02,9.78,49.55,914.0111,-100,5.25,-100.0,5.25
4,2026-06-08 03:30:47,0.30,0.70,2.87,41.66,1.98,9.54,50.33,914.0295,-100,5.50,-100.0,5.5
4,2026-06-08 03:40:47,0.33,0.79,2.60,25.04,5.45,9.38,50.59,914.1167,-101,5.25,-101.0,5.25
3,2026-06-08 04:00:47,0.36,0.75,2.30,39.50,0.00,9.81,50.81,913.8694,-108,0.25,-101.0,3.0
4,2026-06-08 04:00:47,0.31,0.76,3.20,31.42,47.40,9.27,50.85,914.2540,-101,3.00,-101.0,3.0
4,2026-06-08 04:10:47,0.34,0.76,2.25,24.40,6.65,9.47,50.12,914.3424,-101,5.25,-101.0,5.25
4,2026-06-08 04:20:47,0.34,0.82,2.01,46.77,5.34,9.50,50.30,914.3837,-100,6.00,-100.0,6.0
4,2026-06-08 04:30:47,0.36,0.83,2.17,15.63,17.30,8.09,55.86,914.3911,-101,5.25,-101.0,5.25
4,2026-06-08 04:40:47,0.36,0.84,2.91,20.38,6.85,7.21,58.52,914.4526,-101,4.75,-101.0,4.75
4,2026-06-08 04:50:47,0.33,0.78,2.58,25.80,10.33,8.96,53.13,914.3744,-102,5.00,-102.0,5.0
4,2026-06-08 05:00:47,0.36,0.88,2.81,18.24,0.00,8.69,54.26,914.3410,-100,5.75,-100.0,5.75
3,2026-06-08 05:10:48,0.33,0.90,3.05,21.69,0.00,9.14,53.84,914.0264,-108,-0.75,-101.0,3.75
4,2026-06-08 05:10:48,0.37,0.96,3.51,22.83,4.23,7.83,57.78,914.3948,-101,3.75,-101.0,3.75
3,2026-06-08 05:20:48,0.34,0.86,3.84,26.85,0.00,8.73,57.00,914.1108,-109,-0.50,-102.0,3.75
4,2026-06-08 05:20:48,0.35,0.88,2.29,11.76,25.37,8.66,55.53,914.4109,-102,3.75,-102.0,3.75
4,2026-06-08 05:30:47,0.35,0.84,3.29,27.93,4.25,8.16,56.15,914.5485,-101,5.50,-101.0,5.5
4,2026-06-08 05:50:47,0.38,0.88,3.81,29.08,20.34,9.30,54.26,914.6657,-101,5.00,-101.0,5.0
4,2026-06-08 06:00:47,0.32,0.89,5.39,43.10,1.95,10.14,50.49,914.7373,-101,4.75,-101.0,4.75
4,2026-06-08 06:10:47,0.31,0.83,3.57,42.15,6.22,11.45,47.08,914.7167,-101,4.50,-101.0,4.5
4,2026-06-08 06:20:47,0.32,0.86,3.40,39.28,9.98,10.74,48.03,914.6942,-101,5.25,-101.0,5.25
4,2026-06-08 06:30:47,0.34,1.12,4.40,88.17,8.47,10.66,48.25,914.6482,-101,5.25,-101.0,5.25
3,2026-06-08 06:50:47,0.32,0.92,2.69,31.54,0.00,11.04,49.37,914.3665,-109,0.25,-101.0,4.25
4,2026-06-08 06:50:47,0.32,0.87,2.92,23.21,4.87,10.85,47.60,914.7149,-101,4.25,-101.0,4.25
4,2026-06-08 07:10:47,0.33,1.00,3.43,30.41,1.58,10.45,48.97,914.7249,-101,5.00,-101.0,5.0
4,2026-06-08 07:20:47,0.32,0.97,4.23,129.57,20.53,11.18,46.86,914.7053,-101,5.75,-101.0,5.75
3,2026-06-08 07:30:47,0.32,0.96,3.62,36.43,0.00,11.31,48.16,914.3799,-109,0.25,-99.0,4.75
4,2026-06-08 07:30:47,0.40,1.99,8.52,81.47,1.64,11.50,46.14,914.7128,-99,4.75,-99.0,4.75
3,2026-06-08 07:40:47,0.31,0.93,3.74,26.97,0.00,11.01,48.86,914.4427,-109,-2.00,-100.0,4.75
4,2026-06-08 07:40:47,0.37,1.46,12.24,327.67,12.49,11.30,46.82,914.7580,-100,4.75,-100.0,4.75
4,2026-06-08 07:50:47,0.32,0.95,3.49,23.86,1.81,13.51,42.08,914.8087,-101,5.50,-101.0,5.5
4,2026-06-08 08:00:47,0.31,0.90,3.36,23.96,0.00,13.26,42.02,914.8057,-101,5.00,-101.0,5.0
4,2026-06-08 08:10:47,0.37,1.91,9.33,110.16,21.68,13.23,42.69,914.8293,-101,5.50,-101.0,5.5
4,2026-06-08 08:20:47,0.49,3.57,18.06,274.66,28.23,14.80,38.81,914.8250,-101,5.75,-101.0,5.75
3,2026-06-08 08:30:47,0.28,0.82,3.51,38.55,0.00,12.30,47.34,914.4728,-109,-1.50,-101.0,4.25
4,2026-06-08 08:30:47,0.30,1.06,3.60,26.45,4.22,13.48,41.61,914.7960,-101,4.25,-101.0,4.25
3,2026-06-08 08:40:47,0.28,0.80,3.04,21.02,0.00,12.11,47.32,914.4120,-109,-1.75,-102.0,3.75
4,2026-06-08 08:40:47,0.29,0.85,3.28,23.21,0.29,13.51,41.95,914.8038,-102,3.75,-102.0,3.75
3,2026-06-08 08:50:47,0.29,0.84,3.66,30.83,0.00,12.80,46.03,914.4148,-109,-2.75,-101.0,4.0
4,2026-06-08 08:50:47,0.29,0.84,3.23,71.01,0.36,15.28,38.12,914.8529,-101,4.00,-101.0,4.0
4,2026-06-08 09:00:47,0.29,0.79,2.36,20.78,0.08,14.67,38.71,914.8176,-101,5.50,-101.0,5.5
4,2026-06-08 09:10:47,0.29,0.76,3.43,20.61,3.50,14.34,39.79,914.8420,-101,5.25,-101.0,5.25
3,2026-06-08 09:30:47,0.27,0.77,2.80,26.76,0.00,14.61,41.95,914.3926,-108,-0.75,-101.0,2.5
4,2026-06-08 09:30:47,0.28,0.76,2.49,20.14,0.00,16.21,35.83,914.8415,-101,2.50,-101.0,2.5
3,2026-06-08 09:40:47,0.28,0.83,3.67,23.86,0.00,15.43,40.05,914.2992,-108,0.25,-100.0,3.0
4,2026-06-08 09:40:47,0.29,0.77,4.39,49.13,0.00,16.74,34.63,914.8006,-100,3.00,-100.0,3.0
3,2026-06-08 09:50:47,0.27,0.76,3.28,38.13,0.00,15.74,39.06,914.1907,-109,-0.25,-101.0,4.25
4,2026-06-08 09:50:47,0.28,0.79,3.65,27.82,0.68,17.28,33.36,914.7076,-101,4.25,-101.0,4.25
3,2026-06-08 10:00:47,0.27,0.74,2.72,25.40,0.00,15.46,40.55,914.1605,-109,-1.25,-101.0,4.0
4,2026-06-08 10:00:47,0.31,0.77,3.20,33.75,0.00,16.82,34.19,914.6110,-101,4.00,-101.0,4.0
3,2026-06-08 10:20:47,0.28,0.81,7.41,327.67,0.00,16.68,37.25,914.0216,-109,-1.00,-100.0,4.5
4,2026-06-08 10:20:47,0.34,0.92,4.32,35.17,0.00,17.40,33.37,914.5304,-100,4.50,-100.0,4.5
3,2026-06-08 10:30:47,0.26,0.74,2.80,32.24,0.00,17.44,35.51,913.9937,-108,0.50,-101.0,1.75
4,2026-06-08 10:30:47,0.33,0.92,5.25,46.70,0.15,17.80,32.80,914.4895,-101,1.75,-101.0,1.75
3,2026-06-08 10:40:47,0.27,0.73,2.70,44.93,0.00,18.84,32.70,913.9092,-108,-0.25,-101.0,4.5
4,2026-06-08 10:40:47,0.33,0.97,5.31,37.81,2.35,19.14,30.84,914.4144,-101,4.50,-101.0,4.5
3,2026-06-08 10:50:47,0.28,0.79,3.60,31.37,0.00,18.19,34.10,913.7855,-108,-0.25,-100.0,4.5
4,2026-06-08 10:50:47,0.32,0.87,5.97,303.93,9.82,18.68,30.93,914.2809,-100,4.50,-100.0,4.5
3,2026-06-08 11:00:47,0.27,0.78,2.41,29.66,0.00,17.80,34.06,913.7181,-108,-0.50,-102.0,3.5
4,2026-06-08 11:00:47,0.32,0.88,4.27,30.10,1.52,17.87,32.77,914.2084,-102,3.50,-102.0,3.5
3,2026-06-08 11:10:47,0.27,0.70,2.66,28.01,0.00,19.21,33.38,913.6894,-109,-1.50,-101.0,3.0
4,2026-06-08 11:10:47,0.32,0.94,4.92,34.76,1.54,17.40,33.57,914.0994,-101,3.00,-101.0,3.0
3,2026-06-08 11:30:47,0.28,0.80,3.29,39.37,0.00,21.37,29.79,913.5536,-109,-1.75,-101.0,2.25
4,2026-06-08 11:30:47,0.30,0.90,4.84,41.14,0.80,20.65,28.19,913.9752,-101,2.25,-101.0,2.25
3,2026-06-08 11:40:47,0.29,0.86,4.00,53.89,0.00,21.63,29.45,913.4672,-108,0.25,-101.0,3.25
4,2026-06-08 11:40:47,0.31,0.89,5.76,44.00,12.24,21.54,26.85,913.9103,-101,3.25,-101.0,3.25
3,2026-06-08 11:50:47,0.27,0.77,3.26,52.14,0.00,22.11,28.32,913.3284,-108,0.75,-102.0,2.5
4,2026-06-08 11:50:47,0.33,1.06,6.98,49.96,1.22,22.61,25.60,913.7504,-102,2.50,-102.0,2.5
3,2026-06-08 12:00:47,0.29,0.85,3.73,31.24,0.00,22.66,27.56,913.2331,-108,-0.25,-102.0,3.5
4,2026-06-08 12:00:47,0.29,0.81,5.33,37.44,0.00,23.11,25.19,913.6993,-102,3.50,-102.0,3.5
3,2026-06-08 12:10:47,0.28,0.77,2.52,43.87,0.00,23.15,27.17,913.1056,-108,-1.50,-102.0,3.0
4,2026-06-08 12:10:47,0.33,0.97,5.27,34.76,4.92,23.11,25.28,913.5841,-102,3.00,-102.0,3.0
4,2026-06-08 12:20:47,0.31,0.91,4.25,25.62,0.00,23.86,24.13,913.5387,-102,4.25,-102.0,4.25
3,2026-06-08 12:30:47,0.32,0.97,3.70,48.04,0.00,23.29,27.64,912.8908,-109,-1.50,-103.0,3.25
4,2026-06-08 12:30:47,0.30,0.81,3.47,29.69,0.45,24.76,23.34,913.4234,-103,3.25,-103.0,3.25
3,2026-06-08 12:40:47,0.30,0.73,2.00,26.24,0.00,24.07,25.60,912.8004,-109,-1.00,-102.0,2.0
4,2026-06-08 12:40:47,0.34,1.00,4.26,30.69,0.00,25.24,22.74,913.2919,-102,2.00,-102.0,2.0
3,2026-06-08 12:50:47,0.30,0.86,3.28,24.26,0.00,24.23,26.22,912.6518,-108,0.00,-103.0,3.0
4,2026-06-08 12:50:47,0.36,1.13,5.61,33.29,0.00,25.03,23.23,913.1764,-103,3.00,-103.0,3.0
3,2026-06-08 13:00:47,0.30,0.76,1.85,16.08,0.00,24.96,25.36,912.6236,-108,-1.00,-103.0,3.5
4,2026-06-08 13:00:47,0.33,0.93,5.24,36.26,0.02,25.66,22.34,913.1156,-103,3.50,-103.0,3.5
3,2026-06-08 13:10:47,0.31,0.84,2.80,21.22,0.00,25.47,25.32,912.5552,-108,-0.50,-102.0,3.25
4,2026-06-08 13:10:47,0.33,0.88,3.07,25.67,10.11,25.46,22.29,913.0434,-102,3.25,-102.0,3.25
3,2026-06-08 13:20:47,0.31,0.85,2.64,23.64,0.00,25.83,24.43,912.4152,-108,-0.75,-102.0,2.75
4,2026-06-08 13:20:47,0.33,0.91,4.27,33.03,2.71,25.35,22.72,912.9084,-102,2.75,-102.0,2.75
3,2026-06-08 13:30:47,0.31,0.79,1.92,18.95,0.00,26.17,23.86,912.3397,-108,0.25,-103.0,3.0
4,2026-06-08 13:30:47,0.33,0.90,5.04,97.12,1.75,24.83,23.56,912.8434,-103,3.00,-103.0,3.0
3,2026-06-08 13:40:47,0.32,0.80,2.42,29.88,0.00,26.29,23.46,912.2373,-108,0.50,-103.0,3.25
4,2026-06-08 13:40:47,0.33,0.85,3.14,31.71,14.43,25.36,22.99,912.7419,-103,3.25,-103.0,3.25
3,2026-06-08 13:50:47,0.33,0.90,2.63,22.30,0.00,26.82,23.42,912.1253,-108,0.00,-102.0,3.25
4,2026-06-08 13:50:47,0.33,0.79,2.71,24.01,1.51,26.77,21.30,912.6446,-102,3.25,-102.0,3.25
4,2026-06-08 14:00:47,0.32,0.83,2.04,27.83,0.28,28.38,19.73,912.5022,-103,3.75,-103.0,3.75
3,2026-06-08 14:20:47,0.28,0.75,2.90,27.03,0.00,21.87,29.30,911.5010,-109,-1.00,-105.0,2.0
4,2026-06-08 14:20:47,0.30,0.80,3.73,32.00,3.69,28.24,19.82,912.2201,-105,2.00,-105.0,2.0
3,2026-06-08 14:40:47,0.30,0.78,3.55,52.96,0.00,21.18,31.44,911.2909,-108,0.50,-102.0,3.0
4,2026-06-08 14:40:47,0.30,0.89,4.74,79.09,5.32,25.95,22.52,911.8976,-102,3.00,-102.0,3.0
4,2026-06-08 15:00:47,0.29,0.80,3.63,38.57,0.12,24.92,22.30,911.6411,-103,2.75,-103.0,2.75
3,2026-06-08 15:40:47,0.28,0.74,2.62,30.16,0.00,22.44,30.21,910.9865,-108,-0.25,-101.0,2.75
4,2026-06-08 15:40:47,0.34,0.97,5.04,37.87,1.79,21.26,28.43,911.5594,-101,2.75,-101.0,2.75
3,2026-06-08 16:20:47,0.28,0.74,2.19,27.98,0.00,21.27,32.34,911.0057,-108,0.00,-101.0,3.0
4,2026-06-08 16:20:47,0.32,0.84,3.45,33.47,1.48,21.43,28.08,911.5736,-101,3.00,-101.0,3.0
3,2026-06-08 16:50:47,0.28,0.67,1.79,31.51,0.00,22.21,26.58,911.0602,-109,-0.50,-100.0,3.5
4,2026-06-08 16:50:47,0.32,0.73,3.12,23.86,0.00,22.64,26.35,911.5912,-100,3.50,-100.0,3.5
3,2026-06-08 17:20:47,0.30,0.74,2.62,30.21,0.00,21.23,29.35,911.0397,-108,0.00,-101.0,2.5
4,2026-06-08 17:20:47,0.37,0.97,3.48,29.22,0.00,19.85,33.84,911.4101,-101,2.50,-101.0,2.5
3,2026-06-08 18:00:48,0.29,0.68,2.08,21.90,0.00,24.86,22.75,910.5962,-109,-0.75,-101.0,3.75
4,2026-06-08 18:00:48,0.27,0.70,3.16,32.57,6.77,23.49,21.94,911.1989,-101,3.75,-101.0,3.75
3,2026-06-08 18:30:47,0.33,0.71,1.51,16.56,0.00,27.87,19.45,910.5391,-109,-1.00,-100.0,4.25
4,2026-06-08 18:30:47,0.28,0.61,2.44,29.11,6.47,29.60,16.24,911.0527,-100,4.25,-100.0,4.25
4,2026-06-08 18:50:47,0.31,0.88,3.51,36.73,7.95,22.97,24.38,910.9238,-101,3.25,-101.0,3.25
4,2026-06-08 19:20:47,0.36,0.92,4.57,31.98,5.29,20.70,30.35,910.8188,-104,2.75,-104.0,2.75
4,2026-06-08 19:30:47,0.33,0.74,2.86,25.59,11.17,21.64,27.24,910.7623,-103,3.00,-103.0,3.0
4,2026-06-08 20:10:47,0.33,0.99,4.34,40.55,2.28,21.64,24.96,910.7088,-102,3.75,-102.0,3.75
4,2026-06-08 20:20:47,0.33,1.48,8.22,239.40,1.86,21.41,24.72,910.6132,-101,3.50,-101.0,3.5
4,2026-06-08 20:30:47,2.00,23.71,160.98,327.67,0.00,20.66,25.98,910.5600,-102,4.75,-102.0,4.75
3,2026-06-08 20:40:47,0.26,1.06,6.02,30.22,0.00,19.01,30.98,910.0138,-109,-1.75,-102.0,2.5
4,2026-06-08 20:40:47,2.28,26.51,152.23,327.67,0.25,20.54,26.04,910.5907,-102,2.50,-102.0,2.5
4,2026-06-08 21:00:47,5.81,69.87,327.67,327.67,7.18,21.42,26.24,910.6446,-102,4.00,-102.0,4.0
4,2026-06-08 21:10:47,10.18,126.09,327.67,327.67,3.72,20.81,27.29,910.6838,-102,5.75,-102.0,5.75
4,2026-06-08 21:20:47,12.21,152.25,327.67,327.67,5.41,19.81,28.64,910.7638,-103,3.75,-103.0,3.75
4,2026-06-08 21:30:47,9.88,126.35,327.67,327.67,27.03,18.04,30.74,910.8439,-100,5.75,-100.0,5.75
4,2026-06-08 21:40:47,4.26,49.72,277.62,327.67,4.97,17.32,31.46,911.0069,-102,5.00,-102.0,5.0
4,2026-06-08 21:50:47,4.15,48.81,249.78,327.67,6.94,16.76,32.14,911.0660,-102,4.00,-102.0,4.0
4,2026-06-08 22:00:47,3.75,44.06,226.37,327.67,2.87,16.28,32.93,911.1621,-102,4.75,-102.0,4.75
4,2026-06-08 22:10:47,3.75,43.04,214.43,327.67,10.72,15.97,33.21,911.2125,-100,5.25,-100.0,5.25
4,2026-06-08 22:20:47,1.85,20.99,105.37,327.67,11.03,15.75,34.04,911.3277,-100,5.00,-100.0,5.0
4,2026-06-08 22:30:47,2.17,25.49,143.55,327.67,8.45,15.62,34.65,911.4846,-99,5.75,-99.0,5.75
4,2026-06-08 22:40:47,3.97,50.84,289.20,327.67,17.36,15.78,33.71,911.5978,-101,5.25,-101.0,5.25
4,2026-06-08 22:50:47,5.55,75.80,327.67,327.67,22.93,15.69,33.72,911.6742,-101,4.50,-101.0,4.5
4,2026-06-08 23:00:47,5.10,70.02,327.67,327.67,23.33,15.50,33.96,911.8233,-102,3.75,-102.0,3.75
4,2026-06-08 23:10:47,1.15,13.14,76.26,327.67,10.68,15.48,33.90,912.0243,-102,3.50,-102.0,3.5
4,2026-06-08 23:30:47,1.67,20.35,108.21,327.67,6.16,15.10,34.38,912.2226,-102,4.00,-102.0,4.0
4,2026-06-08 23:40:47,1.23,13.47,78.69,327.67,9.02,14.88,35.07,912.4080,-102,4.25,-102.0,4.25
4,2026-06-08 23:50:47,1.01,11.62,74.92,327.67,5.17,14.64,35.25,912.5620,-101,5.25,-101.0,5.25
4,2026-06-09 00:00:47,0.96,10.52,59.43,327.67,6.64,14.24,36.26,912.7039,-103,4.00,-103.0,4.0
4,2026-06-09 00:10:47,0.56,4.77,25.25,255.54,9.42,14.31,36.29,912.8711,-101,5.25,-101.0,5.25
3,2026-06-09 00:20:47,0.22,0.68,2.42,33.04,0.00,13.11,41.47,912.5945,-108,-0.50,-102.0,3.25
4,2026-06-09 00:20:47,0.44,2.57,17.89,195.91,22.25,14.20,36.33,913.0588,-102,3.25,-102.0,3.25
3,2026-06-09 00:30:47,0.20,0.60,1.79,21.34,0.00,13.47,40.37,912.7145,-108,0.25,-101.0,3.5
4,2026-06-09 00:30:47,0.59,4.67,23.69,327.67,25.80,13.90,37.04,913.1362,-101,3.50,-101.0,3.5
4,2026-06-09 00:40:47,0.85,8.82,45.82,327.67,14.62,13.75,37.45,913.2108,-102,4.50,-102.0,4.5
4,2026-06-09 00:50:47,0.32,1.76,7.60,112.09,0.48,13.87,37.33,913.3542,-101,5.50,-101.0,5.5
4,2026-06-09 01:00:47,0.31,1.92,8.29,98.47,13.94,13.28,38.55,913.3453,-102,4.25,-102.0,4.25
4,2026-06-09 01:10:47,0.64,6.27,31.48,327.67,9.52,13.19,38.93,913.3617,-104,3.00,-104.0,3.0
3,2026-06-09 01:20:47,0.21,0.56,2.17,34.70,0.00,13.04,41.41,913.0674,-109,-1.00,-100.0,3.0
4,2026-06-09 01:20:47,0.68,6.85,38.79,327.67,3.62,12.59,40.36,913.3478,-100,3.00,-100.0,3.0
4,2026-06-09 01:30:47,1.89,23.84,128.71,327.67,1.55,12.38,40.88,913.3812,-103,4.00,-103.0,4.0
4,2026-06-09 01:40:47,0.39,2.70,15.59,327.67,5.39,12.02,41.85,913.5171,-103,3.50,-103.0,3.5
3,2026-06-09 01:50:47,0.19,0.50,1.33,22.35,0.00,12.75,41.85,913.2861,-109,-0.75,-103.0,1.75
4,2026-06-09 01:50:47,0.71,7.05,36.74,327.67,9.25,11.92,42.16,913.5364,-103,1.75,-103.0,1.75
4,2026-06-09 02:00:47,0.24,0.86,3.30,37.33,13.00,12.81,40.39,913.6299,-104,2.50,-104.0,2.5
3,2026-06-09 02:20:47,0.17,0.48,2.18,30.56,0.00,11.82,44.50,913.5401,-108,0.25,-105.0,1.5
4,2026-06-09 02:20:47,0.18,0.70,3.80,70.64,24.33,12.54,41.79,913.8537,-105,1.50,-105.0,1.5
4,2026-06-09 02:40:47,0.18,0.50,2.49,27.31,5.30,12.52,42.10,914.0652,-104,2.75,-104.0,2.75
4,2026-06-09 03:00:47,0.32,2.26,11.13,190.78,21.88,11.99,43.37,914.2066,-102,4.25,-102.0,4.25
4,2026-06-09 03:10:47,2.32,30.29,173.53,327.67,19.45,11.48,44.40,914.1308,-102,4.25,-102.0,4.25
4,2026-06-09 03:20:47,0.40,3.79,20.06,177.16,9.04,11.52,44.57,914.2479,-103,3.00,-103.0,3.0
4,2026-06-09 03:30:47,0.41,3.60,22.60,195.26,27.25,11.82,43.73,914.2846,-102,5.00,-102.0,5.0
4,2026-06-09 03:40:47,0.22,1.10,5.69,54.43,11.39,11.70,44.30,914.3518,-102,4.25,-102.0,4.25
4,2026-06-09 04:00:47,0.69,7.84,46.55,327.67,4.12,11.17,45.55,914.4653,-101,5.25,-101.0,5.25
4,2026-06-09 04:10:47,0.25,1.57,9.02,83.14,0.51,11.42,45.08,914.6857,-101,5.25,-101.0,5.25
4,2026-06-09 04:20:47,0.26,1.65,9.14,143.79,5.87,11.05,46.06,914.8102,-100,4.75,-100.0,4.75
4,2026-06-09 04:30:47,0.18,0.79,4.83,42.23,0.86,10.45,47.62,914.8949,-101,4.75,-101.0,4.75
4,2026-06-09 04:40:47,0.18,0.88,4.86,57.63,0.00,10.66,47.21,914.9305,-101,5.25,-101.0,5.25
4,2026-06-09 04:50:47,0.24,1.61,8.53,93.46,0.00,10.34,47.91,915.0052,-101,5.25,-101.0,5.25
4,2026-06-09 05:00:47,0.19,0.86,4.71,55.78,2.91,11.12,46.01,915.0056,-101,4.75,-101.0,4.75
3,2026-06-09 05:20:47,0.15,0.47,1.93,22.24,0.00,10.60,49.60,914.8086,-108,0.50,-101.0,4.5
4,2026-06-09 05:20:47,0.20,1.00,4.77,70.56,0.57,11.48,45.17,915.0119,-101,4.50,-101.0,4.5
4,2026-06-09 05:30:47,0.21,0.93,3.90,42.24,4.71,11.38,45.61,915.1132,-103,4.00,-103.0,4.0
4,2026-06-09 05:40:47,0.20,0.89,4.02,56.89,0.92,11.61,45.19,915.1066,-102,4.25,-102.0,4.25
4,2026-06-09 05:50:47,0.17,0.79,3.91,42.52,6.37,11.54,45.45,915.1028,-103,4.25,-103.0,4.25
4,2026-06-09 06:10:47,0.19,0.63,2.74,20.84,2.39,9.76,52.41,915.2683,-103,3.50,-103.0,3.5
4,2026-06-09 06:30:47,0.18,0.64,3.22,25.31,1.82,10.62,50.74,915.4370,-101,5.00,-101.0,5.0
4,2026-06-09 06:40:47,0.21,0.63,2.49,28.26,0.00,10.22,52.54,915.5789,-101,5.25,-101.0,5.25
3,2026-06-09 06:50:47,0.16,0.54,2.43,39.70,0.00,11.23,48.86,915.1674,-108,-0.25,-101.0,3.0
4,2026-06-09 06:50:47,0.22,0.83,3.67,27.23,9.70,9.49,55.23,915.6868,-101,3.00,-101.0,3.0
3,2026-06-09 07:00:47,0.17,0.66,2.64,33.70,0.00,11.31,48.57,915.3038,-108,0.25,-100.0,4.75
4,2026-06-09 07:00:47,0.20,0.67,4.34,40.84,18.41,10.34,53.27,915.8347,-100,4.75,-100.0,4.75
3,2026-06-09 07:10:47,0.17,0.56,1.82,15.75,0.00,11.69,48.42,915.3957,-108,0.00,-100.0,2.75
4,2026-06-09 07:10:47,0.19,0.71,5.76,33.00,9.75,12.24,46.79,915.9111,-100,2.75,-100.0,2.75
3,2026-06-09 07:20:47,0.16,0.53,2.51,29.76,0.00,13.46,44.09,915.4657,-108,-0.75,-100.0,4.0
4,2026-06-09 07:20:47,0.19,0.75,3.74,35.49,0.71,13.12,43.53,916.0140,-100,4.00,-100.0,4.0
3,2026-06-09 07:30:47,0.17,0.65,2.50,31.61,0.00,13.79,43.06,915.5511,-107,0.50,-100.0,3.5
4,2026-06-09 07:30:47,0.18,0.71,4.44,34.51,1.27,14.00,41.88,916.1160,-100,3.50,-100.0,3.5
4,2026-06-09 07:40:47,0.20,0.77,6.04,75.18,24.01,14.98,39.39,916.2411,-101,4.25,-101.0,4.25
4,2026-06-09 07:50:47,0.20,0.84,4.24,35.83,19.76,15.14,38.79,916.2945,-100,5.50,-100.0,5.5
4,2026-06-09 08:00:47,0.21,0.83,4.33,33.39,2.08,14.13,40.62,916.2897,-101,4.75,-101.0,4.75
4,2026-06-09 08:10:47,0.19,0.66,4.07,57.04,12.42,12.97,43.92,916.3783,-101,5.00,-101.0,5.0
4,2026-06-09 08:20:47,0.20,0.76,4.05,38.45,0.42,12.94,44.28,916.4949,-100,5.25,-100.0,5.25
4,2026-06-09 08:30:47,0.22,0.77,4.52,29.76,6.20,12.87,44.56,916.5697,-100,6.00,-100.0,6.0
3,2026-06-09 08:40:47,0.18,0.61,3.02,31.00,0.00,12.80,47.24,916.1673,-108,-0.50,-100.0,4.75
4,2026-06-09 08:40:47,0.20,0.78,4.22,30.33,14.82,12.36,46.33,916.6273,-100,4.75,-100.0,4.75
3,2026-06-09 08:50:47,0.18,0.57,3.03,31.61,0.00,13.08,46.53,916.2076,-108,0.00,-100.0,4.5
4,2026-06-09 08:50:47,0.23,0.89,5.60,41.06,5.25,12.12,47.43,916.6845,-100,4.50,-100.0,4.5
3,2026-06-09 09:00:47,0.17,0.56,2.83,33.58,0.00,13.22,45.44,916.1815,-108,-0.50,-100.0,4.75
4,2026-06-09 09:00:47,0.24,0.93,4.92,36.29,2.44,12.64,47.08,916.6636,-100,4.75,-100.0,4.75
3,2026-06-09 09:10:47,0.18,0.63,2.49,42.53,0.00,13.60,46.08,916.2266,-109,-0.50,-100.0,5.25
4,2026-06-09 09:10:47,0.24,0.91,5.63,50.72,0.00,12.76,47.19,916.7182,-100,5.25,-100.0,5.25
3,2026-06-09 09:20:47,0.23,0.92,5.13,36.87,0.00,14.21,48.11,916.2788,-108,0.00,-99.0,5.0
4,2026-06-09 09:20:47,0.24,0.94,5.45,39.19,0.00,13.10,47.15,916.7510,-99,5.00,-99.0,5.0
3,2026-06-09 09:30:47,0.32,1.36,5.78,41.94,0.00,13.78,54.28,916.2947,-109,-0.25,-100.0,5.5
4,2026-06-09 09:30:47,0.25,0.99,6.49,49.75,0.00,13.41,46.92,916.7662,-100,5.50,-100.0,5.5
3,2026-06-09 09:40:47,0.34,1.43,6.48,68.63,0.00,13.22,58.40,916.3743,-108,-0.25,-101.0,4.75
4,2026-06-09 09:40:47,0.26,0.88,5.34,41.94,0.00,13.66,45.35,916.7960,-101,4.75,-101.0,4.75
3,2026-06-09 09:50:47,0.30,1.05,3.06,28.70,0.00,13.48,59.03,916.4640,-109,-0.25,-101.0,4.25
4,2026-06-09 09:50:47,0.33,1.06,5.06,40.49,0.34,14.19,44.26,916.8394,-101,4.25,-101.0,4.25
3,2026-06-09 10:20:47,0.26,0.69,1.68,31.09,0.00,17.11,47.70,916.5698,-109,-1.25,-101.0,4.25
4,2026-06-09 10:20:47,0.42,0.92,3.07,48.28,0.00,15.48,45.35,916.9170,-101,4.25,-101.0,4.25
3,2026-06-09 10:30:47,0.26,0.65,2.67,37.68,0.00,18.75,43.38,916.6362,-108,0.25,-102.0,4.0
4,2026-06-09 10:30:47,0.32,0.71,3.25,30.46,0.00,15.84,45.71,917.0110,-102,4.00,-102.0,4.0
3,2026-06-09 10:40:47,0.26,0.59,1.89,23.12,0.00,18.98,42.23,916.6110,-108,0.75,-102.0,1.25
4,2026-06-09 10:40:47,0.29,0.63,2.49,32.26,0.00,17.81,41.52,917.1355,-102,1.25,-102.0,1.25
3,2026-06-09 10:50:47,0.25,0.69,2.83,31.80,0.00,18.24,42.79,916.5723,-107,0.75,-101.0,2.0
4,2026-06-09 10:50:47,0.27,0.66,2.02,23.76,0.00,20.68,35.67,917.1897,-101,2.00,-101.0,2.0
3,2026-06-09 11:10:47,0.25,0.55,1.95,29.36,0.00,17.09,47.39,916.6137,-109,-2.00,-103.0,3.5
4,2026-06-09 11:10:47,0.25,0.52,2.52,30.30,0.00,18.13,40.86,917.1057,-103,3.50,-103.0,3.5
3,2026-06-09 11:20:47,0.25,0.60,2.06,24.64,0.00,16.94,49.27,916.6167,-108,0.75,-102.0,2.0
4,2026-06-09 11:20:47,0.28,1.02,7.71,101.76,0.00,18.65,41.27,917.1698,-102,2.00,-102.0,2.0
3,2026-06-09 11:30:47,0.23,0.45,1.52,17.87,0.00,16.58,51.41,916.6340,-108,-1.25,-102.0,3.0
4,2026-06-09 11:30:47,0.28,1.69,16.07,118.83,0.00,16.82,45.40,917.1133,-102,3.00,-102.0,3.0
3,2026-06-09 11:50:47,0.22,0.54,1.86,19.60,0.00,16.70,51.54,916.6478,-107,1.00,-104.0,2.0
4,2026-06-09 11:50:47,0.32,1.93,15.95,174.09,0.00,15.48,49.53,917.1833,-104,2.00,-104.0,2.0
4,2026-06-09 12:00:47,0.42,3.56,32.19,308.97,0.00,18.00,44.78,917.3254,-104,3.25,-104.0,3.25
3,2026-06-09 12:10:47,0.19,0.52,1.80,17.80,0.00,18.00,49.59,916.7081,-108,-0.75,-103.0,3.25
4,2026-06-09 12:10:47,1.06,14.77,128.72,327.67,0.00,19.29,40.95,917.2504,-103,3.25,-103.0,3.25
3,2026-06-09 12:20:47,0.19,0.51,2.29,41.99,0.00,18.46,47.72,916.6723,-109,-2.25,-103.0,1.75
4,2026-06-09 12:20:47,1.68,26.49,221.49,327.67,0.00,17.75,44.07,917.1445,-103,1.75,-103.0,1.75
4,2026-06-09 12:30:47,1.20,17.16,130.89,327.67,0.00,17.04,45.16,917.1219,-103,4.75,-103.0,4.75
3,2026-06-09 12:40:47,0.23,0.92,4.14,38.37,0.00,17.72,49.14,916.5863,-109,-1.00,-103.0,3.0
4,2026-06-09 12:40:47,0.88,11.80,90.48,327.67,0.00,17.06,45.08,917.1563,-103,3.00,-103.0,3.0
4,2026-06-09 12:50:47,1.70,25.73,182.69,327.67,0.00,17.39,43.86,917.1424,-104,3.25,-104.0,3.25
3,2026-06-09 13:20:47,0.24,0.98,4.16,36.48,0.00,18.78,45.21,916.4764,-108,-0.75,-102.0,4.25
4,2026-06-09 13:20:47,0.96,11.90,89.16,327.67,0.00,17.91,42.11,917.0672,-102,4.25,-102.0,4.25
3,2026-06-09 13:30:47,0.22,0.63,2.57,22.61,0.00,17.40,46.85,916.3933,-107,1.50,-103.0,1.75
4,2026-06-09 13:30:47,0.60,5.92,40.97,327.67,0.00,16.41,44.96,917.0217,-103,1.75,-103.0,1.75
3,2026-06-09 13:50:47,0.20,0.51,1.65,18.75,0.00,16.91,47.53,916.3897,-110,-2.25,-102.0,2.75
4,2026-06-09 13:50:47,0.41,3.59,21.38,327.67,0.00,16.40,44.74,916.9449,-102,2.75,-102.0,2.75
3,2026-06-09 14:00:47,0.20,0.56,1.89,18.11,0.00,17.32,46.25,916.3740,-108,0.75,-103.0,2.5
4,2026-06-09 14:00:47,0.41,3.29,23.22,136.56,0.00,16.65,44.74,916.9932,-103,2.50,-103.0,2.5
3,2026-06-09 14:20:47,0.24,0.91,3.95,32.38,0.00,17.28,45.37,916.3609,-108,0.75,-101.0,3.0
4,2026-06-09 14:20:47,2.20,30.48,220.54,327.67,0.00,18.89,38.70,916.8740,-101,3.00,-101.0,3.0
3,2026-06-09 14:30:47,0.32,2.14,15.49,94.80,0.00,17.52,44.69,916.3580,-108,0.50,-103.0,2.5
4,2026-06-09 14:30:47,4.54,68.05,327.67,327.67,0.00,20.90,34.68,916.8866,-103,2.50,-103.0,2.5
3,2026-06-09 14:40:47,0.28,1.39,7.72,45.14,0.00,17.57,44.04,916.4112,-108,-0.25,-103.0,1.5
4,2026-06-09 14:40:47,4.47,66.49,327.67,327.67,0.00,21.59,33.49,916.9546,-103,1.50,-103.0,1.5
3,2026-06-09 14:50:47,0.25,1.10,5.95,36.71,0.00,17.96,43.02,916.3850,-108,-0.25,-101.0,3.75
4,2026-06-09 14:50:47,3.73,53.12,327.67,327.67,0.00,21.47,33.47,916.9866,-101,3.75,-101.0,3.75
3,2026-06-09 15:10:47,0.19,0.42,0.97,13.58,0.00,17.87,42.64,916.4825,-108,0.75,-102.0,2.5
4,2026-06-09 15:10:47,0.27,0.86,4.29,67.78,0.00,18.06,40.21,916.9940,-102,2.50,-102.0,2.5
3,2026-06-09 15:20:47,0.19,0.47,1.10,14.15,0.00,18.06,42.34,916.5237,-108,0.75,-101.0,3.5
4,2026-06-09 15:20:47,0.23,0.67,2.54,34.46,0.00,17.71,41.31,917.0341,-101,3.50,-101.0,3.5
3,2026-06-09 15:30:47,0.20,0.46,1.32,18.07,0.00,19.06,41.35,916.5276,-107,1.25,-102.0,3.75
4,2026-06-09 15:30:47,0.26,0.64,7.84,327.67,0.00,18.86,37.91,916.9989,-102,3.75,-102.0,3.75
3,2026-06-09 15:50:47,0.20,0.50,1.28,18.56,0.00,20.88,37.55,916.4334,-108,-0.25,-101.0,3.25
4,2026-06-09 15:50:47,0.27,0.70,2.51,35.30,0.00,20.25,34.47,916.9780,-101,3.25,-101.0,3.25
4,2026-06-09 16:00:47,0.26,0.61,2.13,27.01,0.00,20.64,33.74,917.0061,-102,4.75,-102.0,4.75
3,2026-06-09 16:20:47,0.21,0.45,1.17,19.02,0.00,19.27,39.20,916.4512,-107,1.00,-103.0,2.5
4,2026-06-09 16:20:47,0.22,0.57,1.73,16.17,0.00,19.43,35.33,917.0362,-103,2.50,-103.0,2.5
3,2026-06-09 16:30:47,0.21,0.47,1.29,17.50,0.00,18.82,39.61,916.4622,-107,0.50,-102.0,2.75
4,2026-06-09 16:30:47,0.24,0.54,1.84,25.02,0.00,18.08,38.36,917.0705,-102,2.75,-102.0,2.75
3,2026-06-09 16:40:47,0.21,0.53,1.49,13.65,0.00,19.21,39.39,916.5162,-107,1.25,-102.0,3.25
4,2026-06-09 16:40:47,0.20,0.49,1.64,23.10,0.00,17.95,38.49,917.0472,-102,3.25,-102.0,3.25
3,2026-06-09 16:50:47,0.19,0.44,1.10,9.00,0.00,19.93,38.37,916.5746,-107,1.00,-103.0,2.25
4,2026-06-09 16:50:47,0.23,0.60,2.74,32.89,0.00,19.34,38.61,917.0451,-103,2.25,-103.0,2.25
4,2026-06-09 17:00:47,0.22,0.54,2.08,26.98,0.00,20.04,36.18,917.0485,-104,3.50,-104.0,3.5
3,2026-06-09 17:20:47,0.21,0.58,1.35,10.26,0.00,22.74,32.53,916.6569,-108,-0.25,-104.0,3.0
4,2026-06-09 17:20:47,0.24,0.59,1.79,28.38,0.00,25.07,26.21,917.2215,-104,3.00,-104.0,3.0
3,2026-06-09 17:40:47,0.20,0.46,1.40,19.58,0.00,20.05,38.00,916.5988,-106,2.25,-103.0,3.5
4,2026-06-09 17:40:47,0.24,0.63,1.59,29.81,0.00,21.39,31.36,917.2302,-103,3.50,-103.0,3.5
3,2026-06-09 17:50:47,0.21,0.44,1.51,24.43,0.00,19.58,38.59,916.6327,-106,1.00,-102.0,3.25
4,2026-06-09 17:50:47,0.27,0.69,2.48,44.87,0.00,20.52,33.27,917.1929,-102,3.25,-102.0,3.25
3,2026-06-09 18:00:47,0.20,0.50,1.51,19.26,0.00,19.74,39.49,916.6754,-108,0.00,-103.0,2.0
4,2026-06-09 18:00:47,0.23,0.58,1.39,12.28,0.00,20.81,33.41,917.1748,-103,2.00,-103.0,2.0
3,2026-06-09 18:10:47,0.20,0.47,1.08,8.68,0.00,21.32,35.60,916.7027,-107,0.25,-104.0,2.25
4,2026-06-09 18:10:47,0.26,0.59,1.47,38.14,0.00,22.22,30.24,917.2072,-104,2.25,-104.0,2.25
3,2026-06-09 18:20:47,0.19,0.46,0.84,6.02,0.00,23.98,30.82,916.6950,-109,0.00,-103.0,1.25
4,2026-06-09 18:20:47,0.24,0.55,1.30,22.81,0.00,25.79,24.73,917.1454,-103,1.25,-103.0,1.25
3,2026-06-09 18:30:47,0.18,0.51,0.91,7.15,0.00,25.41,27.42,916.5787,-108,0.00,-102.0,3.5
4,2026-06-09 18:30:47,0.22,0.52,2.31,44.81,0.00,28.10,21.86,917.0692,-102,3.50,-102.0,3.5
3,2026-06-09 18:40:47,0.18,0.42,1.18,14.47,0.00,25.84,25.84,916.6200,-108,1.00,-102.0,2.25
4,2026-06-09 18:40:47,0.20,0.48,1.50,30.95,0.00,29.08,20.20,917.0525,-102,2.25,-102.0,2.25
3,2026-06-09 18:50:47,0.19,0.46,0.95,21.39,0.00,27.65,23.04,916.6148,-109,-1.25,-102.0,3.75
4,2026-06-09 18:50:47,0.20,0.51,1.29,25.13,0.00,27.96,21.42,917.0535,-102,3.75,-102.0,3.75
3,2026-06-09 19:10:47,0.22,0.59,1.35,14.66,0.00,27.59,23.46,916.5441,-109,-0.75,-103.0,3.0
4,2026-06-09 19:10:47,0.19,0.47,0.99,7.55,0.00,25.64,24.05,917.0878,-103,3.00,-103.0,3.0
3,2026-06-09 19:20:47,0.20,0.52,1.28,26.23,0.00,26.73,25.54,916.4956,-108,0.00,-104.0,2.0
4,2026-06-09 19:20:47,0.19,0.44,1.56,33.19,0.00,26.09,23.62,917.0728,-104,2.00,-104.0,2.0
3,2026-06-09 19:40:47,0.20,0.48,1.20,18.85,0.00,26.66,24.91,916.5621,-108,0.50,-102.0,3.0
4,2026-06-09 19:40:47,0.20,0.51,1.18,13.71,0.00,28.04,20.79,917.0831,-102,3.00,-102.0,3.0
3,2026-06-09 19:50:47,0.21,0.49,1.11,20.24,0.00,27.18,23.90,916.5564,-108,0.00,-102.0,3.5
4,2026-06-09 19:50:47,0.18,0.41,1.04,17.06,0.00,25.55,23.01,917.0600,-102,3.50,-102.0,3.5
3,2026-06-09 20:00:47,0.20,0.47,0.92,13.78,0.00,27.16,24.01,916.5823,-108,-0.25,-104.0,1.75
4,2026-06-09 20:00:47,0.22,0.51,1.02,14.14,0.00,23.18,26.41,917.1234,-104,1.75,-104.0,1.75
3,2026-06-09 20:10:47,0.21,0.52,1.76,32.91,0.00,23.56,28.60,916.5772,-107,1.25,-102.0,2.25
4,2026-06-09 20:10:47,0.21,0.45,1.23,29.32,0.00,21.94,28.97,917.1910,-102,2.25,-102.0,2.25
3,2026-06-09 20:20:47,0.20,0.52,1.30,18.51,0.00,23.27,29.54,916.6757,-107,0.25,-101.0,2.5
4,2026-06-09 20:20:47,0.20,0.52,1.88,35.70,0.00,22.73,27.93,917.1968,-101,2.50,-101.0,2.5
3,2026-06-09 20:30:47,0.21,0.47,1.26,23.18,0.00,22.58,30.83,916.6378,-107,0.25,-103.0,2.75
4,2026-06-09 20:30:47,0.19,0.44,1.90,29.37,0.00,22.08,29.21,917.2461,-103,2.75,-103.0,2.75
3,2026-06-09 20:50:47,0.21,0.50,1.20,16.46,0.00,21.40,34.84,916.8460,-107,1.00,-103.0,1.75
4,2026-06-09 20:50:47,0.20,0.48,1.22,10.32,0.00,21.80,30.77,917.3724,-103,1.75,-103.0,1.75
3,2026-06-09 21:10:47,0.19,0.49,1.09,10.88,0.00,19.22,38.86,916.9847,-106,0.75,-102.0,3.25
4,2026-06-09 21:10:47,0.23,0.49,1.84,25.88,0.00,17.41,39.84,917.4317,-102,3.25,-102.0,3.25
3,2026-06-09 21:30:47,0.23,0.53,1.34,21.95,0.00,19.01,39.28,917.2396,-107,0.75,-102.0,3.75
4,2026-06-09 21:30:47,0.24,0.59,2.19,31.14,0.00,17.14,40.57,917.6942,-102,3.75,-102.0,3.75
3,2026-06-09 21:50:47,0.26,0.64,1.82,33.85,0.00,19.01,38.57,917.3974,-106,0.75,-105.0,1.5
4,2026-06-09 21:50:47,0.25,0.56,2.81,33.66,0.00,16.87,43.04,917.9039,-105,1.50,-105.0,1.5
3,2026-06-09 22:00:47,0.24,0.54,1.35,22.21,0.00,18.37,40.25,917.4978,-106,1.00,-102.0,3.5
4,2026-06-09 22:00:47,0.27,0.58,2.04,32.66,0.00,16.75,44.30,917.9941,-102,3.50,-102.0,3.5
3,2026-06-09 22:10:47,0.24,0.47,1.16,20.96,0.00,17.89,40.93,917.6209,-106,0.75,-103.0,2.75
4,2026-06-09 22:10:47,0.29,0.62,2.19,42.11,0.00,15.88,46.32,918.0677,-103,2.75,-103.0,2.75
3,2026-06-09 22:20:47,0.21,0.43,0.99,27.78,0.00,17.49,41.43,917.7672,-106,1.25,-103.0,2.25
4,2026-06-09 22:20:47,0.29,0.66,1.95,43.64,0.00,15.55,46.58,918.2312,-103,2.25,-103.0,2.25
3,2026-06-09 22:30:47,0.22,0.49,1.13,18.63,0.00,17.09,42.46,917.8896,-106,1.00,-102.0,3.0
4,2026-06-09 22:30:47,0.28,0.59,1.21,13.26,0.00,15.28,47.72,918.3986,-102,3.00,-102.0,3.0
3,2026-06-09 22:40:47,0.21,0.50,1.05,11.72,0.00,16.69,44.55,918.0735,-107,-0.25,-103.0,2.5
4,2026-06-09 22:40:47,0.28,0.59,1.47,20.18,0.00,14.99,48.37,918.5562,-103,2.50,-103.0,2.5
3,2026-06-09 22:50:47,0.23,0.46,0.90,14.63,0.00,16.71,44.30,918.1717,-107,0.25,-103.0,3.5
4,2026-06-09 22:50:47,0.26,0.52,1.13,20.05,0.00,14.66,49.09,918.6892,-103,3.50,-103.0,3.5
4,2026-06-09 23:00:47,0.26,0.62,2.00,29.08,0.00,15.33,45.57,918.7738,-102,4.75,-102.0,4.75
3,2026-06-09 23:10:47,0.24,0.55,1.95,21.88,0.00,16.75,43.78,918.3860,-107,1.00,-102.0,3.75
4,2026-06-09 23:10:47,0.25,0.54,1.89,32.05,0.00,15.59,45.28,918.9218,-102,3.75,-102.0,3.75
3,2026-06-09 23:20:47,0.25,0.51,1.21,32.10,0.00,16.92,44.41,918.4805,-107,0.50,-101.0,3.25
4,2026-06-09 23:20:47,0.25,0.49,1.42,29.09,0.00,15.34,47.27,919.0382,-101,3.25,-101.0,3.25
3,2026-06-09 23:30:47,0.25,0.52,1.16,20.81,0.00,16.44,46.25,918.5506,-106,1.00,-101.0,4.25
4,2026-06-09 23:30:47,0.30,0.66,2.29,26.51,0.00,14.81,51.27,919.0885,-101,4.25,-101.0,4.25
3,2026-06-09 23:40:47,0.24,0.54,1.30,38.19,0.00,15.79,47.51,918.6867,-107,1.00,-100.0,4.0
4,2026-06-09 23:40:47,0.31,0.65,2.84,30.52,0.00,14.40,54.33,919.1686,-100,4.00,-100.0,4.0
3,2026-06-10 00:00:47,0.27,0.52,0.97,12.57,0.00,16.10,45.81,918.8070,-107,0.50,-102.0,3.0
4,2026-06-10 00:00:47,0.31,0.63,1.73,28.59,0.00,14.15,52.23,919.4166,-102,3.00,-102.0,3.0
4,2026-06-10 00:10:47,0.28,0.57,1.86,27.24,0.00,14.23,52.76,919.4518,-102,4.00,-102.0,4.0
4,2026-06-10 00:20:47,0.32,0.71,2.83,28.55,0.00,14.03,55.34,919.5566,-102,4.50,-102.0,4.5
3,2026-06-10 00:30:47,0.28,0.57,1.13,37.41,0.00,15.80,45.78,919.0646,-107,1.50,-101.0,2.5
4,2026-06-10 00:30:47,0.30,0.57,1.69,28.20,0.00,13.76,55.31,919.6308,-101,2.50,-101.0,2.5
4,2026-06-10 00:40:47,0.30,0.62,1.51,29.63,0.00,13.70,54.89,919.7499,-102,5.00,-102.0,5.0
3,2026-06-10 00:50:47,0.25,0.55,1.01,16.65,0.00,15.62,45.17,919.2964,-107,0.25,-100.0,3.0
4,2026-06-10 00:50:47,0.30,0.62,2.10,23.21,0.00,14.04,52.83,919.8977,-100,3.00,-100.0,3.0
4,2026-06-10 01:00:47,0.37,0.81,2.85,38.02,0.00,14.41,53.43,920.0446,-100,5.50,-100.0,5.5
4,2026-06-10 01:30:47,0.29,0.90,4.55,34.70,0.00,13.60,50.16,920.3423,-101,5.00,-101.0,5.0
3,2026-06-10 01:40:47,0.27,0.83,3.01,33.31,0.00,14.25,44.76,919.8144,-108,-0.50,-101.0,4.5
4,2026-06-10 01:40:47,0.31,1.11,6.13,40.06,0.00,13.91,47.07,920.3525,-101,4.50,-101.0,4.5
3,2026-06-10 01:50:47,0.26,0.90,3.37,32.70,0.00,13.59,48.13,919.9029,-108,0.00,-101.0,3.5
4,2026-06-10 01:50:47,0.34,1.10,6.67,47.18,0.00,12.87,50.65,920.4212,-101,3.50,-101.0,3.5
3,2026-06-10 02:00:47,0.29,0.93,3.61,31.28,0.00,13.60,47.54,919.9801,-108,0.00,-102.0,4.0
4,2026-06-10 02:00:47,0.34,1.08,6.89,57.29,0.00,12.96,49.48,920.4717,-102,4.00,-102.0,4.0
3,2026-06-10 02:10:47,0.28,0.90,4.54,30.57,0.00,13.12,52.12,920.1170,-107,0.75,-103.0,3.0
4,2026-06-10 02:10:47,0.35,1.18,8.27,69.62,0.00,12.92,51.77,920.6103,-103,3.00,-103.0,3.0
3,2026-06-10 02:30:47,0.33,0.90,3.53,46.13,0.00,12.37,58.85,920.4458,-107,0.75,-101.0,4.0
4,2026-06-10 02:30:47,0.35,1.14,6.49,60.33,0.00,12.76,48.87,920.9237,-101,4.00,-101.0,4.0
3,2026-06-10 02:40:47,0.36,0.94,2.38,22.95,0.00,11.74,60.74,920.5164,-107,0.75,-104.0,3.0
4,2026-06-10 02:40:47,0.36,1.25,7.00,43.98,0.00,12.52,49.55,920.9408,-104,3.00,-104.0,3.0
3,2026-06-10 02:50:47,0.33,0.85,2.57,29.45,0.00,11.68,59.35,920.5870,-107,0.00,-101.0,3.25
4,2026-06-10 02:50:47,0.37,1.14,7.27,45.29,0.00,12.11,52.98,921.0552,-101,3.25,-101.0,3.25
3,2026-06-10 03:00:47,0.34,0.82,2.09,33.71,0.00,11.27,60.08,920.6830,-108,-0.25,-101.0,3.5
4,2026-06-10 03:00:47,0.36,1.08,6.66,38.32,0.00,12.04,52.93,921.0897,-101,3.50,-101.0,3.5
3,2026-06-10 03:20:47,0.34,0.90,3.46,38.45,0.00,10.89,55.08,920.6825,-108,-0.25,-101.0,4.0
4,2026-06-10 03:20:47,0.38,1.12,7.05,44.72,0.00,11.06,56.49,921.0522,-101,4.00,-101.0,4.0
3,2026-06-10 03:30:47,0.32,0.91,3.51,23.84,0.00,10.90,54.43,920.7616,-108,1.00,-101.0,3.75
4,2026-06-10 03:30:47,0.36,1.00,5.10,43.69,0.00,10.79,56.20,921.1641,-101,3.75,-101.0,3.75
3,2026-06-10 03:40:47,0.31,0.82,4.16,26.04,0.00,10.72,54.42,920.9021,-108,-0.25,-101.0,4.25
4,2026-06-10 03:40:47,0.36,0.98,4.70,38.55,0.00,10.17,57.84,921.2830,-101,4.25,-101.0,4.25
3,2026-06-10 04:00:47,0.31,0.80,2.79,33.53,0.00,10.88,53.34,921.0229,-109,-1.25,-100.0,4.25
4,2026-06-10 04:00:47,0.35,1.09,4.31,35.51,0.00,10.72,54.08,921.4052,-100,4.25,-100.0,4.25
4,2026-06-10 04:10:47,0.34,0.99,3.50,26.07,0.00,10.61,53.94,921.4575,-102,5.00,-102.0,5.0
3,2026-06-10 04:20:47,0.34,0.92,3.71,44.38,0.00,10.72,53.49,921.1640,-109,-2.75,-102.0,3.75
4,2026-06-10 04:20:47,0.35,1.04,5.44,45.04,0.00,10.64,53.42,921.4311,-102,3.75,-102.0,3.75
4,2026-06-10 04:40:47,0.34,0.94,3.50,30.45,0.00,10.86,52.38,921.5352,-102,5.00,-102.0,5.0
3,2026-06-10 04:50:47,0.33,0.90,2.10,19.29,0.00,10.69,53.68,921.2610,-108,-1.25,-101.0,4.25
4,2026-06-10 04:50:47,0.34,0.97,3.76,26.50,0.00,10.89,52.02,921.5658,-101,4.25,-101.0,4.25
4,2026-06-10 05:00:47,0.37,1.05,4.84,49.39,0.00,10.80,52.26,921.5419,-103,4.50,-103.0,4.5
4,2026-06-10 05:10:47,0.34,0.97,9.66,327.67,0.00,10.63,52.92,921.5615,-101,5.50,-101.0,5.5
4,2026-06-10 05:20:46,0.36,0.95,3.14,28.58,0.00,10.26,53.72,921.6156,-102,5.25,-102.0,5.25
4,2026-06-10 05:40:47,0.36,0.97,4.34,36.84,0.00,10.29,53.58,921.6796,-101,6.00,-101.0,6.0
3,2026-06-10 05:50:47,0.33,0.92,3.81,41.65,0.00,10.25,55.02,921.4453,-108,-1.00,-101.0,4.25
4,2026-06-10 05:50:47,0.35,0.94,3.87,45.07,0.00,10.56,52.94,921.7533,-101,4.25,-101.0,4.25
4,2026-06-10 06:00:46,0.38,1.04,4.02,24.37,0.00,11.24,51.27,921.8674,-101,5.75,-101.0,5.75
4,2026-06-10 06:20:47,0.35,0.94,3.78,25.39,0.00,13.06,46.73,922.0094,-101,5.25,-101.0,5.25
4,2026-06-10 06:30:47,0.34,0.97,3.67,42.04,0.00,12.33,48.15,922.0662,-101,5.50,-101.0,5.5
4,2026-06-10 06:40:47,0.36,1.20,7.10,52.07,0.00,11.97,49.06,922.1818,-100,4.75,-100.0,4.75
3,2026-06-10 06:50:47,0.33,0.92,2.60,21.47,0.00,12.68,49.26,921.9384,-108,-0.50,-100.0,5.0
4,2026-06-10 06:50:47,0.34,1.07,6.13,90.32,0.00,12.42,48.25,922.3347,-100,5.00,-100.0,5.0
4,2026-06-10 07:00:47,0.32,1.09,4.60,66.71,0.00,13.10,46.55,922.3615,-101,6.00,-101.0,6.0
3,2026-06-10 07:10:47,0.32,0.99,3.61,28.65,0.00,13.46,47.35,922.0007,-108,0.50,-102.0,4.5
4,2026-06-10 07:10:47,0.37,1.37,8.88,104.89,0.00,13.63,44.83,922.3651,-102,4.50,-102.0,4.5
3,2026-06-10 07:30:47,0.31,0.85,3.33,27.91,0.00,11.66,51.82,922.0673,-108,0.25,-100.0,4.5
4,2026-06-10 07:30:47,0.36,1.09,5.47,53.70,0.00,13.07,46.50,922.3790,-100,4.50,-100.0,4.5
4,2026-06-10 07:40:47,0.36,1.01,4.41,29.91,0.00,13.14,46.11,922.5011,-100,6.25,-100.0,6.25
4,2026-06-10 07:50:46,0.35,0.97,3.49,26.04,0.00,12.40,47.98,922.5654,-100,6.25,-100.0,6.25
4,2026-06-10 08:00:46,0.36,1.02,3.77,31.40,0.00,13.01,46.93,922.6120,-100,5.50,-100.0,5.5
4,2026-06-10 08:10:46,0.42,1.92,9.87,210.15,0.00,12.58,47.35,922.5919,-99,6.00,-99.0,6.0
4,2026-06-10 08:30:46,0.60,5.21,36.67,241.06,0.00,12.70,47.36,922.6615,-100,6.25,-100.0,6.25
3,2026-06-10 08:40:47,0.33,0.93,2.71,25.51,0.00,12.14,51.08,922.4593,-108,0.50,-100.0,5.25
4,2026-06-10 08:40:47,0.41,2.00,12.16,139.07,0.00,11.93,49.02,922.8248,-100,5.25,-100.0,5.25
3,2026-06-10 08:50:47,0.32,0.86,3.15,37.74,0.00,12.44,50.13,922.4525,-109,-0.75,-101.0,3.75
4,2026-06-10 08:50:47,0.36,1.31,4.97,53.99,0.00,12.58,47.40,922.8691,-101,3.75,-101.0,3.75
4,2026-06-10 09:00:46,0.39,1.72,10.32,173.34,0.00,12.75,46.84,922.8764,-99,5.50,-99.0,5.5
4,2026-06-10 09:10:46,0.35,1.03,4.61,45.82,0.00,12.72,46.89,922.8706,-100,6.25,-100.0,6.25
3,2026-06-10 09:20:47,0.34,1.00,3.83,37.09,0.00,12.99,48.80,922.5894,-109,-2.00,-99.0,5.25
4,2026-06-10 09:20:47,0.39,1.69,8.89,215.28,0.00,12.28,48.14,922.8788,-99,5.25,-99.0,5.25
4,2026-06-10 09:30:46,0.36,1.02,3.97,49.22,0.00,12.62,47.65,922.9949,-101,4.75,-101.0,4.75
3,2026-06-10 09:40:47,0.34,0.92,3.29,30.84,0.00,13.16,49.10,922.6518,-109,-2.25,-100.0,5.0
4,2026-06-10 09:40:47,0.35,1.07,4.83,53.48,0.00,12.86,47.50,923.0511,-100,5.00,-100.0,5.0
3,2026-06-10 09:50:47,0.30,0.90,4.07,24.64,0.00,13.50,49.00,922.7199,-109,-0.25,-101.0,4.25
4,2026-06-10 09:50:47,0.34,0.99,4.98,39.88,0.00,13.14,46.65,923.0978,-101,4.25,-101.0,4.25
4,2026-06-10 10:00:46,0.34,0.98,4.63,30.70,0.00,13.16,46.65,923.1822,-100,5.75,-100.0,5.75
4,2026-06-10 10:10:46,0.37,1.04,4.82,51.39,0.00,13.20,46.52,923.2907,-101,5.50,-101.0,5.5
4,2026-06-10 10:20:46,0.35,1.10,4.53,56.58,0.00,13.60,45.67,923.3796,-101,5.75,-101.0,5.75
4,2026-06-10 10:50:46,0.38,1.06,5.40,60.16,0.00,15.20,41.70,923.5244,-100,6.00,-100.0,6.0
3,2026-06-10 11:00:47,0.29,0.83,4.20,45.67,0.00,15.34,44.92,923.1375,-109,-0.50,-101.0,4.75
4,2026-06-10 11:00:47,0.37,1.04,3.13,27.08,0.00,14.71,42.83,923.5263,-101,4.75,-101.0,4.75
4,2026-06-10 11:10:46,0.35,1.00,5.44,39.63,0.00,15.05,41.91,923.6416,-100,6.25,-100.0,6.25
3,2026-06-10 11:20:47,0.28,0.76,3.31,40.24,0.00,15.28,44.52,923.2212,-109,-1.00,-99.0,4.25
4,2026-06-10 11:20:47,0.38,1.01,5.33,38.69,0.00,15.49,41.17,923.6749,-99,4.25,-99.0,4.25
3,2026-06-10 11:30:47,0.26,0.70,2.32,24.05,0.00,15.75,43.46,923.2167,-108,-0.50,-101.0,4.0
4,2026-06-10 11:30:47,0.34,0.92,4.44,46.50,0.00,15.74,40.27,923.6838,-101,4.00,-101.0,4.0
3,2026-06-10 11:40:47,0.28,0.75,3.38,27.91,0.00,16.17,42.43,923.2601,-109,-1.50,-101.0,2.75
4,2026-06-10 11:40:47,0.36,1.11,4.04,48.56,0.00,16.25,39.32,923.6894,-101,2.75,-101.0,2.75
4,2026-06-10 11:50:46,0.32,0.89,3.82,33.56,0.00,15.57,40.38,923.7264,-101,6.00,-101.0,6.0
4,2026-06-10 12:20:47,0.29,0.82,2.32,8.83,0.00,13.01,46.40,923.8104,-102,5.50,-102.0,5.5
4,2026-06-10 13:00:47,0.39,1.08,4.49,41.35,0.00,14.65,42.73,924.0044,-101,5.50,-101.0,5.5
4,2026-06-10 13:20:47,0.34,0.92,3.65,38.09,0.00,15.04,41.94,924.1384,-101,5.50,-101.0,5.5
4,2026-06-10 13:30:47,0.35,0.94,3.66,32.07,0.00,14.47,42.94,924.1986,-101,6.00,-101.0,6.0
4,2026-06-10 13:40:47,0.34,0.95,3.46,25.77,0.00,14.31,43.44,924.2555,-100,6.25,-100.0,6.25
3,2026-06-10 13:50:47,0.31,0.82,3.61,26.87,0.00,14.35,46.01,923.8426,-108,-1.75,-100.0,5.5
4,2026-06-10 13:50:47,0.34,0.97,4.47,29.42,0.00,14.68,42.28,924.2709,-100,5.50,-100.0,5.5
3,2026-06-10 14:00:47,0.26,0.76,3.87,28.20,0.00,14.49,45.87,923.8749,-108,-1.25,-100.0,5.0
4,2026-06-10 14:00:47,0.38,1.06,4.56,33.94,0.00,14.61,42.65,924.3209,-100,5.00,-100.0,5.0
3,2026-06-10 14:10:47,0.24,0.71,3.14,19.23,0.00,14.57,45.89,923.8752,-109,-2.50,-101.0,4.5
4,2026-06-10 14:10:47,0.35,0.94,4.17,36.42,0.00,14.56,42.91,924.3286,-101,4.50,-101.0,4.5
3,2026-06-10 14:20:47,0.25,0.67,2.40,19.60,0.00,14.62,45.64,923.8229,-107,1.25,-101.0,4.25
4,2026-06-10 14:20:47,0.35,1.00,4.03,32.28,0.00,14.93,41.99,924.2978,-101,4.25,-101.0,4.25
3,2026-06-10 14:40:47,0.26,0.75,3.26,26.02,0.00,15.18,43.93,923.8516,-108,-1.25,-104.0,3.25
4,2026-06-10 14:40:47,0.36,0.91,4.19,30.97,0.00,15.33,40.90,924.2768,-104,3.25,-104.0,3.25
3,2026-06-10 15:20:47,0.24,0.59,2.42,22.35,0.00,14.96,46.30,923.9176,-108,-1.75,-101.0,4.75
4,2026-06-10 15:20:47,0.32,0.86,3.66,39.13,0.00,15.92,40.66,924.4532,-101,4.75,-101.0,4.75
3,2026-06-10 15:30:47,0.23,0.61,2.68,42.77,0.00,14.94,46.40,924.0539,-108,-0.25,-101.0,4.5
4,2026-06-10 15:30:47,0.34,0.92,3.88,50.27,0.00,16.51,39.72,924.5775,-101,4.50,-101.0,4.5
4,2026-06-10 15:50:47,0.31,0.87,3.61,27.28,0.00,15.97,40.42,924.7029,-100,6.00,-100.0,6.0
3,2026-06-10 16:00:47,0.26,0.72,3.43,24.80,0.00,15.33,45.41,924.2710,-107,0.75,-102.0,3.75
4,2026-06-10 16:00:47,0.32,0.89,3.70,28.04,0.00,15.86,40.36,924.7903,-102,3.75,-102.0,3.75
3,2026-06-10 16:20:47,0.25,0.63,2.79,21.18,0.00,15.42,45.27,924.3657,-107,0.50,-102.0,4.0
4,2026-06-10 16:20:47,0.35,1.06,4.89,34.19,0.00,16.10,41.43,924.8457,-102,4.00,-102.0,4.0
3,2026-06-10 16:30:47,0.24,0.66,3.34,26.13,0.00,15.80,43.73,924.4710,-107,0.75,-102.0,2.25
4,2026-06-10 16:30:47,0.33,0.90,4.88,37.44,0.00,16.14,40.34,924.8969,-102,2.25,-102.0,2.25
3,2026-06-10 16:40:47,0.26,0.70,3.30,26.04,0.00,16.10,43.30,924.4811,-107,1.00,-102.0,4.0
4,2026-06-10 16:40:47,0.33,0.94,5.35,44.80,0.00,16.24,40.70,924.9671,-102,4.00,-102.0,4.0
3,2026-06-10 16:50:47,0.26,0.70,3.45,29.03,0.00,16.25,43.20,924.5510,-107,0.75,-103.0,3.5
4,2026-06-10 16:50:47,0.36,1.03,4.57,46.61,0.00,16.04,42.01,925.0211,-103,3.50,-103.0,3.5
3,2026-06-10 17:10:47,0.29,0.81,3.89,27.36,0.00,15.43,48.42,924.6142,-106,1.25,-101.0,4.25
4,2026-06-10 17:10:47,0.38,1.03,5.59,54.50,0.00,15.43,43.49,925.1091,-101,4.25,-101.0,4.25
3,2026-06-10 17:20:47,0.28,0.81,3.93,32.61,0.00,15.39,48.54,924.6966,-107,0.75,-101.0,4.5
4,2026-06-10 17:20:47,0.40,1.08,9.61,327.67,0.00,15.09,45.94,925.1813,-101,4.50,-101.0,4.5
3,2026-06-10 17:30:47,0.30,0.78,3.71,34.85,0.00,14.97,51.10,924.7230,-106,1.00,-100.0,3.25
4,2026-06-10 17:30:47,0.40,1.06,4.32,63.88,0.00,14.48,48.07,925.2030,-100,3.25,-100.0,3.25
4,2026-06-10 17:40:47,0.43,1.06,4.37,29.17,0.00,14.12,50.58,925.2652,-100,6.00,-100.0,6.0
3,2026-06-10 17:50:47,0.38,1.01,7.18,71.65,0.00,15.25,51.18,924.9328,-106,1.50,-100.0,5.0
4,2026-06-10 17:50:47,0.47,1.11,4.19,36.03,0.00,13.74,54.19,925.3416,-100,5.00,-100.0,5.0
4,2026-06-10 18:00:47,0.49,1.10,12.25,327.67,0.00,13.21,58.24,925.4514,-100,5.75,-100.0,5.75
3,2026-06-10 18:10:47,0.38,0.94,2.78,32.55,0.00,13.12,60.21,925.0117,-106,1.75,-100.0,5.0
4,2026-06-10 18:10:47,0.49,1.29,5.00,39.46,0.00,12.20,61.89,925.4948,-100,5.00,-100.0,5.0
3,2026-06-10 18:30:47,0.39,0.93,3.43,22.39,0.00,12.68,63.72,925.0980,-106,1.25,-100.0,3.25
4,2026-06-10 18:30:47,0.54,1.20,4.83,33.88,0.00,12.01,62.59,925.5541,-100,3.25,-100.0,3.25
3,2026-06-10 18:40:47,0.41,0.95,3.22,28.68,0.00,13.07,63.79,925.1604,-106,1.50,-100.0,3.75
4,2026-06-10 18:40:47,0.52,1.15,2.79,26.63,0.00,12.25,62.94,925.6021,-100,3.75,-100.0,3.75
3,2026-06-10 18:50:47,0.42,0.98,2.68,27.43,0.00,13.10,64.42,925.2084,-106,1.00,-100.0,4.75
4,2026-06-10 18:50:47,0.56,1.15,2.96,26.13,0.00,12.43,63.13,925.6492,-100,4.75,-100.0,4.75
3,2026-06-10 19:00:47,0.42,0.92,2.75,19.60,0.00,13.15,64.10,925.2666,-106,1.25,-100.0,3.5
4,2026-06-10 19:00:47,0.65,1.35,2.90,26.15,0.00,12.10,64.82,925.7169,-100,3.50,-100.0,3.5
3,2026-06-10 19:10:47,0.50,1.03,3.14,23.99,0.00,12.77,65.72,925.3656,-106,0.75,-101.0,4.75
4,2026-06-10 19:10:47,0.62,1.24,3.13,25.61,0.00,11.81,65.59,925.8022,-101,4.75,-101.0,4.75
3,2026-06-10 19:20:47,0.53,1.08,2.97,22.39,0.00,12.45,66.77,925.4319,-106,1.25,-100.0,5.0
4,2026-06-10 19:20:47,0.68,1.31,3.45,27.60,0.00,11.53,66.16,925.8260,-100,5.00,-100.0,5.0
3,2026-06-10 19:40:47,0.69,1.48,4.68,36.87,0.00,12.11,69.05,925.5649,-106,1.50,-101.0,3.75
4,2026-06-10 19:40:47,0.75,1.54,4.26,42.60,0.00,11.23,67.66,925.9871,-101,3.75,-101.0,3.75
3,2026-06-10 20:00:47,0.68,1.31,3.56,20.33,0.00,11.84,70.59,925.6689,-106,0.75,-100.0,4.75
4,2026-06-10 20:00:47,0.72,1.42,2.93,24.36,0.00,11.16,69.07,926.0866,-100,4.75,-100.0,4.75
3,2026-06-10 20:10:47,0.67,1.31,3.19,19.58,0.00,11.74,70.78,925.6935,-107,0.25,-100.0,3.5
4,2026-06-10 20:10:47,0.71,1.37,2.81,18.73,0.00,11.24,68.90,926.1276,-100,3.50,-100.0,3.5
3,2026-06-10 20:20:47,0.76,1.39,4.19,30.20,0.00,11.65,71.67,925.7831,-107,0.50,-100.0,4.0
4,2026-06-10 20:20:47,0.98,1.70,4.14,33.74,0.00,11.27,69.49,926.1768,-100,4.00,-100.0,4.0
4,2026-06-10 20:50:47,0.94,1.73,3.84,51.72,0.00,10.38,72.36,926.3644,-101,5.00,-101.0,5.0
4,2026-06-10 21:00:47,0.97,1.75,4.25,29.38,0.00,10.66,72.63,926.2920,-102,5.00,-102.0,5.0
4,2026-06-10 21:10:47,1.03,1.74,3.79,28.08,0.00,10.43,75.12,926.2169,-100,6.50,-100.0,6.5
4,2026-06-10 21:20:47,0.76,1.50,3.29,28.70,0.00,10.91,72.97,926.0852,-100,6.50,-100.0,6.5
4,2026-06-10 22:00:47,0.55,1.12,2.88,22.41,0.00,11.47,68.62,926.1709,-101,5.50,-101.0,5.5
4,2026-06-10 22:10:47,0.50,1.03,2.26,22.25,0.00,11.10,68.46,926.1663,-101,5.50,-101.0,5.5
4,2026-06-10 22:40:47,0.41,1.10,3.34,44.48,0.00,10.23,68.13,926.3876,-100,6.25,-100.0,6.25
3,2026-06-10 22:50:47,0.41,1.02,3.27,23.90,0.00,9.89,73.66,926.1637,-109,-3.25,-101.0,4.5
4,2026-06-10 22:50:47,0.39,1.00,3.67,38.58,0.00,10.01,69.18,926.4600,-101,4.50,-101.0,4.5
4,2026-06-10 23:00:47,0.42,1.08,5.20,60.80,0.00,10.18,68.39,926.5135,-100,5.75,-100.0,5.75
4,2026-06-10 23:20:47,0.48,1.20,3.13,16.94,0.00,10.12,70.22,926.7586,-101,5.50,-101.0,5.5
4,2026-06-10 23:40:47,0.45,1.24,4.37,48.81,0.00,9.64,71.36,926.8977,-100,6.75,-100.0,6.75
4,2026-06-10 23:50:47,0.40,1.11,4.44,60.36,0.00,9.63,71.14,927.0268,-101,5.75,-101.0,5.75
4,2026-06-11 00:00:47,0.50,1.40,7.60,83.57,0.00,8.90,74.28,927.1430,-100,6.00,-100.0,6.0
4,2026-06-11 00:20:47,0.44,1.10,3.61,42.20,0.00,8.83,74.64,927.3195,-100,5.25,-100.0,5.25
3,2026-06-11 00:30:47,0.56,1.26,4.25,21.08,0.00,8.77,78.72,927.1343,-109,-1.25,-99.0,5.25
4,2026-06-11 00:30:47,0.46,1.13,4.78,33.09,0.00,8.86,75.27,927.3294,-99,5.25,-99.0,5.25
3,2026-06-11 00:40:47,0.53,1.24,5.74,46.94,0.00,9.23,76.69,927.1226,-109,-1.50,-99.0,4.75
4,2026-06-11 00:40:47,0.49,1.20,3.63,29.50,0.00,8.82,75.31,927.4204,-99,4.75,-99.0,4.75
4,2026-06-11 01:40:47,0.44,0.96,4.24,50.98,0.00,9.33,73.44,927.6918,-99,6.00,-99.0,6.0
4,2026-06-11 02:00:47,0.45,0.96,3.97,46.50,0.00,9.60,72.68,927.8110,-100,5.75,-100.0,5.75
3,2026-06-11 02:10:47,0.48,0.88,2.47,23.40,0.00,8.38,78.85,927.7020,-109,-3.00,-101.0,4.5
4,2026-06-11 02:10:47,0.48,1.00,3.05,32.64,0.00,9.26,73.84,927.9525,-101,4.50,-101.0,4.5
4,2026-06-11 02:30:47,0.49,0.98,4.33,67.18,0.00,9.20,73.78,928.0070,-101,6.00,-101.0,6.0
3,2026-06-11 02:40:47,0.70,1.27,4.46,40.68,0.00,8.48,78.96,927.9007,-110,-3.25,-100.0,5.25
4,2026-06-11 02:40:47,0.43,0.84,3.09,55.03,0.00,8.99,74.24,928.0971,-100,5.25,-100.0,5.25
3,2026-06-11 02:50:47,0.67,1.32,4.66,56.43,0.00,8.81,77.67,928.0054,-110,-3.75,-100.0,5.5
4,2026-06-11 02:50:47,0.45,0.90,3.16,62.10,0.00,8.94,74.70,928.2517,-100,5.50,-100.0,5.5
3,2026-06-11 03:00:47,0.62,1.29,8.49,104.03,0.00,8.99,76.76,928.0492,-110,-3.75,-100.0,5.5
4,2026-06-11 03:00:47,0.46,0.95,5.43,47.71,0.00,8.64,75.50,928.3063,-100,5.50,-100.0,5.5
4,2026-06-11 03:10:47,0.48,1.04,6.89,56.13,0.00,8.37,76.26,928.3480,-99,6.75,-99.0,6.75
3,2026-06-11 03:40:47,0.64,1.24,12.36,327.67,0.00,8.12,79.46,928.2628,-110,-1.25,-100.0,3.5
4,2026-06-11 03:40:47,0.56,1.18,7.15,30.85,0.00,7.84,78.81,928.6051,-100,3.50,-100.0,3.5
3,2026-06-11 04:00:47,0.55,1.08,5.65,32.53,0.00,8.08,79.46,928.4489,-109,0.75,-99.0,5.0
4,2026-06-11 04:00:47,0.50,1.10,7.78,62.32,0.00,8.17,77.36,928.7076,-99,5.00,-99.0,5.0
3,2026-06-11 04:10:47,0.50,1.05,5.08,50.54,0.00,8.28,78.44,928.5274,-109,0.25,-100.0,5.25
4,2026-06-11 04:10:47,0.45,1.00,7.29,63.24,0.00,8.10,77.16,928.7729,-100,5.25,-100.0,5.25
3,2026-06-11 04:50:47,0.46,0.94,3.73,49.93,0.00,8.12,78.30,928.6645,-109,0.25,-100.0,5.25
4,2026-06-11 04:50:47,0.29,0.65,4.90,65.10,0.00,7.81,76.38,928.8076,-100,5.25,-100.0,5.25
3,2026-06-11 05:00:47,0.48,0.93,2.84,24.44,0.00,8.12,78.13,928.6698,-109,0.00,-100.0,3.75
4,2026-06-11 05:00:47,0.30,0.67,4.14,41.98,0.00,7.74,76.88,928.7834,-100,3.75,-100.0,3.75
3,2026-06-11 05:30:47,0.37,0.75,3.77,50.74,0.00,7.55,79.40,928.8084,-109,0.00,-100.0,5.0
4,2026-06-11 05:30:47,0.31,0.70,9.17,327.67,0.00,7.98,76.70,928.9067,-100,5.00,-100.0,5.0
3,2026-06-11 05:40:47,0.34,0.73,3.10,42.61,0.00,7.49,79.30,928.8479,-109,0.50,-100.0,5.0
4,2026-06-11 05:40:47,0.29,0.61,4.45,35.64,0.00,7.79,76.31,928.9392,-100,5.00,-100.0,5.0
3,2026-06-11 06:20:47,0.32,0.68,4.40,131.70,0.00,7.46,78.58,929.0398,-109,0.50,-99.0,5.0
4,2026-06-11 06:20:47,0.25,0.62,4.20,73.31,0.00,7.16,77.02,929.1529,-99,5.00,-99.0,5.0
3,2026-06-11 06:40:47,0.25,0.63,4.37,59.07,0.00,7.39,78.14,929.1122,-110,-1.25,-99.0,5.0
4,2026-06-11 06:40:47,0.22,0.54,4.77,41.59,0.00,6.88,77.43,929.2312,-99,5.00,-99.0,5.0
3,2026-06-11 07:40:47,0.15,0.37,1.81,26.05,0.00,7.04,79.03,929.4652,-110,-2.75,-100.0,5.0
4,2026-06-11 07:40:47,0.15,0.37,1.50,23.47,0.00,7.51,75.13,929.6123,-100,5.00,-100.0,5.0
3,2026-06-11 07:50:47,0.18,0.49,2.43,27.50,0.00,6.92,79.64,929.5319,-109,-1.00,-100.0,4.25
4,2026-06-11 07:50:47,0.17,0.41,2.10,35.21,0.00,7.54,74.97,929.7034,-100,4.25,-100.0,4.25
3,2026-06-11 10:30:47,0.09,0.21,1.16,23.42,0.00,7.39,78.62,930.5146,-109,-1.25,-99.0,4.0
4,2026-06-11 10:30:47,0.10,0.20,1.32,46.65,0.00,7.70,75.97,930.7800,-99,4.00,-99.0,4.0
3,2026-06-11 10:50:47,0.08,0.22,2.36,22.53,0.00,7.42,78.26,930.5906,-109,-0.75,-100.0,5.25
4,2026-06-11 10:50:47,0.10,0.27,2.20,65.70,0.00,7.85,76.07,930.8508,-100,5.25,-100.0,5.25
3,2026-06-11 11:00:47,0.08,0.19,1.65,41.31,0.00,7.38,78.75,930.5810,-109,-1.50,-99.0,3.5
4,2026-06-11 11:00:47,0.10,0.22,0.93,24.13,0.00,8.04,75.32,930.8349,-99,3.50,-99.0,3.5
3,2026-06-11 11:20:47,0.08,0.17,1.15,20.05,0.00,7.75,78.73,930.6238,-108,0.25,-98.0,5.25
4,2026-06-11 11:20:47,0.08,0.18,0.52,23.34,0.00,8.19,75.01,930.8220,-98,5.25,-98.0,5.25
3,2026-06-11 13:20:47,0.05,0.09,0.15,4.31,0.00,8.54,77.20,931.2379,-107,0.50,-99.0,4.5
4,2026-06-11 13:20:47,0.07,0.15,0.37,5.17,0.00,8.98,73.66,931.4929,-99,4.50,-99.0,4.5
3,2026-06-11 13:30:47,0.06,0.15,0.71,17.77,0.00,8.49,77.05,931.2388,-108,0.00,-99.0,5.25
4,2026-06-11 13:30:47,0.07,0.15,0.52,10.34,0.00,9.05,73.08,931.5079,-99,5.25,-99.0,5.25
3,2026-06-11 13:40:47,0.06,0.12,0.17,1.61,0.00,8.52,76.94,931.2830,-107,0.50,-100.0,4.75
4,2026-06-11 13:40:47,0.07,0.15,0.32,5.38,0.00,9.02,73.76,931.5814,-100,4.75,-100.0,4.75
3,2026-06-11 13:50:47,0.06,0.13,0.25,5.68,0.00,8.85,76.11,931.2754,-108,0.00,-100.0,4.0
4,2026-06-11 13:50:47,0.07,0.13,0.33,8.55,0.00,9.03,73.74,931.5690,-100,4.00,-100.0,4.0
3,2026-06-11 14:00:47,0.06,0.13,0.29,5.12,0.00,8.87,76.39,931.2812,-108,0.00,-100.0,5.0
4,2026-06-11 14:00:47,0.05,0.12,0.47,15.11,0.00,9.07,73.59,931.5789,-100,5.00,-100.0,5.0
3,2026-06-11 14:10:47,0.05,0.11,0.47,13.23,0.00,8.87,76.04,931.3101,-108,-0.50,-99.0,4.75
4,2026-06-11 14:10:47,0.06,0.13,0.53,25.91,0.00,9.13,73.55,931.6049,-99,4.75,-99.0,4.75
3,2026-06-11 15:10:47,0.06,0.11,0.27,8.78,0.00,10.26,73.21,931.5199,-108,0.25,-99.0,4.75
4,2026-06-11 15:10:47,0.07,0.15,0.86,21.37,0.00,10.37,72.04,931.7846,-99,4.75,-99.0,4.75
3,2026-06-11 15:20:47,0.05,0.14,0.75,16.93,0.00,10.27,73.22,931.4984,-108,0.50,-100.0,4.5
4,2026-06-11 15:20:47,0.07,0.14,0.53,16.94,0.00,10.34,72.35,931.7378,-100,4.50,-100.0,4.5
3,2026-06-11 15:30:47,0.05,0.14,0.78,13.87,0.00,10.54,72.10,931.4723,-107,1.25,-99.0,5.0
4,2026-06-11 15:30:47,0.06,0.17,0.57,6.49,0.00,10.57,71.92,931.6798,-99,5.00,-99.0,5.0
3,2026-06-11 15:40:47,0.06,0.14,0.52,8.70,0.00,10.68,71.58,931.4680,-108,0.25,-99.0,5.0
4,2026-06-11 15:40:47,0.07,0.15,1.13,22.39,0.00,10.68,70.41,931.7170,-99,5.00,-99.0,5.0
3,2026-06-11 16:00:47,0.05,0.13,0.23,4.49,0.00,10.89,71.16,931.4343,-108,0.00,-99.0,5.0
4,2026-06-11 16:00:47,0.07,0.14,0.28,4.77,0.00,10.72,71.06,931.7162,-99,5.00,-99.0,5.0
3,2026-06-11 16:10:47,0.06,0.11,0.60,22.15,0.00,11.10,70.70,931.4641,-108,-1.00,-100.0,5.0
4,2026-06-11 16:10:47,0.06,0.14,0.31,4.63,0.00,10.81,70.89,931.7421,-100,5.00,-100.0,5.0
4,2026-06-11 16:40:46,0.06,0.15,0.44,7.78,0.00,11.75,68.40,931.6387,-99,6.25,-99.0,6.25
3,2026-06-11 16:50:47,0.05,0.14,0.56,23.03,0.00,11.89,68.08,931.3351,-108,-0.75,-100.0,4.5
4,2026-06-11 16:50:47,0.06,0.12,0.30,4.59,0.00,11.99,67.30,931.6020,-100,4.50,-100.0,4.5
3,2026-06-11 18:00:47,0.05,0.11,0.32,7.87,0.00,13.08,65.36,931.1042,-108,-1.50,-99.0,4.5
4,2026-06-11 18:00:47,0.05,0.12,0.42,17.28,0.00,13.64,62.72,931.4246,-99,4.50,-99.0,4.5
3,2026-06-11 18:40:47,0.04,0.11,0.57,19.94,0.00,12.72,66.94,931.0484,-108,-1.75,-100.0,4.0
4,2026-06-11 18:40:47,0.06,0.13,0.35,12.47,0.00,14.49,59.88,931.3484,-100,4.00,-100.0,4.0
3,2026-06-11 19:10:47,0.05,0.13,0.60,17.43,0.00,12.53,67.34,931.0218,-109,-2.75,-100.0,4.5
4,2026-06-11 19:10:47,0.05,0.11,0.36,8.29,0.00,14.30,60.93,931.2769,-100,4.50,-100.0,4.5
3,2026-06-11 19:40:47,0.04,0.10,0.41,17.74,0.00,12.70,66.62,931.0638,-108,-1.00,-99.0,4.5
4,2026-06-11 19:40:47,0.05,0.11,0.37,11.90,0.00,13.44,63.44,931.3377,-99,4.50,-99.0,4.5
3,2026-06-11 20:00:47,0.05,0.14,1.02,25.18,0.00,12.60,66.42,931.0456,-108,-2.75,-100.0,4.75
4,2026-06-11 20:00:47,0.06,0.14,0.57,22.21,0.00,12.88,64.79,931.3094,-100,4.75,-100.0,4.75
3,2026-06-11 20:20:47,0.05,0.16,0.77,26.03,0.00,12.95,65.00,931.1124,-108,-2.00,-99.0,5.0
4,2026-06-11 20:20:47,0.05,0.12,0.59,16.37,0.00,12.98,63.31,931.3369,-99,5.00,-99.0,5.0
4,2026-06-11 20:50:46,0.05,0.13,0.75,20.33,0.00,12.18,65.06,931.4592,-100,5.50,-100.0,5.5
3,2026-06-11 21:30:47,0.04,0.13,0.50,13.84,0.00,12.19,65.59,931.2937,-109,-2.75,-100.0,4.0
4,2026-06-11 21:30:47,0.06,0.15,0.72,16.79,0.00,10.97,68.87,931.5922,-100,4.00,-100.0,4.0
3,2026-06-11 21:40:47,0.04,0.11,1.01,25.38,0.00,12.36,64.92,931.3498,-108,-2.50,-101.0,5.0
4,2026-06-11 21:40:47,0.05,0.13,0.73,13.07,0.00,11.16,68.00,931.6446,-101,5.00,-101.0,5.0
4,2026-06-11 22:00:46,0.05,0.13,0.96,20.54,0.00,11.65,65.40,931.6749,-100,6.00,-100.0,6.0
4,2026-06-11 22:40:46,0.06,0.17,1.27,26.99,0.05,10.60,68.57,931.9485,-101,5.50,-101.0,5.5
4,2026-06-11 22:50:46,0.06,0.25,1.63,86.04,0.00,10.75,68.07,932.0542,-101,6.25,-101.0,6.25
4,2026-06-11 23:20:46,0.06,0.12,1.04,19.69,0.00,11.22,66.22,932.2383,-101,5.50,-101.0,5.5
4,2026-06-11 23:30:46,0.06,0.15,0.47,17.39,0.00,11.11,66.35,932.2443,-101,5.75,-101.0,5.75
4,2026-06-11 23:40:46,0.07,0.15,0.72,22.10,0.00,10.89,67.18,932.3201,-101,6.25,-101.0,6.25
3,2026-06-11 23:50:47,0.04,0.13,0.79,21.95,0.00,11.26,67.14,932.1094,-108,-3.00,-103.0,4.0
4,2026-06-11 23:50:47,0.05,0.14,0.29,4.94,0.00,10.89,66.86,932.3802,-103,4.00,-103.0,4.0
4,2026-06-12 00:20:46,0.06,0.14,0.57,22.56,0.00,10.94,66.05,932.4485,-101,5.25,-101.0,5.25
4,2026-06-12 00:30:46,0.07,0.17,0.97,23.37,0.00,10.68,66.50,932.4906,-101,5.50,-101.0,5.5
4,2026-06-12 00:40:46,0.06,0.17,0.78,20.06,0.00,10.26,67.72,932.5518,-100,6.25,-100.0,6.25
3,2026-06-12 00:50:47,0.06,0.17,0.53,16.07,0.00,10.86,66.37,932.2473,-107,-2.00,-101.0,5.5
4,2026-06-12 00:50:47,0.05,0.12,0.60,20.08,0.00,10.37,66.58,932.5470,-101,5.50,-101.0,5.5
4,2026-06-12 01:10:46,0.06,0.14,0.59,20.19,0.00,10.68,64.87,932.5699,-101,5.75,-101.0,5.75
4,2026-06-12 01:30:46,0.05,0.13,0.52,12.64,0.00,9.57,67.57,932.5261,-101,6.25,-101.0,6.25
4,2026-06-12 01:50:46,0.06,0.14,0.33,7.49,0.00,9.44,67.50,932.5119,-101,4.75,-101.0,4.75
4,2026-06-12 02:10:46,0.06,0.14,0.49,18.09,0.00,9.73,65.97,932.5857,-100,6.00,-100.0,6.0
4,2026-06-12 02:30:46,0.06,0.11,0.30,15.41,0.00,9.66,65.59,932.8690,-102,5.75,-102.0,5.75
4,2026-06-12 03:00:46,0.06,0.13,0.31,14.11,0.00,8.02,70.55,933.2217,-101,5.75,-101.0,5.75
4,2026-06-12 03:20:46,0.07,0.15,0.58,16.67,0.00,9.22,67.00,933.1925,-101,5.50,-101.0,5.5
4,2026-06-12 04:30:46,0.07,0.13,0.64,23.23,0.00,8.57,69.50,933.4472,-101,5.25,-101.0,5.25
4,2026-06-12 05:00:46,0.07,0.15,0.65,22.86,0.00,7.45,73.52,933.4905,-100,6.00,-100.0,6.0
4,2026-06-12 05:10:46,0.07,0.15,0.34,5.07,0.00,7.32,73.61,933.5493,-100,6.25,-100.0,6.25
4,2026-06-12 05:20:46,0.08,0.13,0.21,4.97,0.00,7.63,72.86,933.6028,-100,5.75,-100.0,5.75
4,2026-06-12 05:50:46,0.06,0.14,0.71,18.72,0.00,8.83,68.48,933.7201,-101,6.00,-101.0,6.0
4,2026-06-12 06:10:46,0.08,0.18,0.64,15.15,0.00,8.18,70.39,933.8392,-100,6.25,-100.0,6.25
4,2026-06-12 06:40:46,0.06,0.10,0.31,20.17,0.00,7.70,72.31,933.9592,-100,6.00,-100.0,6.0
3,2026-06-12 07:30:46,0.06,0.15,1.57,25.74,0.00,9.25,69.38,933.4932,-108,-2.00,-100.0,4.75
4,2026-06-12 07:30:46,0.08,0.17,0.68,21.20,0.00,10.76,63.27,933.7784,-100,4.75,-100.0,4.75
4,2026-06-12 08:10:46,0.06,0.15,0.42,4.80,0.00,9.12,68.82,934.2379,-100,5.25,-100.0,5.25
4,2026-06-12 08:20:46,0.06,0.14,0.48,10.30,0.04,9.63,66.53,934.2912,-100,6.50,-100.0,6.5
4,2026-06-12 08:30:46,0.07,0.15,0.88,21.42,0.00,9.48,67.88,934.3585,-100,5.50,-100.0,5.5
4,2026-06-12 08:40:46,0.07,0.15,0.53,31.56,0.00,9.79,67.20,934.3902,-101,5.00,-101.0,5.0
4,2026-06-12 08:50:46,0.09,0.20,0.73,24.38,0.00,9.98,66.10,934.3487,-101,6.25,-101.0,6.25
4,2026-06-12 09:00:46,0.08,0.14,0.37,8.85,0.00,10.64,64.27,934.3141,-100,6.00,-100.0,6.0
4,2026-06-12 09:10:46,0.08,0.16,0.48,14.06,0.00,11.21,63.21,934.2931,-100,5.75,-100.0,5.75
4,2026-06-12 09:30:46,0.09,0.16,0.35,8.11,0.00,11.51,63.16,934.3035,-100,5.75,-100.0,5.75
4,2026-06-12 09:50:46,0.08,0.15,0.58,22.10,0.00,10.40,67.36,934.5212,-101,5.50,-101.0,5.5
3,2026-06-12 10:00:46,0.06,0.14,0.64,21.35,0.00,11.72,64.13,934.1906,-108,-2.00,-101.0,3.75
4,2026-06-12 10:00:46,0.07,0.13,0.64,19.42,0.00,10.82,64.65,934.5610,-101,3.75,-101.0,3.75
3,2026-06-12 10:50:46,0.07,0.15,0.60,25.68,0.00,12.54,60.44,933.9518,-108,-1.25,-101.0,5.0
4,2026-06-12 10:50:46,0.07,0.14,0.85,25.25,0.00,11.98,60.18,934.3180,-101,5.00,-101.0,5.0
3,2026-06-12 11:10:46,0.06,0.12,0.27,4.82,0.00,12.30,62.09,933.9214,-107,-1.75,-101.0,4.75
4,2026-06-12 11:10:46,0.07,0.14,0.34,8.58,0.00,12.42,59.70,934.2534,-101,4.75,-101.0,4.75
3,2026-06-12 11:30:46,0.06,0.14,1.02,19.42,0.00,13.46,58.65,933.9394,-107,-1.50,-100.0,4.5
4,2026-06-12 11:30:46,0.06,0.12,0.31,11.61,0.00,13.28,57.03,934.2828,-100,4.50,-100.0,4.5
3,2026-06-12 12:10:46,0.06,0.12,0.29,9.03,0.00,17.08,49.72,933.6957,-108,-1.75,-101.0,3.75
4,2026-06-12 12:10:46,0.05,0.10,0.84,21.47,0.00,15.25,53.73,934.0968,-101,3.75,-101.0,3.75
3,2026-06-12 12:20:46,0.06,0.13,0.71,21.02,0.00,17.75,48.46,933.6642,-108,-1.00,-101.0,4.25
4,2026-06-12 12:20:46,0.05,0.13,0.62,17.01,0.00,16.43,50.12,934.0799,-101,4.25,-101.0,4.25
3,2026-06-12 12:40:46,0.07,0.14,0.71,20.23,0.00,20.25,43.40,933.6092,-108,-2.00,-101.0,4.75
4,2026-06-12 12:40:46,0.06,0.12,0.68,38.14,0.00,17.74,47.02,933.9996,-101,4.75,-101.0,4.75
3,2026-06-12 13:30:46,0.10,0.22,0.95,22.31,0.00,19.03,43.07,933.3113,-108,-2.00,-101.0,4.5
4,2026-06-12 13:30:46,0.08,0.17,0.43,11.39,0.00,17.15,50.35,933.7655,-101,4.50,-101.0,4.5
3,2026-06-12 13:50:46,0.09,0.19,0.90,24.41,0.00,18.96,45.02,933.2417,-108,-1.25,-101.0,5.0
4,2026-06-12 13:50:46,0.08,0.20,1.66,29.55,0.00,18.26,46.67,933.6845,-101,5.00,-101.0,5.0
3,2026-06-12 14:00:46,0.09,0.18,0.57,14.94,0.00,19.18,45.22,933.1711,-108,-1.75,-101.0,3.75
4,2026-06-12 14:00:46,0.11,0.25,0.63,14.06,0.00,18.55,45.34,933.5913,-101,3.75,-101.0,3.75
3,2026-06-12 14:10:46,0.09,0.23,1.38,24.07,0.00,19.79,47.41,933.1031,-109,-1.75,-102.0,3.25
4,2026-06-12 14:10:46,0.13,0.28,1.01,28.91,0.00,19.46,43.54,933.4754,-102,3.25,-102.0,3.25
3,2026-06-12 14:30:46,0.12,0.22,0.86,26.32,0.00,22.52,40.08,932.9924,-109,-3.00,-101.0,4.0
4,2026-06-12 14:30:46,0.09,0.24,0.85,24.68,0.00,18.90,46.89,933.3161,-101,4.00,-101.0,4.0
3,2026-06-12 16:10:46,0.17,0.27,0.59,11.61,0.00,24.22,35.10,931.7095,-109,-1.50,-102.0,2.75
4,2026-06-12 16:10:46,0.08,0.16,0.57,16.45,0.00,23.99,32.30,932.1547,-102,2.75,-102.0,2.75
3,2026-06-12 16:20:46,0.14,0.23,0.56,23.51,0.00,24.15,35.03,931.5796,-108,-1.00,-102.0,4.25
4,2026-06-12 16:20:46,0.07,0.16,0.49,12.45,0.00,24.29,31.22,932.0504,-102,4.25,-102.0,4.25
3,2026-06-12 16:30:46,0.14,0.20,0.62,21.77,0.00,24.62,33.07,931.4713,-109,-1.75,-102.0,4.25
4,2026-06-12 16:30:46,0.07,0.15,0.36,10.67,0.00,26.11,31.37,931.9472,-102,4.25,-102.0,4.25
3,2026-06-12 16:40:46,0.16,0.26,0.35,4.10,0.00,23.79,35.17,931.3542,-109,-1.00,-105.0,2.0
4,2026-06-12 16:40:46,0.06,0.13,0.37,19.11,0.00,26.01,31.65,931.8259,-105,2.00,-105.0,2.0
3,2026-06-12 16:50:46,0.15,0.20,0.56,16.41,0.00,23.98,35.97,931.3643,-108,-0.75,-105.0,3.0
4,2026-06-12 16:50:46,0.07,0.18,0.95,16.83,0.00,26.21,31.28,931.8635,-105,3.00,-105.0,3.0
3,2026-06-12 17:00:46,0.17,0.24,0.59,19.25,0.00,23.99,36.84,931.3425,-108,-1.00,-104.0,3.0
4,2026-06-12 17:00:46,0.07,0.17,0.57,23.06,0.00,25.37,33.56,931.8025,-104,3.00,-104.0,3.0
3,2026-06-12 17:10:46,0.14,0.21,0.72,14.60,0.00,21.82,40.15,931.2043,-109,-1.25,-104.0,3.0
4,2026-06-12 17:10:46,0.08,0.20,0.40,10.71,0.00,24.36,35.43,931.7315,-104,3.00,-104.0,3.0
3,2026-06-12 17:20:46,0.11,0.21,0.64,19.23,0.00,22.10,39.50,931.1614,-108,-0.25,-102.0,3.75
4,2026-06-12 17:20:46,0.07,0.17,0.48,5.44,0.00,24.55,35.35,931.6836,-102,3.75,-102.0,3.75
3,2026-06-12 17:30:46,0.11,0.16,0.27,5.06,0.00,23.80,35.02,931.1045,-108,0.50,-102.0,4.25
4,2026-06-12 17:30:46,0.07,0.15,0.37,5.99,0.00,26.14,30.98,931.5545,-102,4.25,-102.0,4.25
3,2026-06-12 17:40:46,0.14,0.26,1.53,68.86,0.00,23.90,33.69,931.0777,-109,-1.75,-100.0,4.25
4,2026-06-12 17:40:46,0.07,0.16,0.75,19.85,0.00,23.02,35.90,931.4830,-100,4.25,-100.0,4.25
3,2026-06-12 18:30:46,0.15,0.23,0.56,15.77,0.00,25.14,30.45,930.6998,-108,-0.25,-100.0,4.0
4,2026-06-12 18:30:46,0.07,0.16,0.74,18.99,0.00,22.52,33.51,931.1643,-100,4.00,-100.0,4.0
3,2026-06-12 18:40:46,0.17,0.26,0.40,6.23,0.00,25.43,30.62,930.6148,-109,-1.00,-102.0,3.25
4,2026-06-12 18:40:46,0.07,0.16,0.39,10.76,0.00,23.04,32.40,931.0900,-102,3.25,-102.0,3.25
3,2026-06-12 18:50:46,0.19,0.28,0.56,10.91,0.00,25.66,30.92,930.4688,-109,-1.50,-101.0,3.0
4,2026-06-12 18:50:46,0.06,0.15,0.50,22.00,0.00,24.30,29.48,930.9657,-101,3.00,-101.0,3.0
3,2026-06-12 19:00:46,0.21,0.32,0.51,7.96,0.00,24.09,34.34,930.3222,-109,-1.50,-101.0,4.75
4,2026-06-12 19:00:46,0.06,0.10,0.40,16.83,0.00,25.79,27.62,930.8315,-101,4.75,-101.0,4.75
3,2026-06-12 19:40:46,0.15,0.23,1.13,24.09,0.00,23.44,35.09,930.3188,-110,-3.75,-103.0,4.0
4,2026-06-12 19:40:46,0.06,0.09,0.11,1.16,0.00,24.11,31.14,930.7861,-103,4.00,-103.0,4.0
4,2026-06-12 20:10:46,0.06,0.13,0.56,19.67,0.00,21.96,34.75,930.8629,-102,6.00,-102.0,6.0
4,2026-06-12 20:40:46,0.08,0.16,0.81,34.25,0.00,19.30,38.58,930.8990,-102,5.75,-102.0,5.75
3,2026-06-12 20:50:46,0.09,0.14,0.69,22.08,0.00,19.16,40.69,930.3985,-108,-1.25,-102.0,2.75
4,2026-06-12 20:50:46,0.09,0.18,0.34,7.43,0.00,18.84,38.59,930.9320,-102,2.75,-102.0,2.75
4,2026-06-12 21:20:46,0.11,0.23,1.44,31.97,0.00,16.71,47.80,931.2546,-103,4.75,-103.0,4.75
4,2026-06-12 23:30:46,0.11,0.19,0.40,10.70,0.00,14.12,50.25,931.5288,-102,5.25,-102.0,5.25
4,2026-06-13 01:10:46,0.41,5.32,64.37,327.67,0.00,12.69,48.99,931.8295,-101,5.50,-101.0,5.5
4,2026-06-13 03:20:46,0.20,1.33,18.36,327.67,0.00,11.33,50.08,931.5651,-104,4.25,-104.0,4.25
3,2026-06-13 04:00:46,0.13,0.25,0.62,13.77,0.00,11.31,49.42,931.1979,-108,-1.50,-101.0,3.75
4,2026-06-13 04:00:46,0.16,0.25,1.13,49.45,0.00,11.70,48.10,931.7004,-101,3.75,-101.0,3.75
4,2026-06-13 04:10:46,0.18,0.28,0.80,28.23,0.00,11.30,48.84,931.6520,-102,5.50,-102.0,5.5
4,2026-06-13 04:20:46,0.18,0.31,0.85,28.13,0.00,11.12,49.23,931.6701,-103,4.50,-103.0,4.5
4,2026-06-13 05:30:46,0.17,0.42,2.41,42.87,0.00,10.57,50.52,931.6650,-102,5.50,-102.0,5.5
4,2026-06-13 05:50:46,0.17,0.31,0.69,25.94,0.00,11.34,48.95,931.6210,-104,4.50,-104.0,4.5
3,2026-06-13 06:10:46,0.16,0.26,0.63,10.99,0.00,10.86,51.59,931.2742,-108,-0.75,-101.0,4.5
4,2026-06-13 06:10:46,0.20,0.35,0.93,22.59,0.00,10.90,52.78,931.6333,-101,4.50,-101.0,4.5
3,2026-06-13 06:40:46,0.17,0.32,0.69,12.28,0.00,10.64,54.40,931.0648,-108,-0.50,-103.0,2.75
4,2026-06-13 06:40:46,0.19,0.37,1.22,27.79,0.00,9.87,55.31,931.5166,-103,2.75,-103.0,2.75
4,2026-06-13 07:10:46,0.20,0.33,0.72,27.08,0.00,11.26,51.81,931.4310,-103,4.75,-103.0,4.75
3,2026-06-13 07:20:46,0.16,0.30,0.98,20.18,0.00,12.14,48.30,931.0085,-108,0.50,-103.0,4.25
4,2026-06-13 07:20:46,0.17,0.28,0.72,23.67,0.00,12.13,47.77,931.4942,-103,4.25,-103.0,4.25
3,2026-06-13 08:30:46,0.17,0.31,0.67,9.70,0.00,13.41,48.70,930.9727,-107,0.25,-102.0,3.75
4,2026-06-13 08:30:46,0.18,0.31,0.75,9.97,0.00,13.29,46.87,931.3661,-102,3.75,-102.0,3.75
3,2026-06-13 08:50:46,0.18,0.32,1.26,26.56,0.00,14.36,45.40,930.8741,-107,0.00,-102.0,4.0
4,2026-06-13 08:50:46,0.18,0.32,0.81,26.78,0.00,14.05,44.62,931.3641,-102,4.00,-102.0,4.0
3,2026-06-13 09:00:46,0.17,0.31,0.60,9.65,0.00,14.87,44.84,930.8384,-107,0.00,-102.0,3.0
4,2026-06-13 09:00:46,0.19,0.35,1.01,28.88,0.00,13.96,44.16,931.3122,-102,3.00,-102.0,3.0
3,2026-06-13 09:10:46,0.16,0.31,0.77,22.03,0.00,14.70,44.80,930.8148,-107,0.00,-103.0,3.5
4,2026-06-13 09:10:46,0.18,0.32,0.68,10.35,0.00,14.07,44.46,931.2462,-103,3.50,-103.0,3.5
4,2026-06-13 09:20:46,0.16,0.31,0.67,5.66,0.00,15.06,42.62,931.1874,-103,5.25,-103.0,5.25
3,2026-06-13 09:40:46,0.16,0.29,0.65,8.77,0.00,15.66,42.65,930.7314,-107,0.25,-104.0,2.75
4,2026-06-13 09:40:46,0.18,0.37,1.54,29.39,0.00,13.71,44.99,931.1158,-104,2.75,-104.0,2.75
3,2026-06-13 11:00:46,0.22,0.39,0.76,11.05,0.00,20.53,33.34,930.5566,-108,-0.50,-102.0,4.25
4,2026-06-13 11:00:46,0.14,0.25,0.91,26.73,0.00,17.58,38.14,931.0169,-102,4.25,-102.0,4.25
3,2026-06-13 11:30:46,0.17,0.29,0.78,15.50,0.00,20.29,33.13,930.1626,-107,-0.25,-102.0,2.75
4,2026-06-13 11:30:46,0.14,0.29,1.01,28.58,0.00,19.39,34.54,930.6028,-102,2.75,-102.0,2.75
4,2026-06-13 12:30:46,0.14,0.29,1.71,33.94,0.00,17.78,36.51,930.2451,-103,5.00,-103.0,5.0
3,2026-06-13 13:10:46,0.12,0.24,1.26,20.27,0.00,17.55,40.20,929.5694,-107,0.00,-102.0,3.0
4,2026-06-13 13:10:46,0.14,0.28,1.02,22.90,0.00,17.71,36.87,930.1528,-102,3.00,-102.0,3.0
3,2026-06-13 13:50:46,0.14,0.28,3.01,192.55,0.00,21.04,34.21,929.8994,-109,-1.50,-103.0,3.25
4,2026-06-13 13:50:46,0.14,0.29,0.98,19.22,0.00,19.84,33.28,930.2532,-103,3.25,-103.0,3.25
3,2026-06-13 14:10:46,0.18,0.34,0.88,19.89,0.00,21.82,31.47,929.7109,-108,-1.25,-103.0,2.0
4,2026-06-13 14:10:46,0.11,0.27,0.85,22.28,0.00,21.03,29.92,930.2208,-103,2.00,-103.0,2.0
3,2026-06-13 14:20:46,0.18,0.36,0.94,30.18,0.00,21.95,31.27,929.6105,-107,-0.25,-102.0,4.25
4,2026-06-13 14:20:46,0.13,0.31,1.83,31.70,0.00,20.88,31.00,930.1248,-102,4.25,-102.0,4.25
3,2026-06-13 14:30:46,0.14,0.25,1.10,31.54,0.00,20.73,33.42,929.5448,-107,0.50,-103.0,3.0
4,2026-06-13 14:30:46,0.12,0.29,1.34,25.11,0.00,20.70,32.04,930.0659,-103,3.00,-103.0,3.0
3,2026-06-13 14:40:46,0.13,0.27,0.96,18.38,0.00,19.52,35.54,929.4732,-108,-0.25,-102.0,3.5
4,2026-06-13 14:40:46,0.14,0.29,1.64,34.86,0.00,21.07,30.03,930.0558,-102,3.50,-102.0,3.5
3,2026-06-13 15:00:46,0.12,0.26,0.64,10.54,0.00,21.81,33.18,929.3206,-108,-0.25,-102.0,3.75
4,2026-06-13 15:00:46,0.12,0.26,0.77,26.29,0.00,21.61,29.66,929.9453,-102,3.75,-102.0,3.75
3,2026-06-13 15:10:46,0.11,0.20,0.55,15.19,0.00,21.83,33.96,929.2175,-108,0.50,-103.0,3.5
4,2026-06-13 15:10:46,0.10,0.26,1.07,23.81,0.00,22.68,29.04,929.8814,-103,3.50,-103.0,3.5
3,2026-06-13 15:30:46,0.12,0.26,0.81,19.14,0.00,21.11,34.74,929.1475,-109,-1.50,-103.0,3.0
4,2026-06-13 15:30:46,0.10,0.21,1.15,29.96,0.00,24.02,26.97,929.7652,-103,3.00,-103.0,3.0
3,2026-06-13 15:40:46,0.11,0.22,0.79,15.76,0.00,21.41,34.13,928.9895,-107,0.50,-104.0,2.5
4,2026-06-13 15:40:46,0.11,0.26,1.20,30.27,0.00,24.05,26.25,929.7518,-104,2.50,-104.0,2.5
3,2026-06-13 15:50:46,0.13,0.22,0.71,11.73,0.00,21.39,34.57,928.9074,-107,-0.50,-103.0,3.0
4,2026-06-13 15:50:46,4.42,63.20,327.67,327.67,0.00,24.91,26.84,929.4359,-103,3.00,-103.0,3.0
3,2026-06-13 16:10:46,0.13,0.25,0.94,17.73,0.00,21.86,34.49,928.5793,-106,1.75,-103.0,2.5
4,2026-06-13 16:10:46,1.04,13.23,103.58,327.67,0.00,23.27,29.21,929.1389,-103,2.50,-103.0,2.5
3,2026-06-13 16:30:46,0.12,0.22,0.51,8.55,0.00,22.12,35.34,928.4784,-109,-3.00,-104.0,3.25
4,2026-06-13 16:30:46,0.11,0.64,5.12,34.52,0.00,25.11,26.66,929.1690,-104,3.25,-104.0,3.25
3,2026-06-13 16:40:46,0.10,0.18,0.40,12.33,0.00,22.55,35.25,928.4400,-107,0.00,-105.0,2.0
4,2026-06-13 16:40:46,0.11,0.59,4.04,35.52,0.00,26.06,24.56,929.1045,-105,2.00,-105.0,2.0
3,2026-06-13 16:50:46,0.11,0.22,0.82,19.06,0.00,22.53,35.05,928.3343,-107,0.50,-104.0,3.0
4,2026-06-13 16:50:46,0.46,5.61,42.50,327.67,0.00,25.36,26.46,928.9320,-104,3.00,-104.0,3.0
4,2026-06-13 17:00:46,2.42,30.86,187.83,327.67,0.00,24.81,26.97,928.8337,-103,5.25,-103.0,5.25
3,2026-06-13 17:30:46,0.10,0.16,0.57,10.21,0.00,21.10,38.10,928.0025,-108,-1.25,-104.0,2.25
4,2026-06-13 17:30:46,6.10,79.71,327.67,327.67,0.00,22.70,31.87,928.5383,-104,2.25,-104.0,2.25
3,2026-06-13 17:50:46,0.10,0.18,0.70,25.33,0.00,21.43,37.56,927.9900,-108,-0.75,-102.0,3.0
4,2026-06-13 17:50:46,13.57,177.59,327.67,327.67,0.00,23.18,31.01,928.4130,-102,3.00,-102.0,3.0
3,2026-06-13 18:00:46,0.08,0.14,0.40,10.16,0.00,21.53,36.76,927.9276,-107,0.25,-102.0,3.25
4,2026-06-13 18:00:46,17.06,221.43,327.67,327.67,0.00,22.86,31.37,928.3164,-102,3.25,-102.0,3.25
4,2026-06-13 19:00:46,14.93,186.18,327.67,327.67,0.00,21.13,34.87,928.1010,-103,4.50,-103.0,4.5
4,2026-06-13 19:10:46,19.97,251.13,327.67,327.67,0.00,21.90,33.27,928.0145,-102,6.00,-102.0,6.0
3,2026-06-13 20:20:46,0.07,0.15,0.75,15.74,0.00,18.46,42.88,927.3145,-108,-0.25,-102.0,3.5
4,2026-06-13 20:20:46,17.54,229.35,327.67,327.67,0.00,19.72,37.55,927.7123,-102,3.50,-102.0,3.5
3,2026-06-13 20:30:46,0.09,0.21,0.74,16.74,0.00,17.90,43.58,927.2670,-107,0.75,-103.0,3.75
4,2026-06-13 20:30:46,7.53,104.10,327.67,327.67,0.00,19.09,39.56,927.8718,-103,3.75,-103.0,3.75
3,2026-06-13 20:50:46,0.07,0.14,0.57,16.36,0.00,17.44,44.25,927.2763,-107,0.75,-103.0,3.75
4,2026-06-13 20:50:46,0.80,9.59,48.47,327.67,0.00,19.17,37.21,927.9103,-103,3.75,-103.0,3.75
3,2026-06-13 21:40:46,0.06,0.15,0.71,20.34,0.00,15.59,48.09,927.2869,-108,-1.00,-103.0,4.0
4,2026-06-13 21:40:46,0.30,3.22,16.73,284.09,0.00,17.47,41.00,927.8336,-103,4.00,-103.0,4.0
4,2026-06-13 22:40:46,2.15,30.62,162.48,327.67,0.00,15.30,47.34,927.6348,-102,5.00,-102.0,5.0
3,2026-06-13 23:20:46,0.06,0.17,0.56,10.35,0.00,13.43,54.58,927.1679,-108,-0.25,-102.0,3.0
4,2026-06-13 23:20:46,0.12,0.66,2.68,41.22,0.00,14.00,50.40,927.8077,-102,3.00,-102.0,3.0
4,2026-06-14 00:20:46,2.31,34.92,217.48,327.67,0.00,12.84,52.68,927.2686,-102,5.25,-102.0,5.25
4,2026-06-14 01:20:46,0.13,0.44,1.73,18.60,0.00,13.38,51.16,927.3963,-102,5.00,-102.0,5.0
3,2026-06-14 01:50:46,0.11,0.36,2.15,25.96,0.00,11.58,58.40,926.8111,-108,-2.25,-102.0,3.0
4,2026-06-14 01:50:46,0.12,0.32,1.23,28.06,0.00,11.52,56.71,927.2206,-102,3.00,-102.0,3.0
3,2026-06-14 03:20:46,0.12,0.58,4.56,41.24,0.00,11.66,58.28,926.0760,-108,-0.25,-102.0,4.0
4,2026-06-14 03:20:46,0.13,0.54,3.45,42.22,0.00,11.32,58.09,926.4718,-102,4.00,-102.0,4.0
4,2026-06-14 04:00:45,0.15,0.60,4.32,30.93,0.00,10.77,60.82,926.3193,-103,5.00,-103.0,5.0
3,2026-06-14 04:20:46,0.13,0.50,3.54,28.23,0.00,10.79,61.67,925.7075,-107,0.25,-103.0,3.25
4,2026-06-14 04:20:46,0.15,0.63,4.00,29.95,0.00,11.42,57.95,926.0942,-103,3.25,-103.0,3.25
3,2026-06-14 04:40:46,0.12,0.42,3.32,26.70,0.00,10.74,61.59,925.4610,-108,-0.75,-102.0,4.75
4,2026-06-14 04:40:46,0.13,0.53,4.62,33.05,0.00,11.06,58.37,925.7925,-102,4.75,-102.0,4.75
3,2026-06-14 05:20:46,0.16,0.58,3.46,38.86,0.00,10.44,63.21,925.1453,-108,0.25,-103.0,3.75
4,2026-06-14 05:20:46,0.19,0.72,4.58,37.58,0.00,10.08,63.63,925.6094,-103,3.75,-103.0,3.75
3,2026-06-14 05:30:46,0.14,0.57,3.75,28.39,0.00,10.57,63.56,925.0972,-107,1.00,-102.0,2.5
4,2026-06-14 05:30:46,0.14,0.51,3.60,33.27,0.00,10.17,61.28,925.4904,-102,2.50,-102.0,2.5
3,2026-06-14 05:40:46,0.15,0.52,3.31,36.45,0.00,10.32,63.46,925.0951,-108,-0.25,-102.0,4.25
4,2026-06-14 05:40:46,0.16,0.60,5.22,32.76,0.00,10.45,62.42,925.4323,-102,4.25,-102.0,4.25
3,2026-06-14 05:50:46,0.16,0.52,2.89,33.35,0.00,10.01,65.57,925.0430,-107,0.50,-102.0,3.5
4,2026-06-14 05:50:46,0.17,0.61,4.06,35.91,0.00,10.43,61.86,925.3801,-102,3.50,-102.0,3.5
3,2026-06-14 06:00:46,0.12,0.43,3.52,36.86,0.00,10.42,63.10,924.8175,-108,-0.25,-101.0,3.75
4,2026-06-14 06:00:46,0.18,0.58,3.55,27.84,0.00,10.46,61.64,925.2255,-101,3.75,-101.0,3.75
3,2026-06-14 06:20:46,0.14,0.46,2.96,36.98,0.00,10.70,63.72,924.5758,-107,0.25,-100.0,4.75
4,2026-06-14 06:20:46,0.15,0.50,3.33,48.81,0.00,11.10,58.80,924.8075,-100,4.75,-100.0,4.75
3,2026-06-14 06:30:46,0.13,0.44,2.68,23.77,0.00,10.76,63.80,924.4705,-107,0.75,-102.0,4.25
4,2026-06-14 06:30:46,0.16,0.56,3.47,38.33,0.00,11.08,58.94,924.8292,-102,4.25,-102.0,4.25
3,2026-06-14 07:00:46,0.15,0.54,3.14,33.97,0.00,11.33,60.48,924.2834,-107,0.25,-102.0,4.5
4,2026-06-14 07:00:46,0.14,0.49,3.77,44.47,0.00,10.95,60.14,924.6125,-102,4.50,-102.0,4.5
3,2026-06-14 07:20:46,0.15,0.48,2.92,23.87,0.00,10.95,64.00,924.1099,-107,0.25,-103.0,3.25
4,2026-06-14 07:20:46,0.14,0.44,3.30,48.61,0.00,10.68,61.22,924.4418,-103,3.25,-103.0,3.25
3,2026-06-14 08:30:46,0.14,0.47,3.91,45.29,0.00,11.86,62.05,923.3202,-108,0.25,-102.0,4.0
4,2026-06-14 08:30:46,0.13,0.49,3.68,52.18,0.00,11.86,58.95,923.6356,-102,4.00,-102.0,4.0
3,2026-06-14 10:00:46,0.10,0.39,2.93,48.95,0.00,15.44,48.99,922.8278,-107,-1.00,-102.0,4.0
4,2026-06-14 10:00:46,0.09,0.39,2.54,42.03,0.00,14.61,50.26,923.2732,-102,4.00,-102.0,4.0
3,2026-06-14 11:00:46,0.10,0.34,3.50,32.27,0.00,16.70,47.41,922.2395,-107,1.00,-103.0,3.5
4,2026-06-14 11:00:46,0.08,0.40,3.62,29.42,0.00,16.05,46.55,922.6926,-103,3.50,-103.0,3.5
3,2026-06-14 11:10:46,0.10,0.51,3.18,39.46,0.00,17.10,45.94,922.1016,-108,-1.75,-101.0,5.0
4,2026-06-14 11:10:46,0.10,0.51,3.64,43.88,0.00,16.12,46.70,922.5878,-101,5.00,-101.0,5.0
3,2026-06-14 11:20:46,0.13,0.96,9.04,38.97,0.00,18.28,44.31,922.0390,-108,-1.50,-102.0,3.0
4,2026-06-14 11:20:46,0.09,0.42,2.64,35.16,0.00,16.39,45.82,922.4848,-102,3.00,-102.0,3.0
3,2026-06-14 11:30:46,0.19,1.32,10.69,56.63,0.00,21.01,39.60,921.8818,-107,-1.25,-102.0,2.75
4,2026-06-14 11:30:46,0.08,0.35,2.10,29.82,0.00,17.26,42.64,922.3454,-102,2.75,-102.0,2.75
3,2026-06-14 11:40:46,0.30,2.63,24.07,100.42,0.00,21.84,38.10,921.6459,-108,-1.50,-103.0,3.25
4,2026-06-14 11:40:46,0.17,1.62,16.47,88.68,0.00,18.25,41.76,922.1186,-103,3.25,-103.0,3.25
3,2026-06-14 11:50:46,0.32,2.81,25.34,89.05,0.00,21.07,40.04,921.3119,-107,-0.75,-103.0,3.0
4,2026-06-14 11:50:46,0.07,0.50,5.72,63.09,0.00,17.85,43.15,921.9377,-103,3.00,-103.0,3.0
3,2026-06-14 12:00:46,0.30,2.81,22.53,101.15,0.00,19.74,41.84,921.0866,-107,0.00,-103.0,3.25
4,2026-06-14 12:00:46,0.09,0.56,4.35,56.16,0.00,17.24,44.87,921.7261,-103,3.25,-103.0,3.25
3,2026-06-14 12:30:46,0.27,2.23,13.82,76.67,0.00,20.35,40.59,920.6591,-107,0.00,-102.0,4.0
4,2026-06-14 12:30:46,0.18,1.81,16.31,70.82,0.00,18.62,42.69,921.3572,-102,4.00,-102.0,4.0
3,2026-06-14 12:40:46,0.24,1.74,11.51,96.80,0.00,20.54,38.94,920.5376,-108,-0.75,-102.0,5.0
4,2026-06-14 12:40:46,0.20,2.07,18.35,106.58,0.00,18.84,42.28,921.1746,-102,5.00,-102.0,5.0
3,2026-06-14 12:50:46,0.23,1.75,12.29,50.60,0.00,21.56,37.59,920.3912,-107,1.25,-103.0,2.5
4,2026-06-14 12:50:46,0.96,14.28,102.80,327.67,0.00,20.19,38.67,921.0033,-103,2.50,-103.0,2.5
3,2026-06-14 13:00:46,0.22,1.58,11.27,43.89,0.00,21.06,37.27,920.2045,-107,-1.00,-102.0,3.25
4,2026-06-14 13:00:46,0.30,3.86,27.54,327.67,0.00,20.08,40.05,920.7744,-102,3.25,-102.0,3.25
3,2026-06-14 13:20:46,0.13,0.62,5.64,50.05,0.00,22.92,33.95,920.0272,-108,-1.75,-103.0,2.0
4,2026-06-14 13:20:46,0.14,1.53,13.97,77.11,0.00,22.06,34.05,920.6325,-103,2.00,-103.0,2.0
3,2026-06-14 13:30:46,0.11,0.30,2.12,24.19,0.00,22.61,34.89,919.7817,-108,-0.50,-102.0,4.0
4,2026-06-14 13:30:46,0.09,1.06,9.93,70.87,0.00,22.54,32.45,920.4990,-102,4.00,-102.0,4.0
3,2026-06-14 14:00:46,0.11,0.26,1.44,30.36,0.00,23.28,32.84,919.6612,-108,-0.75,-103.0,1.75
4,2026-06-14 14:00:46,0.07,0.66,5.06,48.09,0.00,22.77,30.04,920.2882,-103,1.75,-103.0,1.75
3,2026-06-14 14:10:46,0.13,0.28,1.43,18.66,0.00,23.04,33.46,919.6426,-108,-0.25,-101.0,4.0
4,2026-06-14 14:10:46,0.03,0.21,2.82,49.52,0.00,22.64,30.66,920.1860,-101,4.00,-101.0,4.0
4,2026-06-14 14:20:45,0.01,0.11,1.06,28.63,0.00,22.81,28.91,920.1289,-103,4.25,-103.0,4.25
3,2026-06-14 14:30:46,0.13,0.36,3.22,73.57,0.00,23.46,33.49,919.4492,-108,-1.00,-101.0,3.0
4,2026-06-14 14:30:46,1.99,27.84,158.81,327.67,0.00,23.20,30.01,919.9693,-101,3.00,-101.0,3.0
3,2026-06-14 14:40:46,0.13,0.46,2.92,37.77,0.00,23.08,33.56,919.2994,-108,-0.25,-104.0,1.0
4,2026-06-14 14:40:46,0.82,11.61,71.77,327.67,0.00,22.75,30.55,919.8812,-104,1.00,-104.0,1.0
3,2026-06-14 14:50:46,0.13,0.39,2.80,23.52,0.00,23.23,32.39,919.2674,-108,-1.50,-99.0,4.75
4,2026-06-14 14:50:46,0.02,0.14,1.72,52.29,0.00,21.63,30.58,919.8409,-99,4.75,-99.0,4.75
4,2026-06-14 15:00:45,0.17,2.33,14.55,239.78,0.00,21.47,31.00,919.6997,-101,3.25,-101.0,3.25
3,2026-06-14 15:10:46,0.13,0.25,1.87,25.09,0.00,25.10,29.58,919.3305,-109,-1.50,-100.0,3.5
4,2026-06-14 15:10:46,1.34,17.79,104.11,327.67,0.00,21.80,31.70,919.7027,-100,3.50,-100.0,3.5
3,2026-06-14 15:20:46,0.12,0.37,3.46,35.21,0.00,24.17,30.13,919.2304,-109,-1.25,-101.0,2.25
4,2026-06-14 15:20:46,0.54,8.21,55.94,327.67,0.00,21.41,31.85,919.7064,-101,2.25,-101.0,2.25
3,2026-06-14 15:30:46,0.13,0.38,9.31,327.67,0.00,23.35,31.25,919.1546,-110,-1.50,-102.0,1.0
4,2026-06-14 15:30:46,1.12,14.49,84.94,327.67,0.00,21.38,31.26,919.6711,-102,1.00,-102.0,1.0
3,2026-06-14 15:40:46,0.14,0.26,2.96,33.58,0.00,23.62,30.58,919.0068,-107,1.25,-101.0,4.25
4,2026-06-14 15:40:46,3.36,43.36,248.00,327.67,0.00,20.81,31.86,919.5661,-101,4.25,-101.0,4.25
3,2026-06-14 15:50:46,0.13,0.24,2.34,27.41,0.00,22.28,31.87,918.9417,-108,-1.00,-103.0,3.0
4,2026-06-14 15:50:46,0.84,11.42,62.28,327.67,0.00,20.13,33.12,919.5459,-103,3.00,-103.0,3.0
3,2026-06-14 16:00:46,0.11,0.22,1.42,27.37,0.00,21.76,32.40,918.9470,-107,1.25,-102.0,0.25
4,2026-06-14 16:00:46,0.32,4.44,26.48,327.67,0.00,19.71,32.85,919.5358,-102,0.25,-102.0,0.25
3,2026-06-14 16:10:46,0.11,0.26,3.22,33.53,0.00,21.12,33.30,918.8672,-108,-0.75,-100.0,3.75
4,2026-06-14 16:10:46,1.65,23.22,150.28,327.67,0.00,19.84,33.27,919.3898,-100,3.75,-100.0,3.75
4,2026-06-14 16:20:45,0.97,13.03,70.35,327.67,0.00,18.99,34.81,919.2898,-102,4.25,-102.0,4.25
3,2026-06-14 16:30:46,0.09,0.31,3.69,43.72,0.00,22.31,31.59,918.8373,-107,0.50,-101.0,3.5
4,2026-06-14 16:30:46,0.30,4.07,25.86,321.43,0.00,18.62,35.39,919.2366,-101,3.50,-101.0,3.5
3,2026-06-14 16:40:46,0.12,0.24,1.75,36.14,0.00,23.46,29.97,918.7615,-110,-2.00,-99.0,4.25
4,2026-06-14 16:40:46,0.28,3.58,20.47,327.67,0.00,19.50,33.63,919.1387,-99,4.25,-99.0,4.25
4,2026-06-14 16:50:45,0.02,0.19,1.48,54.38,0.00,20.38,31.88,919.1014,-100,3.75,-100.0,3.75
3,2026-06-14 17:00:46,0.13,0.27,1.08,22.95,0.00,23.03,29.57,918.4466,-107,-0.25,-102.0,2.25
4,2026-06-14 17:00:46,0.05,0.49,2.53,87.77,0.00,20.77,30.22,918.9710,-102,2.25,-102.0,2.25
4,2026-06-14 17:20:45,1.23,15.75,96.01,327.67,0.00,20.58,32.72,918.7384,-100,4.00,-100.0,4.0
3,2026-06-14 17:30:46,0.26,0.59,3.09,44.73,0.00,23.91,29.24,918.2204,-108,-0.50,-100.0,2.75
4,2026-06-14 17:30:46,5.20,69.55,327.67,327.67,0.00,20.10,33.67,918.6450,-100,2.75,-100.0,2.75
3,2026-06-14 18:00:46,0.33,1.60,10.37,63.76,0.00,25.37,27.58,918.2638,-110,-3.50,-100.0,3.5
4,2026-06-14 18:00:46,13.42,185.80,327.67,327.67,0.00,19.83,34.18,918.6277,-100,3.50,-100.0,3.5
4,2026-06-14 18:20:45,11.44,158.24,327.67,327.67,0.00,20.21,32.88,918.5511,-104,3.50,-104.0,3.5
4,2026-06-14 18:30:45,8.47,114.66,327.67,327.67,0.00,18.91,34.56,918.4728,-102,2.75,-102.0,2.75
4,2026-06-14 18:40:45,7.79,104.32,327.67,327.67,0.00,18.60,34.87,918.4530,-102,2.00,-102.0,2.0
4,2026-06-14 19:00:45,9.58,126.38,327.67,327.67,0.00,19.76,32.79,918.5202,-104,2.25,-104.0,2.25
4,2026-06-14 19:20:45,10.72,141.71,327.67,327.67,0.00,18.46,34.55,918.4635,-101,4.75,-101.0,4.75
3,2026-06-14 19:30:46,0.27,1.23,8.19,70.04,0.00,24.77,28.03,918.1482,-109,-2.00,-101.0,2.75
4,2026-06-14 19:30:46,7.10,95.79,327.67,327.67,0.00,18.34,34.81,918.5261,-101,2.75,-101.0,2.75
4,2026-06-14 19:40:45,3.98,51.04,272.70,327.67,0.00,19.34,32.94,918.5226,-105,2.50,-105.0,2.5
4,2026-06-14 20:00:45,2.93,39.03,206.75,327.67,0.00,18.43,33.97,918.4446,-102,4.50,-102.0,4.5
3,2026-06-14 20:50:46,0.18,0.77,4.07,26.01,0.00,22.72,30.39,918.0386,-108,-1.25,-104.0,0.75
4,2026-06-14 20:50:46,0.33,4.26,21.45,327.67,0.00,20.36,30.38,918.5616,-104,0.75,-104.0,0.75
4,2026-06-14 21:00:45,0.12,1.28,8.11,192.15,0.00,20.55,30.21,918.5693,-104,3.00,-104.0,3.0
3,2026-06-14 21:20:45,0.18,0.65,4.33,35.30,0.00,22.94,28.50,918.1676,-108,-1.00,-102.0,3.25
4,2026-06-14 21:20:45,0.08,0.78,4.14,175.12,0.00,19.61,31.52,918.6565,-102,3.25,-102.0,3.25
3,2026-06-14 21:30:45,0.16,0.53,3.45,61.49,0.00,22.08,29.78,918.1160,-108,-0.50,-102.0,1.75
4,2026-06-14 21:30:45,0.15,1.76,9.60,223.56,0.00,19.79,30.92,918.5893,-102,1.75,-102.0,1.75
4,2026-06-14 22:00:45,0.02,0.06,0.32,11.82,0.00,15.63,38.83,918.6117,-103,2.50,-103.0,2.5
4,2026-06-14 22:10:45,0.03,0.13,0.80,65.58,0.00,15.50,38.61,918.6601,-104,2.75,-104.0,2.75
3,2026-06-14 22:30:45,0.06,0.44,3.30,28.72,0.00,15.86,43.38,918.2810,-106,0.50,-104.0,2.25
4,2026-06-14 22:30:45,0.02,0.05,0.26,15.75,0.00,14.78,40.00,918.6894,-104,2.25,-104.0,2.25
3,2026-06-14 23:30:45,0.05,0.29,2.56,24.70,0.00,13.64,46.80,918.6392,-107,0.75,-103.0,3.0
4,2026-06-14 23:30:45,0.06,0.53,4.81,39.27,0.00,14.41,44.00,918.9918,-103,3.00,-103.0,3.0
3,2026-06-14 23:40:45,0.05,0.38,2.77,22.51,0.00,13.68,46.84,918.6638,-107,0.25,-103.0,1.5
4,2026-06-14 23:40:45,0.31,3.57,19.07,240.17,0.00,14.08,44.19,919.0068,-103,1.50,-103.0,1.5
4,2026-06-15 00:00:45,0.17,1.82,11.58,321.32,0.00,13.46,45.41,918.9362,-102,4.00,-102.0,4.0
3,2026-06-15 00:10:45,0.05,0.34,2.06,30.54,0.00,13.20,47.13,918.5266,-107,-0.75,-101.0,3.75
4,2026-06-15 00:10:45,0.59,7.37,40.95,327.67,0.00,13.19,45.96,918.8317,-101,3.75,-101.0,3.75
4,2026-06-15 00:20:45,2.25,31.68,188.60,327.67,0.00,12.55,47.91,918.7633,-103,4.00,-103.0,4.0
3,2026-06-15 00:30:45,0.05,0.29,2.38,24.47,0.00,12.29,50.92,918.4534,-108,-1.00,-104.0,2.0
4,2026-06-15 00:30:45,1.90,27.02,164.87,327.67,0.00,12.68,47.65,918.8271,-104,2.00,-104.0,2.0
4,2026-06-15 00:40:45,1.53,22.67,134.38,327.67,0.00,12.54,47.70,918.7261,-102,4.00,-102.0,4.0
3,2026-06-15 00:50:45,0.05,0.30,2.01,20.62,0.00,11.58,52.58,918.3041,-107,0.00,-103.0,2.75
4,2026-06-15 00:50:45,1.67,24.55,149.55,327.67,0.00,12.70,47.54,918.7736,-103,2.75,-103.0,2.75
4,2026-06-15 01:00:45,0.11,1.12,8.93,140.56,0.00,11.96,50.02,918.8900,-103,4.75,-103.0,4.75
3,2026-06-15 01:10:45,0.06,0.41,3.51,25.52,0.00,11.34,53.28,918.2669,-108,-1.50,-102.0,3.25
4,2026-06-15 01:10:45,0.06,0.40,3.07,40.38,0.00,11.62,50.13,918.9018,-102,3.25,-102.0,3.25
4,2026-06-15 01:20:45,0.05,0.35,3.37,39.10,0.00,11.89,49.57,918.8887,-102,4.50,-102.0,4.5
3,2026-06-15 01:30:45,0.04,0.29,2.50,22.46,0.00,11.24,53.61,918.1555,-107,-1.00,-102.0,2.5
4,2026-06-15 01:30:45,0.06,0.34,2.64,40.56,0.00,12.79,47.96,918.8189,-102,2.50,-102.0,2.5
4,2026-06-15 01:50:45,0.22,2.75,15.96,270.97,0.00,11.78,50.97,918.5709,-101,5.25,-101.0,5.25
3,2026-06-15 02:00:45,0.04,0.17,1.13,16.83,0.00,10.69,56.94,917.9622,-107,0.75,-101.0,2.5
4,2026-06-15 02:00:45,0.93,14.19,94.53,327.67,0.00,11.52,51.78,918.4826,-101,2.50,-101.0,2.5
4,2026-06-15 02:10:45,3.38,55.69,327.67,327.67,0.00,11.02,53.90,918.3158,-101,5.25,-101.0,5.25
4,2026-06-15 02:20:45,2.20,37.17,254.92,327.67,0.00,10.68,55.19,918.3004,-101,5.75,-101.0,5.75
3,2026-06-15 02:30:45,0.03,0.14,0.90,15.77,0.00,10.41,58.87,917.7412,-106,0.00,-101.0,4.5
4,2026-06-15 02:30:45,1.54,26.14,189.98,327.67,0.00,10.80,55.04,918.3846,-101,4.50,-101.0,4.5
4,2026-06-15 02:50:45,0.43,7.11,51.59,327.67,0.00,10.13,56.83,918.5710,-100,5.75,-100.0,5.75
3,2026-06-15 03:10:45,0.03,0.20,2.01,21.20,0.00,10.17,59.24,918.0094,-107,0.00,-101.0,2.0
4,2026-06-15 03:10:45,1.34,23.63,165.08,327.67,0.00,10.25,55.96,918.5567,-101,2.00,-101.0,2.0
4,2026-06-15 03:20:45,0.86,15.84,109.87,327.67,0.00,10.24,56.14,918.5925,-103,4.00,-103.0,4.0
4,2026-06-15 03:30:45,0.91,16.69,120.64,327.67,0.00,10.50,55.43,918.5136,-103,4.00,-103.0,4.0
3,2026-06-15 03:40:45,0.05,0.45,3.41,27.51,0.00,10.31,57.93,918.1261,-109,-2.25,-100.0,4.75
4,2026-06-15 03:40:45,1.27,23.46,165.71,327.67,0.00,9.89,57.29,918.5328,-100,4.75,-100.0,4.75
4,2026-06-15 03:50:45,2.70,50.56,327.67,327.67,0.00,10.07,56.31,918.5070,-101,5.75,-101.0,5.75
4,2026-06-15 04:00:45,2.48,46.03,324.37,327.67,0.00,9.53,57.74,918.4559,-102,5.25,-102.0,5.25
4,2026-06-15 04:20:45,3.37,59.43,327.67,327.67,0.00,9.54,57.64,918.4511,-101,5.50,-101.0,5.5
4,2026-06-15 04:40:45,3.97,74.59,327.67,327.67,0.00,9.06,59.56,918.3782,-102,4.75,-102.0,4.75
4,2026-06-15 04:50:45,2.52,49.78,327.67,327.67,0.00,9.20,59.29,918.5137,-103,4.75,-103.0,4.75
4,2026-06-15 05:20:45,0.50,8.20,50.30,327.67,0.00,10.15,55.72,918.8428,-103,5.00,-103.0,5.0
4,2026-06-15 05:30:45,0.79,13.86,83.67,327.67,0.00,10.13,56.16,918.8617,-102,5.00,-102.0,5.0
4,2026-06-15 05:40:45,0.11,1.20,6.99,115.61,0.00,10.53,54.74,918.9779,-102,5.50,-102.0,5.5
4,2026-06-15 05:50:45,0.09,0.79,4.42,70.84,0.00,10.52,55.13,919.0536,-102,5.75,-102.0,5.75
4,2026-06-15 06:00:45,0.05,0.21,0.78,14.34,0.00,11.18,54.53,919.2761,-101,5.50,-101.0,5.5
4,2026-06-15 06:10:45,0.05,0.20,0.89,10.71,0.00,10.88,54.87,919.3537,-101,5.75,-101.0,5.75
4,2026-06-15 06:20:45,0.11,1.60,8.76,123.30,0.00,11.90,50.94,919.2502,-101,6.25,-101.0,6.25
3,2026-06-15 06:30:45,0.06,0.20,1.00,22.70,0.00,13.07,49.41,918.7564,-108,-0.75,-101.0,5.0
4,2026-06-15 06:30:45,0.09,1.15,7.69,327.67,0.00,12.48,49.23,919.2413,-101,5.00,-101.0,5.0
4,2026-06-15 06:40:45,0.35,5.80,33.14,327.67,0.00,12.57,49.14,919.1275,-102,5.00,-102.0,5.0
3,2026-06-15 06:50:45,0.07,0.30,1.97,23.55,0.00,12.41,52.05,918.8132,-108,0.00,-102.0,3.0
4,2026-06-15 06:50:45,1.74,30.23,183.33,327.67,0.00,12.66,48.97,919.1246,-102,3.00,-102.0,3.0
4,2026-06-15 07:00:45,0.89,16.05,111.27,327.67,0.00,13.24,48.22,919.2882,-101,5.50,-101.0,5.5
3,2026-06-15 07:10:45,0.06,0.12,0.27,5.16,0.00,13.29,49.84,918.9202,-108,-1.75,-102.0,3.5
4,2026-06-15 07:10:45,0.03,0.09,0.58,30.06,0.00,14.96,44.10,919.3657,-102,3.50,-102.0,3.5
4,2026-06-15 07:20:45,0.03,0.09,0.98,21.74,0.00,14.04,46.50,919.3942,-102,6.00,-102.0,6.0
3,2026-06-15 07:30:45,0.07,0.18,1.00,23.32,0.00,13.76,48.93,918.9070,-108,-1.00,-102.0,5.0
4,2026-06-15 07:30:45,0.03,0.11,0.75,18.59,0.00,14.20,45.80,919.4117,-102,5.00,-102.0,5.0
3,2026-06-15 07:40:45,0.06,0.18,0.75,11.93,0.00,13.91,48.74,918.9587,-107,1.25,-101.0,4.5
4,2026-06-15 07:40:45,0.02,0.13,0.71,16.02,0.00,15.37,43.43,919.4343,-101,4.50,-101.0,4.5
3,2026-06-15 07:50:45,0.08,0.19,1.29,24.07,0.00,14.79,46.65,919.0156,-108,-0.75,-101.0,4.75
4,2026-06-15 07:50:45,0.03,0.10,0.79,28.13,0.00,14.93,44.49,919.4148,-101,4.75,-101.0,4.75
3,2026-06-15 08:00:45,0.08,0.17,0.59,10.49,0.00,15.09,45.47,918.9350,-108,-2.25,-102.0,3.5
4,2026-06-15 08:00:45,0.02,0.13,0.36,11.21,0.00,14.82,44.25,919.3712,-102,3.50,-102.0,3.5
3,2026-06-15 08:20:45,0.11,0.23,1.70,29.32,0.00,15.96,43.91,918.8468,-108,-1.00,-101.0,4.25
4,2026-06-15 08:20:45,0.02,0.10,0.38,6.42,0.00,14.99,44.06,919.2521,-101,4.25,-101.0,4.25
3,2026-06-15 08:50:45,0.11,0.19,0.68,30.06,0.00,17.11,40.86,918.7782,-109,-2.00,-102.0,4.25
4,2026-06-15 08:50:45,0.02,0.07,0.75,24.69,0.00,15.43,43.20,919.2525,-102,4.25,-102.0,4.25
3,2026-06-15 09:00:45,0.12,0.26,1.44,31.42,0.00,17.37,40.28,918.7633,-108,-1.00,-101.0,3.5
4,2026-06-15 09:00:45,0.02,0.13,0.49,27.03,0.00,17.12,39.72,919.1958,-101,3.50,-101.0,3.5
4,2026-06-15 09:30:45,0.01,0.07,0.48,21.92,0.00,18.24,36.11,919.2566,-102,5.25,-102.0,5.25
3,2026-06-15 09:40:45,0.12,0.18,0.82,29.66,0.00,18.78,37.44,918.6562,-108,-1.75,-103.0,2.75
4,2026-06-15 09:40:45,0.01,0.08,0.42,17.49,0.00,18.68,35.66,919.1793,-103,2.75,-103.0,2.75
4,2026-06-15 09:50:45,0.02,0.07,0.12,3.45,0.00,19.75,33.21,919.1500,-101,5.75,-101.0,5.75
3,2026-06-15 10:00:45,0.13,0.18,0.36,11.78,0.00,19.97,34.20,918.6630,-108,-1.00,-101.0,3.75
4,2026-06-15 10:00:45,0.02,0.07,0.65,31.26,0.00,20.56,31.96,919.1453,-101,3.75,-101.0,3.75
3,2026-06-15 10:10:45,0.14,0.22,0.55,11.46,0.00,19.99,34.77,918.5645,-107,0.00,-101.0,3.5
4,2026-06-15 10:10:45,0.01,0.07,0.64,23.40,0.00,20.79,31.84,919.0426,-101,3.50,-101.0,3.5
3,2026-06-15 10:20:45,0.13,0.21,0.64,17.20,0.00,20.44,34.30,918.4854,-108,-0.75,-103.0,2.5
4,2026-06-15 10:20:45,0.01,0.08,0.19,5.42,0.00,20.68,31.36,918.9390,-103,2.50,-103.0,2.5
3,2026-06-15 10:30:45,0.13,0.23,1.33,25.71,0.00,20.14,35.66,918.3954,-107,0.00,-101.0,4.0
4,2026-06-15 10:30:45,0.02,0.08,0.86,31.20,0.00,19.77,32.63,918.8494,-101,4.00,-101.0,4.0
3,2026-06-15 10:40:45,0.12,0.21,1.15,24.00,0.00,19.71,36.08,918.2625,-108,-1.25,-102.0,3.5
4,2026-06-15 10:40:45,0.01,0.08,0.59,24.73,0.00,19.49,33.42,918.7140,-102,3.50,-102.0,3.5
3,2026-06-15 10:50:45,0.12,0.20,0.93,28.04,0.00,20.27,35.24,918.2070,-108,-1.25,-100.0,5.0
4,2026-06-15 10:50:45,0.02,0.06,0.31,17.94,0.00,20.45,31.18,918.6450,-100,5.00,-100.0,5.0
3,2026-06-15 11:00:45,0.12,0.20,0.74,30.70,0.00,20.58,34.74,918.1317,-108,-1.25,-102.0,2.5
4,2026-06-15 11:00:45,0.01,0.05,3.80,327.67,0.00,20.30,31.82,918.6081,-102,2.50,-102.0,2.5
3,2026-06-15 11:10:45,0.13,0.22,1.11,42.15,0.00,21.18,32.93,918.0176,-108,-0.50,-102.0,2.0
4,2026-06-15 11:10:45,0.01,0.06,0.31,9.79,0.00,20.98,30.34,918.5135,-102,2.00,-102.0,2.0
4,2026-06-15 11:20:45,0.02,0.12,0.90,22.60,0.00,22.09,28.41,918.4731,-101,4.50,-101.0,4.5
3,2026-06-15 11:30:45,0.13,0.18,0.39,21.49,0.00,22.76,29.92,917.8972,-107,-0.75,-101.0,3.75
4,2026-06-15 11:30:45,0.08,0.85,6.65,60.19,0.00,23.42,27.56,918.3926,-101,3.75,-101.0,3.75
3,2026-06-15 11:40:45,0.15,0.21,0.40,8.52,0.00,23.06,29.18,917.7955,-109,-1.50,-103.0,1.75
4,2026-06-15 11:40:45,0.48,8.31,66.63,327.67,0.00,22.42,28.64,918.3196,-103,1.75,-103.0,1.75
3,2026-06-15 11:50:45,0.16,0.76,3.53,33.25,0.00,23.01,30.47,917.6777,-107,1.25,-101.0,1.5
4,2026-06-15 11:50:45,0.18,2.61,18.94,266.94,0.00,20.84,31.35,918.2495,-101,1.50,-101.0,1.5
3,2026-06-15 12:30:45,0.09,0.23,1.24,27.87,0.00,19.12,40.29,917.5202,-108,-0.25,-102.0,3.25
4,2026-06-15 12:30:45,0.19,3.35,26.51,327.67,0.00,19.98,34.50,918.1751,-102,3.25,-102.0,3.25
3,2026-06-15 12:50:45,0.08,0.24,0.98,10.95,0.00,19.51,39.47,917.4681,-108,-0.50,-103.0,3.25
4,2026-06-15 12:50:45,0.10,1.54,10.60,327.67,0.00,20.59,33.36,918.0615,-103,3.25,-103.0,3.25
3,2026-06-15 13:10:45,0.09,0.25,0.94,28.44,0.00,20.10,39.04,917.3443,-108,-2.50,-104.0,1.5
4,2026-06-15 13:10:45,0.02,0.12,1.85,27.63,0.00,20.34,34.30,917.8906,-104,1.50,-104.0,1.5
3,2026-06-15 13:40:45,0.07,0.17,0.67,18.91,0.00,17.68,42.01,917.0884,-107,0.00,-101.0,1.25
4,2026-06-15 13:40:45,0.04,0.20,1.58,28.92,0.00,21.31,33.27,917.7313,-101,1.25,-101.0,1.25
3,2026-06-15 14:00:45,0.05,0.17,0.63,9.60,0.00,17.79,43.18,917.0147,-107,0.00,-102.0,3.5
4,2026-06-15 14:00:45,0.03,0.15,1.44,34.13,0.00,20.09,33.80,917.5557,-102,3.50,-102.0,3.5
3,2026-06-15 14:20:45,0.06,0.16,0.75,25.07,0.00,20.73,38.67,916.9234,-107,0.50,-101.0,3.25
4,2026-06-15 14:20:45,0.02,0.12,0.71,25.09,0.00,21.66,32.29,917.5155,-101,3.25,-101.0,3.25
3,2026-06-15 14:30:45,0.06,0.15,0.83,24.79,0.00,20.41,38.82,916.7822,-106,0.75,-101.0,1.5
4,2026-06-15 14:30:45,0.03,0.18,1.64,38.39,0.00,22.50,30.13,917.4560,-101,1.50,-101.0,1.5
3,2026-06-15 14:50:45,0.07,0.17,0.70,21.31,0.00,20.60,38.72,916.6618,-107,1.25,-100.0,1.5
4,2026-06-15 14:50:45,0.03,0.17,0.71,16.57,0.00,22.34,30.57,917.2572,-100,1.50,-100.0,1.5
3,2026-06-15 15:00:45,0.08,0.18,1.09,23.88,0.00,22.74,35.65,916.6177,-106,0.75,-102.0,1.25
4,2026-06-15 15:00:45,0.03,0.25,1.37,28.89,0.00,21.63,30.92,917.0538,-102,1.25,-102.0,1.25
3,2026-06-15 15:10:45,0.08,0.21,0.92,18.89,0.00,23.35,33.83,916.5402,-108,-2.25,-101.0,2.25
4,2026-06-15 15:10:45,0.02,0.14,0.75,17.96,0.00,21.38,32.17,917.0408,-101,2.25,-101.0,2.25
3,2026-06-15 15:20:45,0.09,0.18,0.60,20.52,0.00,23.64,32.89,916.4642,-107,0.50,-102.0,3.25
4,2026-06-15 15:20:45,0.03,0.18,0.79,18.03,0.00,23.10,29.56,916.9472,-102,3.25,-102.0,3.25
3,2026-06-15 15:30:45,0.09,0.18,0.55,14.88,0.00,23.94,32.46,916.4000,-107,0.25,-101.0,1.75
4,2026-06-15 15:30:45,0.03,0.15,0.59,9.28,0.00,23.28,29.37,916.8871,-101,1.75,-101.0,1.75
3,2026-06-15 15:40:45,0.10,0.20,0.58,9.78,0.00,24.14,32.06,916.3624,-107,0.25,-102.0,3.75
4,2026-06-15 15:40:45,0.03,0.21,1.22,23.03,0.00,23.74,28.87,916.8707,-102,3.75,-102.0,3.75
3,2026-06-15 15:50:45,0.09,0.18,0.74,14.30,0.00,24.86,30.27,916.3266,-107,-0.50,-102.0,3.0
4,2026-06-15 15:50:45,0.02,0.12,0.51,16.86,0.00,24.34,27.66,916.8143,-102,3.00,-102.0,3.0
3,2026-06-15 16:10:45,0.10,0.18,0.72,24.91,0.00,24.59,30.15,916.1791,-107,-0.50,-105.0,2.25
4,2026-06-15 16:10:45,0.02,0.15,0.79,22.97,0.00,22.98,29.06,916.7187,-105,2.25,-105.0,2.25
3,2026-06-15 16:20:45,0.11,0.21,0.90,33.04,0.00,25.48,28.64,916.0985,-108,-0.25,-102.0,2.75
4,2026-06-15 16:20:45,0.02,0.10,0.27,11.01,0.00,24.20,27.36,916.6399,-102,2.75,-102.0,2.75
3,2026-06-15 16:30:45,0.12,0.23,0.72,15.57,0.00,25.05,29.02,916.0233,-107,-0.25,-105.0,2.25
4,2026-06-15 16:30:45,0.03,0.12,0.70,16.50,0.00,24.61,26.74,916.6006,-105,2.25,-105.0,2.25
3,2026-06-15 16:50:45,0.09,0.17,0.63,22.16,0.00,23.80,30.08,915.9128,-108,-2.25,-105.0,2.0
4,2026-06-15 16:50:45,0.02,0.12,0.53,10.39,0.00,23.98,27.87,916.4930,-105,2.00,-105.0,2.0
3,2026-06-15 17:00:45,0.09,0.17,0.36,5.56,0.00,23.57,30.08,915.7810,-108,-2.00,-101.0,2.0
4,2026-06-15 17:00:45,0.03,0.20,0.74,16.89,0.00,25.96,24.23,916.3858,-101,2.00,-101.0,2.0
3,2026-06-15 17:10:45,0.08,0.19,0.43,9.84,0.00,23.28,29.96,915.7183,-108,-1.00,-102.0,3.5
4,2026-06-15 17:10:45,0.03,0.12,0.92,29.64,0.00,27.59,22.55,916.2655,-102,3.50,-102.0,3.5
3,2026-06-15 17:30:45,0.10,0.16,0.63,23.92,0.00,23.74,28.94,915.4348,-108,-1.25,-101.0,4.0
4,2026-06-15 17:30:45,0.02,0.07,0.28,20.99,0.00,28.59,20.96,916.0956,-101,4.00,-101.0,4.0
3,2026-06-15 17:50:45,0.13,0.20,0.82,20.74,0.00,26.49,25.77,915.4176,-108,-1.50,-101.0,4.5
4,2026-06-15 17:50:45,0.03,0.18,1.86,36.35,0.00,29.13,22.27,915.9626,-101,4.50,-101.0,4.5
3,2026-06-15 18:00:45,0.14,0.24,0.90,24.54,0.00,25.19,27.76,915.3982,-107,-0.75,-101.0,2.5
4,2026-06-15 18:00:45,0.03,0.15,1.07,32.93,0.00,29.29,20.62,915.8725,-101,2.50,-101.0,2.5
3,2026-06-15 18:10:45,0.14,0.23,0.90,24.24,0.00,25.75,28.74,915.4035,-108,-1.50,-100.0,3.25
4,2026-06-15 18:10:45,0.06,0.78,5.92,246.25,0.00,24.26,27.26,915.8538,-100,3.25,-100.0,3.25
3,2026-06-15 18:30:45,0.15,0.24,0.72,28.64,0.00,24.87,29.69,915.2151,-107,-0.50,-102.0,1.75
4,2026-06-15 18:30:45,0.03,0.13,0.58,10.29,0.00,19.86,34.08,915.7872,-102,1.75,-102.0,1.75
3,2026-06-15 18:40:45,0.17,0.25,0.59,17.82,0.00,27.10,26.59,915.1327,-107,0.00,-102.0,3.5
4,2026-06-15 18:40:45,0.03,0.14,0.55,12.38,0.00,21.66,31.16,915.7020,-102,3.50,-102.0,3.5
3,2026-06-15 18:50:45,0.22,0.28,0.61,17.74,0.00,28.04,25.86,915.2219,-107,-0.50,-102.0,1.25
4,2026-06-15 18:50:45,0.03,0.10,0.65,21.47,0.00,21.85,30.53,915.6431,-102,1.25,-102.0,1.25
3,2026-06-15 19:00:45,0.26,0.31,1.18,62.51,0.00,28.37,24.89,915.2055,-107,0.00,-104.0,2.25
4,2026-06-15 19:00:45,0.03,0.10,0.56,17.48,0.00,21.11,32.07,915.6733,-104,2.25,-104.0,2.25
3,2026-06-15 19:10:45,0.19,0.30,1.62,26.88,0.00,24.24,29.46,915.0492,-107,0.50,-103.0,3.25
4,2026-06-15 19:10:45,0.02,0.13,0.87,23.00,0.00,21.32,31.63,915.6655,-103,3.25,-103.0,3.25
3,2026-06-15 19:20:45,0.15,0.28,0.65,16.92,0.00,21.85,33.17,914.9822,-106,1.00,-103.0,1.5
4,2026-06-15 19:20:45,0.03,0.11,0.43,11.15,0.00,19.71,33.56,915.6635,-103,1.50,-103.0,1.5
3,2026-06-15 19:30:45,0.11,0.19,0.81,29.80,0.00,21.28,34.99,915.0654,-106,1.25,-103.0,2.25
4,2026-06-15 19:30:45,0.03,0.10,0.97,24.87,0.00,19.22,34.04,915.6457,-103,2.25,-103.0,2.25
3,2026-06-15 19:40:45,0.10,0.17,0.32,9.41,0.00,21.09,34.56,915.1298,-106,1.25,-103.0,2.25
4,2026-06-15 19:40:45,0.03,0.15,0.88,30.44,0.00,18.74,34.68,915.6761,-103,2.25,-103.0,2.25
3,2026-06-15 19:50:45,0.07,0.14,0.50,14.32,0.00,20.31,35.29,915.1902,-106,1.25,-104.0,1.75
4,2026-06-15 19:50:45,0.03,0.09,0.21,4.55,0.00,18.78,35.36,915.7512,-104,1.75,-104.0,1.75
3,2026-06-15 20:00:45,0.07,0.16,0.28,5.01,0.00,20.26,35.03,915.2596,-106,1.25,-103.0,1.5
4,2026-06-15 20:00:45,0.03,0.13,0.48,21.31,0.00,18.34,36.12,915.8220,-103,1.50,-103.0,1.5
3,2026-06-15 20:10:45,0.06,0.15,0.47,9.03,0.00,19.55,36.06,915.3145,-107,0.50,-101.0,3.25
4,2026-06-15 20:10:45,0.03,0.14,0.79,32.49,0.00,17.49,38.65,915.9002,-101,3.25,-101.0,3.25
3,2026-06-15 20:20:45,0.07,0.16,1.00,22.42,0.00,18.78,39.13,915.3735,-106,1.00,-101.0,3.25
4,2026-06-15 20:20:45,0.04,0.18,1.44,29.45,0.00,16.40,41.58,915.9872,-101,3.25,-101.0,3.25
3,2026-06-15 20:30:45,0.07,0.22,1.80,22.13,0.00,18.12,43.85,915.4660,-107,-0.50,-102.0,4.0
4,2026-06-15 20:30:45,0.08,0.33,6.68,327.67,0.00,16.60,47.15,916.1061,-102,4.00,-102.0,4.0
3,2026-06-15 20:40:45,0.06,0.14,1.15,21.99,0.00,17.14,46.08,915.5967,-107,-0.25,-102.0,2.75
4,2026-06-15 20:40:45,0.09,0.82,23.72,327.67,0.00,15.19,50.19,916.1588,-102,2.75,-102.0,2.75
3,2026-06-15 20:50:45,0.06,0.25,2.82,22.82,0.00,16.83,50.52,915.7488,-107,0.75,-100.0,3.25
4,2026-06-15 20:50:45,0.09,0.42,2.73,60.95,0.00,14.71,50.74,916.1654,-100,3.25,-100.0,3.25
3,2026-06-15 21:00:45,0.06,0.21,1.31,33.15,0.00,16.75,49.41,915.8258,-107,-0.50,-102.0,4.25
4,2026-06-15 21:00:45,0.07,0.36,2.59,61.71,0.00,15.33,48.96,916.2626,-102,4.25,-102.0,4.25
3,2026-06-15 21:10:45,0.08,0.33,1.84,24.29,0.00,16.42,48.27,915.8899,-108,-2.00,-102.0,4.0
4,2026-06-15 21:10:45,0.09,0.36,1.67,37.88,0.00,15.19,50.49,916.2596,-102,4.00,-102.0,4.0
4,2026-06-15 21:50:45,0.06,0.17,0.79,18.95,0.00,14.91,53.13,916.4944,-102,4.50,-102.0,4.5
4,2026-06-15 22:20:45,0.06,0.17,0.39,5.92,0.00,12.83,58.60,916.8020,-104,3.75,-104.0,3.75
3,2026-06-15 22:30:45,0.08,0.27,1.14,26.79,0.00,13.94,54.30,916.7169,-107,-1.25,-102.0,3.75
4,2026-06-15 22:30:45,0.07,0.22,0.87,31.74,0.00,12.67,59.18,916.8846,-102,3.75,-102.0,3.75
3,2026-06-15 23:30:45,0.07,0.19,0.75,20.39,0.00,13.98,55.11,917.0860,-108,-1.00,-102.0,1.75
4,2026-06-15 23:30:45,0.07,0.19,0.66,23.48,0.00,13.77,53.34,917.3998,-102,1.75,-102.0,1.75
3,2026-06-16 00:20:45,0.07,0.19,1.53,23.73,0.00,13.36,60.72,917.5161,-107,-0.50,-102.0,2.5
4,2026-06-16 00:20:45,0.09,0.23,0.77,12.39,0.00,13.76,55.53,917.8744,-102,2.50,-102.0,2.5
3,2026-06-16 00:30:45,0.09,0.26,1.45,31.02,0.00,13.11,63.92,917.5808,-107,-0.75,-102.0,4.0
4,2026-06-16 00:30:45,0.08,0.16,0.30,6.18,0.00,13.59,55.93,917.9089,-102,4.00,-102.0,4.0
3,2026-06-16 00:50:45,0.08,0.22,0.64,23.80,0.00,13.03,62.25,917.6465,-108,-1.75,-101.0,2.75
4,2026-06-16 00:50:45,0.09,0.24,0.67,12.02,11.97,13.25,60.54,917.9872,-101,2.75,-101.0,2.75
3,2026-06-16 01:20:45,0.07,0.20,0.62,19.62,0.00,13.32,60.47,917.8191,-107,-1.25,-102.0,2.5
4,2026-06-16 01:20:45,0.08,0.18,0.41,11.12,0.00,12.42,59.97,918.1817,-102,2.50,-102.0,2.5
4,2026-06-16 01:30:45,0.09,0.22,0.42,7.39,0.00,12.72,59.43,918.2096,-103,5.00,-103.0,5.0
3,2026-06-16 01:50:45,0.10,0.29,0.85,18.48,0.00,13.09,62.51,918.0958,-107,-1.25,-101.0,3.25
4,2026-06-16 01:50:45,0.11,0.34,0.77,20.30,0.02,13.66,58.52,918.4037,-101,3.25,-101.0,3.25
3,2026-06-16 02:00:45,0.08,0.24,1.08,24.96,0.00,12.68,63.03,918.1665,-108,-2.00,-102.0,2.75
4,2026-06-16 02:00:45,0.09,0.26,1.32,29.00,12.76,13.09,59.37,918.5151,-102,2.75,-102.0,2.75
3,2026-06-16 02:10:45,0.08,0.26,1.83,33.36,0.00,12.51,64.99,918.2522,-107,-1.50,-102.0,2.25
4,2026-06-16 02:10:45,0.11,0.36,1.91,23.76,24.99,12.86,60.78,918.6091,-102,2.25,-102.0,2.25
4,2026-06-16 02:30:45,0.14,0.48,2.34,51.77,28.85,12.90,63.02,918.7748,-103,4.25,-103.0,4.25
4,2026-06-16 02:50:45,0.10,0.25,0.53,9.40,62.71,12.11,65.36,918.9547,-103,3.50,-103.0,3.5
4,2026-06-16 03:00:45,0.12,0.32,1.30,26.92,76.87,12.38,65.20,919.0491,-102,4.50,-102.0,4.5
3,2026-06-16 03:10:45,0.10,0.26,1.06,23.77,0.00,10.87,72.60,918.8076,-109,-3.00,-100.0,3.75
4,2026-06-16 03:10:45,0.17,0.45,1.42,32.62,104.43,12.16,65.97,919.1614,-100,3.75,-100.0,3.75
3,2026-06-16 03:20:45,0.10,0.24,0.97,19.82,0.00,11.01,72.35,918.8390,-109,-2.75,-102.0,3.5
4,2026-06-16 03:20:45,0.13,0.29,0.63,19.16,81.02,11.44,68.46,919.1987,-102,3.50,-102.0,3.5
3,2026-06-16 03:50:45,0.11,0.27,0.66,16.08,0.00,11.35,67.41,919.0510,-108,-2.50,-100.0,3.75
4,2026-06-16 03:50:45,0.13,0.32,1.45,19.23,113.56,11.79,65.94,919.4102,-100,3.75,-100.0,3.75
4,2026-06-16 04:00:45,0.11,0.27,0.75,17.60,54.03,12.37,62.93,919.4378,-100,4.75,-100.0,4.75
3,2026-06-16 04:10:45,0.10,0.26,0.71,15.50,0.00,10.92,69.07,919.1834,-108,-2.75,-100.0,3.25
4,2026-06-16 04:10:45,0.14,0.30,0.53,12.62,66.79,12.29,62.35,919.5178,-100,3.25,-100.0,3.25
4,2026-06-16 04:20:45,0.13,0.24,0.50,10.82,77.62,11.84,64.14,919.5911,-101,5.75,-101.0,5.75
4,2026-06-16 04:30:45,0.12,0.27,0.74,15.88,76.72,11.61,64.59,919.6304,-100,6.25,-100.0,6.25
4,2026-06-16 04:40:45,0.12,0.26,0.84,33.29,95.18,11.87,63.16,919.6788,-101,6.25,-101.0,6.25
4,2026-06-16 04:50:45,0.11,0.24,0.93,29.37,72.30,12.47,60.06,919.7294,-101,5.75,-101.0,5.75
4,2026-06-16 05:00:45,0.11,0.23,0.71,15.82,66.07,12.13,60.04,919.8111,-100,5.75,-100.0,5.75
4,2026-06-16 05:10:45,0.10,0.21,0.87,22.97,66.54,12.13,59.81,919.8539,-101,5.00,-101.0,5.0
3,2026-06-16 05:20:45,0.11,0.23,0.76,19.57,0.00,10.82,67.69,919.5964,-108,-2.25,-101.0,4.25
4,2026-06-16 05:20:45,0.11,0.26,0.68,11.46,88.58,11.68,61.03,919.9814,-101,4.25,-101.0,4.25
3,2026-06-16 05:30:45,0.12,0.25,0.71,15.90,0.00,10.93,67.65,919.7461,-108,-2.25,-102.0,4.0
4,2026-06-16 05:30:45,0.14,0.29,1.00,32.20,31.35,10.68,66.23,920.0911,-102,4.00,-102.0,4.0
3,2026-06-16 05:40:45,0.13,0.27,0.98,27.43,0.00,10.72,68.53,919.8625,-108,-2.50,-102.0,4.0
4,2026-06-16 05:40:45,0.15,0.30,0.71,18.71,0.59,10.12,68.56,920.2094,-102,4.00,-102.0,4.0
3,2026-06-16 05:50:45,0.14,0.34,1.01,27.14,0.00,10.82,68.21,919.9336,-108,-2.25,-101.0,3.0
4,2026-06-16 05:50:45,0.14,0.25,1.12,40.86,0.42,10.84,66.48,920.2696,-101,3.00,-101.0,3.0
3,2026-06-16 06:20:45,0.11,0.21,0.70,19.71,0.00,10.90,67.00,920.1212,-107,-1.25,-102.0,3.25
4,2026-06-16 06:20:45,0.12,0.24,0.39,6.92,0.00,11.29,63.99,920.5487,-102,3.25,-102.0,3.25
3,2026-06-16 06:30:45,0.12,0.29,1.59,24.81,0.00,11.22,66.88,920.2999,-108,-1.75,-102.0,3.75
4,2026-06-16 06:30:45,0.13,0.28,1.11,24.76,0.00,11.66,62.84,920.6224,-102,3.75,-102.0,3.75
3,2026-06-16 06:40:45,0.14,0.30,1.45,24.00,0.00,11.37,67.07,920.3538,-108,-2.00,-102.0,4.0
4,2026-06-16 06:40:45,0.13,0.27,0.93,29.51,0.02,11.19,64.46,920.7194,-102,4.00,-102.0,4.0
3,2026-06-16 07:00:45,0.13,0.24,1.00,21.04,0.00,11.27,68.30,920.5132,-108,-3.00,-101.0,4.25
4,2026-06-16 07:00:45,0.15,0.28,0.69,19.54,0.14,11.37,64.21,920.9349,-101,4.25,-101.0,4.25
3,2026-06-16 07:10:45,0.15,0.29,0.89,21.58,0.00,11.34,68.86,920.6289,-108,-2.50,-101.0,3.0
4,2026-06-16 07:10:45,0.14,0.28,0.60,18.92,0.00,11.55,63.28,921.0440,-101,3.00,-101.0,3.0
3,2026-06-16 07:20:45,0.14,0.28,0.99,17.95,0.00,11.83,66.50,920.7037,-108,-2.00,-101.0,3.25
4,2026-06-16 07:20:45,0.14,0.30,0.84,25.77,13.09,11.68,63.00,921.1160,-101,3.25,-101.0,3.25
3,2026-06-16 07:30:45,0.11,0.24,0.56,5.21,0.00,12.25,64.16,920.8280,-108,-2.25,-101.0,3.75
4,2026-06-16 07:30:45,0.13,0.28,1.03,28.24,22.52,11.63,63.41,921.1848,-101,3.75,-101.0,3.75
3,2026-06-16 07:40:45,0.12,0.25,1.09,30.76,0.00,12.31,63.75,920.9180,-108,-2.25,-101.0,4.25
4,2026-06-16 07:40:45,0.14,0.26,1.06,33.72,10.90,12.15,62.09,921.2829,-101,4.25,-101.0,4.25
3,2026-06-16 07:50:45,0.11,0.21,0.54,19.19,0.00,12.22,64.04,921.0249,-108,-2.25,-100.0,5.25
4,2026-06-16 07:50:45,0.14,0.26,0.45,12.50,10.93,12.06,62.15,921.3996,-100,5.25,-100.0,5.25
4,2026-06-16 08:00:45,0.15,0.30,1.12,25.44,0.00,12.94,59.08,921.4743,-100,5.50,-100.0,5.5
3,2026-06-16 08:10:45,0.12,0.25,0.91,22.36,0.00,11.93,64.97,921.2745,-108,-3.00,-101.0,5.0
4,2026-06-16 08:10:45,0.12,0.27,0.88,20.07,4.79,12.76,59.50,921.6535,-101,5.00,-101.0,5.0
4,2026-06-16 08:20:45,0.13,0.27,0.83,24.42,0.00,12.88,58.96,921.7474,-100,6.00,-100.0,6.0
3,2026-06-16 08:50:45,0.14,0.32,1.04,24.69,0.00,11.97,65.89,921.6399,-108,-2.75,-101.0,4.5
4,2026-06-16 08:50:45,0.13,0.24,0.78,22.29,0.00,13.21,58.13,921.9818,-101,4.50,-101.0,4.5
3,2026-06-16 09:00:45,0.15,0.31,1.01,23.85,0.00,12.09,66.26,921.7032,-108,-2.25,-100.0,3.75
4,2026-06-16 09:00:45,0.14,0.28,1.03,26.44,0.83,13.47,57.94,922.0276,-100,3.75,-100.0,3.75
3,2026-06-16 09:10:45,0.14,0.24,0.75,19.34,0.00,12.42,64.67,921.7499,-108,-2.00,-102.0,4.5
4,2026-06-16 09:10:45,0.14,0.29,0.85,22.24,3.16,14.02,56.22,922.0556,-102,4.50,-102.0,4.5
3,2026-06-16 09:20:45,0.12,0.23,0.51,8.41,0.00,12.87,63.49,921.7713,-108,-2.25,-101.0,4.5
4,2026-06-16 09:20:45,0.14,0.27,0.54,10.20,2.96,14.26,55.53,922.0915,-101,4.50,-101.0,4.5
3,2026-06-16 09:30:45,0.12,0.25,0.78,15.11,0.00,13.49,61.14,921.8422,-108,-2.00,-102.0,4.5
4,2026-06-16 09:30:45,0.11,0.20,0.94,29.43,5.47,14.38,55.03,922.1540,-102,4.50,-102.0,4.5
3,2026-06-16 09:40:45,0.12,0.25,0.72,18.15,0.00,14.17,59.70,921.8747,-108,-1.00,-100.0,3.25
4,2026-06-16 09:40:45,0.12,0.26,0.82,22.24,1.32,14.52,54.99,922.2180,-100,3.25,-100.0,3.25
3,2026-06-16 09:50:45,0.11,0.20,1.03,23.31,0.00,14.78,56.62,921.8973,-107,-0.50,-101.0,2.75
4,2026-06-16 09:50:45,0.12,0.23,0.33,3.22,0.14,14.47,54.73,922.2978,-101,2.75,-101.0,2.75
3,2026-06-16 10:00:45,0.10,0.18,0.95,22.36,0.00,15.61,54.27,921.9636,-108,-0.25,-101.0,3.0
4,2026-06-16 10:00:45,0.09,0.21,1.32,23.38,0.59,15.26,52.61,922.3786,-101,3.00,-101.0,3.0
3,2026-06-16 10:20:45,0.11,0.20,0.61,20.28,0.00,17.70,49.60,922.0108,-107,0.50,-102.0,1.75
4,2026-06-16 10:20:45,0.08,0.23,0.58,15.41,0.00,18.44,44.46,922.4031,-102,1.75,-102.0,1.75
3,2026-06-16 10:30:45,0.13,0.26,1.32,27.08,0.00,18.65,46.79,922.0185,-108,0.50,-103.0,2.5
4,2026-06-16 10:30:45,0.09,0.25,0.98,25.18,0.00,19.77,41.18,922.3858,-103,2.50,-103.0,2.5
3,2026-06-16 10:40:45,0.13,0.27,1.88,35.13,0.00,19.77,44.98,921.9593,-107,0.25,-103.0,2.25
4,2026-06-16 10:40:45,0.10,0.29,0.67,14.59,0.00,21.45,37.97,922.3913,-103,2.25,-103.0,2.25
3,2026-06-16 10:50:45,0.16,0.29,0.66,9.91,0.00,19.98,45.35,921.9807,-107,0.50,-102.0,4.0
4,2026-06-16 10:50:45,0.09,0.24,0.99,26.64,0.00,22.82,34.90,922.4253,-102,4.00,-102.0,4.0
3,2026-06-16 11:10:45,0.14,0.31,1.15,22.74,0.00,18.88,46.99,922.0225,-108,0.00,-103.0,1.0
4,2026-06-16 11:10:45,0.10,0.25,0.66,13.82,0.00,22.06,35.35,922.4422,-103,1.00,-103.0,1.0
3,2026-06-16 11:20:45,0.15,0.28,0.82,16.35,0.00,19.24,46.82,922.0859,-108,0.25,-103.0,2.5
4,2026-06-16 11:20:45,0.10,0.27,0.57,11.53,0.00,21.23,37.07,922.4906,-103,2.50,-103.0,2.5
3,2026-06-16 11:40:45,0.13,0.27,0.84,21.18,0.00,19.50,46.15,922.1579,-107,0.75,-103.0,2.75
4,2026-06-16 11:40:45,0.11,0.28,1.46,32.03,0.00,21.19,37.58,922.6013,-103,2.75,-103.0,2.75
3,2026-06-16 12:10:45,0.15,0.30,0.97,16.15,0.00,20.33,43.49,922.2677,-107,-0.25,-102.0,3.0
4,2026-06-16 12:10:45,0.10,0.29,1.00,11.98,0.00,23.60,33.34,922.6712,-102,3.00,-102.0,3.0
3,2026-06-16 12:20:45,0.14,0.30,0.99,16.21,0.00,22.13,39.54,922.2771,-108,-1.00,-102.0,2.25
4,2026-06-16 12:20:45,0.09,0.23,0.88,22.78,0.00,24.50,31.31,922.6858,-102,2.25,-102.0,2.25
3,2026-06-16 12:30:45,0.15,0.29,1.27,16.71,0.00,23.44,37.04,922.2619,-107,-0.50,-102.0,3.0
4,2026-06-16 12:30:45,0.10,0.22,0.54,12.53,0.00,25.08,28.75,922.7082,-102,3.00,-102.0,3.0
3,2026-06-16 12:40:45,0.15,0.27,0.85,22.08,0.00,21.03,41.67,922.1843,-107,0.00,-101.0,3.0
4,2026-06-16 12:40:45,0.10,0.22,1.17,40.33,0.00,25.89,27.92,922.7057,-101,3.00,-101.0,3.0
3,2026-06-16 12:50:45,0.16,0.27,1.59,31.60,0.00,22.21,40.11,922.2977,-107,-0.50,-102.0,3.75
4,2026-06-16 12:50:45,0.10,0.28,1.12,20.84,0.00,26.55,27.46,922.6696,-102,3.75,-102.0,3.75
3,2026-06-16 13:00:45,0.14,0.26,1.06,20.67,0.00,21.16,41.62,922.2699,-107,0.50,-103.0,2.5
4,2026-06-16 13:00:45,0.10,0.29,0.64,9.15,0.00,26.92,26.96,922.7572,-103,2.50,-103.0,2.5
3,2026-06-16 13:10:45,0.16,0.29,1.36,23.20,0.00,21.21,40.06,922.3575,-108,-0.50,-102.0,3.5
4,2026-06-16 13:10:45,0.11,0.28,1.83,34.52,0.00,26.50,27.82,922.8119,-102,3.50,-102.0,3.5
3,2026-06-16 13:20:45,0.14,0.28,1.01,19.65,0.00,22.28,38.06,922.3679,-108,-1.75,-102.0,4.5
4,2026-06-16 13:20:45,0.10,0.25,1.03,27.30,0.00,26.41,28.66,922.8048,-102,4.50,-102.0,4.5
4,2026-06-16 13:30:45,0.11,0.29,1.11,28.69,0.00,25.81,28.87,922.7997,-101,5.25,-101.0,5.25
4,2026-06-16 13:40:45,0.11,0.27,1.00,26.43,0.00,24.28,31.28,922.7368,-103,4.75,-103.0,4.75
4,2026-06-16 13:50:45,0.30,1.03,3.58,65.95,0.00,20.53,43.84,922.7632,-101,5.25,-101.0,5.25
3,2026-06-16 14:10:45,0.10,0.19,0.66,22.34,0.00,15.83,50.47,922.3829,-107,-0.25,-101.0,4.0
4,2026-06-16 14:10:45,0.10,0.20,0.43,14.77,0.00,18.21,40.05,922.7634,-101,4.00,-101.0,4.0
4,2026-06-16 14:40:45,0.13,0.31,0.95,23.92,0.00,18.34,43.07,922.8676,-103,3.75,-103.0,3.75
4,2026-06-16 14:50:45,0.13,0.28,0.78,24.48,0.00,18.86,41.72,922.8097,-101,5.25,-101.0,5.25
3,2026-06-16 15:00:45,0.11,0.24,0.90,23.27,0.00,20.30,40.57,922.5060,-108,-2.25,-100.0,5.0
4,2026-06-16 15:00:45,0.10,0.26,0.85,17.68,0.00,19.20,38.53,922.8116,-100,5.00,-100.0,5.0
4,2026-06-16 15:20:45,0.11,0.26,0.95,24.27,0.00,20.80,35.78,922.8001,-102,4.50,-102.0,4.5
3,2026-06-16 15:30:45,0.16,0.31,1.54,29.46,0.00,22.70,34.38,922.3031,-108,-1.00,-101.0,4.25
4,2026-06-16 15:30:45,0.11,0.29,1.18,29.66,0.00,23.23,30.49,922.8430,-101,4.25,-101.0,4.25
4,2026-06-16 15:40:45,0.10,0.26,0.85,18.04,0.00,25.41,25.94,922.8478,-102,5.00,-102.0,5.0
3,2026-06-16 15:50:45,0.15,0.28,0.65,9.97,0.00,26.02,26.69,922.4513,-109,-3.25,-103.0,3.25
4,2026-06-16 15:50:45,0.09,0.22,0.60,11.00,0.00,26.12,24.25,922.8236,-103,3.25,-103.0,3.25
4,2026-06-16 16:00:45,0.11,0.32,2.16,155.59,0.00,25.82,23.97,922.8082,-102,4.50,-102.0,4.5
4,2026-06-16 16:30:45,3.20,46.91,301.12,327.67,0.00,17.87,39.00,922.9481,-104,4.25,-104.0,4.25
3,2026-06-16 16:40:45,0.12,0.27,1.10,53.36,0.00,17.16,46.06,922.7231,-109,-2.25,-102.0,3.75
4,2026-06-16 16:40:45,0.39,3.80,20.62,327.67,0.00,18.90,36.45,923.0344,-102,3.75,-102.0,3.75
3,2026-06-16 16:50:45,0.09,0.24,0.63,8.69,0.00,17.12,44.98,922.6901,-109,-2.75,-103.0,3.0
4,2026-06-16 16:50:45,0.22,1.98,10.79,155.94,0.00,18.63,38.38,923.0441,-103,3.00,-103.0,3.0
4,2026-06-16 17:00:45,0.08,0.19,1.10,31.46,0.00,19.40,36.02,923.1407,-104,3.00,-104.0,3.0
4,2026-06-16 17:10:45,0.08,0.25,0.83,14.19,0.00,18.37,39.67,923.1932,-103,3.25,-103.0,3.25
4,2026-06-16 17:40:45,0.11,0.39,1.87,24.44,0.00,17.27,42.67,923.3358,-103,3.75,-103.0,3.75
3,2026-06-16 17:50:45,0.12,0.31,1.04,24.90,0.00,17.59,46.96,923.0704,-108,-2.00,-100.0,4.0
4,2026-06-16 17:50:45,0.16,1.11,5.39,327.67,0.00,16.79,43.78,923.4248,-100,4.00,-100.0,4.0
3,2026-06-16 18:00:45,0.12,0.27,1.18,25.12,0.00,17.70,43.97,923.1088,-108,-1.50,-100.0,4.75
4,2026-06-16 18:00:45,0.12,0.36,1.28,31.69,0.00,17.34,41.89,923.4576,-100,4.75,-100.0,4.75
4,2026-06-16 18:10:45,0.13,0.81,4.54,112.30,0.00,17.45,40.75,923.5075,-102,4.75,-102.0,4.75
4,2026-06-16 18:20:45,0.35,4.05,26.83,327.67,0.00,17.91,38.93,923.5557,-102,5.00,-102.0,5.0
3,2026-06-16 18:30:45,0.11,0.23,0.62,13.91,0.00,18.17,41.66,923.3560,-107,-0.25,-101.0,3.0
4,2026-06-16 18:30:45,0.11,0.51,2.48,32.64,0.00,17.89,39.11,923.8136,-101,3.00,-101.0,3.0
3,2026-06-16 18:50:45,0.10,0.25,0.78,15.56,0.00,16.88,44.76,923.7173,-106,0.50,-102.0,3.0
4,2026-06-16 18:50:45,0.12,0.67,5.30,247.36,0.00,17.73,40.77,924.3039,-102,3.00,-102.0,3.0
3,2026-06-16 19:00:45,0.11,0.26,0.59,11.87,0.00,16.88,45.52,923.9098,-108,-0.75,-102.0,3.0
4,2026-06-16 19:00:45,0.08,0.17,0.57,28.13,0.00,17.46,40.77,924.4347,-102,3.00,-102.0,3.0
4,2026-06-16 19:20:45,0.81,10.17,58.61,327.67,0.00,18.56,41.68,924.5002,-102,4.75,-102.0,4.75
3,2026-06-16 19:40:45,0.11,0.26,0.93,27.19,0.00,17.63,44.65,924.2999,-108,-2.00,-99.0,5.25
4,2026-06-16 19:40:45,0.79,10.52,61.24,327.67,0.00,17.73,42.30,924.6272,-99,5.25,-99.0,5.25
4,2026-06-16 20:00:45,0.10,0.35,1.28,18.62,0.00,19.25,37.58,924.8197,-101,5.00,-101.0,5.0
3,2026-06-16 20:10:45,0.10,0.23,0.84,20.31,0.00,17.81,44.74,924.5491,-108,-2.25,-103.0,4.0
4,2026-06-16 20:10:45,0.19,1.49,7.50,221.19,0.00,19.54,36.76,924.8773,-103,4.00,-103.0,4.0
3,2026-06-16 20:30:45,0.13,0.33,1.09,22.34,0.00,16.42,50.06,924.6243,-109,-2.25,-101.0,5.0
4,2026-06-16 20:30:45,2.60,35.72,191.46,327.67,0.00,21.27,37.47,925.0263,-101,5.00,-101.0,5.0
3,2026-06-16 20:40:45,0.12,0.27,1.49,24.73,0.00,17.59,47.93,924.7264,-109,-2.00,-100.0,4.0
4,2026-06-16 20:40:45,2.88,38.32,219.60,327.67,0.00,20.30,38.95,925.0191,-100,4.00,-100.0,4.0
4,2026-06-16 20:50:45,0.37,4.00,23.71,327.67,0.00,17.88,44.25,925.0227,-104,4.50,-104.0,4.5
4,2026-06-16 21:10:45,4.54,65.40,327.67,327.67,0.00,16.42,48.25,924.8719,-102,6.00,-102.0,6.0
3,2026-06-16 21:20:45,0.11,0.36,1.89,40.71,0.00,16.24,50.99,924.6693,-109,-2.25,-101.0,3.5
4,2026-06-16 21:20:45,4.93,71.66,327.67,327.67,0.00,15.64,49.91,924.8941,-101,3.50,-101.0,3.5
4,2026-06-16 21:30:45,5.27,78.47,327.67,327.67,0.00,15.36,50.45,924.9707,-103,4.25,-103.0,4.25
4,2026-06-16 21:50:45,4.06,62.32,327.67,327.67,0.05,14.95,50.53,925.1081,-99,6.00,-99.0,6.0
4,2026-06-16 22:00:45,4.19,68.04,327.67,327.67,0.00,15.15,49.72,925.2105,-100,6.00,-100.0,6.0
3,2026-06-16 22:20:45,0.11,0.36,1.65,37.75,0.00,15.01,52.37,925.0359,-110,-3.00,-99.0,5.25
4,2026-06-16 22:20:45,3.01,49.14,314.89,327.67,0.00,14.45,51.84,925.4272,-99,5.25,-99.0,5.25
3,2026-06-16 22:30:45,0.10,0.31,1.66,20.68,0.00,14.74,53.36,925.1706,-108,-0.75,-101.0,4.5
4,2026-06-16 22:30:45,2.17,34.25,217.53,327.67,0.00,14.45,51.74,925.6021,-101,4.50,-101.0,4.5
3,2026-06-16 22:50:45,0.10,0.38,1.23,11.74,0.00,13.99,55.39,925.4741,-109,-3.25,-100.0,5.0
4,2026-06-16 22:50:45,1.13,16.24,91.83,327.67,0.00,14.46,51.83,925.8469,-100,5.00,-100.0,5.0
4,2026-06-16 23:10:44,0.11,0.43,1.74,29.06,0.00,15.16,50.38,926.1809,-101,6.25,-101.0,6.25
4,2026-06-16 23:20:45,0.85,12.50,71.71,327.67,0.00,14.88,50.57,926.2152,-100,5.75,-100.0,5.75
3,2026-06-16 23:30:45,0.08,0.28,1.80,21.08,0.00,13.51,56.82,926.0602,-109,-3.00,-101.0,4.0
4,2026-06-16 23:30:45,0.54,6.79,36.81,280.90,8.38,14.33,51.88,926.3242,-101,4.00,-101.0,4.0
4,2026-06-16 23:40:44,0.65,8.66,52.93,327.67,0.00,14.01,52.69,926.4022,-101,5.25,-101.0,5.25
4,2026-06-17 00:00:44,0.23,2.40,20.08,327.67,0.00,13.86,52.87,926.6090,-100,6.00,-100.0,6.0
4,2026-06-17 00:10:44,0.09,0.28,0.73,9.29,3.42,14.10,51.97,926.7106,-101,5.50,-101.0,5.5
4,2026-06-17 00:30:44,0.11,0.57,2.53,45.75,3.94,13.59,53.04,926.9360,-100,6.25,-100.0,6.25
4,2026-06-17 00:40:44,0.08,0.21,0.83,20.55,15.11,13.42,53.33,927.0107,-100,6.25,-100.0,6.25
4,2026-06-17 00:50:44,0.14,1.00,5.30,238.17,2.25,13.12,54.26,927.1468,-101,6.25,-101.0,6.25
3,2026-06-17 01:00:45,0.07,0.19,1.16,24.82,0.00,12.59,57.27,926.9836,-109,-3.00,-101.0,3.75
4,2026-06-17 01:00:45,0.08,0.21,1.18,22.77,1.32,13.00,54.49,927.3593,-101,3.75,-101.0,3.75
4,2026-06-17 01:10:44,0.09,0.45,2.81,106.26,5.92,13.01,53.84,927.4853,-100,6.00,-100.0,6.0
4,2026-06-17 01:20:44,0.10,0.67,3.63,92.12,3.91,12.79,54.06,927.4758,-100,6.25,-100.0,6.25
4,2026-06-17 01:30:44,0.45,6.03,36.74,257.95,0.01,12.52,54.96,927.5506,-100,6.00,-100.0,6.0
3,2026-06-17 01:40:45,0.07,0.19,0.80,20.25,0.00,12.31,57.49,927.4032,-108,-2.50,-100.0,5.0
4,2026-06-17 01:40:45,0.21,2.35,13.19,327.67,0.00,12.16,55.94,927.6859,-100,5.00,-100.0,5.0
4,2026-06-17 02:00:44,0.20,2.08,10.55,260.16,0.00,12.31,55.25,927.9536,-101,5.25,-101.0,5.25
3,2026-06-17 02:10:45,0.07,0.15,0.29,7.46,0.00,12.59,55.91,927.7354,-108,-2.50,-99.0,5.25
4,2026-06-17 02:10:45,0.11,0.47,3.72,40.69,0.19,12.49,55.81,928.1019,-99,5.25,-99.0,5.25
3,2026-06-17 02:20:45,0.09,0.27,2.77,30.10,0.00,11.91,59.70,927.8864,-109,-4.00,-100.0,5.5
4,2026-06-17 02:20:45,0.14,0.59,3.49,49.12,26.16,10.78,62.69,928.2001,-100,5.50,-100.0,5.5
3,2026-06-17 02:40:45,0.08,0.21,2.47,29.84,0.00,10.71,65.54,928.2305,-108,-2.50,-101.0,5.0
4,2026-06-17 02:40:45,0.11,0.34,1.76,31.56,34.12,10.35,65.19,928.5577,-101,5.00,-101.0,5.0
4,2026-06-17 02:50:44,0.09,0.27,1.70,38.58,51.91,9.71,67.61,928.7110,-100,6.00,-100.0,6.0
4,2026-06-17 03:50:44,0.11,0.34,1.31,14.66,81.14,10.48,66.04,929.0436,-101,5.50,-101.0,5.5
4,2026-06-17 04:00:44,0.08,0.23,0.79,11.44,56.62,10.33,66.73,929.0533,-100,5.75,-100.0,5.75
4,2026-06-17 04:10:44,0.12,0.35,2.22,25.33,47.32,10.06,67.93,929.1466,-102,4.50,-102.0,4.5
3,2026-06-17 04:30:45,0.13,0.38,2.06,41.60,0.00,8.79,76.28,929.1600,-110,-3.25,-99.0,4.5
4,2026-06-17 04:30:45,0.13,0.31,1.13,26.05,50.91,9.71,69.84,929.1791,-99,4.50,-99.0,4.5
3,2026-06-17 04:40:45,0.13,0.36,1.02,21.64,0.00,8.92,75.69,929.1578,-110,-5.00,-100.0,4.75
4,2026-06-17 04:40:45,0.12,0.29,0.76,9.75,17.84,9.80,69.36,929.2023,-100,4.75,-100.0,4.75
4,2026-06-17 04:50:44,0.13,0.34,1.13,15.98,17.21,9.83,69.27,929.2897,-100,5.25,-100.0,5.25
3,2026-06-17 05:00:45,0.13,0.37,1.26,32.28,0.00,9.13,74.75,929.2627,-110,-3.50,-101.0,3.75
4,2026-06-17 05:00:45,0.13,0.29,0.92,23.24,16.31,9.99,68.57,929.3373,-101,3.75,-101.0,3.75
3,2026-06-17 05:10:45,0.12,0.29,1.22,19.50,0.00,9.32,73.54,929.2848,-109,-2.25,-100.0,5.25
4,2026-06-17 05:10:45,0.10,0.23,0.65,14.46,17.03,10.06,67.92,929.4702,-100,5.25,-100.0,5.25
4,2026-06-17 05:20:44,0.10,0.22,0.63,14.49,12.08,10.08,67.29,929.5800,-100,6.00,-100.0,6.0
3,2026-06-17 05:30:45,0.11,0.26,0.93,13.45,0.00,9.42,72.31,929.4375,-109,-2.00,-99.0,4.75
4,2026-06-17 05:30:45,0.10,0.22,1.26,30.28,4.32,10.18,66.64,929.6646,-99,4.75,-99.0,4.75
4,2026-06-17 05:40:44,0.10,0.25,1.65,27.66,2.22,10.20,66.27,929.6365,-100,5.75,-100.0,5.75
4,2026-06-17 05:50:44,0.10,0.26,1.15,19.66,0.14,9.47,68.60,929.6402,-101,5.00,-101.0,5.0
4,2026-06-17 06:10:44,0.09,0.23,1.26,39.14,3.61,9.48,69.36,929.6959,-100,5.25,-100.0,5.25
3,2026-06-17 06:40:45,0.12,0.30,2.15,29.41,0.00,8.66,76.16,929.8512,-109,-1.75,-101.0,4.0
4,2026-06-17 06:40:45,0.10,0.22,1.31,23.44,0.00,9.44,70.92,929.9164,-101,4.00,-101.0,4.0
4,2026-06-17 06:50:44,0.09,0.19,0.92,21.24,0.00,9.10,71.99,930.0243,-100,6.00,-100.0,6.0
3,2026-06-17 07:40:45,0.10,0.22,0.82,15.38,0.00,9.00,76.19,930.2218,-109,-0.75,-100.0,4.75
4,2026-06-17 07:40:45,0.10,0.25,0.84,16.05,0.00,10.21,68.24,930.5679,-100,4.75,-100.0,4.75
3,2026-06-17 08:00:45,0.09,0.20,1.08,22.72,0.00,9.41,74.35,930.3516,-108,-2.75,-100.0,3.75
4,2026-06-17 08:00:45,0.08,0.18,0.79,20.22,0.00,10.28,67.71,930.4988,-100,3.75,-100.0,3.75
3,2026-06-17 09:00:45,0.08,0.17,0.58,12.56,0.00,9.23,76.27,930.5135,-109,-2.75,-100.0,4.75
4,2026-06-17 09:00:45,0.09,0.19,0.45,5.39,1.30,10.54,67.94,930.8213,-100,4.75,-100.0,4.75
3,2026-06-17 09:30:45,0.09,0.17,0.67,13.03,0.00,9.93,75.44,930.5535,-109,-3.00,-101.0,4.5
4,2026-06-17 09:30:45,0.08,0.15,0.37,8.30,0.64,11.93,64.29,930.7566,-101,4.50,-101.0,4.5
4,2026-06-17 10:10:44,0.08,0.19,0.50,17.18,0.00,13.12,60.60,930.9348,-100,5.50,-100.0,5.5
3,2026-06-17 10:30:45,0.09,0.17,0.32,8.67,0.00,11.84,69.84,930.6963,-108,-1.50,-99.0,4.75
4,2026-06-17 10:30:45,0.07,0.13,0.50,9.70,0.00,13.38,60.96,930.9428,-99,4.75,-99.0,4.75
3,2026-06-17 10:50:45,0.08,0.17,0.64,14.42,0.00,12.15,68.04,930.6682,-109,-3.00,-101.0,4.75
4,2026-06-17 10:50:45,0.06,0.14,0.48,18.57,2.30,13.47,59.77,930.9747,-101,4.75,-101.0,4.75
3,2026-06-17 11:20:45,0.07,0.12,0.29,7.01,0.00,12.28,67.43,930.8779,-109,-3.25,-100.0,5.0
4,2026-06-17 11:20:45,0.07,0.15,0.39,10.18,5.51,13.79,59.19,931.1577,-100,5.00,-100.0,5.0
4,2026-06-17 12:10:44,0.06,0.14,0.49,14.63,0.25,14.19,58.11,931.2930,-100,5.75,-100.0,5.75
4,2026-06-17 12:30:44,0.12,1.08,8.67,112.73,0.24,14.08,57.93,931.3249,-102,4.25,-102.0,4.25
4,2026-06-17 12:50:44,0.57,9.46,83.41,318.56,3.42,15.21,55.70,931.3076,-100,5.50,-100.0,5.5
4,2026-06-17 13:00:44,0.66,11.93,106.26,327.67,5.06,15.57,55.11,931.3244,-101,4.50,-101.0,4.5
4,2026-06-17 13:20:44,0.88,16.93,140.19,327.67,16.65,15.91,53.73,931.3415,-101,5.75,-101.0,5.75
4,2026-06-17 13:30:44,0.52,9.42,68.79,327.67,3.69,15.81,53.44,931.3882,-100,5.00,-100.0,5.0
4,2026-06-17 13:40:44,1.01,18.31,140.25,327.67,0.42,15.42,54.49,931.4008,-103,5.00,-103.0,5.0
4,2026-06-17 13:50:44,2.46,45.84,327.67,327.67,0.22,15.41,54.99,931.3840,-101,6.00,-101.0,6.0
4,2026-06-17 14:10:44,2.66,51.00,327.67,327.67,0.00,15.19,55.53,931.5016,-100,5.75,-100.0,5.75
4,2026-06-17 14:30:44,3.92,73.03,327.67,327.67,0.00,14.77,57.45,931.6196,-100,5.25,-100.0,5.25
4,2026-06-17 15:00:44,0.46,8.05,57.81,327.67,0.00,12.92,59.86,932.1516,-100,5.50,-100.0,5.5
3,2026-06-17 15:20:44,0.05,0.13,1.43,22.70,0.00,12.74,63.88,931.9851,-108,-2.50,-102.0,4.0
4,2026-06-17 15:20:44,0.16,0.89,18.12,327.67,0.00,11.97,65.18,932.2655,-102,4.00,-102.0,4.0
4,2026-06-17 15:50:44,0.11,0.52,5.49,47.79,0.00,10.54,71.62,932.1468,-101,6.25,-101.0,6.25
3,2026-06-17 16:00:44,0.12,0.48,5.22,30.13,0.00,11.34,71.43,932.1517,-109,-2.50,-99.0,5.0
4,2026-06-17 16:00:44,0.11,0.55,6.93,64.47,0.00,10.15,73.52,932.0350,-99,5.00,-99.0,5.0
4,2026-06-17 16:10:44,0.10,0.43,2.82,30.99,0.00,10.89,71.70,932.0031,-102,4.50,-102.0,4.5
4,2026-06-17 16:20:44,0.09,0.35,1.50,25.21,0.00,11.30,70.12,932.0252,-99,6.00,-99.0,6.0
3,2026-06-17 16:30:44,0.10,0.35,2.06,20.87,0.00,10.94,75.21,931.9103,-109,-1.00,-101.0,2.5
4,2026-06-17 16:30:44,0.07,0.22,0.86,16.93,0.00,11.42,70.00,931.8228,-101,2.50,-101.0,2.5
3,2026-06-17 16:40:44,0.08,0.28,1.23,22.05,0.00,11.26,75.09,931.8124,-109,-1.25,-99.0,4.75
4,2026-06-17 16:40:44,0.08,0.25,0.67,7.06,0.00,11.07,72.43,931.8401,-99,4.75,-99.0,4.75
4,2026-06-17 16:50:44,0.07,0.21,0.66,10.00,0.00,10.94,73.05,932.0710,-100,6.00,-100.0,6.0
4,2026-06-17 17:00:44,0.06,0.14,0.84,24.56,0.00,12.13,67.57,932.3439,-100,6.25,-100.0,6.25
3,2026-06-17 17:20:44,0.07,0.17,0.88,18.12,0.00,12.14,71.01,932.3376,-109,-2.75,-102.0,4.5
4,2026-06-17 17:20:44,0.06,0.13,0.96,25.22,0.00,11.43,69.36,932.6607,-102,4.50,-102.0,4.5
3,2026-06-17 18:10:44,0.06,0.12,0.51,19.55,0.00,12.68,68.78,932.3452,-109,-2.75,-100.0,4.5
4,2026-06-17 18:10:44,0.04,0.10,0.23,4.46,0.00,11.96,68.10,932.5600,-100,4.50,-100.0,4.5
3,2026-06-17 18:20:44,0.06,0.10,0.49,13.88,0.00,12.53,69.74,932.3308,-109,-3.50,-101.0,4.75
4,2026-06-17 18:20:44,0.05,0.10,0.40,21.84,0.00,12.60,67.49,932.4519,-101,4.75,-101.0,4.75
3,2026-06-17 19:10:44,0.05,0.13,0.70,12.70,0.00,11.43,74.35,932.1317,-110,-4.00,-101.0,4.75
4,2026-06-17 19:10:44,0.06,0.15,0.65,14.24,0.00,12.30,68.95,932.2146,-101,4.75,-101.0,4.75
3,2026-06-17 20:20:44,0.07,0.21,1.48,26.18,0.00,10.78,73.73,932.1894,-109,-1.75,-101.0,4.25
4,2026-06-17 20:20:44,0.09,0.25,2.54,47.42,0.04,11.42,68.83,932.4487,-101,4.25,-101.0,4.25
3,2026-06-17 20:50:44,0.07,0.21,2.76,32.64,0.00,11.25,71.31,932.2773,-109,-4.00,-100.0,4.5
4,2026-06-17 20:50:44,0.08,0.23,1.46,27.88,0.00,10.46,71.72,932.5199,-100,4.50,-100.0,4.5
3,2026-06-17 22:10:44,0.08,0.24,1.82,45.68,0.00,9.84,75.86,932.7222,-109,-2.75,-100.0,4.5
4,2026-06-17 22:10:44,0.09,0.22,1.75,33.51,0.00,10.48,69.92,932.8715,-100,4.50,-100.0,4.5
3,2026-06-17 22:20:44,0.07,0.17,0.81,17.72,0.00,9.97,74.85,932.7976,-110,-2.75,-99.0,4.25
4,2026-06-17 22:20:44,0.07,0.18,0.53,12.21,0.00,10.44,70.14,932.9695,-99,4.25,-99.0,4.25
3,2026-06-18 00:00:44,0.07,0.26,1.70,27.41,0.00,8.94,75.87,933.1760,-110,-5.25,-100.0,5.25
4,2026-06-18 00:00:44,0.09,0.22,0.97,24.45,0.00,8.76,72.86,933.2595,-100,5.25,-100.0,5.25
3,2026-06-18 00:30:44,0.10,0.37,4.59,97.73,0.00,8.84,75.64,933.2655,-109,-2.50,-101.0,4.5
4,2026-06-18 00:30:44,0.10,0.37,4.63,47.23,0.00,8.86,72.63,933.4032,-101,4.50,-101.0,4.5
3,2026-06-18 01:50:44,0.14,0.63,8.30,69.43,0.00,8.15,77.87,933.5877,-110,-2.50,-100.0,5.0
4,2026-06-18 01:50:44,0.14,0.54,4.96,60.47,0.00,8.21,74.85,933.7218,-100,5.00,-100.0,5.0
3,2026-06-18 02:10:44,0.11,0.35,1.00,19.42,0.00,7.56,80.07,933.6123,-111,-5.75,-100.0,4.0
4,2026-06-18 02:10:44,0.11,0.33,1.35,25.45,0.00,8.46,73.51,933.7999,-100,4.00,-100.0,4.0
3,2026-06-18 02:20:44,0.12,0.38,1.31,27.75,0.00,7.42,80.70,933.6728,-111,-4.25,-100.0,4.75
4,2026-06-18 02:20:44,0.10,0.24,0.42,5.24,0.00,8.32,73.88,933.8943,-100,4.75,-100.0,4.75
4,2026-06-18 02:30:44,0.12,0.38,2.39,44.90,0.00,8.18,74.54,934.0184,-101,5.75,-101.0,5.75
3,2026-06-18 02:40:44,0.13,0.50,4.73,107.95,0.00,7.77,79.22,933.8480,-108,1.25,-100.0,4.5
4,2026-06-18 02:40:44,0.14,0.57,4.67,57.68,0.07,8.17,74.53,934.0394,-100,4.50,-100.0,4.5
3,2026-06-18 03:30:44,0.10,0.32,1.13,23.60,0.00,7.97,77.84,933.9574,-110,-2.50,-100.0,3.75
4,2026-06-18 03:30:44,0.09,0.22,1.05,26.89,0.00,8.29,73.68,934.1640,-100,3.75,-100.0,3.75
3,2026-06-18 03:50:44,0.09,0.25,1.09,15.34,0.00,7.83,78.36,933.9517,-110,-1.75,-101.0,5.25
4,2026-06-18 03:50:44,0.09,0.22,1.07,25.24,0.00,8.26,73.41,934.1507,-101,5.25,-101.0,5.25
3,2026-06-18 04:30:44,0.07,0.20,1.00,27.10,0.00,7.39,79.88,933.9317,-109,-0.25,-100.0,4.75
4,2026-06-18 04:30:44,0.07,0.13,0.67,24.03,0.00,8.11,73.58,934.0956,-100,4.75,-100.0,4.75
3,2026-06-18 04:40:44,0.08,0.19,0.79,14.04,0.00,7.55,79.10,933.8991,-110,-2.25,-101.0,3.75
4,2026-06-18 04:40:44,0.08,0.17,0.35,11.72,0.00,8.17,73.26,934.0756,-101,3.75,-101.0,3.75
3,2026-06-18 04:50:44,0.07,0.17,1.52,33.42,0.00,7.47,79.26,933.9221,-110,-1.75,-100.0,4.75
4,2026-06-18 04:50:44,0.07,0.13,0.53,14.41,0.00,8.18,73.40,934.0601,-100,4.75,-100.0,4.75
3,2026-06-18 05:00:44,0.08,0.21,1.02,19.44,0.00,7.06,81.00,933.9299,-110,-2.50,-101.0,4.5
4,2026-06-18 05:00:44,0.08,0.21,0.90,29.74,0.00,8.16,73.62,934.1247,-101,4.50,-101.0,4.5
3,2026-06-18 05:10:44,0.08,0.19,0.87,27.62,0.00,6.86,81.98,933.9722,-110,-2.50,-100.0,4.0
4,2026-06-18 05:10:44,0.10,0.20,0.69,22.65,0.00,7.89,74.63,934.2069,-100,4.00,-100.0,4.0
3,2026-06-18 05:20:44,0.07,0.18,0.80,20.46,0.00,7.37,80.18,934.0390,-109,-0.50,-100.0,4.5
4,2026-06-18 05:20:44,0.10,0.20,0.95,26.93,0.00,7.78,74.92,934.3274,-100,4.50,-100.0,4.5
3,2026-06-18 05:30:44,0.07,0.19,1.59,30.28,0.00,7.65,78.67,934.1279,-110,-1.75,-100.0,4.0
4,2026-06-18 05:30:44,0.10,0.20,0.50,16.94,0.00,7.12,77.67,934.4858,-100,4.00,-100.0,4.0
3,2026-06-18 05:50:44,0.12,0.47,5.30,46.94,0.00,7.07,80.58,934.1565,-110,-1.50,-100.0,5.5
4,2026-06-18 05:50:44,0.11,0.27,1.35,45.54,0.00,7.82,74.69,934.4350,-100,5.50,-100.0,5.5
3,2026-06-18 06:10:44,0.10,0.34,2.92,29.29,0.00,7.25,79.80,934.1785,-111,-3.25,-101.0,4.5
4,2026-06-18 06:10:44,0.12,0.31,2.96,31.17,0.00,8.08,73.49,934.3901,-101,4.50,-101.0,4.5
3,2026-06-18 06:30:44,0.09,0.30,2.52,44.12,0.00,7.27,79.45,934.1712,-110,-1.00,-101.0,5.25
4,2026-06-18 06:30:44,0.09,0.31,2.03,48.51,0.00,8.05,73.27,934.3152,-101,5.25,-101.0,5.25
3,2026-06-18 06:40:44,0.09,0.29,1.68,29.18,0.00,7.04,80.41,934.1545,-109,-0.25,-100.0,4.25
4,2026-06-18 06:40:44,0.10,0.30,1.13,17.86,0.00,8.12,72.86,934.3322,-100,4.25,-100.0,4.25
3,2026-06-18 07:10:44,0.08,0.19,0.47,9.09,0.00,6.87,81.70,934.2957,-111,-3.25,-100.0,5.5
4,2026-06-18 07:10:44,0.10,0.26,1.13,27.66,0.00,7.62,75.11,934.5491,-100,5.50,-100.0,5.5
3,2026-06-18 07:40:44,0.07,0.19,0.91,23.95,0.00,7.33,79.41,934.4995,-110,-2.50,-100.0,5.0
4,2026-06-18 07:40:44,0.09,0.21,6.73,327.67,0.00,7.79,74.12,934.8165,-100,5.00,-100.0,5.0
3,2026-06-18 07:50:44,0.07,0.17,0.96,23.81,0.00,7.49,78.91,934.6011,-111,-2.00,-100.0,5.0
4,2026-06-18 07:50:44,0.09,0.21,1.02,32.44,0.00,7.84,74.11,934.8807,-100,5.00,-100.0,5.0
3,2026-06-18 08:20:44,0.06,0.14,0.80,19.13,0.00,6.85,81.17,934.6232,-111,-4.00,-100.0,4.75
4,2026-06-18 08:20:44,0.09,0.18,0.70,23.37,0.00,8.05,73.16,934.8053,-100,4.75,-100.0,4.75
3,2026-06-18 08:40:44,0.07,0.19,0.82,43.35,0.00,6.86,81.42,934.7442,-110,-2.50,-100.0,4.0
4,2026-06-18 08:40:44,0.07,0.14,0.98,33.01,0.00,7.96,73.62,934.9060,-100,4.00,-100.0,4.0
3,2026-06-18 08:50:44,0.07,0.22,1.55,24.30,0.00,6.88,81.79,934.7970,-110,-1.50,-101.0,4.75
4,2026-06-18 08:50:44,0.08,0.21,0.60,15.34,0.00,7.90,74.12,934.9714,-101,4.75,-101.0,4.75
3,2026-06-18 09:40:44,0.07,0.23,0.87,21.24,0.00,7.05,81.36,935.0354,-110,-2.75,-100.0,4.75
4,2026-06-18 09:40:44,0.09,0.22,1.01,27.80,0.00,8.15,73.56,935.2529,-100,4.75,-100.0,4.75
3,2026-06-18 11:30:44,0.06,0.16,0.59,22.86,0.00,8.42,78.57,935.4157,-110,-1.75,-100.0,5.25
4,2026-06-18 11:30:44,0.07,0.13,0.21,5.58,0.00,8.61,73.26,935.6692,-100,5.25,-100.0,5.25
3,2026-06-18 12:50:44,0.17,0.77,5.74,82.45,0.00,7.99,80.33,936.1331,-112,-3.50,-100.0,4.75
4,2026-06-18 12:50:44,0.18,0.66,8.08,56.58,0.00,8.24,75.74,936.2451,-100,4.75,-100.0,4.75
3,2026-06-18 13:10:44,0.23,1.21,11.12,81.59,0.00,8.04,80.27,936.1840,-111,-1.50,-101.0,4.5
4,2026-06-18 13:10:44,0.25,1.15,13.33,205.70,0.00,8.28,76.07,936.3235,-101,4.50,-101.0,4.5
3,2026-06-18 13:30:44,0.25,1.25,7.86,88.77,0.00,8.15,80.77,936.3030,-111,-3.00,-100.0,4.25
4,2026-06-18 13:30:44,0.27,1.14,9.97,99.93,0.00,8.81,74.97,936.3949,-100,4.25,-100.0,4.25
3,2026-06-18 13:40:44,0.42,2.06,12.14,71.16,0.00,8.63,79.26,936.2066,-111,-2.50,-100.0,5.0
4,2026-06-18 13:40:44,0.32,1.20,5.03,63.54,0.00,8.65,76.08,936.2794,-100,5.00,-100.0,5.0
3,2026-06-18 13:50:44,0.23,1.02,3.80,40.61,0.00,9.07,78.26,936.0878,-110,-1.50,-99.0,3.75
4,2026-06-18 13:50:44,0.25,0.80,1.54,14.18,0.00,9.02,75.80,936.2609,-99,3.75,-99.0,3.75
4,2026-06-18 14:10:44,0.20,0.65,1.33,20.93,0.00,9.98,74.81,936.1778,-98,6.00,-98.0,6.0
3,2026-06-18 14:20:44,0.16,0.60,1.46,20.81,0.00,10.35,75.78,935.9818,-110,-3.25,-99.0,5.5
4,2026-06-18 14:20:44,0.21,0.82,1.69,29.77,0.00,10.85,73.12,936.1312,-99,5.50,-99.0,5.5
3,2026-06-18 14:30:44,0.11,0.40,0.96,24.09,0.00,10.59,75.43,935.9133,-110,-3.75,-99.0,5.0
4,2026-06-18 14:30:44,0.25,0.85,2.17,37.23,0.00,10.86,73.39,936.1640,-99,5.00,-99.0,5.0
3,2026-06-18 14:40:44,0.12,0.37,1.14,19.97,0.00,11.23,74.60,935.9093,-110,-2.75,-99.0,4.5
4,2026-06-18 14:40:44,0.24,0.86,3.46,49.86,0.00,11.24,73.33,936.0990,-99,4.50,-99.0,4.5
3,2026-06-18 14:50:44,0.12,0.34,5.69,327.67,0.00,11.56,73.82,935.9257,-110,-2.25,-99.0,5.75
4,2026-06-18 14:50:44,0.16,0.57,2.00,35.45,0.00,10.84,73.35,936.2050,-99,5.75,-99.0,5.75
3,2026-06-18 15:00:44,0.09,0.26,0.48,5.34,0.00,11.32,73.88,935.9134,-110,-2.75,-99.0,5.0
4,2026-06-18 15:00:44,0.13,0.35,1.08,18.54,0.00,10.87,74.00,936.1650,-99,5.00,-99.0,5.0
3,2026-06-18 15:10:44,0.10,0.28,0.68,8.88,0.00,11.50,74.32,935.8704,-110,-1.75,-99.0,5.0
4,2026-06-18 15:10:44,0.12,0.32,0.83,29.12,0.00,10.75,74.27,936.1257,-99,5.00,-99.0,5.0
3,2026-06-18 15:20:44,0.10,0.27,0.65,13.49,0.00,11.97,73.62,935.8713,-110,-1.75,-99.0,5.5
4,2026-06-18 15:20:44,0.12,0.34,1.11,19.55,0.00,10.69,75.27,936.1319,-99,5.50,-99.0,5.5
3,2026-06-18 15:30:44,0.11,0.28,0.99,20.82,0.00,12.20,73.64,935.8985,-110,-2.50,-100.0,5.25
4,2026-06-18 15:30:44,0.12,0.37,1.05,28.95,0.00,11.32,74.20,936.1263,-100,5.25,-100.0,5.25
3,2026-06-18 15:40:44,0.12,0.36,0.75,10.05,0.00,12.18,73.44,935.8154,-110,-3.00,-99.0,5.75
4,2026-06-18 15:40:44,0.13,0.34,1.46,28.81,0.00,11.27,74.79,936.0713,-99,5.75,-99.0,5.75
3,2026-06-18 15:50:44,0.11,0.25,1.16,23.45,0.00,12.54,72.88,935.7130,-110,-1.75,-99.0,5.5
4,2026-06-18 15:50:44,0.13,0.35,1.45,25.81,0.00,11.86,73.54,935.9907,-99,5.50,-99.0,5.5
3,2026-06-18 16:00:44,0.11,0.31,1.30,31.81,0.00,12.97,71.57,935.6202,-109,-1.75,-100.0,3.0
4,2026-06-18 16:00:44,0.16,0.52,1.64,30.91,0.00,12.37,72.29,935.9750,-100,3.00,-100.0,3.0
3,2026-06-18 16:10:44,0.10,0.30,0.85,16.01,0.00,14.08,68.75,935.6094,-109,-2.00,-100.0,5.0
4,2026-06-18 16:10:44,0.14,0.51,2.47,32.92,0.00,12.72,69.99,935.9696,-100,5.00,-100.0,5.0
3,2026-06-18 16:20:44,0.11,0.30,0.91,22.11,0.00,14.77,67.75,935.5630,-109,-1.00,-98.0,5.0
4,2026-06-18 16:20:44,0.13,0.46,1.20,20.70,0.00,13.58,67.92,935.8754,-98,5.00,-98.0,5.0
3,2026-06-18 16:30:44,0.12,0.33,2.16,42.32,0.00,15.33,65.78,935.4755,-110,-1.50,-101.0,2.25
4,2026-06-18 16:30:44,0.13,0.45,1.34,29.04,0.00,14.53,66.40,935.8207,-101,2.25,-101.0,2.25
3,2026-06-18 16:40:44,0.13,0.34,1.34,25.82,0.00,16.05,63.47,935.4617,-109,-2.00,-100.0,4.75
4,2026-06-18 16:40:44,0.11,0.39,1.95,31.34,0.00,15.56,62.01,935.7582,-100,4.75,-100.0,4.75
3,2026-06-18 16:50:44,0.12,0.37,1.44,21.89,0.00,16.68,61.56,935.4032,-109,-1.25,-101.0,3.25
4,2026-06-18 16:50:44,0.10,0.32,1.77,31.34,0.00,15.99,59.84,935.7225,-101,3.25,-101.0,3.25
3,2026-06-18 17:00:44,0.13,0.35,1.70,16.75,0.00,17.43,59.19,935.3817,-109,-0.75,-102.0,3.0
4,2026-06-18 17:00:44,0.09,0.35,1.52,21.45,0.00,16.29,59.26,935.7521,-102,3.00,-102.0,3.0
3,2026-06-18 17:20:44,0.14,0.37,1.43,15.98,0.00,17.57,59.06,935.3388,-109,-0.25,-102.0,3.25
4,2026-06-18 17:20:44,0.12,0.35,1.49,18.56,0.00,17.84,53.74,935.7172,-102,3.25,-102.0,3.25
3,2026-06-18 17:30:44,0.16,0.35,1.06,21.73,0.00,18.13,58.45,935.3718,-108,0.50,-102.0,2.25
4,2026-06-18 17:30:44,0.22,0.55,2.69,78.30,0.00,18.96,52.27,935.7950,-102,2.25,-102.0,2.25
3,2026-06-18 18:00:44,0.29,0.55,2.01,23.90,0.00,17.69,62.47,935.3394,-108,0.50,-103.0,1.75
4,2026-06-18 18:00:44,0.30,0.71,3.02,29.60,0.00,19.24,55.13,935.7315,-103,1.75,-103.0,1.75
3,2026-06-18 18:20:44,0.28,0.61,2.66,30.22,0.00,18.10,59.77,935.2500,-108,0.75,-105.0,1.5
4,2026-06-18 18:20:44,0.32,0.71,3.04,31.66,0.00,20.51,50.44,935.6425,-105,1.50,-105.0,1.5
3,2026-06-18 18:50:44,0.28,0.54,1.88,21.96,0.00,17.35,61.70,935.2304,-108,0.25,-104.0,1.75
4,2026-06-18 18:50:44,0.32,0.69,2.06,26.48,0.00,17.59,56.54,935.6896,-104,1.75,-104.0,1.75
3,2026-06-18 20:00:44,0.23,0.47,1.43,21.83,0.00,14.85,65.68,935.0334,-107,1.50,-104.0,0.25
4,2026-06-18 20:00:44,0.26,0.56,1.85,32.70,0.00,13.96,64.94,935.4922,-104,0.25,-104.0,0.25
3,2026-06-18 20:10:44,0.25,0.59,1.76,18.50,0.00,14.64,66.61,935.0209,-108,1.50,-104.0,1.75
4,2026-06-18 20:10:44,0.26,0.54,1.67,17.69,0.00,14.17,64.34,935.4917,-104,1.75,-104.0,1.75
3,2026-06-18 20:20:44,0.26,0.55,2.30,26.00,0.00,14.82,65.83,935.1000,-108,1.00,-104.0,1.5
4,2026-06-18 20:20:44,0.25,0.56,2.02,24.72,0.00,14.23,63.23,935.5368,-104,1.50,-104.0,1.5
3,2026-06-18 20:40:44,0.23,0.52,2.38,27.82,0.00,14.41,66.69,935.0834,-108,1.50,-102.0,4.5
4,2026-06-18 20:40:44,0.23,0.52,2.00,24.33,0.00,13.81,64.76,935.4853,-102,4.50,-102.0,4.5
3,2026-06-18 22:30:44,0.22,0.44,1.86,29.44,0.00,14.56,65.91,935.1027,-108,1.25,-103.0,2.75
4,2026-06-18 22:30:44,0.23,0.56,2.23,20.60,0.00,14.18,63.36,935.5146,-103,2.75,-103.0,2.75
3,2026-06-18 22:50:44,0.24,0.48,1.26,18.25,0.00,14.54,66.24,935.1279,-108,0.00,-103.0,1.25
4,2026-06-18 22:50:44,0.21,0.47,1.88,33.38,0.00,14.22,62.97,935.5466,-103,1.25,-103.0,1.25
3,2026-06-18 23:00:44,0.23,0.49,1.48,9.07,0.00,14.76,64.94,935.1703,-108,0.75,-103.0,3.5
4,2026-06-18 23:00:44,0.22,0.53,1.53,16.65,0.00,14.18,63.46,935.5873,-103,3.50,-103.0,3.5
3,2026-06-18 23:10:44,0.23,0.53,2.12,21.42,0.00,14.71,64.96,935.1592,-108,0.25,-103.0,2.25
4,2026-06-18 23:10:44,0.20,0.43,1.10,17.77,0.00,14.16,62.68,935.5588,-103,2.25,-103.0,2.25
3,2026-06-18 23:30:44,0.21,0.49,1.64,26.39,0.00,15.02,62.67,935.1796,-108,0.50,-102.0,2.25
4,2026-06-18 23:30:44,0.21,0.47,1.60,22.22,0.00,14.03,63.71,935.6355,-102,2.25,-102.0,2.25
3,2026-06-18 23:40:44,0.20,0.40,1.23,19.28,0.00,14.38,65.04,935.2320,-108,-0.25,-104.0,2.25
4,2026-06-18 23:40:44,0.18,0.41,1.29,16.21,0.00,13.77,64.01,935.5963,-104,2.25,-104.0,2.25
3,2026-06-19 00:20:44,0.17,0.36,1.25,17.26,0.00,13.95,65.60,935.4390,-108,1.50,-102.0,3.25
4,2026-06-19 00:20:44,0.19,0.43,1.58,27.08,0.00,13.29,64.81,935.7544,-102,3.25,-102.0,3.25
3,2026-06-19 00:30:44,0.16,0.35,0.77,8.55,0.00,14.07,64.85,935.5321,-108,0.75,-103.0,2.5
4,2026-06-19 00:30:44,0.18,0.42,1.78,24.97,0.00,13.20,65.53,935.9052,-103,2.50,-103.0,2.5
3,2026-06-19 01:10:44,0.25,0.50,1.85,22.03,0.00,13.91,66.59,935.7465,-109,-0.50,-101.0,4.0
4,2026-06-19 01:10:44,0.23,0.53,2.07,23.00,1.40,13.53,65.59,936.1746,-101,4.00,-101.0,4.0
3,2026-06-19 02:40:44,0.44,0.88,3.74,29.49,0.00,12.73,72.00,936.0429,-108,0.25,-103.0,3.5
4,2026-06-19 02:40:44,0.54,1.10,5.46,75.23,0.00,11.68,74.24,936.4594,-103,3.50,-103.0,3.5
3,2026-06-19 03:30:44,0.34,0.74,2.48,18.95,0.00,12.49,74.39,936.0301,-108,0.00,-102.0,3.25
4,2026-06-19 03:30:44,0.49,0.96,2.63,38.62,0.00,11.49,76.22,936.4599,-102,3.25,-102.0,3.25
3,2026-06-19 04:20:44,0.33,0.64,1.83,24.56,0.00,12.48,73.59,935.7918,-108,-0.50,-104.0,2.25
4,2026-06-19 04:20:44,0.43,0.80,2.64,27.18,0.44,12.00,73.40,936.2016,-104,2.25,-104.0,2.25
3,2026-06-19 04:50:44,0.37,0.66,1.89,18.59,0.00,12.29,74.80,935.7854,-108,-0.25,-103.0,2.75
4,2026-06-19 04:50:44,0.44,0.89,2.84,40.24,0.01,12.13,72.22,936.1609,-103,2.75,-103.0,2.75
3,2026-06-19 05:00:44,0.32,0.61,2.58,21.54,0.00,12.63,73.30,935.6996,-108,-0.25,-104.0,2.0
4,2026-06-19 05:00:44,0.43,0.80,2.39,30.28,0.36,12.00,72.51,936.1161,-104,2.00,-104.0,2.0
3,2026-06-19 06:00:44,0.27,0.54,1.95,28.05,0.00,13.15,70.30,935.8017,-108,0.25,-103.0,1.25
4,2026-06-19 06:00:44,0.42,0.72,1.98,25.05,2.95,11.79,72.90,936.2115,-103,1.25,-103.0,1.25
3,2026-06-19 06:20:44,0.27,0.53,1.46,17.73,0.00,13.06,70.22,935.8927,-107,0.75,-103.0,2.0
4,2026-06-19 06:20:44,0.32,0.59,1.43,18.84,3.19,11.94,72.21,936.2245,-103,2.00,-103.0,2.0
3,2026-06-19 07:20:44,0.32,0.60,2.68,29.69,0.00,13.21,70.28,935.8243,-108,-1.00,-103.0,2.75
4,2026-06-19 07:20:44,0.47,0.81,4.15,36.20,1.04,12.12,72.26,936.2736,-103,2.75,-103.0,2.75
3,2026-06-19 08:00:44,0.41,0.70,1.80,23.73,0.00,12.69,73.19,935.9654,-109,-1.75,-103.0,2.25
4,2026-06-19 08:00:44,0.64,1.17,4.55,41.65,0.03,11.72,75.01,936.3539,-103,2.25,-103.0,2.25
3,2026-06-19 08:10:44,0.39,0.69,1.73,14.57,0.00,13.01,72.49,935.9379,-109,-1.75,-103.0,3.25
4,2026-06-19 08:10:44,0.58,0.94,2.17,30.84,0.00,11.78,75.36,936.3567,-103,3.25,-103.0,3.25
3,2026-06-19 08:30:44,0.34,0.59,2.55,21.68,0.00,13.11,72.22,936.0282,-109,-1.50,-102.0,4.25
4,2026-06-19 08:30:44,0.51,0.93,2.22,28.35,0.00,12.36,73.00,936.4287,-102,4.25,-102.0,4.25
3,2026-06-19 08:40:44,0.36,0.65,1.89,25.66,0.00,13.25,71.92,936.0317,-109,-0.50,-102.0,4.5
4,2026-06-19 08:40:44,0.57,0.93,2.57,47.30,0.00,12.16,73.38,936.4374,-102,4.50,-102.0,4.5
3,2026-06-19 08:50:44,0.44,0.80,3.61,67.23,0.00,13.33,71.76,936.0551,-109,-0.50,-103.0,3.25
4,2026-06-19 08:50:44,0.58,1.00,2.93,33.61,0.29,11.94,74.40,936.4364,-103,3.25,-103.0,3.25
3,2026-06-19 10:50:44,0.34,0.61,2.49,22.80,0.00,16.21,63.69,935.7640,-108,0.50,-103.0,2.75
4,2026-06-19 10:50:44,0.40,0.72,1.89,28.09,0.00,15.26,64.87,936.1659,-103,2.75,-103.0,2.75
3,2026-06-19 11:40:44,0.30,0.58,1.86,28.39,0.00,17.40,60.08,935.5614,-108,0.25,-104.0,2.5
4,2026-06-19 11:40:44,0.38,0.68,2.08,32.80,0.00,16.40,61.08,935.9848,-104,2.50,-104.0,2.5
3,2026-06-19 12:00:44,0.32,0.58,1.92,18.11,0.00,17.02,60.29,935.4557,-108,-0.50,-104.0,1.5
4,2026-06-19 12:00:44,0.34,0.55,1.68,35.12,0.00,15.86,62.14,935.8772,-104,1.50,-104.0,1.5
3,2026-06-19 12:20:44,0.30,0.53,1.61,42.42,0.00,17.20,59.93,935.4048,-108,0.50,-103.0,2.25
4,2026-06-19 12:20:44,0.35,0.63,2.13,34.33,0.00,16.52,60.47,935.8424,-103,2.25,-103.0,2.25
3,2026-06-19 12:40:44,0.30,0.54,2.41,30.29,0.00,18.65,56.85,935.3133,-108,-0.50,-103.0,2.0
4,2026-06-19 12:40:44,0.32,0.58,1.49,11.66,0.00,17.83,56.95,935.7349,-103,2.00,-103.0,2.0
3,2026-06-19 13:00:44,0.33,0.57,1.46,17.39,0.00,18.16,59.66,935.1910,-108,0.00,-103.0,2.75
4,2026-06-19 13:00:44,0.32,0.61,1.78,27.35,0.00,18.65,54.45,935.5789,-103,2.75,-103.0,2.75
3,2026-06-19 13:20:44,0.31,0.50,1.59,14.63,0.00,19.24,56.74,935.0394,-109,-1.25,-103.0,2.25
4,2026-06-19 13:20:44,0.30,0.58,1.55,22.68,0.00,19.68,51.62,935.4462,-103,2.25,-103.0,2.25
3,2026-06-19 13:30:44,0.31,0.53,1.62,20.05,0.00,20.26,53.06,934.9814,-108,-1.00,-103.0,2.5
4,2026-06-19 13:30:44,0.28,0.54,1.29,16.99,0.00,20.36,50.45,935.2859,-103,2.50,-103.0,2.5
3,2026-06-19 13:50:44,0.33,0.55,1.60,25.72,0.00,23.76,45.01,934.7713,-108,-0.50,-102.0,3.75
4,2026-06-19 13:50:44,0.23,0.44,1.60,26.36,0.00,22.35,45.90,935.0991,-102,3.75,-102.0,3.75
3,2026-06-19 14:00:44,0.38,0.61,1.75,25.88,0.00,24.13,46.80,934.6278,-108,-0.25,-103.0,2.75
4,2026-06-19 14:00:44,0.24,0.47,1.45,22.31,0.00,22.87,44.43,934.9645,-103,2.75,-103.0,2.75
3,2026-06-19 14:10:44,0.34,0.58,2.49,23.57,0.00,23.58,47.80,934.5190,-109,0.00,-104.0,3.0
4,2026-06-19 14:10:44,0.23,0.41,1.26,24.76,0.00,23.44,43.74,934.8419,-104,3.00,-104.0,3.0
3,2026-06-19 14:20:44,0.39,0.63,1.56,16.62,0.00,24.57,44.77,934.4310,-108,0.25,-104.0,1.75
4,2026-06-19 14:20:44,0.27,0.49,1.60,26.62,0.00,23.13,45.38,934.7759,-104,1.75,-104.0,1.75
3,2026-06-19 14:40:44,0.38,0.59,1.18,14.71,0.00,23.68,48.14,934.1390,-108,0.00,-104.0,3.0
4,2026-06-19 14:40:44,0.27,0.48,1.47,19.13,0.00,21.80,48.66,934.6423,-104,3.00,-104.0,3.0
3,2026-06-19 14:50:44,0.39,0.62,1.38,13.39,0.00,23.27,47.77,934.0833,-108,0.00,-102.0,3.5
4,2026-06-19 14:50:44,0.31,0.55,1.79,27.55,0.00,22.36,47.19,934.4957,-102,3.50,-102.0,3.5
3,2026-06-19 15:00:44,0.37,0.59,1.74,29.80,0.00,23.35,45.60,934.0203,-109,-0.25,-103.0,4.0
4,2026-06-19 15:00:44,0.31,0.49,1.38,19.77,0.00,23.00,44.22,934.3821,-103,4.00,-103.0,4.0
3,2026-06-19 15:10:44,0.42,0.65,1.90,29.60,0.00,25.23,40.94,933.9324,-108,-0.25,-103.0,2.75
4,2026-06-19 15:10:44,0.28,0.47,1.95,39.27,0.00,24.70,41.11,934.2803,-103,2.75,-103.0,2.75
3,2026-06-19 15:20:44,0.44,0.63,1.63,23.73,0.00,27.08,37.10,933.8016,-108,-0.25,-103.0,3.25
4,2026-06-19 15:20:44,0.30,0.49,1.31,18.85,0.00,24.60,41.26,934.1829,-103,3.25,-103.0,3.25
3,2026-06-19 15:40:44,0.54,0.79,1.40,11.55,0.00,26.30,34.88,933.5335,-108,0.50,-103.0,3.25
4,2026-06-19 15:40:44,0.30,0.49,1.18,19.70,0.00,24.40,41.85,934.0763,-103,3.25,-103.0,3.25
3,2026-06-19 15:50:44,0.68,0.99,2.79,29.08,0.00,25.45,35.97,933.5480,-109,-1.00,-104.0,3.0
4,2026-06-19 15:50:44,0.30,0.54,1.81,21.36,0.00,24.81,41.15,934.0596,-104,3.00,-104.0,3.0
3,2026-06-19 16:00:44,0.77,1.13,2.14,49.86,0.00,25.24,35.88,933.5924,-107,-0.25,-104.0,1.75
4,2026-06-19 16:00:44,0.32,0.53,1.76,27.32,0.00,25.21,40.75,934.1183,-104,1.75,-104.0,1.75
3,2026-06-19 16:10:44,0.44,0.63,1.53,17.89,0.00,22.69,45.64,933.6409,-107,0.00,-104.0,1.25
4,2026-06-19 16:10:44,0.39,0.64,2.10,37.12,0.00,22.48,45.23,934.1312,-104,1.25,-104.0,1.25
3,2026-06-19 16:20:44,0.43,0.66,1.89,19.40,0.00,21.15,49.82,933.5867,-108,0.50,-105.0,2.0
4,2026-06-19 16:20:44,0.32,0.53,1.51,15.76,0.00,22.52,45.73,934.1464,-105,2.00,-105.0,2.0
3,2026-06-19 16:50:44,0.47,0.63,0.92,13.93,0.00,23.68,42.75,933.7884,-109,0.00,-103.0,3.25
4,2026-06-19 16:50:44,0.33,0.58,1.89,28.83,0.00,20.58,44.65,934.2416,-103,3.25,-103.0,3.25
3,2026-06-19 17:30:44,0.47,0.60,0.94,24.64,0.00,24.39,37.43,933.5718,-109,-1.25,-103.0,2.75
4,2026-06-19 17:30:44,0.38,0.51,0.70,17.16,0.00,21.17,40.78,933.9366,-103,2.75,-103.0,2.75
3,2026-06-19 17:40:44,0.50,0.63,0.97,25.38,0.00,25.17,35.30,933.4253,-109,-0.50,-102.0,4.0
4,2026-06-19 17:40:44,0.37,0.49,0.68,11.75,0.00,20.92,40.84,933.8528,-102,4.00,-102.0,4.0
3,2026-06-19 17:50:44,0.52,0.66,0.89,10.01,0.00,23.11,38.38,933.3303,-108,0.00,-102.0,2.0
4,2026-06-19 17:50:44,0.34,0.46,0.77,10.22,0.00,23.43,37.61,933.8458,-102,2.00,-102.0,2.0
3,2026-06-19 18:10:44,0.47,0.61,0.97,17.77,0.00,22.16,42.34,933.2758,-108,0.25,-103.0,3.75
4,2026-06-19 18:10:44,0.31,0.45,0.89,20.73,0.00,20.18,45.89,933.8187,-103,3.75,-103.0,3.75
3,2026-06-19 18:50:44,0.48,0.63,1.09,20.81,0.00,25.63,36.02,933.0627,-108,0.50,-103.0,2.25
4,2026-06-19 18:50:44,0.34,0.49,0.87,29.51,0.00,24.07,36.55,933.5337,-103,2.25,-103.0,2.25
3,2026-06-19 19:00:44,0.46,0.58,1.08,21.76,0.00,23.87,38.84,932.8401,-109,-0.25,-103.0,2.75
4,2026-06-19 19:00:44,0.34,0.48,0.62,6.21,0.00,24.01,36.10,933.3943,-103,2.75,-103.0,2.75
3,2026-06-19 19:10:44,0.48,0.63,1.35,31.83,0.00,22.20,42.92,932.7709,-109,-0.75,-102.0,4.25
4,2026-06-19 19:10:44,0.36,0.50,0.93,27.92,0.00,24.89,35.32,933.2803,-102,4.25,-102.0,4.25
3,2026-06-19 19:30:44,0.49,0.63,0.85,7.26,0.00,22.87,43.99,932.6372,-107,2.00,-103.0,3.0
4,2026-06-19 19:30:44,0.37,0.58,1.21,11.30,0.00,23.25,41.68,933.2345,-103,3.00,-103.0,3.0
3,2026-06-19 19:40:44,0.48,0.66,1.38,17.71,0.00,21.31,47.38,932.6144,-108,0.50,-102.0,3.0
4,2026-06-19 19:40:44,0.37,0.58,1.12,15.90,0.00,23.09,41.59,933.2105,-102,3.00,-102.0,3.0
3,2026-06-19 19:50:44,0.46,0.59,1.08,21.95,0.00,21.90,45.50,932.5566,-107,1.50,-103.0,3.25
4,2026-06-19 19:50:44,0.38,0.59,1.78,22.91,0.00,22.72,42.10,933.1597,-103,3.25,-103.0,3.25
3,2026-06-19 20:00:44,0.48,0.64,1.30,27.62,0.00,22.05,45.46,932.4715,-107,1.00,-104.0,2.75
4,2026-06-19 20:00:44,0.36,0.57,1.21,22.65,0.00,22.82,42.07,933.0576,-104,2.75,-104.0,2.75
3,2026-06-19 20:10:44,0.49,0.66,1.09,8.62,0.00,21.91,45.15,932.4042,-108,-0.25,-104.0,0.25
4,2026-06-19 20:10:44,0.34,0.46,0.97,26.65,0.00,23.17,40.35,932.9960,-104,0.25,-104.0,0.25
3,2026-06-19 20:20:44,0.51,0.69,1.03,15.21,0.00,22.72,42.54,932.4142,-108,0.25,-104.0,2.25
4,2026-06-19 20:20:44,0.35,0.49,0.66,7.52,0.00,23.11,40.04,932.9203,-104,2.25,-104.0,2.25
3,2026-06-19 20:30:44,0.48,0.64,1.07,11.26,0.00,24.29,39.01,932.3708,-108,0.50,-103.0,3.0
4,2026-06-19 20:30:44,0.39,0.56,0.95,18.47,0.00,22.52,42.01,932.9157,-103,3.00,-103.0,3.0
3,2026-06-19 21:40:44,0.49,0.70,1.43,23.65,0.00,21.39,43.66,932.3794,-108,0.25,-103.0,3.0
4,2026-06-19 21:40:44,0.46,0.68,1.59,30.43,0.00,18.50,51.28,932.9610,-103,3.00,-103.0,3.0
3,2026-06-19 22:00:44,0.45,0.67,1.39,25.71,0.00,21.10,44.05,932.4016,-108,0.25,-103.0,3.25
4,2026-06-19 22:00:44,0.52,0.82,2.27,28.23,0.28,16.23,58.58,933.0205,-103,3.25,-103.0,3.25
3,2026-06-19 22:40:44,0.38,0.54,1.32,17.42,0.00,15.77,59.24,932.6165,-108,0.50,-103.0,2.0
4,2026-06-19 22:40:44,0.39,0.56,1.74,52.08,3.79,15.18,58.96,933.3016,-103,2.00,-103.0,2.0
3,2026-06-19 22:50:44,0.30,0.46,1.20,20.98,0.00,15.84,58.38,932.6084,-107,1.00,-103.0,2.0
4,2026-06-19 22:50:44,0.38,0.56,1.15,13.96,8.63,15.57,57.10,933.2649,-103,2.00,-103.0,2.0
3,2026-06-19 23:00:44,0.26,0.39,0.81,13.97,0.00,16.15,57.34,932.5765,-107,0.75,-102.0,4.0
4,2026-06-19 23:00:44,0.34,0.56,1.03,24.28,8.35,15.55,57.31,933.1970,-102,4.00,-102.0,4.0
3,2026-06-19 23:30:44,0.31,0.49,1.59,20.32,0.00,15.32,60.01,932.6741,-108,0.50,-101.0,4.75
4,2026-06-19 23:30:44,0.29,0.48,1.54,25.72,4.94,14.81,61.00,933.1352,-101,4.75,-101.0,4.75
3,2026-06-20 00:10:43,0.43,0.70,1.68,27.09,0.00,12.95,69.20,932.7071,-108,-0.25,-102.0,2.25
4,2026-06-20 00:10:43,0.42,0.68,2.02,38.64,0.00,14.40,62.65,933.2106,-102,2.25,-102.0,2.25
3,2026-06-20 00:20:43,0.41,0.65,1.23,11.50,0.00,12.79,68.44,932.7038,-108,0.25,-102.0,3.0
4,2026-06-20 00:20:43,0.46,0.72,1.47,26.54,0.00,13.55,66.13,933.2840,-102,3.00,-102.0,3.0
3,2026-06-20 00:30:43,0.45,0.80,1.85,19.86,0.00,12.84,68.06,932.7017,-108,0.00,-101.0,3.25
4,2026-06-20 00:30:43,0.42,0.62,0.96,11.79,0.00,13.57,65.82,933.2343,-101,3.25,-101.0,3.25
3,2026-06-20 00:40:44,0.46,0.83,1.73,23.04,0.00,12.45,68.73,932.7116,-108,-0.25,-102.0,2.5
4,2026-06-20 00:40:44,0.45,0.72,1.67,24.32,0.00,13.29,66.80,933.2103,-102,2.50,-102.0,2.5
3,2026-06-20 01:00:43,0.65,1.15,2.49,16.46,0.00,11.98,72.59,932.6493,-108,0.00,-103.0,3.5
4,2026-06-20 01:00:43,0.39,0.58,2.64,28.95,0.00,13.12,66.98,933.1484,-103,3.50,-103.0,3.5
3,2026-06-20 01:20:43,0.59,1.07,2.92,35.60,0.00,11.50,71.11,932.5108,-108,0.00,-103.0,2.25
4,2026-06-20 01:20:43,0.46,0.88,2.97,23.01,0.00,11.82,70.75,932.9809,-103,2.25,-103.0,2.25
3,2026-06-20 01:30:43,0.49,0.81,1.87,13.34,0.00,11.63,71.47,932.4988,-108,0.00,-102.0,1.75
4,2026-06-20 01:30:43,0.61,1.16,3.01,27.59,0.00,11.65,71.78,932.9793,-102,1.75,-102.0,1.75
3,2026-06-20 01:40:43,0.49,0.86,2.08,19.24,0.00,11.59,69.48,932.5311,-109,-0.50,-102.0,2.25
4,2026-06-20 01:40:43,0.62,1.01,2.86,26.86,0.00,11.57,72.36,933.0371,-102,2.25,-102.0,2.25
3,2026-06-20 01:50:43,0.60,0.94,2.58,25.65,0.00,11.22,71.37,932.5951,-108,-0.25,-102.0,2.75
4,2026-06-20 01:50:43,0.54,0.88,2.06,15.83,0.00,11.59,74.08,933.0549,-102,2.75,-102.0,2.75
3,2026-06-20 02:00:43,0.60,1.01,2.75,22.45,0.00,10.78,72.40,932.6227,-108,-0.50,-103.0,2.5
4,2026-06-20 02:00:43,0.64,1.21,3.40,20.96,0.00,11.61,73.09,933.0763,-103,2.50,-103.0,2.5
3,2026-06-20 02:20:43,0.54,0.87,2.73,77.66,0.00,10.40,72.94,932.6603,-108,0.00,-103.0,3.0
4,2026-06-20 02:20:43,0.73,1.25,2.33,18.09,0.00,11.34,72.35,933.0306,-103,3.00,-103.0,3.0
3,2026-06-20 02:30:43,0.47,0.83,2.83,30.50,0.00,10.49,71.47,932.6893,-108,0.25,-102.0,1.75
4,2026-06-20 02:30:43,0.86,1.54,3.91,33.68,0.00,11.39,72.29,933.0820,-102,1.75,-102.0,1.75
3,2026-06-20 02:40:43,0.45,0.73,1.88,23.07,0.00,10.54,71.25,932.6808,-108,-0.75,-102.0,3.0
4,2026-06-20 02:40:43,0.82,1.29,2.55,30.46,0.00,11.33,72.40,933.0757,-102,3.00,-102.0,3.0
3,2026-06-20 03:00:43,0.74,1.14,2.85,23.40,0.00,10.81,72.30,932.6414,-108,0.25,-102.0,2.25
4,2026-06-20 03:00:43,0.65,1.04,2.28,19.68,0.00,11.45,72.33,932.9985,-102,2.25,-102.0,2.25
3,2026-06-20 03:10:43,0.67,1.10,2.59,19.50,0.00,10.72,71.82,932.6001,-108,0.00,-103.0,2.75
4,2026-06-20 03:10:43,0.79,1.24,2.61,21.20,0.00,11.14,73.43,933.0307,-103,2.75,-103.0,2.75
3,2026-06-20 03:20:43,0.71,1.12,2.49,15.40,0.00,10.58,72.50,932.5845,-108,0.00,-102.0,2.0
4,2026-06-20 03:20:43,0.75,1.17,2.87,20.39,0.00,11.25,72.91,933.0118,-102,2.00,-102.0,2.0
3,2026-06-20 03:30:43,0.80,1.32,2.77,27.44,0.00,10.37,72.11,932.5998,-108,0.25,-101.0,2.25
4,2026-06-20 03:30:43,0.87,1.32,2.83,23.81,0.00,11.28,73.08,932.9928,-101,2.25,-101.0,2.25
3,2026-06-20 03:40:43,0.92,1.49,3.45,21.89,0.00,10.28,74.68,932.6119,-108,0.00,-102.0,2.75
4,2026-06-20 03:40:43,0.82,1.25,2.97,20.76,0.00,10.76,73.51,932.9670,-102,2.75,-102.0,2.75
3,2026-06-20 04:00:43,1.09,1.60,3.24,22.03,0.00,10.59,74.80,932.6286,-108,0.00,-102.0,3.0
4,2026-06-20 04:00:43,0.85,1.46,4.23,87.35,0.00,10.56,74.66,932.9862,-102,3.00,-102.0,3.0
3,2026-06-20 04:20:43,1.36,2.13,4.20,25.90,0.00,10.21,74.79,932.6101,-108,-0.50,-102.0,2.5
4,2026-06-20 04:20:43,1.33,1.91,4.02,27.84,0.00,10.31,76.26,932.9735,-102,2.50,-102.0,2.5
3,2026-06-20 04:30:43,1.09,1.78,3.89,24.71,0.00,9.56,73.47,932.5643,-108,-0.25,-102.0,3.25
4,2026-06-20 04:30:43,1.57,2.23,4.96,27.94,0.00,10.25,75.84,932.9653,-102,3.25,-102.0,3.25
3,2026-06-20 04:50:43,2.65,4.17,7.48,34.94,0.00,8.50,77.40,932.5177,-108,-0.50,-102.0,3.25
4,2026-06-20 04:50:43,0.88,1.27,2.90,29.10,0.00,9.86,74.68,932.8858,-102,3.25,-102.0,3.25
3,2026-06-20 05:00:43,2.49,4.14,6.68,29.48,0.00,8.80,75.59,932.5068,-108,-0.50,-102.0,2.75
4,2026-06-20 05:00:43,1.08,1.62,3.69,28.94,0.00,9.51,77.30,932.8734,-102,2.75,-102.0,2.75
3,2026-06-20 05:10:43,1.59,2.43,4.70,25.10,0.00,8.19,74.44,932.5333,-108,-0.50,-102.0,3.0
4,2026-06-20 05:10:43,1.27,1.94,4.91,34.94,0.00,9.28,75.71,932.8801,-102,3.00,-102.0,3.0
3,2026-06-20 05:20:43,2.45,3.95,7.98,32.00,0.00,7.96,75.53,932.5810,-108,-0.25,-102.0,2.0
4,2026-06-20 05:20:43,1.45,2.19,4.89,38.95,0.00,8.86,76.54,932.9523,-102,2.00,-102.0,2.0
3,2026-06-20 05:50:43,1.98,2.99,5.30,39.17,0.00,7.82,75.70,932.5885,-108,-0.75,-103.0,3.5
4,2026-06-20 05:50:43,1.86,2.71,4.83,29.04,0.00,9.10,74.93,932.8786,-103,3.50,-103.0,3.5
3,2026-06-20 06:00:43,1.63,2.43,5.22,37.78,0.00,8.75,74.56,932.5796,-108,-0.75,-103.0,2.5
4,2026-06-20 06:00:43,1.26,1.80,3.56,22.01,0.00,9.52,73.53,932.9114,-103,2.50,-103.0,2.5
3,2026-06-20 06:10:43,0.92,1.35,2.98,14.44,0.00,9.57,72.44,932.6109,-108,-0.75,-102.0,3.25
4,2026-06-20 06:10:43,1.32,2.15,4.40,24.72,0.00,10.68,70.94,932.9648,-102,3.25,-102.0,3.25
3,2026-06-20 06:30:43,0.85,1.34,2.83,16.16,0.00,11.44,69.99,932.5696,-108,-0.50,-102.0,2.5
4,2026-06-20 06:30:43,1.12,1.69,4.14,43.13,0.00,12.19,67.26,932.9202,-102,2.50,-102.0,2.5
3,2026-06-20 06:50:43,0.79,1.18,2.43,14.36,0.00,12.88,66.10,932.5757,-108,0.00,-102.0,2.5
4,2026-06-20 06:50:43,0.90,1.34,2.89,24.65,0.00,12.96,65.44,932.9940,-102,2.50,-102.0,2.5
3,2026-06-20 07:00:43,0.73,1.07,2.63,29.61,0.00,13.40,65.76,932.5385,-108,-0.25,-102.0,2.75
4,2026-06-20 07:00:43,0.76,1.17,2.31,28.93,0.00,13.95,62.75,932.9172,-102,2.75,-102.0,2.75
3,2026-06-20 07:10:43,0.75,1.15,2.98,23.05,0.00,13.88,65.50,932.5101,-108,-0.25,-102.0,4.0
4,2026-06-20 07:10:43,0.75,1.10,2.41,26.86,0.00,14.93,60.42,932.9045,-102,4.00,-102.0,4.0
3,2026-06-20 07:20:43,0.80,1.20,2.78,23.75,0.00,14.49,63.86,932.4898,-108,-0.25,-101.0,4.75
4,2026-06-20 07:20:43,0.68,0.99,1.86,24.23,0.00,15.16,59.39,932.8832,-101,4.75,-101.0,4.75
3,2026-06-20 07:30:43,0.72,1.06,1.94,20.41,0.00,15.04,62.03,932.4231,-108,0.00,-102.0,4.25
4,2026-06-20 07:30:43,0.75,1.13,2.58,17.59,0.00,15.20,58.55,932.8762,-102,4.25,-102.0,4.25
3,2026-06-20 07:40:43,0.63,0.89,1.98,25.06,0.00,15.49,59.89,932.4080,-108,-0.25,-102.0,4.25
4,2026-06-20 07:40:43,0.71,1.11,2.95,33.66,0.00,15.32,58.15,932.8567,-102,4.25,-102.0,4.25
3,2026-06-20 08:00:43,0.55,0.79,1.30,14.25,0.00,16.52,54.09,932.3056,-108,0.25,-101.0,2.5
4,2026-06-20 08:00:43,0.71,1.06,2.47,17.74,0.00,16.11,56.57,932.7620,-101,2.50,-101.0,2.5
3,2026-06-20 08:10:43,0.53,0.69,0.99,13.74,0.00,16.68,52.65,932.2500,-108,-0.25,-102.0,4.5
4,2026-06-20 08:10:43,0.70,1.04,2.07,25.49,0.00,16.07,56.95,932.7280,-102,4.50,-102.0,4.5
3,2026-06-20 08:20:43,0.49,0.64,1.02,14.00,0.00,16.49,52.04,932.1862,-108,-0.25,-101.0,3.0
4,2026-06-20 08:20:43,0.69,1.03,2.19,18.05,0.00,16.51,56.18,932.6634,-101,3.00,-101.0,3.0
3,2026-06-20 08:30:43,0.47,0.66,0.99,11.75,0.00,16.80,51.58,932.1360,-108,-1.00,-102.0,4.0
4,2026-06-20 08:30:43,0.62,0.90,1.94,18.64,0.00,17.32,54.15,932.6209,-102,4.00,-102.0,4.0
3,2026-06-20 08:40:43,0.51,0.71,1.68,28.22,0.00,17.43,50.71,932.0015,-108,-1.00,-101.0,2.0
4,2026-06-20 08:40:43,0.60,0.96,2.20,17.28,0.00,17.91,52.95,932.5213,-101,2.00,-101.0,2.0
3,2026-06-20 09:00:43,0.53,0.79,1.66,26.92,0.00,18.24,49.84,931.8372,-108,-0.75,-101.0,4.0
4,2026-06-20 09:00:43,0.57,0.88,1.84,16.50,0.00,18.45,50.80,932.3279,-101,4.00,-101.0,4.0
3,2026-06-20 09:10:43,0.58,0.84,2.10,24.38,0.00,19.13,47.09,931.7985,-108,-0.25,-101.0,3.75
4,2026-06-20 09:10:43,0.60,0.92,2.34,36.01,0.00,18.46,51.04,932.3089,-101,3.75,-101.0,3.75
3,2026-06-20 09:20:43,0.57,0.78,1.34,10.91,0.00,20.10,45.37,931.7656,-108,-1.00,-102.0,3.25
4,2026-06-20 09:20:43,0.47,0.72,1.17,9.38,0.00,18.74,48.54,932.2495,-102,3.25,-102.0,3.25
3,2026-06-20 09:30:43,0.63,0.88,1.45,15.38,0.00,19.75,49.28,931.7150,-108,0.00,-102.0,4.25
4,2026-06-20 09:30:43,0.54,0.77,1.30,11.00,0.00,18.76,50.91,932.2049,-102,4.25,-102.0,4.25
3,2026-06-20 09:40:43,0.60,0.83,2.20,26.48,0.00,19.67,48.76,931.6510,-108,-1.25,-103.0,3.0
4,2026-06-20 09:40:43,0.55,0.83,1.91,24.23,0.00,18.47,52.04,932.1260,-103,3.00,-103.0,3.0
3,2026-06-20 09:50:43,0.59,0.81,1.30,10.05,0.00,20.29,47.15,931.5391,-108,-0.75,-103.0,2.25
4,2026-06-20 09:50:43,0.50,0.72,1.56,27.36,0.00,19.26,49.91,932.0240,-103,2.25,-103.0,2.25
3,2026-06-20 10:00:43,0.56,0.77,1.82,22.71,0.00,21.01,45.43,931.4571,-109,-1.00,-102.0,2.75
4,2026-06-20 10:00:43,0.45,0.66,1.46,25.75,0.00,19.94,46.91,931.9625,-102,2.75,-102.0,2.75
3,2026-06-20 10:10:43,0.53,0.77,1.73,27.17,0.00,20.94,44.11,931.3662,-108,-0.75,-103.0,2.75
4,2026-06-20 10:10:43,0.44,0.60,1.10,12.67,0.00,21.07,44.17,931.8621,-103,2.75,-103.0,2.75
3,2026-06-20 10:30:43,0.51,0.68,1.53,28.19,0.00,23.12,37.79,931.1815,-108,0.00,-100.0,4.75
4,2026-06-20 10:30:43,0.35,0.56,0.95,10.39,0.00,22.32,37.92,931.6617,-100,4.75,-100.0,4.75
3,2026-06-20 10:40:43,0.56,0.72,2.56,163.34,0.00,23.29,38.06,931.0829,-109,-0.50,-103.0,2.5
4,2026-06-20 10:40:43,0.34,0.50,0.77,13.76,0.00,22.62,36.95,931.5631,-103,2.50,-103.0,2.5
3,2026-06-20 10:50:43,0.52,0.68,1.19,28.26,0.00,22.30,39.76,931.0324,-108,-0.25,-101.0,3.5
4,2026-06-20 10:50:43,0.39,0.58,1.46,26.84,0.00,22.97,43.85,931.4900,-101,3.50,-101.0,3.5
3,2026-06-20 11:00:43,0.49,0.67,1.16,10.32,0.00,22.89,38.20,930.9603,-108,-0.50,-100.0,3.25
4,2026-06-20 11:00:43,0.47,0.72,2.46,25.64,0.00,22.75,46.23,931.4260,-100,3.25,-100.0,3.25
3,2026-06-20 11:10:43,0.49,0.64,1.38,25.66,0.00,22.55,37.91,930.8165,-108,-0.25,-100.0,5.0
4,2026-06-20 11:10:43,0.46,0.67,1.95,28.96,0.00,22.92,45.87,931.3216,-100,5.00,-100.0,5.0
3,2026-06-20 11:20:43,0.50,0.69,1.80,32.34,0.00,21.68,42.27,930.7168,-108,-0.50,-100.0,4.75
4,2026-06-20 11:20:43,0.40,0.59,1.37,26.81,0.00,22.21,45.80,931.1997,-100,4.75,-100.0,4.75
3,2026-06-20 11:30:43,0.43,0.63,1.42,15.05,0.00,21.54,41.94,930.6664,-108,0.00,-101.0,3.25
4,2026-06-20 11:30:43,0.34,0.51,1.02,16.00,0.00,21.30,42.23,931.1738,-101,3.25,-101.0,3.25
3,2026-06-20 11:40:43,0.41,0.58,1.51,26.76,0.00,22.97,38.79,930.6509,-108,-0.50,-102.0,3.25
4,2026-06-20 11:40:43,0.34,0.48,1.10,17.15,0.00,22.06,38.94,931.0837,-102,3.25,-102.0,3.25
3,2026-06-20 11:50:43,0.42,0.59,1.20,15.61,0.00,23.91,36.83,930.5716,-108,-0.50,-101.0,3.25
4,2026-06-20 11:50:43,0.32,0.49,0.94,9.96,0.00,22.27,38.55,931.0036,-101,3.25,-101.0,3.25
3,2026-06-20 12:00:43,0.46,0.60,1.51,25.81,0.00,24.51,37.36,930.4507,-109,-0.50,-100.0,4.75
4,2026-06-20 12:00:43,0.34,0.51,1.19,21.48,0.00,23.01,38.65,930.8930,-100,4.75,-100.0,4.75
3,2026-06-20 12:10:43,0.43,0.60,1.25,17.59,0.00,23.60,39.20,930.2773,-109,-0.25,-101.0,0.75
4,2026-06-20 12:10:43,0.34,0.48,1.00,17.62,0.00,22.90,38.91,930.7038,-101,0.75,-101.0,0.75
3,2026-06-20 12:20:43,0.46,0.65,1.00,6.50,0.00,24.36,39.19,930.1971,-108,0.50,-102.0,3.0
4,2026-06-20 12:20:43,0.35,0.53,1.49,18.10,0.00,22.75,39.62,930.5805,-102,3.00,-102.0,3.0
3,2026-06-20 12:30:43,0.46,0.58,1.11,23.34,0.00,24.65,37.56,930.0809,-109,-0.25,-102.0,3.25
4,2026-06-20 12:30:43,0.35,0.52,1.50,26.73,0.00,24.34,37.13,930.4910,-102,3.25,-102.0,3.25
3,2026-06-20 12:50:43,0.44,0.60,0.94,10.80,0.00,25.29,35.38,929.8164,-109,-0.75,-101.0,3.5
4,2026-06-20 12:50:43,0.31,0.44,0.83,9.92,0.00,24.54,34.96,930.2205,-101,3.50,-101.0,3.5
3,2026-06-20 13:10:43,0.43,0.56,0.90,14.88,0.00,25.26,35.64,929.6854,-109,-2.00,-102.0,2.75
4,2026-06-20 13:10:43,0.30,0.43,0.82,22.97,0.00,24.46,35.42,930.0574,-102,2.75,-102.0,2.75
3,2026-06-20 13:40:43,0.42,0.52,0.97,21.70,0.00,25.06,35.24,929.4271,-109,-1.00,-104.0,2.0
4,2026-06-20 13:40:43,0.29,0.40,0.65,18.10,0.00,24.07,33.43,929.7838,-104,2.00,-104.0,2.0
3,2026-06-20 13:50:43,0.44,0.55,1.19,27.81,0.00,25.41,36.00,929.2789,-110,-2.25,-102.0,3.25
4,2026-06-20 13:50:43,0.27,0.37,0.71,25.42,0.00,24.99,31.63,929.6939,-102,3.25,-102.0,3.25
3,2026-06-20 14:00:43,0.46,0.58,1.20,24.60,0.00,25.69,35.39,929.1456,-110,-2.00,-102.0,3.75
4,2026-06-20 14:00:43,0.27,0.40,0.69,15.08,0.00,25.40,29.49,929.5679,-102,3.75,-102.0,3.75
3,2026-06-20 14:10:43,0.43,0.53,0.94,21.19,0.00,25.24,36.84,929.0736,-110,-3.25,-102.0,4.25
4,2026-06-20 14:10:43,0.26,0.38,0.71,8.57,0.00,25.89,29.78,929.4630,-102,4.25,-102.0,4.25
3,2026-06-20 14:20:43,0.46,0.59,0.94,14.84,0.00,25.23,36.83,928.9290,-108,-0.25,-102.0,3.25
4,2026-06-20 14:20:43,0.27,0.35,0.64,10.63,0.00,26.13,28.72,929.3100,-102,3.25,-102.0,3.25
3,2026-06-20 14:40:43,0.44,0.53,0.80,10.01,0.00,26.05,33.04,928.7300,-109,0.00,-103.0,2.25
4,2026-06-20 14:40:43,0.26,0.37,0.92,20.01,0.00,26.50,27.58,929.1623,-103,2.25,-103.0,2.25
3,2026-06-20 14:50:43,0.49,0.60,1.76,25.52,0.00,26.91,31.11,928.7098,-109,0.00,-103.0,3.75
4,2026-06-20 14:50:43,0.27,0.40,0.75,8.92,0.00,27.23,26.47,929.1750,-103,3.75,-103.0,3.75
3,2026-06-20 15:20:43,0.47,0.59,1.35,17.42,0.00,27.58,29.11,928.6132,-107,-0.50,-102.0,2.5
4,2026-06-20 15:20:43,0.25,0.44,1.08,47.39,0.00,24.92,32.13,929.0979,-102,2.50,-102.0,2.5
3,2026-06-20 15:30:43,0.53,0.72,1.86,28.73,0.00,26.67,32.13,928.6297,-108,0.25,-102.0,3.0
4,2026-06-20 15:30:43,0.20,0.38,1.25,19.65,0.00,23.21,36.49,929.0878,-102,3.00,-102.0,3.0
4,2026-06-20 15:40:43,0.67,6.28,48.46,288.83,0.00,24.17,37.67,929.1602,-102,3.75,-102.0,3.75
3,2026-06-20 15:50:43,0.45,0.70,2.07,22.46,0.00,28.28,31.61,928.6446,-108,0.50,-103.0,4.0
4,2026-06-20 15:50:43,3.40,47.57,327.67,327.67,0.00,25.40,35.19,929.1811,-103,4.00,-103.0,4.0
3,2026-06-20 17:10:43,0.38,0.52,1.27,20.32,0.00,24.96,36.92,928.2367,-109,-1.25,-103.0,2.25
4,2026-06-20 17:10:43,0.29,0.49,0.82,7.98,0.00,26.25,30.70,928.7489,-103,2.25,-103.0,2.25
3,2026-06-20 17:50:43,0.56,0.70,1.62,31.77,0.00,30.56,26.66,927.8870,-109,-0.50,-102.0,4.25
4,2026-06-20 17:50:43,0.27,0.46,1.30,22.38,0.00,29.43,26.99,928.3785,-102,4.25,-102.0,4.25
3,2026-06-20 18:00:43,0.55,0.75,1.89,24.99,0.00,31.11,26.19,927.7962,-110,-0.75,-102.0,3.5
4,2026-06-20 18:00:43,0.25,0.40,1.31,29.04,0.00,29.89,25.75,928.2595,-102,3.50,-102.0,3.5
3,2026-06-20 18:10:43,0.53,0.72,1.42,26.93,0.00,30.68,25.89,927.6703,-109,0.25,-103.0,4.25
4,2026-06-20 18:10:43,0.26,0.39,0.70,11.09,0.00,30.52,24.43,928.1176,-103,4.25,-103.0,4.25
3,2026-06-20 18:20:43,0.57,0.74,1.70,29.21,0.00,30.89,25.53,927.6218,-109,-0.75,-101.0,2.75
4,2026-06-20 18:20:43,0.25,0.38,1.08,23.92,0.00,31.30,22.69,928.0659,-101,2.75,-101.0,2.75
3,2026-06-20 18:30:43,0.58,0.72,1.30,20.93,0.00,31.36,23.75,927.5788,-109,-0.25,-103.0,3.75
4,2026-06-20 18:30:43,0.28,0.47,0.97,11.19,0.00,31.42,22.03,927.9961,-103,3.75,-103.0,3.75
3,2026-06-20 18:40:43,0.57,0.74,1.25,32.58,0.00,32.48,22.11,927.4427,-110,-1.25,-102.0,4.0
4,2026-06-20 18:40:43,0.24,0.38,1.23,22.60,0.00,31.56,22.28,927.8812,-102,4.00,-102.0,4.0
3,2026-06-20 19:10:43,0.62,0.77,1.20,22.38,0.00,32.42,22.56,927.2501,-109,-0.50,-101.0,4.5
4,2026-06-20 19:10:43,0.26,0.43,1.23,24.92,0.00,31.26,22.70,927.7029,-101,4.50,-101.0,4.5
3,2026-06-20 19:20:43,0.70,0.86,1.28,18.78,0.00,32.27,23.33,927.1976,-109,-0.25,-101.0,2.75
4,2026-06-20 19:20:43,0.25,0.36,1.94,29.30,0.00,32.05,22.04,927.6528,-101,2.75,-101.0,2.75
3,2026-06-20 19:30:43,0.64,0.78,1.17,10.05,0.00,32.65,23.00,927.1670,-108,0.00,-103.0,3.0
4,2026-06-20 19:30:43,0.25,0.39,1.19,27.63,0.00,32.38,21.32,927.6353,-103,3.00,-103.0,3.0
3,2026-06-20 19:40:43,0.64,0.80,1.28,27.14,0.00,31.82,25.04,927.1048,-109,0.00,-101.0,4.25
4,2026-06-20 19:40:43,0.24,0.37,1.71,26.32,0.00,31.68,22.92,927.6099,-101,4.25,-101.0,4.25
4,2026-06-20 19:50:43,0.26,0.40,1.37,26.74,0.00,29.15,25.92,927.6130,-101,4.75,-101.0,4.75
3,2026-06-20 20:00:43,0.59,0.75,2.00,44.44,0.00,30.97,23.78,927.0974,-109,-0.25,-101.0,2.75
4,2026-06-20 20:00:43,0.27,0.38,0.81,18.99,0.00,30.65,23.50,927.5382,-101,2.75,-101.0,2.75
3,2026-06-20 20:10:43,0.65,0.80,2.42,33.84,0.00,30.79,22.05,926.9971,-109,-0.75,-101.0,4.0
4,2026-06-20 20:10:43,0.28,0.43,0.78,13.38,0.00,30.05,25.05,927.4486,-101,4.00,-101.0,4.0
3,2026-06-20 20:20:43,0.63,0.83,2.92,38.91,0.00,30.56,22.03,926.9611,-108,0.00,-101.0,4.0
4,2026-06-20 20:20:43,0.27,0.41,1.61,35.75,0.00,29.68,24.96,927.4280,-101,4.00,-101.0,4.0
3,2026-06-20 20:30:43,0.64,0.89,2.91,38.24,0.00,30.98,22.20,926.8755,-109,-0.75,-102.0,3.75
4,2026-06-20 20:30:43,0.30,0.44,1.68,32.94,0.00,29.67,24.53,927.4727,-102,3.75,-102.0,3.75
4,2026-06-20 20:40:43,1.65,19.57,143.44,327.67,0.00,27.72,30.79,927.5086,-100,5.50,-100.0,5.5
4,2026-06-20 21:00:43,0.40,1.72,10.74,155.36,0.00,19.47,47.73,927.7115,-101,5.25,-101.0,5.25
4,2026-06-20 21:10:43,1.01,11.70,87.66,327.67,0.00,17.09,52.54,927.6826,-101,4.75,-101.0,4.75
4,2026-06-20 21:20:43,0.35,0.66,2.58,35.88,0.00,16.32,53.88,927.8656,-101,4.75,-101.0,4.75
3,2026-06-20 21:30:43,0.43,0.74,1.93,21.25,0.00,19.22,47.50,927.2887,-107,1.50,-102.0,3.25
4,2026-06-20 21:30:43,0.37,1.20,5.70,109.59,0.00,16.99,51.83,927.9571,-102,3.25,-102.0,3.25
3,2026-06-20 21:50:43,0.39,0.84,3.34,31.24,0.00,18.46,50.08,927.4566,-109,-0.50,-105.0,2.75
4,2026-06-20 21:50:43,0.38,0.93,5.73,47.11,0.00,16.70,53.63,928.1159,-105,2.75,-105.0,2.75
4,2026-06-20 22:00:43,0.40,1.40,8.67,83.88,0.00,17.04,51.16,928.2156,-101,5.00,-101.0,5.0
3,2026-06-20 22:10:43,0.35,1.24,8.38,62.83,0.00,18.58,48.17,927.7909,-109,-0.50,-102.0,2.75
4,2026-06-20 22:10:43,0.62,5.53,38.79,219.85,0.00,16.10,55.52,928.3334,-102,2.75,-102.0,2.75
3,2026-06-20 22:20:43,0.38,2.07,16.68,63.94,0.00,18.35,48.46,927.9396,-108,1.00,-101.0,2.5
4,2026-06-20 22:20:43,0.65,5.56,40.81,193.15,0.00,15.28,57.90,928.4783,-101,2.50,-101.0,2.5
3,2026-06-20 23:50:43,0.32,0.61,2.23,22.55,0.00,16.03,55.88,929.3820,-107,0.50,-103.0,0.75
4,2026-06-20 23:50:43,0.40,0.88,3.47,38.45,0.00,14.53,59.75,930.0178,-103,0.75,-103.0,0.75
3,2026-06-21 00:00:43,0.33,0.63,1.58,22.70,0.00,15.34,58.64,929.5098,-107,1.50,-103.0,2.25
4,2026-06-21 00:00:43,0.31,0.57,1.18,16.62,0.00,14.13,60.95,930.1066,-103,2.25,-103.0,2.25
3,2026-06-21 00:10:43,0.28,0.48,1.49,23.19,0.00,15.48,58.20,929.5649,-108,1.75,-102.0,3.0
4,2026-06-21 00:10:43,0.27,0.43,1.53,25.62,0.00,14.54,59.74,930.1730,-102,3.00,-102.0,3.0
3,2026-06-21 00:50:43,0.29,0.56,1.57,15.52,0.00,15.21,57.23,929.6072,-108,0.00,-102.0,3.75
4,2026-06-21 00:50:43,0.35,0.63,2.14,26.61,0.00,14.36,60.95,930.1553,-102,3.75,-102.0,3.75
3,2026-06-21 01:00:43,0.32,0.63,2.02,25.60,0.00,14.59,58.70,929.5376,-108,-0.50,-101.0,3.5
4,2026-06-21 01:00:43,0.37,0.62,1.85,33.93,0.00,14.30,60.98,930.0489,-101,3.50,-101.0,3.5
3,2026-06-21 01:20:43,0.40,1.04,5.62,39.77,0.00,13.44,61.92,929.4850,-108,-1.25,-103.0,3.25
4,2026-06-21 01:20:43,0.32,0.54,1.80,28.91,0.00,13.26,65.10,930.0095,-103,3.25,-103.0,3.25
3,2026-06-21 01:30:43,0.37,0.97,4.06,16.09,0.00,12.66,63.82,929.5075,-109,-1.00,-103.0,3.0
4,2026-06-21 01:30:43,0.35,0.67,1.54,17.27,0.00,13.18,66.19,929.9740,-103,3.00,-103.0,3.0
3,2026-06-21 02:00:43,0.34,0.63,2.09,21.60,0.00,12.46,67.76,929.6820,-108,-0.25,-104.0,0.75
4,2026-06-21 02:00:43,0.32,0.59,1.97,22.58,0.00,11.94,69.51,930.0854,-104,0.75,-104.0,0.75
3,2026-06-21 02:10:43,0.32,0.65,2.59,34.85,0.00,12.82,65.19,929.6836,-109,-1.25,-103.0,2.5
4,2026-06-21 02:10:43,0.32,0.58,1.48,15.76,0.00,12.81,66.46,930.0927,-103,2.50,-103.0,2.5
3,2026-06-21 02:30:43,0.39,0.76,2.69,25.49,0.00,11.40,70.47,929.5710,-109,-2.00,-103.0,3.25
4,2026-06-21 02:30:43,0.38,0.74,2.23,20.30,0.00,12.20,68.51,930.0473,-103,3.25,-103.0,3.25
3,2026-06-21 03:10:43,0.34,0.60,1.94,20.34,0.00,13.01,59.04,929.6676,-108,-1.75,-104.0,3.0
4,2026-06-21 03:10:43,0.45,0.78,2.69,36.38,0.00,11.12,67.26,930.0397,-104,3.00,-104.0,3.0
3,2026-06-21 03:30:43,0.38,0.68,3.22,34.92,0.00,11.89,63.81,929.6778,-109,-1.50,-104.0,0.25
4,2026-06-21 03:30:43,0.41,0.75,3.44,27.53,0.00,11.08,65.44,930.0476,-104,0.25,-104.0,0.25
3,2026-06-21 04:00:43,0.33,0.61,2.87,31.51,0.00,12.22,59.56,929.7177,-109,-1.75,-102.0,1.75
4,2026-06-21 04:00:43,0.37,0.68,2.65,27.80,0.00,11.62,61.02,930.0913,-102,1.75,-102.0,1.75
3,2026-06-21 04:20:43,0.34,0.65,2.50,29.00,0.00,11.42,60.67,929.7795,-108,-0.50,-103.0,1.75
4,2026-06-21 04:20:43,0.42,0.72,3.96,55.90,0.00,10.92,64.93,930.1827,-103,1.75,-103.0,1.75
3,2026-06-21 04:40:43,0.38,0.68,3.18,42.13,0.00,11.30,63.99,929.8437,-109,-0.75,-103.0,2.25
4,2026-06-21 04:40:43,0.41,0.71,3.05,28.35,0.00,10.32,66.02,930.2417,-103,2.25,-103.0,2.25
3,2026-06-21 04:50:43,0.38,0.72,3.93,34.44,0.00,11.07,65.44,929.8639,-108,-0.50,-103.0,3.5
4,2026-06-21 04:50:43,0.42,0.76,3.45,40.14,0.00,10.62,64.72,930.2418,-103,3.50,-103.0,3.5
3,2026-06-21 05:00:43,0.35,0.66,3.61,43.25,0.00,11.14,64.12,929.8505,-109,-0.75,-102.0,2.75
4,2026-06-21 05:00:43,0.45,0.79,2.86,27.46,0.00,10.48,64.46,930.2221,-102,2.75,-102.0,2.75
3,2026-06-21 05:10:43,0.36,0.64,2.98,37.29,0.00,10.99,65.39,929.8705,-109,-0.75,-102.0,2.0
4,2026-06-21 05:10:43,0.43,0.79,3.67,33.64,0.00,10.64,64.04,930.1842,-102,2.00,-102.0,2.0
3,2026-06-21 05:20:43,0.36,0.65,2.43,25.07,0.00,11.18,64.23,929.9075,-108,-0.50,-102.0,2.75
4,2026-06-21 05:20:43,0.43,0.78,3.51,31.99,0.00,11.13,62.53,930.2271,-102,2.75,-102.0,2.75
3,2026-06-21 05:30:43,0.34,0.60,2.06,21.27,0.00,12.00,59.07,929.8704,-108,-1.00,-103.0,3.75
4,2026-06-21 05:30:43,0.45,0.80,2.70,34.85,0.00,10.83,63.42,930.2711,-103,3.75,-103.0,3.75
3,2026-06-21 05:50:43,0.38,0.67,2.55,25.58,0.00,13.30,56.60,929.9387,-109,-1.00,-102.0,3.75
4,2026-06-21 05:50:43,0.40,0.70,3.14,31.13,0.00,11.71,60.36,930.2690,-102,3.75,-102.0,3.75
3,2026-06-21 06:00:43,0.38,0.66,2.68,28.62,0.00,13.98,54.05,929.9970,-109,-0.75,-102.0,3.0
4,2026-06-21 06:00:43,0.39,0.66,1.78,30.46,0.00,12.78,56.93,930.3605,-102,3.00,-102.0,3.0
3,2026-06-21 06:10:43,0.38,0.66,1.88,22.42,0.00,14.38,52.27,930.0058,-109,-1.25,-102.0,2.75
4,2026-06-21 06:10:43,0.40,0.73,2.39,33.12,0.00,12.26,57.91,930.3656,-102,2.75,-102.0,2.75
3,2026-06-21 06:50:43,0.40,0.64,2.16,23.50,0.00,14.74,50.86,930.0428,-109,-1.50,-102.0,3.5
4,2026-06-21 06:50:43,0.35,0.62,2.02,23.01,0.00,13.29,54.45,930.3742,-102,3.50,-102.0,3.5
3,2026-06-21 07:00:43,0.40,0.69,2.49,26.62,0.00,14.78,51.05,930.0251,-109,-2.50,-103.0,3.0
4,2026-06-21 07:00:43,0.34,0.59,1.85,17.51,0.00,12.90,56.31,930.2950,-103,3.00,-103.0,3.0
3,2026-06-21 07:10:43,0.39,0.61,2.11,25.06,0.00,14.54,51.29,929.9700,-110,-2.75,-102.0,3.0
4,2026-06-21 07:10:43,0.33,0.56,1.85,24.59,0.00,14.53,52.15,930.2264,-102,3.00,-102.0,3.0
3,2026-06-21 07:20:43,0.36,0.67,1.95,19.90,0.00,14.68,51.14,929.9849,-109,-2.00,-102.0,3.5
4,2026-06-21 07:20:43,0.35,0.63,2.19,30.94,0.00,15.14,50.18,930.2260,-102,3.50,-102.0,3.5
3,2026-06-21 07:30:43,0.41,0.70,2.76,23.61,0.00,14.99,50.80,929.9891,-108,-0.50,-101.0,4.0
4,2026-06-21 07:30:43,0.33,0.53,1.68,20.17,0.00,15.64,48.75,930.2631,-101,4.00,-101.0,4.0
3,2026-06-21 07:40:43,0.41,0.65,1.88,23.64,0.00,15.59,49.98,929.9702,-108,-0.50,-102.0,3.75
4,2026-06-21 07:40:43,0.36,0.64,2.05,24.31,0.00,15.46,49.92,930.2906,-102,3.75,-102.0,3.75
3,2026-06-21 07:50:43,0.43,0.68,2.81,33.78,0.00,15.69,49.43,929.9758,-110,-1.50,-101.0,4.75
4,2026-06-21 07:50:43,0.34,0.58,1.68,20.30,0.00,15.63,49.06,930.2783,-101,4.75,-101.0,4.75
3,2026-06-21 08:00:43,0.43,0.68,3.65,105.60,0.00,16.12,47.85,929.9576,-108,0.00,-101.0,4.75
4,2026-06-21 08:00:43,0.35,0.63,2.10,22.06,0.00,15.37,50.50,930.3506,-101,4.75,-101.0,4.75
3,2026-06-21 08:10:43,0.44,0.78,3.33,29.83,0.00,16.65,46.20,929.9475,-108,0.50,-101.0,2.75
4,2026-06-21 08:10:43,0.35,0.61,2.46,27.18,0.00,15.01,51.57,930.4452,-101,2.75,-101.0,2.75
3,2026-06-21 08:20:43,0.38,0.66,8.37,327.67,0.00,16.40,46.75,930.0018,-108,0.25,-101.0,4.5
4,2026-06-21 08:20:43,0.32,0.58,1.96,24.09,0.00,15.26,49.97,930.5081,-101,4.50,-101.0,4.5
3,2026-06-21 08:30:43,0.40,0.64,1.86,13.80,0.00,16.73,46.75,930.0106,-109,-0.75,-101.0,3.5
4,2026-06-21 08:30:43,0.31,0.58,2.18,24.94,0.00,16.77,45.86,930.4790,-101,3.50,-101.0,3.5
3,2026-06-21 08:40:43,0.42,0.70,2.48,21.26,0.00,17.08,46.08,929.9994,-108,-0.50,-101.0,4.0
4,2026-06-21 08:40:43,0.31,0.62,2.03,26.18,0.00,16.40,47.20,930.4982,-101,4.00,-101.0,4.0
3,2026-06-21 08:50:43,0.45,0.70,2.22,22.94,0.00,17.13,46.81,929.9667,-109,-1.50,-101.0,2.75
4,2026-06-21 08:50:43,0.32,0.57,1.76,25.15,0.00,16.84,46.07,930.5054,-101,2.75,-101.0,2.75
3,2026-06-21 09:10:43,0.41,0.73,2.46,31.92,0.00,17.66,44.72,929.7823,-108,-0.25,-101.0,3.0
4,2026-06-21 09:10:43,0.30,0.56,2.70,44.25,0.00,18.29,42.75,930.3277,-101,3.00,-101.0,3.0
3,2026-06-21 09:20:43,0.43,0.69,2.39,21.64,0.00,18.04,44.52,929.8282,-109,-1.50,-101.0,4.75
4,2026-06-21 09:20:43,0.29,0.54,1.73,25.16,0.00,19.35,39.92,930.2217,-101,4.75,-101.0,4.75
3,2026-06-21 09:30:43,0.45,0.74,3.04,45.74,0.00,18.84,42.42,929.7790,-109,-1.75,-100.0,4.75
4,2026-06-21 09:30:43,0.31,0.58,2.76,24.43,0.00,18.66,41.58,930.3116,-100,4.75,-100.0,4.75
3,2026-06-21 09:40:43,0.44,0.70,2.64,25.16,0.00,19.18,43.49,929.8095,-109,-1.50,-101.0,2.25
4,2026-06-21 09:40:43,0.30,0.55,2.17,26.94,0.00,19.02,41.35,930.2516,-101,2.25,-101.0,2.25
3,2026-06-21 09:50:43,0.41,0.63,1.88,25.15,0.00,19.13,41.60,929.7946,-109,-1.00,-102.0,3.75
4,2026-06-21 09:50:43,0.30,0.56,2.15,27.99,0.00,19.46,41.25,930.2339,-102,3.75,-102.0,3.75
3,2026-06-21 10:00:43,0.41,0.66,2.52,25.05,0.00,19.17,43.04,929.7796,-109,-0.25,-101.0,3.0
4,2026-06-21 10:00:43,0.29,0.46,0.90,14.50,0.00,20.37,37.49,930.2840,-101,3.00,-101.0,3.0
3,2026-06-21 10:10:43,0.46,0.70,2.11,19.76,0.00,19.89,42.06,929.7524,-109,-1.00,-101.0,4.5
4,2026-06-21 10:10:43,0.31,0.56,3.02,25.22,0.00,20.04,39.40,930.3043,-101,4.50,-101.0,4.5
3,2026-06-21 10:20:43,0.48,0.70,2.16,27.56,0.00,20.32,40.73,929.7242,-109,-2.00,-101.0,5.0
4,2026-06-21 10:20:43,0.30,0.50,1.66,24.55,0.00,21.34,36.44,930.2180,-101,5.00,-101.0,5.0
3,2026-06-21 10:30:43,0.45,0.78,2.73,35.47,0.00,22.24,37.76,929.6674,-109,-1.50,-101.0,4.75
4,2026-06-21 10:30:43,0.30,0.54,2.17,21.25,0.00,21.61,36.22,930.1667,-101,4.75,-101.0,4.75
3,2026-06-21 10:40:43,0.43,0.66,2.18,29.01,0.00,21.56,38.60,929.7493,-109,-1.25,-101.0,3.0
4,2026-06-21 10:40:43,0.30,0.56,2.43,27.11,0.00,21.74,35.63,930.1384,-101,3.00,-101.0,3.0
3,2026-06-21 10:50:43,0.44,0.65,1.80,20.70,0.00,21.56,39.87,929.7452,-110,-1.25,-102.0,4.5
4,2026-06-21 10:50:43,0.27,0.50,1.64,22.62,0.00,22.38,33.68,930.0997,-102,4.50,-102.0,4.5
3,2026-06-21 11:00:43,0.46,0.72,2.31,25.62,0.00,21.95,38.78,929.7111,-109,-1.00,-102.0,4.25
4,2026-06-21 11:00:43,0.30,0.56,2.34,27.28,0.00,22.31,34.46,930.1079,-102,4.25,-102.0,4.25
3,2026-06-21 11:10:43,0.42,0.67,1.85,25.14,0.00,22.31,38.02,929.6517,-109,-0.50,-102.0,3.25
4,2026-06-21 11:10:43,0.30,0.50,1.77,25.43,0.00,22.65,33.45,930.0799,-102,3.25,-102.0,3.25
3,2026-06-21 11:20:43,0.43,0.71,2.80,35.25,0.00,22.72,37.69,929.6245,-109,-0.50,-102.0,4.25
4,2026-06-21 11:20:43,0.28,0.50,1.77,25.60,0.00,22.96,33.24,930.0640,-102,4.25,-102.0,4.25
3,2026-06-21 11:30:43,0.43,0.68,1.84,25.58,0.00,23.45,36.28,929.6113,-109,-0.75,-101.0,4.75
4,2026-06-21 11:30:43,0.30,0.58,2.62,23.27,0.00,22.95,34.20,930.0556,-101,4.75,-101.0,4.75
3,2026-06-21 11:40:43,0.41,0.70,2.53,23.70,0.00,23.42,36.81,929.5434,-109,-1.25,-102.0,4.25
4,2026-06-21 11:40:43,0.29,0.54,2.95,26.31,0.00,23.13,33.46,929.9918,-102,4.25,-102.0,4.25
3,2026-06-21 11:50:43,0.38,0.61,1.88,22.83,0.00,23.41,36.19,929.4775,-109,-1.00,-102.0,3.75
4,2026-06-21 11:50:43,0.29,0.62,2.28,21.59,0.00,23.37,33.19,929.9350,-102,3.75,-102.0,3.75
3,2026-06-21 12:00:43,0.38,0.67,2.15,19.13,0.00,23.80,35.08,929.3599,-109,-1.25,-101.0,5.25
4,2026-06-21 12:00:43,0.28,0.50,8.01,327.67,0.00,23.71,32.96,929.8270,-101,5.25,-101.0,5.25
3,2026-06-21 12:10:43,0.38,0.69,2.93,29.88,0.00,23.80,35.42,929.2510,-109,-0.50,-102.0,4.0
4,2026-06-21 12:10:43,0.28,0.52,2.54,28.22,0.00,23.99,32.46,929.7002,-102,4.00,-102.0,4.0
3,2026-06-21 12:20:43,0.35,0.62,1.92,19.40,0.00,23.81,34.17,929.1137,-109,-1.50,-102.0,4.5
4,2026-06-21 12:20:43,0.27,0.55,2.18,25.91,0.00,24.47,30.27,929.5874,-102,4.50,-102.0,4.5
3,2026-06-21 12:40:43,0.41,0.75,3.56,99.61,0.00,24.51,33.02,928.9520,-110,-1.50,-102.0,4.5
4,2026-06-21 12:40:43,0.25,0.57,2.14,25.63,0.00,24.66,29.75,929.4021,-102,4.50,-102.0,4.5
3,2026-06-21 12:50:43,0.40,0.68,2.65,24.54,0.00,24.70,32.96,928.8341,-109,-1.75,-101.0,2.75
4,2026-06-21 12:50:43,0.25,0.53,2.72,25.21,0.00,25.03,29.00,929.2836,-101,2.75,-101.0,2.75
3,2026-06-21 13:10:43,0.36,0.65,2.79,26.11,0.00,25.16,32.23,928.5808,-109,-1.50,-101.0,4.5
4,2026-06-21 13:10:43,0.23,0.48,1.75,23.61,0.00,25.41,28.05,929.0242,-101,4.50,-101.0,4.5
3,2026-06-21 13:20:43,0.40,0.68,3.10,26.50,0.00,25.42,31.33,928.4779,-110,-2.25,-102.0,3.5
4,2026-06-21 13:20:43,0.25,0.50,2.28,29.34,0.00,25.77,28.16,928.9058,-102,3.50,-102.0,3.5
3,2026-06-21 13:30:43,0.38,0.69,2.34,23.31,0.00,25.94,31.39,928.3185,-110,-2.00,-103.0,4.0
4,2026-06-21 13:30:43,0.22,0.45,1.53,20.77,0.00,25.81,28.11,928.7750,-103,4.00,-103.0,4.0
3,2026-06-21 13:40:43,0.39,0.66,2.21,26.12,0.00,25.81,31.80,928.1884,-109,-2.25,-102.0,4.25
4,2026-06-21 13:40:43,0.22,0.45,1.62,25.88,0.00,26.08,26.91,928.6371,-102,4.25,-102.0,4.25
3,2026-06-21 13:50:43,0.44,0.65,2.14,24.35,0.00,25.96,32.30,928.0820,-109,-1.25,-104.0,3.25
4,2026-06-21 13:50:43,0.24,0.45,2.13,31.17,0.00,25.90,27.19,928.5030,-104,3.25,-104.0,3.25
3,2026-06-21 14:00:43,0.40,0.62,2.68,34.65,0.00,25.59,33.73,927.8914,-109,0.00,-104.0,2.75
4,2026-06-21 14:00:43,0.26,0.52,2.05,36.49,0.00,26.28,27.64,928.3759,-104,2.75,-104.0,2.75
3,2026-06-21 14:10:43,0.40,0.66,2.56,28.07,0.00,25.67,33.49,927.7972,-110,-2.00,-101.0,4.25
4,2026-06-21 14:10:43,0.25,0.51,2.03,28.20,0.00,25.80,30.00,928.3116,-101,4.25,-101.0,4.25
3,2026-06-21 14:20:43,0.41,0.65,2.55,34.02,0.00,26.60,31.64,927.7255,-110,-1.00,-103.0,3.5
4,2026-06-21 14:20:43,0.25,0.51,2.27,43.42,0.00,26.67,27.83,928.2132,-103,3.50,-103.0,3.5
3,2026-06-21 14:30:43,0.40,0.70,2.63,27.62,0.00,26.96,32.20,927.6281,-109,1.00,-102.0,4.5
4,2026-06-21 14:30:43,0.30,1.49,20.83,327.67,0.00,27.26,26.39,928.1308,-102,4.50,-102.0,4.5
3,2026-06-21 14:40:43,0.37,0.64,3.47,42.30,0.00,26.81,33.01,927.5251,-108,2.00,-103.0,3.25
4,2026-06-21 14:40:43,0.26,0.48,2.39,40.62,0.00,27.38,26.65,928.0691,-103,3.25,-103.0,3.25
3,2026-06-21 14:50:43,0.37,0.62,1.73,15.09,0.00,27.14,31.68,927.4092,-108,0.75,-102.0,4.0
4,2026-06-21 14:50:43,0.29,1.50,12.00,327.67,0.00,28.21,24.64,927.8941,-102,4.00,-102.0,4.0
3,2026-06-21 15:00:43,0.41,0.72,2.20,32.27,0.00,26.90,31.17,927.2904,-108,1.25,-103.0,4.0
4,2026-06-21 15:00:43,0.48,4.39,31.58,327.67,0.00,28.77,22.42,927.7483,-103,4.00,-103.0,4.0
3,2026-06-21 15:10:43,0.37,0.60,2.62,48.27,0.00,27.58,29.94,927.1994,-109,0.50,-102.0,4.0
4,2026-06-21 15:10:43,0.50,4.27,28.57,310.80,0.00,29.03,22.44,927.6130,-102,4.00,-102.0,4.0
3,2026-06-21 15:20:43,0.35,0.57,1.98,14.79,0.00,27.95,29.35,927.0849,-108,0.75,-102.0,3.75
4,2026-06-21 15:20:43,0.53,4.94,31.85,327.67,0.00,28.99,21.34,927.4811,-102,3.75,-102.0,3.75
3,2026-06-21 15:30:43,0.41,0.69,2.11,24.36,0.00,28.25,28.94,926.9689,-108,1.25,-105.0,2.25
4,2026-06-21 15:30:43,0.48,3.84,23.53,327.67,0.00,29.28,20.38,927.3644,-105,2.25,-105.0,2.25
3,2026-06-21 15:40:43,0.36,0.61,2.33,22.12,0.00,28.20,28.27,926.8754,-108,1.50,-103.0,2.25
4,2026-06-21 15:40:43,0.47,3.66,20.89,277.47,0.00,29.24,20.24,927.2362,-103,2.25,-103.0,2.25
3,2026-06-21 15:50:43,0.37,0.66,2.74,44.95,0.00,28.17,27.90,926.7759,-109,-2.25,-102.0,3.0
4,2026-06-21 15:50:43,1.05,11.48,71.63,327.67,0.00,29.47,20.35,927.1291,-102,3.00,-102.0,3.0
3,2026-06-21 16:00:43,0.38,0.64,2.11,26.04,0.00,28.40,26.49,926.7147,-108,1.25,-101.0,4.0
4,2026-06-21 16:00:43,1.44,16.83,102.68,327.67,0.00,29.56,19.75,927.0261,-101,4.00,-101.0,4.0
3,2026-06-21 16:10:43,0.37,0.64,2.48,27.92,0.00,28.61,25.85,926.6752,-109,-0.75,-103.0,2.5
4,2026-06-21 16:10:43,0.80,7.82,50.69,327.67,0.00,29.33,19.37,927.0298,-103,2.50,-103.0,2.5
3,2026-06-21 16:30:43,0.43,0.72,2.50,26.74,0.00,28.90,26.15,926.6131,-110,-0.75,-102.0,4.0
4,2026-06-21 16:30:43,1.17,12.52,74.64,327.67,0.00,29.87,19.18,926.9440,-102,4.00,-102.0,4.0
3,2026-06-21 17:00:43,0.41,0.65,2.28,30.64,0.00,27.92,27.31,926.3953,-109,-1.25,-104.0,2.25
4,2026-06-21 17:00:43,1.41,14.85,82.34,327.67,0.00,29.79,19.05,926.7765,-104,2.25,-104.0,2.25
3,2026-06-21 17:20:43,0.43,0.74,2.42,19.91,0.00,26.97,29.75,926.2008,-111,-3.25,-103.0,2.75
4,2026-06-21 17:20:43,5.81,69.85,327.67,327.67,0.00,28.81,21.88,926.5955,-103,2.75,-103.0,2.75
3,2026-06-21 17:30:43,0.39,0.65,2.06,25.01,0.00,27.07,29.46,926.0902,-110,-2.50,-104.0,1.25
4,2026-06-21 17:30:43,9.42,114.42,327.67,327.67,0.00,29.22,21.96,926.4482,-104,1.25,-104.0,1.25
3,2026-06-21 17:50:43,0.40,0.70,2.81,36.65,0.00,26.37,28.23,925.9108,-110,-2.00,-102.0,3.0
4,2026-06-21 17:50:43,10.30,120.91,327.67,327.67,0.00,28.49,21.51,926.2962,-102,3.00,-102.0,3.0
3,2026-06-21 18:00:43,0.36,0.62,2.48,20.19,0.00,26.35,27.76,925.8437,-110,-3.25,-102.0,3.5
4,2026-06-21 18:00:43,3.29,34.48,167.60,327.67,0.00,28.39,20.14,926.2973,-102,3.50,-102.0,3.5
3,2026-06-21 18:20:43,0.42,0.77,2.85,27.47,0.00,26.53,26.18,925.7449,-109,-0.25,-104.0,1.25
4,2026-06-21 18:20:43,5.10,55.62,281.78,327.67,0.00,28.18,20.28,926.1346,-104,1.25,-104.0,1.25
3,2026-06-21 18:30:43,0.44,0.77,3.52,29.29,0.00,26.56,25.42,925.6956,-109,-2.25,-103.0,0.25
4,2026-06-21 18:30:43,3.84,40.73,195.93,327.67,0.00,27.75,19.66,926.0931,-103,0.25,-103.0,0.25
3,2026-06-21 18:40:43,0.40,0.82,4.56,36.62,0.00,26.57,24.70,925.6266,-109,0.00,-104.0,2.5
4,2026-06-21 18:40:43,4.14,44.25,197.45,327.67,0.00,27.23,20.64,925.9903,-104,2.50,-104.0,2.5
3,2026-06-21 18:50:43,0.42,0.79,4.43,32.63,0.00,26.46,25.41,925.5680,-110,-2.50,-101.0,2.5
4,2026-06-21 18:50:43,4.72,51.53,241.38,327.67,0.00,27.17,19.92,925.9822,-101,2.50,-101.0,2.5
3,2026-06-21 19:40:43,0.53,1.03,5.32,50.52,0.00,26.22,24.25,925.5530,-110,-4.00,-104.0,1.5
4,2026-06-21 19:40:43,14.53,167.58,327.67,327.67,0.00,26.36,21.05,925.9786,-104,1.50,-104.0,1.5
3,2026-06-21 19:50:43,0.52,0.97,3.97,27.62,0.00,26.52,24.38,925.5594,-109,-1.50,-102.0,1.5
4,2026-06-21 19:50:43,14.34,158.36,327.67,327.67,0.00,26.11,21.40,925.9980,-102,1.50,-102.0,1.5
3,2026-06-21 20:00:43,0.51,0.89,3.88,46.93,0.00,26.42,22.48,925.6347,-109,-1.75,-103.0,1.5
4,2026-06-21 20:00:43,20.48,237.58,327.67,327.67,0.00,26.09,21.09,926.0075,-103,1.50,-103.0,1.5
3,2026-06-21 20:10:43,0.46,0.80,2.85,20.91,0.00,26.62,23.48,925.6201,-110,-3.00,-103.0,1.5
4,2026-06-21 20:10:43,22.76,274.35,327.67,327.67,0.00,26.21,20.87,926.0546,-103,1.50,-103.0,1.5
3,2026-06-21 20:30:43,0.58,1.15,6.56,40.97,0.00,26.63,21.68,925.6243,-109,-3.50,-101.0,3.5
4,2026-06-21 20:30:43,14.80,166.94,327.67,327.67,0.00,25.41,21.77,926.0826,-101,3.50,-101.0,3.5
4,2026-06-21 20:40:43,17.56,198.67,327.67,327.67,0.00,25.06,21.66,926.0750,-104,2.50,-104.0,2.5
4,2026-06-21 20:50:43,15.37,172.65,327.67,327.67,0.00,24.75,21.93,926.0499,-102,4.00,-102.0,4.0
4,2026-06-21 21:00:43,10.01,110.02,327.67,327.67,0.00,24.56,21.91,926.0439,-104,2.25,-104.0,2.25
4,2026-06-21 21:10:43,6.12,66.49,299.37,327.67,0.00,23.50,23.61,926.0928,-101,4.50,-101.0,4.5
4,2026-06-21 21:20:43,9.57,111.34,327.67,327.67,0.00,21.51,26.05,926.0943,-102,3.75,-102.0,3.75
4,2026-06-21 21:30:43,8.18,95.11,327.67,327.67,0.00,20.66,27.68,926.1690,-100,5.00,-100.0,5.0
3,2026-06-21 21:40:43,0.36,0.74,5.12,39.53,0.00,23.62,24.63,925.6800,-110,-4.75,-104.0,2.5
4,2026-06-21 21:40:43,2.81,30.66,153.30,327.67,0.00,20.61,28.03,926.2179,-104,2.50,-104.0,2.5
3,2026-06-21 22:00:43,0.33,0.68,4.09,34.38,0.00,20.81,29.26,925.7609,-110,-3.00,-101.0,2.25
4,2026-06-21 22:00:43,10.19,130.19,327.67,327.67,0.00,20.09,28.96,926.3400,-101,2.25,-101.0,2.25
3,2026-06-21 22:10:43,0.33,0.71,3.30,43.18,0.00,20.41,30.82,925.8597,-109,-2.25,-103.0,3.0
4,2026-06-21 22:10:43,10.55,132.27,327.67,327.67,0.00,19.98,29.00,926.4415,-103,3.00,-103.0,3.0
3,2026-06-21 22:30:43,0.29,0.59,4.63,37.97,0.00,19.92,32.34,926.0693,-109,-1.50,-103.0,2.0
4,2026-06-21 22:30:43,4.31,52.78,263.26,327.67,0.00,19.78,29.18,926.6621,-103,2.00,-103.0,2.0
4,2026-06-21 22:40:43,1.70,18.12,83.59,327.67,0.00,19.42,30.53,926.6952,-103,3.25,-103.0,3.25
3,2026-06-21 23:00:43,0.29,0.60,2.84,27.67,0.00,19.39,33.34,926.2717,-110,-3.00,-103.0,2.0
4,2026-06-21 23:00:43,0.44,2.68,10.34,184.36,0.00,19.10,31.48,926.7407,-103,2.00,-103.0,2.0
3,2026-06-21 23:10:43,0.29,0.64,3.11,33.76,0.00,19.21,33.57,926.3857,-110,-2.50,-104.0,2.0
4,2026-06-21 23:10:43,0.64,5.36,27.76,327.67,0.00,19.22,30.78,926.8602,-104,2.00,-104.0,2.0
3,2026-06-21 23:20:43,0.26,0.49,2.10,25.53,0.00,18.76,34.83,926.4836,-110,-1.00,-102.0,1.75
4,2026-06-21 23:20:43,3.13,37.60,186.74,327.67,0.00,18.88,31.50,926.9565,-102,1.75,-102.0,1.75
3,2026-06-21 23:40:43,0.25,0.47,2.84,31.82,0.00,17.84,36.77,926.7190,-109,-1.75,-102.0,1.75
4,2026-06-21 23:40:43,4.56,57.85,300.78,327.67,0.00,18.56,31.98,927.1844,-102,1.75,-102.0,1.75
3,2026-06-21 23:50:43,0.26,0.63,3.66,26.68,0.00,18.33,35.09,926.8243,-108,-0.50,-103.0,1.5
4,2026-06-21 23:50:43,1.53,16.40,80.26,327.67,0.00,18.34,32.44,927.3443,-103,1.50,-103.0,1.5
3,2026-06-22 00:10:43,0.23,0.47,2.81,29.77,0.00,17.57,36.78,927.1451,-109,-2.00,-103.0,3.0
4,2026-06-22 00:10:43,0.26,0.73,3.93,33.54,0.00,17.89,33.50,927.6510,-103,3.00,-103.0,3.0
3,2026-06-22 00:20:43,0.23,0.44,2.92,28.63,0.00,17.68,36.51,927.3622,-109,-2.50,-104.0,2.5
4,2026-06-22 00:20:43,0.38,1.73,8.09,263.39,0.00,17.77,34.14,927.8632,-104,2.50,-104.0,2.5
3,2026-06-22 00:40:43,0.22,0.45,3.34,25.11,0.04,16.02,42.26,927.7376,-110,-3.25,-103.0,3.0
4,2026-06-22 00:40:43,1.27,14.95,84.77,327.67,0.00,17.23,35.39,928.2051,-103,3.00,-103.0,3.0
3,2026-06-22 00:50:43,0.23,0.51,2.59,25.21,0.16,15.33,43.65,927.8938,-108,0.00,-102.0,3.75
4,2026-06-22 00:50:43,0.22,0.51,2.82,32.16,0.00,16.78,37.07,928.4348,-102,3.75,-102.0,3.75
3,2026-06-22 01:00:43,0.22,0.46,2.67,45.16,0.00,15.36,42.71,928.0116,-109,-1.25,-102.0,2.0
4,2026-06-22 01:00:43,0.22,0.46,1.94,26.21,0.00,16.21,38.66,928.5762,-102,2.00,-102.0,2.0
3,2026-06-22 01:10:43,0.22,0.48,2.56,34.88,0.00,15.35,42.99,928.1689,-109,-0.75,-103.0,3.5
4,2026-06-22 01:10:43,0.21,0.49,2.69,28.08,0.00,16.18,38.36,928.6581,-103,3.50,-103.0,3.5
3,2026-06-22 01:20:43,0.25,0.59,2.85,24.43,0.00,15.29,44.04,928.3000,-109,-2.00,-103.0,1.75
4,2026-06-22 01:20:43,0.21,0.43,2.43,24.94,0.00,16.28,38.92,928.7298,-103,1.75,-103.0,1.75
3,2026-06-22 01:30:43,0.24,0.48,2.59,24.44,0.00,14.80,44.74,928.3181,-109,-1.75,-103.0,2.25
4,2026-06-22 01:30:43,0.20,0.42,2.06,36.82,0.97,15.96,40.09,928.7244,-103,2.25,-103.0,2.25
3,2026-06-22 01:40:43,0.24,0.53,2.01,22.87,0.00,15.00,43.29,928.3259,-110,-2.25,-103.0,3.0
4,2026-06-22 01:40:43,0.22,0.46,2.26,31.61,0.00,15.48,43.40,928.7442,-103,3.00,-103.0,3.0
3,2026-06-22 01:50:43,0.23,0.49,3.24,28.67,0.00,14.63,44.66,928.3877,-110,-3.00,-103.0,3.75
4,2026-06-22 01:50:43,0.22,0.45,2.46,43.56,0.00,15.11,44.57,928.7730,-103,3.75,-103.0,3.75
3,2026-06-22 02:00:43,0.23,0.50,2.35,22.73,0.00,14.26,45.58,928.5186,-109,-1.50,-102.0,3.5
4,2026-06-22 02:00:43,0.22,0.49,2.22,34.17,0.00,15.13,43.19,928.8713,-102,3.50,-102.0,3.5
3,2026-06-22 02:40:43,0.19,0.39,1.54,21.77,0.00,15.22,41.68,928.7933,-109,-2.50,-103.0,2.25
4,2026-06-22 02:40:43,0.21,0.42,2.32,22.49,0.00,14.96,42.19,929.1994,-103,2.25,-103.0,2.25
3,2026-06-22 02:50:43,0.20,0.44,2.20,26.53,0.00,15.26,41.65,928.7684,-110,-2.00,-103.0,2.0
4,2026-06-22 02:50:43,0.19,0.39,1.73,27.45,0.00,14.72,42.72,929.2262,-103,2.00,-103.0,2.0
3,2026-06-22 03:10:43,0.21,0.47,2.09,43.99,0.00,15.36,40.90,928.8936,-109,-2.25,-103.0,1.5
4,2026-06-22 03:10:43,0.31,1.49,7.76,125.93,0.00,13.86,44.43,929.2346,-103,1.50,-103.0,1.5
3,2026-06-22 03:20:43,0.21,0.49,2.52,26.48,0.00,15.10,41.37,928.9519,-109,-2.50,-104.0,2.25
4,2026-06-22 03:20:43,0.20,0.36,1.73,24.93,0.00,14.36,43.69,929.2489,-104,2.25,-104.0,2.25
3,2026-06-22 03:30:43,0.20,0.43,1.94,21.85,0.00,15.02,41.47,928.9263,-108,-2.00,-103.0,2.0
4,2026-06-22 03:30:43,0.21,0.48,2.76,27.15,0.00,14.04,44.92,929.2727,-103,2.00,-103.0,2.0
3,2026-06-22 03:50:43,0.21,0.46,2.79,39.63,0.00,14.34,43.12,928.9207,-109,-2.00,-103.0,1.5
4,2026-06-22 03:50:43,0.22,0.46,1.87,20.86,0.00,13.85,45.07,929.2270,-103,1.50,-103.0,1.5
3,2026-06-22 04:10:43,0.22,0.47,2.04,26.17,0.00,13.79,45.00,928.9241,-109,-2.25,-103.0,1.5
4,2026-06-22 04:10:43,0.24,0.49,1.93,26.46,0.00,11.31,53.43,929.3094,-103,1.50,-103.0,1.5
3,2026-06-22 04:40:43,0.23,0.48,2.55,25.04,0.00,12.44,49.90,928.8034,-110,-2.25,-102.0,2.25
4,2026-06-22 04:40:43,0.26,0.50,2.03,30.32,0.00,10.90,54.14,929.2429,-102,2.25,-102.0,2.25
3,2026-06-22 05:00:43,0.21,0.43,2.03,25.32,0.00,12.01,53.37,928.8081,-109,-1.50,-103.0,3.0
4,2026-06-22 05:00:43,0.26,0.53,2.38,25.66,0.00,10.64,55.13,929.1872,-103,3.00,-103.0,3.0
3,2026-06-22 05:20:43,0.22,0.49,2.45,20.82,0.00,12.04,52.79,928.8669,-109,-1.75,-102.0,2.5
4,2026-06-22 05:20:43,0.28,0.57,2.53,27.22,0.00,10.36,57.07,929.2745,-102,2.50,-102.0,2.5
3,2026-06-22 05:30:43,0.24,0.56,2.59,26.09,0.00,12.51,53.27,928.8693,-110,-3.25,-103.0,2.75
4,2026-06-22 05:30:43,0.26,0.60,3.28,37.49,0.00,10.90,55.25,929.2498,-103,2.75,-103.0,2.75
3,2026-06-22 05:40:43,0.25,0.59,2.97,46.47,0.00,12.86,49.40,928.8126,-108,-0.50,-103.0,3.5
4,2026-06-22 05:40:43,0.25,0.58,3.86,51.43,0.00,11.63,53.38,929.2248,-103,3.50,-103.0,3.5
3,2026-06-22 05:50:43,0.23,0.49,2.08,30.49,0.00,13.60,47.84,928.9059,-109,-1.00,-101.0,4.25
4,2026-06-22 05:50:43,0.25,0.55,2.28,33.52,0.00,12.12,51.42,929.3326,-101,4.25,-101.0,4.25
3,2026-06-22 06:10:43,0.22,0.48,2.17,33.15,0.00,14.82,45.44,929.0011,-109,-1.75,-100.0,3.0
4,2026-06-22 06:10:43,0.23,0.49,2.86,26.74,0.00,13.54,48.70,929.4333,-100,3.00,-100.0,3.0
3,2026-06-22 06:20:43,0.21,0.45,3.12,34.88,0.00,15.13,43.28,928.9283,-109,-1.25,-101.0,4.5
4,2026-06-22 06:20:43,0.22,0.51,2.10,23.66,0.00,13.69,47.74,929.3912,-101,4.50,-101.0,4.5
3,2026-06-22 06:30:43,0.23,0.49,2.92,25.59,0.00,15.08,43.02,928.9181,-110,-3.00,-102.0,3.0
4,2026-06-22 06:30:43,0.21,0.51,3.44,38.03,0.00,15.11,44.49,929.3639,-102,3.00,-102.0,3.0
3,2026-06-22 06:40:43,0.24,0.47,2.86,30.82,0.00,15.23,44.30,928.9314,-109,-1.00,-101.0,3.0
4,2026-06-22 06:40:43,0.19,0.47,2.57,24.01,0.00,15.70,43.10,929.3641,-101,3.00,-101.0,3.0
3,2026-06-22 06:50:43,0.23,0.50,1.99,30.90,0.00,15.82,42.43,928.9239,-109,-2.25,-101.0,3.75
4,2026-06-22 06:50:43,0.21,0.51,2.58,29.29,0.00,15.70,43.32,929.3884,-101,3.75,-101.0,3.75
3,2026-06-22 07:10:43,0.25,0.51,3.03,32.32,0.00,15.02,43.82,928.9558,-109,-1.25,-102.0,3.75
4,2026-06-22 07:10:43,0.20,0.39,1.23,14.48,0.00,15.88,40.57,929.2752,-102,3.75,-102.0,3.75
3,2026-06-22 07:30:43,0.24,0.52,2.83,21.76,0.00,15.94,40.96,928.9507,-110,-3.50,-100.0,4.5
4,2026-06-22 07:30:43,0.21,0.43,2.24,26.74,0.00,16.70,38.98,929.2810,-100,4.50,-100.0,4.5
3,2026-06-22 07:40:43,0.26,0.54,2.90,25.35,0.00,14.95,43.89,928.8955,-109,-0.75,-101.0,4.0
4,2026-06-22 07:40:43,0.20,0.53,3.03,31.48,0.00,15.94,40.95,929.2055,-101,4.00,-101.0,4.0
3,2026-06-22 07:50:43,0.24,0.49,2.38,30.80,0.00,14.48,46.05,928.9290,-109,-1.00,-102.0,4.0
4,2026-06-22 07:50:43,0.20,0.46,1.91,24.15,0.00,15.26,43.36,929.2504,-102,4.00,-102.0,4.0
3,2026-06-22 08:00:43,0.22,0.50,2.70,39.11,0.00,14.40,46.61,928.9597,-109,-0.75,-100.0,4.75
4,2026-06-22 08:00:43,0.20,0.47,2.40,28.42,0.00,14.92,44.45,929.2775,-100,4.75,-100.0,4.75
3,2026-06-22 08:30:43,0.25,0.56,2.94,21.75,0.00,15.75,44.67,929.0554,-109,-0.75,-101.0,4.25
4,2026-06-22 08:30:43,0.23,0.48,2.14,27.97,0.00,15.25,44.22,929.4500,-101,4.25,-101.0,4.25
3,2026-06-22 08:50:43,0.27,0.50,1.75,21.89,0.00,16.89,41.56,928.9057,-108,0.50,-100.0,5.25
4,2026-06-22 08:50:43,0.17,0.40,2.19,29.39,0.00,17.92,37.80,929.3077,-100,5.25,-100.0,5.25
3,2026-06-22 09:00:43,0.26,0.52,2.60,29.21,0.00,17.36,40.49,928.7701,-108,0.00,-100.0,4.75
4,2026-06-22 09:00:43,0.20,0.76,3.19,63.79,0.00,18.65,35.83,929.2625,-100,4.75,-100.0,4.75
3,2026-06-22 09:10:43,0.27,0.48,2.08,24.21,0.00,17.69,40.78,928.7828,-109,-1.00,-101.0,4.25
4,2026-06-22 09:10:43,0.28,1.52,7.42,114.08,0.00,19.15,35.06,929.1329,-101,4.25,-101.0,4.25
3,2026-06-22 09:20:43,0.28,0.53,2.04,20.90,0.00,18.05,40.26,928.7525,-108,-0.25,-101.0,1.75
4,2026-06-22 09:20:43,0.16,0.39,1.48,23.29,0.00,18.90,36.11,929.1575,-101,1.75,-101.0,1.75
3,2026-06-22 09:30:43,0.28,0.47,1.37,19.65,0.00,18.26,39.01,928.6249,-108,-0.25,-102.0,4.5
4,2026-06-22 09:30:43,0.18,0.43,1.82,23.25,0.00,17.80,37.53,929.2204,-102,4.50,-102.0,4.5
3,2026-06-22 09:40:43,0.29,0.52,2.18,24.34,0.00,18.72,39.06,928.6759,-109,-1.00,-101.0,4.25
4,2026-06-22 09:40:43,3.50,42.29,214.12,327.67,0.00,20.18,33.72,928.9793,-101,4.25,-101.0,4.25
3,2026-06-22 09:50:43,0.29,0.48,1.67,15.62,0.00,18.68,38.76,928.4877,-110,-1.25,-101.0,3.25
4,2026-06-22 09:50:43,0.35,2.29,9.31,108.69,0.00,19.91,34.63,928.9588,-101,3.25,-101.0,3.25
3,2026-06-22 10:00:43,0.33,0.53,1.90,29.84,0.00,19.76,36.48,928.3867,-110,-1.00,-101.0,3.25
4,2026-06-22 10:00:43,0.18,0.72,3.28,50.68,0.00,20.12,33.92,928.9062,-101,3.25,-101.0,3.25
3,2026-06-22 10:10:43,0.29,0.52,2.02,22.57,0.00,20.61,36.02,928.3824,-110,-2.00,-100.0,3.5
4,2026-06-22 10:10:43,0.33,2.38,11.84,181.35,0.00,20.93,32.57,928.7782,-100,3.50,-100.0,3.5
3,2026-06-22 10:20:43,0.28,0.50,1.48,25.38,0.00,20.08,37.32,928.3342,-110,-3.25,-100.0,5.5
4,2026-06-22 10:20:43,0.97,10.16,48.25,327.67,0.00,20.87,32.65,928.6720,-100,5.50,-100.0,5.5
3,2026-06-22 10:30:43,0.28,0.48,1.86,22.37,0.00,20.06,37.68,928.2902,-109,-1.25,-101.0,3.5
4,2026-06-22 10:30:43,0.24,1.01,3.86,73.31,0.00,20.77,32.84,928.6788,-101,3.50,-101.0,3.5
3,2026-06-22 10:40:43,0.25,0.45,1.84,21.76,0.00,20.06,37.20,928.2123,-109,-1.75,-101.0,4.0
4,2026-06-22 10:40:43,0.16,0.40,2.55,30.71,0.00,20.72,33.47,928.7204,-101,4.00,-101.0,4.0
3,2026-06-22 10:50:43,0.28,0.50,2.21,29.99,0.00,21.18,36.40,928.2435,-109,-0.50,-101.0,4.25
4,2026-06-22 10:50:43,0.20,0.68,2.98,73.64,0.00,21.02,32.68,928.6766,-101,4.25,-101.0,4.25
3,2026-06-22 11:00:43,0.28,0.54,2.73,27.41,0.00,21.74,34.54,928.2435,-109,-0.25,-101.0,2.75
4,2026-06-22 11:00:43,0.35,2.49,14.19,327.67,0.00,20.73,33.19,928.6033,-101,2.75,-101.0,2.75
3,2026-06-22 11:10:43,0.28,0.54,1.83,20.70,0.00,21.82,35.14,928.1674,-108,-0.25,-101.0,4.5
4,2026-06-22 11:10:43,0.18,0.41,1.61,22.60,0.00,21.98,30.90,928.5740,-101,4.50,-101.0,4.5
3,2026-06-22 11:20:43,0.30,0.53,2.02,25.91,0.00,22.64,33.29,928.1408,-109,-1.00,-103.0,4.0
4,2026-06-22 11:20:43,0.18,0.38,1.73,15.42,0.00,22.96,30.18,928.5147,-103,4.00,-103.0,4.0
3,2026-06-22 11:30:43,0.28,0.52,1.51,21.58,0.00,24.17,30.16,927.9513,-110,-1.25,-101.0,4.0
4,2026-06-22 11:30:43,0.18,0.62,3.29,127.77,0.00,23.27,29.12,928.3561,-101,4.00,-101.0,4.0
3,2026-06-22 11:40:43,0.32,0.60,1.99,28.57,0.00,24.10,30.85,927.8573,-110,-2.25,-100.0,4.5
4,2026-06-22 11:40:43,0.20,0.73,3.51,48.59,0.00,23.52,28.74,928.2470,-100,4.50,-100.0,4.5
3,2026-06-22 11:50:43,0.33,0.55,3.14,29.88,0.00,24.09,31.89,927.7963,-110,-1.75,-102.0,4.0
4,2026-06-22 11:50:43,0.36,2.19,11.25,238.32,0.00,23.68,29.01,928.1613,-102,4.00,-102.0,4.0
3,2026-06-22 12:00:43,0.27,0.50,2.56,28.91,0.00,23.33,33.14,927.7372,-111,-3.00,-103.0,3.75
4,2026-06-22 12:00:43,0.19,0.51,2.59,54.82,0.00,24.04,27.94,928.1602,-103,3.75,-103.0,3.75
3,2026-06-22 12:20:43,0.29,0.52,1.51,26.06,0.00,22.84,34.26,927.6270,-109,-0.25,-100.0,4.5
4,2026-06-22 12:20:43,0.20,0.80,2.88,39.11,0.00,24.89,27.28,928.0523,-100,4.50,-100.0,4.5
3,2026-06-22 12:40:43,0.26,0.46,1.19,20.66,0.00,23.15,33.62,927.3783,-110,-2.00,-99.0,5.25
4,2026-06-22 12:40:43,0.17,0.66,2.30,64.90,0.00,25.05,27.51,927.8439,-99,5.25,-99.0,5.25
3,2026-06-22 12:50:43,0.29,0.49,2.27,75.20,0.00,24.01,32.42,927.2295,-110,-4.00,-101.0,4.75
4,2026-06-22 12:50:43,0.46,4.05,23.18,327.67,0.00,25.56,27.12,927.6652,-101,4.75,-101.0,4.75
3,2026-06-22 13:10:43,0.30,0.52,1.49,26.08,0.00,23.82,32.78,927.0687,-110,-1.50,-104.0,3.0
4,2026-06-22 13:10:43,0.60,5.88,32.76,327.67,0.00,24.58,28.53,927.5084,-104,3.00,-104.0,3.0
3,2026-06-22 13:20:43,0.32,0.56,1.90,27.22,0.00,24.05,31.50,926.9594,-110,-3.00,-101.0,4.25
4,2026-06-22 13:20:43,0.66,6.42,36.45,327.67,0.00,24.98,27.91,927.4016,-101,4.25,-101.0,4.25
3,2026-06-22 13:30:43,0.28,0.49,2.05,27.47,0.00,23.66,33.73,926.8825,-109,-0.50,-100.0,4.25
4,2026-06-22 13:30:43,0.76,7.29,35.07,327.67,0.00,24.54,28.35,927.2960,-100,4.25,-100.0,4.25
3,2026-06-22 13:40:43,0.29,0.51,1.39,25.75,0.00,23.50,35.02,926.7402,-109,-1.00,-102.0,4.5
4,2026-06-22 13:40:43,0.19,0.76,3.85,59.20,0.00,23.88,29.09,927.2361,-102,4.50,-102.0,4.5
3,2026-06-22 13:50:43,0.27,0.60,2.26,28.55,0.00,22.84,36.19,926.6441,-107,1.00,-102.0,3.5
4,2026-06-22 13:50:43,0.17,0.41,2.58,31.08,0.00,23.96,29.20,927.2252,-102,3.50,-102.0,3.5
3,2026-06-22 14:00:43,0.26,0.52,2.07,26.64,0.00,22.69,36.66,926.4847,-110,-1.50,-101.0,4.0
4,2026-06-22 14:00:43,0.36,2.98,13.88,327.67,0.00,24.56,29.38,927.0550,-101,4.00,-101.0,4.0
3,2026-06-22 14:10:43,0.24,0.50,2.00,17.28,0.00,22.16,36.75,926.4079,-108,1.00,-103.0,3.25
4,2026-06-22 14:10:43,2.18,27.39,146.46,327.67,0.00,24.31,29.47,926.9537,-103,3.25,-103.0,3.25
3,2026-06-22 14:20:43,0.23,0.49,1.90,21.25,0.00,21.86,36.92,926.4134,-107,0.00,-105.0,-0.25
4,2026-06-22 14:20:43,2.82,34.86,180.78,327.67,0.00,23.93,30.19,926.9067,-105,-0.25,-105.0,-0.25
3,2026-06-22 14:30:43,0.27,0.55,2.39,34.55,0.00,22.24,36.69,926.4360,-109,-1.50,-103.0,2.25
4,2026-06-22 14:30:43,1.98,23.99,125.00,327.67,0.00,23.79,30.50,926.8705,-103,2.25,-103.0,2.25
3,2026-06-22 14:40:43,0.22,0.48,1.06,10.03,0.00,22.45,36.83,926.3402,-108,0.25,-103.0,1.75
4,2026-06-22 14:40:43,3.40,41.50,209.44,327.67,0.00,23.37,30.90,926.7817,-103,1.75,-103.0,1.75
3,2026-06-22 15:00:43,0.24,0.50,2.03,24.99,0.00,21.84,37.42,926.1704,-108,-0.25,-103.0,2.25
4,2026-06-22 15:00:43,2.91,36.37,182.20,327.67,0.00,22.90,32.09,926.7180,-103,2.25,-103.0,2.25
3,2026-06-22 15:10:43,0.21,0.44,5.61,327.67,0.00,21.72,37.30,926.1457,-108,0.25,-105.0,1.5
4,2026-06-22 15:10:43,3.64,46.89,245.68,327.67,0.00,22.51,33.34,926.7357,-105,1.50,-105.0,1.5
3,2026-06-22 15:20:43,0.21,0.47,1.91,20.97,0.00,21.65,37.34,926.2446,-108,-0.25,-103.0,2.25
4,2026-06-22 15:20:43,0.64,6.95,32.64,327.67,0.00,21.94,32.99,926.7777,-103,2.25,-103.0,2.25
3,2026-06-22 15:30:43,0.21,0.41,1.32,23.22,0.00,22.17,36.22,926.4059,-108,-0.25,-103.0,2.0
4,2026-06-22 15:30:43,0.13,0.93,5.22,182.63,0.00,22.07,32.43,926.7830,-103,2.00,-103.0,2.0
3,2026-06-22 15:40:43,0.21,0.43,1.38,23.87,0.00,23.45,34.35,926.3899,-108,0.50,-103.0,2.0
4,2026-06-22 15:40:43,0.06,0.19,0.61,16.39,0.00,21.51,33.20,926.8265,-103,2.00,-103.0,2.0
3,2026-06-22 15:50:43,0.18,0.36,2.00,27.37,0.00,23.94,33.93,926.4056,-108,0.25,-102.0,4.0
4,2026-06-22 15:50:43,0.28,3.49,22.58,327.67,0.00,22.27,31.41,926.7301,-102,4.00,-102.0,4.0
3,2026-06-22 16:10:43,0.22,0.42,1.59,29.29,0.00,24.11,31.72,926.3783,-108,0.50,-103.0,2.0
4,2026-06-22 16:10:43,0.08,0.50,2.53,117.14,0.00,21.97,33.03,926.6967,-103,2.00,-103.0,2.0
3,2026-06-22 17:10:43,0.19,0.42,2.33,23.82,0.00,21.91,35.01,926.0116,-109,-0.25,-103.0,2.75
4,2026-06-22 17:10:43,0.12,1.19,8.34,327.67,0.22,20.80,33.28,926.6421,-103,2.75,-103.0,2.75
3,2026-06-22 17:50:43,0.20,0.47,1.64,30.62,0.00,21.66,34.58,925.7739,-109,-0.50,-105.0,2.25
4,2026-06-22 17:50:43,0.25,2.62,14.55,327.67,0.00,22.89,30.60,926.3059,-105,2.25,-105.0,2.25
3,2026-06-22 18:00:43,0.19,0.43,1.63,20.25,0.08,21.77,35.04,925.7110,-110,-1.50,-105.0,1.5
4,2026-06-22 18:00:43,1.42,17.29,82.53,327.67,0.11,22.86,30.73,926.1831,-105,1.50,-105.0,1.5
3,2026-06-22 18:10:43,0.20,0.54,2.90,38.42,0.00,22.24,34.53,925.6532,-109,-1.50,-104.0,1.5
4,2026-06-22 18:10:43,0.74,9.42,53.24,327.67,0.02,21.49,33.15,926.1909,-104,1.50,-104.0,1.5
3,2026-06-22 18:20:43,0.21,0.45,1.74,19.60,0.00,22.85,33.84,925.5945,-108,1.50,-104.0,1.0
4,2026-06-22 18:20:43,0.08,0.69,5.45,180.11,0.00,22.04,32.75,926.1502,-104,1.00,-104.0,1.0
3,2026-06-22 18:30:43,0.23,0.52,1.86,19.77,0.00,23.99,32.92,925.5307,-107,1.25,-103.0,1.75
4,2026-06-22 18:30:43,0.04,0.19,1.42,25.78,0.00,23.06,30.77,926.1582,-103,1.75,-103.0,1.75
3,2026-06-22 18:50:43,0.31,0.61,1.75,22.43,0.00,24.28,31.95,925.4890,-108,-0.25,-103.0,3.25
4,2026-06-22 18:50:43,11.51,145.58,327.67,327.67,0.15,25.62,27.19,925.9059,-103,3.25,-103.0,3.25
3,2026-06-22 19:20:43,0.38,0.78,4.51,35.27,0.00,23.64,31.73,925.1676,-109,-1.00,-104.0,2.5
4,2026-06-22 19:20:43,13.93,170.30,327.67,327.67,0.00,25.84,27.07,925.6717,-104,2.50,-104.0,2.5
3,2026-06-22 19:30:43,0.24,0.49,1.87,26.01,0.00,23.77,32.12,925.1437,-109,-1.50,-101.0,3.75
4,2026-06-22 19:30:43,15.17,188.09,327.67,327.67,0.00,25.80,27.36,925.5761,-101,3.75,-101.0,3.75
4,2026-06-22 19:40:42,21.33,267.10,327.67,327.67,0.00,25.84,27.03,925.4956,-103,4.75,-103.0,4.75
3,2026-06-22 19:50:43,0.35,0.83,2.88,21.59,0.00,23.66,31.56,925.0610,-109,-1.00,-101.0,4.0
4,2026-06-22 19:50:43,19.69,239.19,327.67,327.67,0.00,25.23,27.05,925.4265,-101,4.00,-101.0,4.0
4,2026-06-22 20:10:42,26.86,327.67,327.67,327.67,0.00,23.24,30.42,925.2393,-102,4.25,-102.0,4.25
4,2026-06-22 20:30:42,5.51,71.46,327.67,327.67,0.00,21.36,32.98,925.3658,-104,2.75,-104.0,2.75
3,2026-06-22 20:50:43,0.27,0.70,3.33,22.73,0.00,22.50,33.28,924.8818,-110,-2.00,-105.0,0.75
4,2026-06-22 20:50:43,4.86,61.81,294.70,327.67,0.00,23.14,30.55,925.3535,-105,0.75,-105.0,0.75
3,2026-06-22 21:00:43,0.29,0.73,3.77,45.77,0.00,22.24,34.74,924.8428,-109,-2.00,-102.0,3.5
4,2026-06-22 21:00:43,6.98,85.39,327.67,327.67,0.00,23.83,29.82,925.3751,-102,3.50,-102.0,3.5
3,2026-06-22 21:10:43,0.23,0.54,2.71,36.51,0.00,21.67,35.82,924.7987,-108,-1.00,-103.0,3.0
4,2026-06-22 21:10:43,7.77,95.82,327.67,327.67,0.00,23.39,30.95,925.3495,-103,3.00,-103.0,3.0
3,2026-06-22 21:30:43,0.21,0.45,3.20,32.92,0.00,20.93,38.00,924.7883,-110,-2.75,-102.0,4.0
4,2026-06-22 21:30:43,3.19,39.97,190.80,327.67,0.00,22.52,32.37,925.3746,-102,4.00,-102.0,4.0
3,2026-06-22 21:50:43,0.16,0.39,2.22,35.30,0.00,19.67,40.17,924.7724,-108,-1.00,-99.0,5.25
4,2026-06-22 21:50:43,1.10,13.95,66.16,327.67,0.00,19.11,37.89,925.3857,-99,5.25,-99.0,5.25
3,2026-06-22 22:10:43,0.18,0.45,2.46,31.71,0.00,18.56,41.76,924.9172,-110,-3.50,-102.0,4.0
4,2026-06-22 22:10:43,0.81,10.02,51.70,327.67,0.00,18.19,39.88,925.5072,-102,4.00,-102.0,4.0
3,2026-06-22 22:20:43,0.14,0.38,1.96,31.08,0.00,16.99,44.90,924.9409,-109,-0.25,-103.0,2.75
4,2026-06-22 22:20:43,1.95,24.72,120.70,327.67,0.00,18.04,39.91,925.4729,-103,2.75,-103.0,2.75
3,2026-06-22 22:50:43,0.08,0.30,2.58,29.20,0.00,15.70,49.73,924.9314,-111,-3.25,-103.0,2.75
4,2026-06-22 22:50:43,12.66,182.20,327.67,327.67,0.00,16.93,43.86,925.2722,-103,2.75,-103.0,2.75
3,2026-06-22 23:10:43,0.08,0.32,2.69,25.09,0.00,15.01,51.02,925.1776,-109,-2.00,-101.0,3.5
4,2026-06-22 23:10:43,4.53,68.74,327.67,327.67,0.00,15.66,46.28,925.6150,-101,3.50,-101.0,3.5
3,2026-06-22 23:20:43,0.07,0.30,1.74,15.41,0.00,14.74,51.85,925.3631,-108,-0.25,-103.0,3.25
4,2026-06-22 23:20:43,9.43,144.92,327.67,327.67,0.00,15.56,47.32,925.6700,-103,3.25,-103.0,3.25
3,2026-06-22 23:30:43,0.08,0.37,2.30,21.87,0.00,14.39,52.61,925.4923,-110,-2.00,-103.0,2.25
4,2026-06-22 23:30:43,3.57,54.56,327.67,327.67,0.00,15.48,47.21,926.0104,-103,2.25,-103.0,2.25
4,2026-06-22 23:40:42,5.87,90.67,327.67,327.67,0.00,15.22,47.91,926.0835,-102,4.25,-102.0,4.25
4,2026-06-22 23:50:42,5.64,88.17,327.67,327.67,0.00,14.89,48.80,926.0773,-103,4.00,-103.0,4.0
3,2026-06-23 00:00:43,0.09,0.36,2.01,22.02,0.00,14.24,53.15,925.9212,-108,0.75,-103.0,2.5
4,2026-06-23 00:00:43,0.28,3.20,26.90,327.67,0.00,14.94,48.20,926.3154,-103,2.50,-103.0,2.5
3,2026-06-23 00:20:43,0.10,0.55,2.51,20.54,0.00,14.36,52.74,926.1561,-109,-0.75,-104.0,2.75
4,2026-06-23 00:20:43,0.15,1.11,7.42,50.41,0.00,14.69,48.75,926.6608,-104,2.75,-104.0,2.75
3,2026-06-23 00:50:43,0.09,0.37,1.92,39.29,0.00,13.91,53.55,926.3434,-109,0.00,-104.0,1.75
4,2026-06-23 00:50:43,1.59,25.25,160.26,327.67,10.95,13.72,52.45,926.7364,-104,1.75,-104.0,1.75
3,2026-06-23 01:10:43,0.12,0.47,1.97,26.82,0.00,13.41,55.26,926.3470,-110,-1.50,-103.0,2.5
4,2026-06-23 01:10:43,4.51,76.65,327.67,327.67,0.38,13.38,53.42,926.7684,-103,2.50,-103.0,2.5
3,2026-06-23 01:20:43,0.13,0.38,1.47,19.69,0.00,13.80,54.04,926.4422,-111,-5.75,-101.0,2.75
4,2026-06-23 01:20:43,5.11,89.34,327.67,327.67,0.00,13.24,53.93,926.8022,-101,2.75,-101.0,2.75
3,2026-06-23 01:50:43,0.12,0.32,1.16,26.81,0.00,13.65,54.18,926.5118,-111,-5.25,-101.0,4.5
4,2026-06-23 01:50:43,4.98,91.01,327.67,327.67,0.00,12.84,55.24,926.8290,-101,4.50,-101.0,4.5
4,2026-06-23 02:00:42,3.27,58.02,327.67,327.67,0.00,12.61,55.60,926.8612,-100,6.25,-100.0,6.25
3,2026-06-23 02:10:43,0.13,0.37,1.09,35.05,0.00,13.00,56.06,926.5212,-110,-2.00,-103.0,4.25
4,2026-06-23 02:10:43,4.81,89.07,327.67,327.67,0.00,12.60,55.78,926.8062,-103,4.25,-103.0,4.25
3,2026-06-23 02:40:43,0.13,0.42,1.84,21.43,0.00,12.24,58.71,926.6674,-110,-1.50,-101.0,3.5
4,2026-06-23 02:40:43,1.49,25.74,172.26,327.67,0.00,12.52,55.20,927.0011,-101,3.50,-101.0,3.5
3,2026-06-23 02:50:43,0.12,0.29,0.87,15.86,0.00,12.57,57.14,926.7231,-110,-1.25,-102.0,4.5
4,2026-06-23 02:50:43,0.95,14.38,104.94,327.67,0.00,12.44,55.92,927.2342,-102,4.50,-102.0,4.5
3,2026-06-23 03:10:43,0.14,0.37,1.11,15.91,0.00,12.29,58.36,926.8751,-110,-3.00,-102.0,4.25
4,2026-06-23 03:10:43,1.60,28.18,194.97,327.67,0.00,12.15,56.54,927.2578,-102,4.25,-102.0,4.25
3,2026-06-23 03:20:43,0.13,0.34,0.85,10.03,0.00,11.54,61.00,926.9756,-109,-2.00,-100.0,5.0
4,2026-06-23 03:20:43,4.30,84.60,327.67,327.67,0.00,11.83,57.83,927.2366,-100,5.00,-100.0,5.0
3,2026-06-23 04:00:43,0.16,0.38,0.66,7.69,0.00,12.80,56.24,926.9859,-108,0.25,-100.0,4.0
4,2026-06-23 04:00:43,1.26,21.72,146.49,327.67,0.00,11.95,56.94,927.3071,-100,4.00,-100.0,4.0
3,2026-06-23 04:10:42,0.14,0.43,1.85,26.18,0.00,12.32,57.67,926.9957,-110,-2.00,-100.0,5.25
4,2026-06-23 04:10:42,2.23,42.74,305.63,327.67,0.00,11.80,57.29,927.3200,-100,5.25,-100.0,5.25
3,2026-06-23 04:20:43,0.14,0.39,1.87,34.85,0.00,12.10,58.71,927.0895,-110,-3.00,-101.0,3.75
4,2026-06-23 04:20:43,1.92,36.68,276.50,327.67,0.00,11.58,58.48,927.4218,-101,3.75,-101.0,3.75
3,2026-06-23 04:40:43,0.13,0.36,0.87,27.61,0.00,12.26,57.84,927.1486,-109,-0.75,-100.0,3.75
4,2026-06-23 04:40:43,0.53,7.50,46.23,327.67,0.00,11.79,57.50,927.5092,-100,3.75,-100.0,3.75
3,2026-06-23 04:50:43,0.14,0.35,1.20,16.62,0.00,12.83,56.33,927.1620,-111,-4.25,-102.0,4.75
4,2026-06-23 04:50:43,0.39,5.31,39.65,303.02,0.00,11.65,58.85,927.5892,-102,4.75,-102.0,4.75
3,2026-06-23 05:00:43,0.15,0.40,1.42,23.31,0.00,12.17,58.37,927.1584,-108,0.25,-101.0,3.0
4,2026-06-23 05:00:43,0.25,1.95,12.75,326.76,0.00,11.37,59.72,927.6017,-101,3.00,-101.0,3.0
3,2026-06-23 06:00:42,0.16,0.45,1.24,19.45,0.00,11.66,60.54,927.2499,-108,-1.00,-101.0,4.25
4,2026-06-23 06:00:42,1.16,20.67,139.20,327.67,0.26,11.78,57.77,927.6135,-101,4.25,-101.0,4.25
3,2026-06-23 06:10:42,0.16,0.48,2.22,31.47,0.00,11.29,62.14,927.3096,-110,-1.50,-102.0,3.5
4,2026-06-23 06:10:42,0.60,8.62,60.55,327.67,4.32,11.86,58.04,927.6340,-102,3.50,-102.0,3.5
3,2026-06-23 06:20:42,0.17,0.49,1.41,26.85,0.00,12.08,60.89,927.3332,-108,-0.50,-100.0,5.0
4,2026-06-23 06:20:42,1.10,18.36,119.90,327.67,0.00,12.36,56.92,927.6382,-100,5.00,-100.0,5.0
3,2026-06-23 07:00:42,0.12,0.34,1.06,20.78,0.00,13.54,55.35,927.0956,-110,-1.75,-100.0,4.25
4,2026-06-23 07:00:42,0.36,4.00,25.52,327.67,0.00,11.95,58.48,927.5594,-100,4.25,-100.0,4.25
3,2026-06-23 07:10:42,0.14,0.37,1.04,27.69,0.00,12.66,58.58,927.1307,-109,-1.75,-101.0,5.0
4,2026-06-23 07:10:42,2.11,37.96,257.41,327.67,3.92,12.17,57.38,927.4045,-101,5.00,-101.0,5.0
3,2026-06-23 07:20:42,0.13,0.35,1.10,26.96,0.00,13.49,56.06,927.0841,-109,-0.25,-100.0,4.25
4,2026-06-23 07:20:42,2.39,43.07,301.25,327.67,4.30,12.06,58.15,927.4156,-100,4.25,-100.0,4.25
3,2026-06-23 07:40:42,0.16,0.47,1.43,15.81,0.00,13.45,56.78,927.1225,-109,-1.00,-101.0,4.5
4,2026-06-23 07:40:42,1.32,21.43,147.23,327.67,3.07,12.66,56.09,927.3913,-101,4.50,-101.0,4.5
3,2026-06-23 08:00:42,0.14,0.37,1.29,21.25,0.00,14.52,54.03,927.0752,-110,-2.25,-100.0,4.75
4,2026-06-23 08:00:42,1.26,20.17,117.76,327.67,0.30,13.64,53.19,927.3365,-100,4.75,-100.0,4.75
3,2026-06-23 08:50:42,0.12,0.34,0.99,14.10,0.00,14.53,54.50,926.9879,-110,-2.00,-99.0,4.75
4,2026-06-23 08:50:42,4.35,76.47,327.67,327.67,0.00,13.51,54.64,927.3169,-99,4.75,-99.0,4.75
3,2026-06-23 09:10:42,0.13,0.34,1.71,22.39,0.00,16.48,49.83,926.9113,-110,-2.50,-100.0,5.25
4,2026-06-23 09:10:42,13.57,227.75,327.67,327.67,0.00,15.73,49.36,927.2770,-100,5.25,-100.0,5.25
3,2026-06-23 09:20:42,0.19,0.40,1.65,38.95,0.00,17.85,46.01,926.8799,-109,-0.25,-99.0,5.0
4,2026-06-23 09:20:42,11.71,186.08,327.67,327.67,0.00,16.74,46.44,927.1246,-99,5.00,-99.0,5.0
3,2026-06-23 09:30:42,0.18,0.33,1.15,26.03,0.00,17.88,46.07,926.6792,-110,-1.25,-100.0,4.75
4,2026-06-23 09:30:42,5.17,80.98,327.67,327.67,0.00,17.58,44.72,927.0723,-100,4.75,-100.0,4.75
3,2026-06-23 09:40:42,0.19,0.31,0.76,24.92,0.00,18.12,45.46,926.5244,-108,0.75,-100.0,4.75
4,2026-06-23 09:40:42,4.22,61.20,323.55,327.67,0.00,18.07,43.34,926.9663,-100,4.75,-100.0,4.75
3,2026-06-23 09:50:42,0.17,0.32,1.33,21.87,0.00,17.72,46.49,926.4828,-108,0.00,-99.0,5.0
4,2026-06-23 09:50:42,4.27,58.48,300.88,327.67,0.00,19.60,39.98,926.9274,-99,5.00,-99.0,5.0
3,2026-06-23 10:10:42,0.17,0.31,0.88,13.65,0.00,17.18,47.23,926.4268,-108,-0.25,-100.0,2.0
4,2026-06-23 10:10:42,14.79,213.90,327.67,327.67,0.00,20.13,38.72,926.8659,-100,2.00,-100.0,2.0
3,2026-06-23 10:20:42,0.17,0.35,1.12,16.48,0.00,17.63,46.16,926.3728,-108,-1.00,-100.0,4.75
4,2026-06-23 10:20:42,15.41,219.25,327.67,327.67,0.00,20.48,37.08,926.7660,-100,4.75,-100.0,4.75
4,2026-06-23 10:30:42,13.26,180.11,327.67,327.67,0.00,20.83,35.06,926.7824,-100,5.75,-100.0,5.75
3,2026-06-23 10:40:42,0.16,0.33,1.28,18.38,0.00,18.33,42.54,926.3440,-107,0.25,-102.0,2.5
4,2026-06-23 10:40:42,18.54,256.12,327.67,327.67,0.00,21.03,35.04,926.8052,-102,2.50,-102.0,2.5
3,2026-06-23 10:50:42,0.13,0.27,0.91,17.31,0.00,18.55,40.88,926.3902,-109,-2.00,-102.0,3.75
4,2026-06-23 10:50:42,4.11,55.15,277.32,327.67,0.00,20.68,32.52,926.8902,-102,3.75,-102.0,3.75
3,2026-06-23 11:00:42,0.16,0.28,1.19,22.50,0.00,20.09,37.20,926.5210,-109,1.00,-101.0,4.25
4,2026-06-23 11:00:42,8.32,104.51,327.67,327.67,0.00,22.04,30.29,926.8593,-101,4.25,-101.0,4.25
3,2026-06-23 11:10:42,0.17,0.30,1.32,22.54,0.00,20.10,36.53,926.4978,-109,0.75,-101.0,3.75
4,2026-06-23 11:10:42,0.05,0.11,0.71,25.49,0.00,20.62,30.33,927.0431,-101,3.75,-101.0,3.75
3,2026-06-23 11:20:42,0.15,0.23,0.96,18.80,0.00,20.65,34.36,926.5331,-109,0.50,-100.0,5.0
4,2026-06-23 11:20:42,0.16,1.37,6.83,205.95,0.00,21.20,29.07,926.9942,-100,5.00,-100.0,5.0
3,2026-06-23 11:30:42,0.15,0.22,0.75,22.40,0.00,21.48,30.93,926.5726,-108,-0.50,-101.0,4.0
4,2026-06-23 11:30:42,0.09,0.51,2.72,67.06,0.00,21.16,29.05,926.9502,-101,4.00,-101.0,4.0
3,2026-06-23 11:40:42,0.16,0.24,0.59,14.72,0.00,21.84,30.50,926.5902,-107,1.00,-103.0,2.25
4,2026-06-23 11:40:42,0.06,0.24,1.50,46.01,0.00,21.17,29.78,926.9871,-103,2.25,-103.0,2.25
3,2026-06-23 11:50:42,0.17,0.26,0.79,22.13,0.00,22.17,30.01,926.5424,-109,-0.50,-103.0,2.75
4,2026-06-23 11:50:42,0.06,0.15,0.35,15.18,0.00,21.07,28.78,926.9570,-103,2.75,-103.0,2.75
3,2026-06-23 12:00:42,0.14,0.23,0.79,20.72,0.00,22.11,31.22,926.5244,-108,0.75,-104.0,2.25
4,2026-06-23 12:00:42,0.06,0.17,0.82,16.48,0.00,21.79,28.29,926.9777,-104,2.25,-104.0,2.25
3,2026-06-23 12:10:42,0.17,0.28,0.96,23.05,0.00,21.96,31.61,926.4854,-109,0.00,-105.0,2.25
4,2026-06-23 12:10:42,0.06,0.14,0.73,42.54,0.00,21.97,27.57,927.0225,-105,2.25,-105.0,2.25
3,2026-06-23 12:20:42,0.17,0.29,0.98,22.16,0.00,22.25,30.75,926.4897,-108,0.50,-104.0,2.5
4,2026-06-23 12:20:42,0.07,0.16,0.87,26.39,0.00,22.62,27.41,927.0316,-104,2.50,-104.0,2.5
3,2026-06-23 12:30:42,0.16,0.22,1.18,29.64,0.00,23.11,29.65,926.5187,-109,-0.50,-104.0,1.75
4,2026-06-23 12:30:42,0.07,0.36,2.19,60.05,0.00,22.94,26.50,926.9478,-104,1.75,-104.0,1.75
3,2026-06-23 12:40:42,0.18,0.30,0.79,15.24,0.00,22.98,29.50,926.4522,-108,0.25,-104.0,1.25
4,2026-06-23 12:40:42,0.06,0.20,1.39,25.60,0.00,22.63,26.37,926.9416,-104,1.25,-104.0,1.25
3,2026-06-23 12:50:42,0.16,0.27,1.21,20.42,0.00,22.85,29.78,926.3701,-108,1.25,-104.0,2.0
4,2026-06-23 12:50:42,0.06,0.16,0.49,10.14,0.00,22.73,26.67,926.9234,-104,2.00,-104.0,2.0
3,2026-06-23 13:00:42,0.20,0.35,1.22,23.90,0.00,23.18,27.30,926.4044,-108,-0.25,-102.0,3.75
4,2026-06-23 13:00:42,0.11,0.83,5.08,98.24,0.00,22.67,27.61,926.9201,-102,3.75,-102.0,3.75
3,2026-06-23 13:10:42,0.20,0.35,1.77,27.12,0.00,23.42,28.29,926.4375,-109,0.25,-100.0,4.25
4,2026-06-23 13:10:42,0.09,0.66,3.87,153.01,0.00,22.32,27.19,926.9128,-100,4.25,-100.0,4.25
3,2026-06-23 13:20:42,0.15,0.28,1.02,24.50,0.00,23.26,26.12,926.4454,-109,-0.75,-102.0,2.25
4,2026-06-23 13:20:42,0.13,1.19,9.08,327.67,0.00,22.42,26.51,926.9269,-102,2.25,-102.0,2.25
3,2026-06-23 13:30:42,0.14,0.23,0.51,8.32,0.00,23.70,28.17,926.4845,-109,-0.75,-103.0,1.5
4,2026-06-23 13:30:42,0.08,0.51,3.32,56.68,0.00,22.63,26.11,926.9323,-103,1.50,-103.0,1.5
4,2026-06-23 13:40:42,0.19,1.85,12.33,158.15,0.00,22.13,27.32,926.8988,-100,5.00,-100.0,5.0
4,2026-06-23 13:50:42,0.46,5.39,33.90,327.67,0.00,22.26,27.03,926.8545,-104,2.00,-104.0,2.0
3,2026-06-23 14:00:42,0.14,0.26,0.72,13.08,0.00,23.83,25.62,926.4761,-109,-1.50,-103.0,1.5
4,2026-06-23 14:00:42,1.52,17.93,98.93,327.67,0.00,22.23,27.42,926.8781,-103,1.50,-103.0,1.5
3,2026-06-23 14:10:42,0.17,0.30,0.82,9.07,0.00,24.26,26.17,926.4203,-109,0.00,-103.0,3.0
4,2026-06-23 14:10:42,1.63,20.69,127.04,327.67,0.00,22.03,26.08,926.8778,-103,3.00,-103.0,3.0
3,2026-06-23 14:20:42,0.17,0.29,1.16,23.82,0.00,24.31,24.30,926.4424,-109,-2.00,-105.0,2.0
4,2026-06-23 14:20:42,1.18,14.78,82.58,327.67,0.00,22.54,26.72,926.8514,-105,2.00,-105.0,2.0
3,2026-06-23 14:30:42,0.17,0.24,0.86,21.96,0.00,24.33,23.07,926.4473,-109,-0.75,-105.0,0.75
4,2026-06-23 14:30:42,0.65,7.64,42.84,327.67,0.00,22.55,25.81,926.8639,-105,0.75,-105.0,0.75
3,2026-06-23 14:40:42,0.18,0.26,1.55,21.62,0.00,24.77,25.28,926.3819,-109,0.25,-103.0,2.5
4,2026-06-23 14:40:42,0.59,7.19,43.95,327.67,0.00,22.59,25.54,926.8060,-103,2.50,-103.0,2.5
3,2026-06-23 14:50:42,0.20,0.28,0.91,23.62,0.00,25.25,22.93,926.4257,-108,0.75,-102.0,2.25
4,2026-06-23 14:50:42,0.67,8.15,50.34,327.67,0.00,22.89,24.68,926.8084,-102,2.25,-102.0,2.25
3,2026-06-23 15:00:42,0.19,0.31,1.21,22.00,0.00,25.40,24.72,926.2828,-108,1.25,-102.0,3.5
4,2026-06-23 15:00:42,3.38,37.37,170.86,327.67,0.00,24.87,20.60,926.6543,-102,3.50,-102.0,3.5
3,2026-06-23 15:10:42,0.21,0.36,1.87,31.70,0.00,24.61,24.95,926.2021,-108,1.50,-103.0,1.75
4,2026-06-23 15:10:42,8.19,90.68,327.67,327.67,0.00,25.53,19.60,926.5628,-103,1.75,-103.0,1.75
3,2026-06-23 15:20:42,0.18,0.40,1.50,29.67,0.00,24.50,25.73,926.1500,-108,-1.50,-104.0,1.25
4,2026-06-23 15:20:42,19.17,229.65,327.67,327.67,0.00,25.34,19.27,926.4092,-104,1.25,-104.0,1.25
3,2026-06-23 15:40:42,0.16,0.40,1.79,27.50,0.00,24.47,24.48,926.0302,-109,0.75,-102.0,2.25
4,2026-06-23 15:40:42,9.05,102.83,327.67,327.67,0.00,24.16,22.89,926.4870,-102,2.25,-102.0,2.25
3,2026-06-23 16:20:42,0.21,0.56,3.24,29.88,0.00,24.66,25.62,925.8422,-107,1.25,-103.0,1.25
4,2026-06-23 16:20:42,5.60,56.73,223.95,327.67,0.00,24.87,19.19,926.3765,-103,1.25,-103.0,1.25
3,2026-06-23 16:30:42,0.24,0.65,3.38,19.95,0.00,24.41,25.82,925.9631,-109,-1.75,-104.0,0.75
4,2026-06-23 16:30:42,23.45,259.75,327.67,327.67,0.00,24.98,19.60,926.2823,-104,0.75,-104.0,0.75
3,2026-06-23 16:40:42,0.22,0.66,2.81,28.39,0.00,23.98,26.69,925.9264,-108,-1.00,-101.0,3.5
4,2026-06-23 16:40:42,20.01,214.19,327.67,327.67,0.00,24.06,20.28,926.3188,-101,3.50,-101.0,3.5
3,2026-06-23 16:50:42,0.21,0.60,2.90,25.49,0.00,22.81,26.74,925.9114,-110,-4.50,-102.0,3.0
4,2026-06-23 16:50:42,16.99,179.46,327.67,327.67,0.02,23.80,20.96,926.3136,-102,3.00,-102.0,3.0
3,2026-06-23 17:00:42,0.22,0.48,2.54,32.08,0.00,23.17,25.18,925.9331,-110,-2.75,-102.0,3.25
4,2026-06-23 17:00:42,16.77,179.42,327.67,327.67,0.00,22.52,21.44,926.3413,-102,3.25,-102.0,3.25
3,2026-06-23 17:10:42,0.21,0.55,2.17,19.60,0.00,22.98,27.24,925.9041,-110,-4.75,-103.0,3.5
4,2026-06-23 17:10:42,14.00,149.70,327.67,327.67,0.00,23.45,21.26,926.3793,-103,3.50,-103.0,3.5
3,2026-06-23 17:20:42,0.24,0.58,2.48,20.48,0.00,22.68,25.65,925.8817,-109,-3.50,-102.0,2.0
4,2026-06-23 17:20:42,33.49,327.67,327.67,327.67,0.00,23.78,21.28,926.2634,-102,2.00,-102.0,2.0
4,2026-06-23 17:40:42,21.83,232.42,327.67,327.67,0.00,24.65,21.58,926.2395,-103,4.50,-103.0,4.5
4,2026-06-23 17:50:42,29.04,314.76,327.67,327.67,0.00,25.49,21.49,926.1843,-105,2.00,-105.0,2.0
3,2026-06-23 18:00:42,0.23,0.53,2.39,31.06,0.00,23.14,29.45,925.8232,-109,-2.00,-104.0,0.0
4,2026-06-23 18:00:42,25.54,273.71,327.67,327.67,0.00,25.46,22.02,926.2021,-104,0.00,-104.0,0.0
3,2026-06-23 18:20:42,0.23,0.43,1.30,20.32,0.00,23.32,26.94,925.8543,-109,-1.50,-103.0,1.5
4,2026-06-23 18:20:42,20.05,215.92,327.67,327.67,0.00,25.18,21.16,926.1682,-103,1.50,-103.0,1.5
3,2026-06-23 18:40:42,0.27,0.58,2.45,23.56,0.00,23.09,28.11,925.8244,-109,-2.25,-101.0,3.0
4,2026-06-23 18:40:42,14.82,153.49,327.67,327.67,0.00,24.96,21.79,926.2524,-101,3.00,-101.0,3.0
4,2026-06-23 18:50:42,30.66,327.67,327.67,327.67,0.00,25.16,21.28,926.1137,-100,5.50,-100.0,5.5
3,2026-06-23 19:10:42,0.29,0.75,3.39,24.92,0.00,22.73,27.58,925.8392,-108,0.50,-101.0,2.5
4,2026-06-23 19:10:42,29.54,323.66,327.67,327.67,0.00,24.81,21.92,926.1209,-101,2.50,-101.0,2.5
4,2026-06-23 19:30:42,31.03,327.67,327.67,327.67,0.00,24.33,21.69,926.1248,-103,3.25,-103.0,3.25
3,2026-06-23 19:40:42,0.33,0.78,3.12,28.77,0.00,22.14,28.31,925.8168,-110,-4.75,-101.0,2.0
4,2026-06-23 19:40:42,33.72,327.67,327.67,327.67,0.00,24.12,22.29,926.1189,-101,2.00,-101.0,2.0
4,2026-06-23 19:50:42,39.70,327.67,327.67,327.67,0.00,23.80,22.80,926.0678,-103,3.25,-103.0,3.25
4,2026-06-23 20:00:42,35.39,327.67,327.67,327.67,0.00,23.74,22.75,926.0495,-103,3.00,-103.0,3.0
3,2026-06-23 20:10:42,0.27,0.62,2.30,21.65,0.00,22.13,27.50,925.7426,-109,-1.50,-103.0,3.0
4,2026-06-23 20:10:42,35.88,327.67,327.67,327.67,0.00,23.63,22.42,926.0777,-103,3.00,-103.0,3.0
3,2026-06-23 20:30:42,0.28,0.69,2.38,29.26,0.00,22.03,26.94,925.7581,-109,1.25,-103.0,2.25
4,2026-06-23 20:30:42,34.22,327.67,327.67,327.67,0.00,23.44,22.08,926.0788,-103,2.25,-103.0,2.25
3,2026-06-23 21:00:42,0.30,0.68,2.48,20.15,0.00,20.82,28.12,925.9016,-110,-2.25,-105.0,0.25
4,2026-06-23 21:00:42,30.98,327.67,327.67,327.67,0.00,20.63,24.85,926.1142,-105,0.25,-105.0,0.25
3,2026-06-23 21:10:42,0.22,0.56,2.51,21.61,0.00,19.17,29.66,925.8385,-108,0.25,-103.0,2.5
4,2026-06-23 21:10:42,25.58,283.74,327.67,327.67,0.00,19.85,26.33,926.1620,-103,2.50,-103.0,2.5
3,2026-06-23 21:20:42,0.19,0.49,1.91,20.20,0.00,18.29,30.72,925.8511,-109,-1.25,-103.0,3.0
4,2026-06-23 21:20:42,15.55,169.41,327.67,327.67,0.00,19.44,27.17,926.2617,-103,3.00,-103.0,3.0
3,2026-06-23 21:30:42,0.18,0.51,2.08,31.86,0.00,17.91,31.83,925.8384,-108,1.00,-103.0,1.5
4,2026-06-23 21:30:42,5.36,58.03,242.77,327.67,0.00,18.66,28.44,926.4452,-103,1.50,-103.0,1.5
3,2026-06-23 21:40:42,0.14,0.34,1.14,14.69,0.00,17.33,32.94,925.8701,-108,-1.25,-103.0,1.0
4,2026-06-23 21:40:42,0.64,6.19,41.25,327.67,0.00,18.20,26.86,926.7092,-103,1.00,-103.0,1.0
3,2026-06-23 21:50:42,0.15,0.33,0.95,16.42,0.00,17.24,32.30,926.0059,-108,-0.75,-101.0,4.25
4,2026-06-23 21:50:42,0.55,5.38,35.29,244.83,0.00,18.60,26.59,926.7278,-101,4.25,-101.0,4.25
3,2026-06-23 22:00:42,0.13,0.33,1.27,19.37,0.00,18.25,31.81,926.0756,-109,-1.75,-103.0,2.0
4,2026-06-23 22:00:42,2.87,30.14,130.87,327.67,0.00,18.53,27.19,926.6562,-103,2.00,-103.0,2.0
3,2026-06-23 22:10:42,0.16,0.35,1.40,18.45,0.00,18.27,32.20,926.0542,-109,0.00,-103.0,2.75
4,2026-06-23 22:10:42,8.13,88.15,327.67,327.67,0.00,18.48,27.93,926.4861,-103,2.75,-103.0,2.75
3,2026-06-23 22:20:42,0.16,0.37,1.50,19.88,0.00,16.77,34.49,926.1230,-108,-1.00,-101.0,3.25
4,2026-06-23 22:20:42,3.94,42.82,186.99,327.67,0.00,17.91,27.61,926.5000,-101,3.25,-101.0,3.25
3,2026-06-23 22:30:42,0.12,0.25,0.63,12.81,0.00,16.06,35.37,926.0261,-109,-3.25,-101.0,3.75
4,2026-06-23 22:30:42,1.93,20.11,81.39,327.67,0.00,17.45,29.13,926.5406,-101,3.75,-101.0,3.75
3,2026-06-23 23:10:42,0.10,0.20,0.75,15.78,0.00,14.69,37.24,926.0541,-108,0.25,-102.0,2.75
4,2026-06-23 23:10:42,4.41,50.09,208.13,327.67,0.00,15.63,32.14,926.5285,-102,2.75,-102.0,2.75
3,2026-06-23 23:30:42,0.09,0.24,1.09,21.71,0.00,13.94,38.44,926.2803,-108,0.25,-102.0,3.0
4,2026-06-23 23:30:42,3.79,44.22,204.81,327.67,0.00,14.86,34.31,926.7280,-102,3.00,-102.0,3.0
3,2026-06-23 23:40:42,0.10,0.25,0.94,17.35,0.00,13.85,39.31,926.3262,-109,-1.50,-102.0,2.75
4,2026-06-23 23:40:42,2.63,29.18,128.27,327.67,0.00,14.31,33.54,926.7920,-102,2.75,-102.0,2.75
3,2026-06-24 00:00:42,0.08,0.21,1.11,17.59,0.00,13.29,38.90,926.3873,-108,-1.00,-102.0,2.5
4,2026-06-24 00:00:42,0.12,0.33,1.28,18.93,0.00,13.56,34.88,927.1562,-102,2.50,-102.0,2.5
3,2026-06-24 00:10:42,0.09,0.24,0.73,12.08,0.00,13.30,41.10,926.5558,-109,-1.25,-102.0,2.0
4,2026-06-24 00:10:42,0.27,2.01,10.25,219.37,0.23,13.39,35.69,927.1267,-102,2.00,-102.0,2.0
3,2026-06-24 00:20:42,0.12,0.48,1.92,23.79,0.00,13.74,37.20,926.7358,-108,0.00,-105.0,2.0
4,2026-06-24 00:20:42,0.43,4.21,23.15,327.67,0.00,13.38,35.57,927.1825,-105,2.00,-105.0,2.0
3,2026-06-24 00:30:42,0.13,0.59,3.84,27.94,0.00,13.46,38.92,926.8323,-108,-0.75,-103.0,1.25
4,2026-06-24 00:30:42,0.33,2.53,12.18,327.67,0.05,13.06,37.33,927.1816,-103,1.25,-103.0,1.25
3,2026-06-24 00:40:42,0.13,0.51,2.52,35.28,0.00,12.50,42.21,926.9116,-109,-2.75,-101.0,3.5
4,2026-06-24 00:40:42,1.50,17.90,90.12,327.67,0.10,12.57,39.03,927.2336,-101,3.50,-101.0,3.5
3,2026-06-24 01:00:42,0.13,0.49,2.06,31.10,0.00,12.48,43.05,926.9932,-107,0.50,-101.0,3.75
4,2026-06-24 01:00:42,2.30,28.26,139.95,327.67,4.47,12.51,38.86,927.2440,-101,3.75,-101.0,3.75
3,2026-06-24 01:20:42,0.11,0.35,2.06,22.06,0.00,12.45,40.63,926.9956,-109,-2.25,-102.0,2.25
4,2026-06-24 01:20:42,1.82,21.78,107.79,327.67,0.28,12.26,39.25,927.3516,-102,2.25,-102.0,2.25
3,2026-06-24 01:40:42,0.15,0.50,3.05,42.63,0.00,11.82,43.52,927.0322,-109,-3.00,-102.0,2.5
4,2026-06-24 01:40:42,1.99,23.29,110.24,327.67,0.32,12.33,38.64,927.3723,-102,2.50,-102.0,2.5
3,2026-06-24 02:00:42,0.11,0.27,0.95,23.69,0.00,12.00,41.62,927.1169,-110,-2.00,-103.0,2.25
4,2026-06-24 02:00:42,3.68,46.39,235.09,327.67,1.07,12.11,38.99,927.3795,-103,2.25,-103.0,2.25
3,2026-06-24 02:10:42,0.12,0.29,0.71,16.40,0.00,12.69,39.66,927.0818,-111,-4.00,-103.0,2.75
4,2026-06-24 02:10:42,2.05,24.23,117.98,327.67,10.59,12.25,38.51,927.3382,-103,2.75,-103.0,2.75
3,2026-06-24 02:20:42,0.11,0.24,1.36,26.37,0.00,12.45,40.37,927.0410,-108,-0.50,-103.0,2.25
4,2026-06-24 02:20:42,5.37,69.04,327.67,327.67,15.47,12.08,39.23,927.3379,-103,2.25,-103.0,2.25
3,2026-06-24 02:30:42,0.14,0.47,2.12,24.31,0.00,11.36,44.23,927.1024,-109,-0.25,-102.0,3.0
4,2026-06-24 02:30:42,6.07,80.33,327.67,327.67,35.34,11.90,39.90,927.3711,-102,3.00,-102.0,3.0
3,2026-06-24 02:40:42,0.10,0.25,0.81,23.16,0.00,11.80,42.23,927.0925,-110,-2.00,-102.0,3.75
4,2026-06-24 02:40:42,3.12,39.45,202.53,327.67,28.56,11.81,39.89,927.4428,-102,3.75,-102.0,3.75
3,2026-06-24 02:50:42,0.11,0.28,1.38,29.33,0.00,12.50,40.66,927.0162,-109,-1.50,-102.0,2.75
4,2026-06-24 02:50:42,2.60,32.15,162.92,327.67,36.17,12.00,39.27,927.4640,-102,2.75,-102.0,2.75
3,2026-06-24 03:00:42,0.13,0.34,1.44,19.01,0.00,11.64,44.16,927.0234,-109,-2.75,-102.0,2.25
4,2026-06-24 03:00:42,4.67,60.14,320.50,327.67,18.06,11.65,41.14,927.3788,-102,2.25,-102.0,2.25
3,2026-06-24 03:10:42,0.12,0.31,0.98,15.60,0.00,11.62,44.24,927.0621,-109,-0.50,-102.0,3.0
4,2026-06-24 03:10:42,2.50,32.64,164.96,327.67,21.74,11.47,41.94,927.4147,-102,3.00,-102.0,3.0
3,2026-06-24 03:20:42,0.13,0.40,1.41,29.98,0.00,11.03,45.03,927.1007,-109,-1.50,-101.0,4.0
4,2026-06-24 03:20:42,1.37,16.29,82.21,327.67,13.67,11.47,42.08,927.4769,-101,4.00,-101.0,4.0
3,2026-06-24 03:30:42,0.11,0.23,0.48,8.72,0.00,11.83,43.49,927.0434,-109,-1.75,-102.0,4.0
4,2026-06-24 03:30:42,0.36,3.13,15.23,231.43,8.48,11.36,42.69,927.5515,-102,4.00,-102.0,4.0
3,2026-06-24 03:40:42,0.16,0.45,2.04,41.07,0.00,10.66,48.06,927.1294,-110,-2.50,-102.0,2.0
4,2026-06-24 03:40:42,0.18,0.87,4.14,57.42,9.49,11.48,42.24,927.6045,-102,2.00,-102.0,2.0
3,2026-06-24 03:50:42,0.17,0.54,2.72,26.72,0.00,9.39,54.11,927.1852,-109,-1.25,-103.0,2.5
4,2026-06-24 03:50:42,0.14,0.36,0.86,21.75,11.20,11.21,43.68,927.6093,-103,2.50,-103.0,2.5
3,2026-06-24 04:00:42,0.15,0.49,2.40,22.57,0.00,8.88,55.19,927.2062,-109,-1.50,-103.0,2.25
4,2026-06-24 04:00:42,0.14,0.35,1.09,27.93,8.67,10.21,46.29,927.5905,-103,2.25,-103.0,2.25
3,2026-06-24 04:10:42,0.15,0.43,1.22,21.47,0.00,8.94,52.15,927.1960,-109,-1.00,-102.0,2.75
4,2026-06-24 04:10:42,0.13,0.28,1.05,18.87,35.53,10.10,47.87,927.5546,-102,2.75,-102.0,2.75
3,2026-06-24 04:30:42,0.10,0.24,1.10,22.84,0.00,9.82,50.87,927.1146,-109,-1.50,-101.0,2.75
4,2026-06-24 04:30:42,0.14,0.31,1.82,32.40,37.00,8.87,52.05,927.4534,-101,2.75,-101.0,2.75
3,2026-06-24 04:50:42,0.14,0.35,1.01,16.19,0.00,9.65,55.24,927.0447,-110,-1.75,-101.0,2.0
4,2026-06-24 04:50:42,0.13,0.30,0.84,16.61,16.93,9.14,52.83,927.3351,-101,2.00,-101.0,2.0
3,2026-06-24 05:00:42,0.11,0.29,1.90,22.20,0.00,9.69,53.94,926.9242,-109,-1.25,-102.0,4.0
4,2026-06-24 05:00:42,0.13,0.27,1.08,28.26,21.15,8.72,53.97,927.3216,-102,4.00,-102.0,4.0
3,2026-06-24 05:10:42,0.12,0.35,1.08,15.27,0.00,9.82,53.42,926.8785,-110,-1.50,-102.0,3.75
4,2026-06-24 05:10:42,0.13,0.25,0.98,28.88,20.30,9.38,52.48,927.2413,-102,3.75,-102.0,3.75
3,2026-06-24 05:20:42,0.14,0.32,1.91,81.67,0.00,10.03,52.77,926.8783,-109,-1.00,-102.0,3.75
4,2026-06-24 05:20:42,0.13,0.25,0.46,17.02,16.04,9.59,52.20,927.2578,-102,3.75,-102.0,3.75
3,2026-06-24 05:30:42,0.11,0.26,0.77,14.45,0.00,10.97,50.13,926.8633,-109,-1.00,-102.0,2.0
4,2026-06-24 05:30:42,0.13,0.29,1.25,30.14,19.11,9.95,51.84,927.2642,-102,2.00,-102.0,2.0
3,2026-06-24 05:40:42,0.12,0.26,0.80,19.26,0.00,11.42,49.23,926.8415,-109,-1.25,-102.0,4.0
4,2026-06-24 05:40:42,0.12,0.30,0.90,17.01,23.62,10.94,48.74,927.2895,-102,4.00,-102.0,4.0
3,2026-06-24 05:50:42,0.12,0.25,1.20,29.50,0.00,11.52,49.41,926.8703,-109,-1.25,-101.0,4.5
4,2026-06-24 05:50:42,0.12,0.27,0.77,11.43,19.22,10.94,49.06,927.2818,-101,4.50,-101.0,4.5
3,2026-06-24 06:10:42,0.14,0.30,0.72,17.47,0.00,11.84,49.82,926.8768,-109,-2.00,-101.0,4.25
4,2026-06-24 06:10:42,0.12,0.27,0.79,17.36,4.45,11.27,48.25,927.3056,-101,4.25,-101.0,4.25
3,2026-06-24 06:20:42,0.14,0.32,1.22,29.24,0.00,12.70,45.44,926.8032,-110,-2.25,-100.0,3.25
4,2026-06-24 06:20:42,0.13,0.30,0.63,6.38,7.75,11.65,46.91,927.2325,-100,3.25,-100.0,3.25
3,2026-06-24 06:30:42,0.12,0.22,0.84,23.28,0.00,12.87,44.62,926.7695,-110,-2.50,-100.0,3.75
4,2026-06-24 06:30:42,0.10,0.22,0.90,22.77,10.45,11.54,45.57,927.1566,-100,3.75,-100.0,3.75
3,2026-06-24 06:40:42,0.11,0.22,0.85,14.56,0.00,12.88,46.07,926.7016,-110,-2.00,-101.0,3.0
4,2026-06-24 06:40:42,0.12,0.30,0.95,17.71,4.44,11.65,46.88,927.0788,-101,3.00,-101.0,3.0
3,2026-06-24 06:50:42,0.12,0.26,0.73,13.83,0.00,13.09,46.66,926.6865,-109,-1.75,-101.0,3.0
4,2026-06-24 06:50:42,0.11,0.25,0.78,16.69,1.88,11.78,47.69,927.1005,-101,3.00,-101.0,3.0
3,2026-06-24 07:20:42,0.11,0.23,0.58,8.60,0.00,13.19,46.75,926.4356,-108,-0.25,-101.0,4.75
4,2026-06-24 07:20:42,0.12,0.28,0.48,6.16,3.30,12.54,44.98,926.8068,-101,4.75,-101.0,4.75
3,2026-06-24 07:30:42,0.11,0.21,0.80,19.35,0.00,14.00,45.22,926.3488,-108,-0.50,-101.0,4.25
4,2026-06-24 07:30:42,0.10,0.23,0.42,5.90,5.32,12.87,45.56,926.7613,-101,4.25,-101.0,4.25
3,2026-06-24 07:40:42,0.12,0.25,0.63,8.56,0.00,14.04,44.15,926.2973,-108,-0.50,-101.0,3.5
4,2026-06-24 07:40:42,0.09,0.19,0.40,10.05,0.00,12.81,44.07,926.6967,-101,3.50,-101.0,3.5
3,2026-06-24 07:50:42,0.13,0.26,0.86,25.78,0.00,13.61,44.45,926.2580,-109,-1.25,-100.0,4.5
4,2026-06-24 07:50:42,0.10,0.21,0.54,18.19,0.03,12.67,45.27,926.6640,-100,4.50,-100.0,4.5
3,2026-06-24 08:00:42,0.13,0.24,0.62,20.28,0.00,14.06,44.59,926.2556,-108,-1.25,-100.0,3.5
4,2026-06-24 08:00:42,0.10,0.23,0.65,23.40,0.00,13.22,44.97,926.6628,-100,3.50,-100.0,3.5
3,2026-06-24 08:10:42,0.15,0.29,0.69,15.97,0.00,14.34,43.52,926.1978,-108,-0.75,-101.0,4.5
4,2026-06-24 08:10:42,0.10,0.22,1.56,26.81,0.00,13.81,42.28,926.5802,-101,4.50,-101.0,4.5
3,2026-06-24 08:20:42,0.16,0.29,0.39,3.75,0.00,14.42,43.56,926.1765,-109,-1.25,-102.0,3.25
4,2026-06-24 08:20:42,0.10,0.27,1.03,21.41,1.56,13.93,42.27,926.5696,-102,3.25,-102.0,3.25
3,2026-06-24 08:30:42,0.15,0.27,0.58,10.08,0.00,14.88,41.80,926.1365,-109,-1.00,-101.0,4.5
4,2026-06-24 08:30:42,0.10,0.24,0.54,10.49,2.52,14.38,40.37,926.5464,-101,4.50,-101.0,4.5
3,2026-06-24 08:40:42,0.13,0.25,0.39,3.46,0.00,14.97,41.47,926.0562,-109,-1.25,-101.0,3.0
4,2026-06-24 08:40:42,0.09,0.19,0.55,16.46,4.02,13.29,43.49,926.5481,-101,3.00,-101.0,3.0
3,2026-06-24 08:50:42,0.12,0.19,0.35,13.57,0.00,15.31,40.71,925.9948,-109,-1.00,-100.0,5.0
4,2026-06-24 08:50:42,0.10,0.23,0.54,11.61,0.22,13.65,43.60,926.4898,-100,5.00,-100.0,5.0
3,2026-06-24 09:00:42,0.12,0.18,0.53,13.78,0.00,16.25,37.86,925.9350,-109,-0.75,-101.0,4.25
4,2026-06-24 09:00:42,0.09,0.16,0.57,17.82,4.25,14.92,40.19,926.4222,-101,4.25,-101.0,4.25
3,2026-06-24 09:10:42,0.13,0.23,0.74,24.57,0.00,17.36,36.20,925.8511,-109,-1.25,-101.0,3.5
4,2026-06-24 09:10:42,0.08,0.20,0.41,6.52,0.00,16.10,37.41,926.3860,-101,3.50,-101.0,3.5
3,2026-06-24 09:20:42,0.15,0.22,0.42,9.41,0.00,18.15,35.61,925.7433,-109,-1.00,-101.0,4.5
4,2026-06-24 09:20:42,0.07,0.14,0.19,1.44,0.00,17.38,34.20,926.2969,-101,4.50,-101.0,4.5
3,2026-06-24 09:30:42,0.19,0.31,0.74,24.01,0.00,18.78,34.64,925.6807,-109,-0.50,-101.0,2.0
4,2026-06-24 09:30:42,0.07,0.16,0.83,71.11,0.00,18.05,32.58,926.2506,-101,2.00,-101.0,2.0
3,2026-06-24 09:40:42,0.18,0.28,0.49,16.38,0.00,18.95,33.66,925.5810,-108,-0.25,-102.0,4.5
4,2026-06-24 09:40:42,0.06,0.14,0.59,17.02,0.51,19.04,30.77,926.1132,-102,4.50,-102.0,4.5
3,2026-06-24 09:50:42,0.18,0.28,0.67,21.93,0.00,18.87,33.53,925.5103,-108,-0.75,-102.0,3.75
4,2026-06-24 09:50:42,0.08,0.20,1.37,43.52,0.00,18.99,30.41,926.0376,-102,3.75,-102.0,3.75
3,2026-06-24 10:00:42,0.16,0.26,0.53,10.51,0.00,18.25,34.38,925.4569,-109,-2.00,-103.0,2.25
4,2026-06-24 10:00:42,0.07,0.21,0.65,23.52,0.00,17.94,31.45,925.9904,-103,2.25,-103.0,2.25
3,2026-06-24 10:10:42,0.13,0.24,0.94,25.27,0.00,19.30,32.85,925.3989,-109,-1.00,-102.0,3.0
4,2026-06-24 10:10:42,0.08,0.19,0.95,27.42,0.00,17.76,32.82,925.9022,-102,3.00,-102.0,3.0
3,2026-06-24 10:20:42,0.15,0.29,0.94,22.54,0.00,19.81,32.53,925.3251,-109,-1.25,-101.0,3.75
4,2026-06-24 10:20:42,0.09,0.25,0.61,18.63,0.00,17.08,33.93,925.7590,-101,3.75,-101.0,3.75
3,2026-06-24 10:30:42,0.17,0.33,1.05,21.79,0.00,19.47,33.68,925.2136,-109,-1.25,-101.0,3.0
4,2026-06-24 10:30:42,0.07,0.20,0.89,27.71,0.00,17.19,33.86,925.6459,-101,3.00,-101.0,3.0
3,2026-06-24 10:40:42,0.19,0.36,1.20,19.64,0.00,19.33,33.16,925.1230,-109,-1.25,-101.0,3.25
4,2026-06-24 10:40:42,0.08,0.21,0.60,24.28,0.00,17.44,33.80,925.5677,-101,3.25,-101.0,3.25
3,2026-06-24 10:50:42,0.21,0.34,1.20,31.60,0.00,19.30,34.32,925.0847,-109,-0.75,-101.0,4.75
4,2026-06-24 10:50:42,0.09,0.20,0.45,10.20,0.00,17.63,34.94,925.5160,-101,4.75,-101.0,4.75
3,2026-06-24 11:00:42,0.17,0.28,0.67,21.09,0.00,19.04,36.44,924.9862,-110,-1.25,-100.0,5.0
4,2026-06-24 11:00:42,0.08,0.21,0.80,21.46,0.00,18.07,33.42,925.4047,-100,5.00,-100.0,5.0
3,2026-06-24 11:10:42,0.16,0.23,1.00,34.47,0.00,18.02,38.22,924.9316,-108,-1.00,-100.0,4.75
4,2026-06-24 11:10:42,0.08,0.25,0.68,10.84,0.00,17.50,35.67,925.3481,-100,4.75,-100.0,4.75
3,2026-06-24 11:20:42,0.15,0.25,0.83,18.71,0.00,17.94,40.72,924.9390,-110,-3.50,-101.0,4.75
4,2026-06-24 11:20:42,0.08,0.21,0.60,12.31,0.00,17.90,35.50,925.3265,-101,4.75,-101.0,4.75
3,2026-06-24 11:30:42,0.18,0.28,0.88,24.01,0.00,18.30,41.38,924.8849,-109,-1.50,-99.0,5.0
4,2026-06-24 11:30:42,0.09,0.21,0.68,17.13,0.00,18.05,36.50,925.2473,-99,5.00,-99.0,5.0
3,2026-06-24 11:50:42,0.17,0.30,1.01,21.56,0.00,19.61,39.89,924.5595,-110,-1.50,-101.0,4.5
4,2026-06-24 11:50:42,1.14,11.94,54.61,327.67,0.00,18.83,35.40,924.9100,-101,4.50,-101.0,4.5
3,2026-06-24 12:00:42,0.17,0.29,0.71,15.76,0.00,20.29,37.33,924.4991,-109,-1.00,-103.0,3.0
4,2026-06-24 12:00:42,0.45,4.31,17.83,266.90,0.00,19.50,34.68,924.8646,-103,3.00,-103.0,3.0
3,2026-06-24 12:20:42,0.22,0.38,0.81,10.53,0.00,20.04,38.22,924.3420,-109,-0.75,-102.0,3.25
4,2026-06-24 12:20:42,0.08,0.17,0.48,27.29,0.00,19.98,32.88,924.7234,-102,3.25,-102.0,3.25
3,2026-06-24 12:30:42,0.17,0.24,0.40,13.51,0.00,20.33,38.77,924.2987,-109,-2.00,-102.0,4.25
4,2026-06-24 12:30:42,0.08,0.19,0.43,9.89,0.00,19.96,32.93,924.6598,-102,4.25,-102.0,4.25
3,2026-06-24 12:50:42,0.16,0.25,0.77,22.66,0.00,19.57,39.64,924.0576,-109,-3.00,-102.0,4.5
4,2026-06-24 12:50:42,0.35,2.91,11.32,169.24,0.00,21.87,31.34,924.5373,-102,4.50,-102.0,4.5
3,2026-06-24 13:30:42,0.12,0.20,0.57,17.46,0.00,18.80,42.48,923.6950,-108,-1.00,-102.0,3.0
4,2026-06-24 13:30:42,0.07,0.19,0.99,47.19,0.00,19.23,36.89,924.2199,-102,3.00,-102.0,3.0
3,2026-06-24 13:40:42,0.13,0.19,0.57,22.52,0.00,18.83,41.95,923.6219,-108,0.00,-102.0,4.0
4,2026-06-24 13:40:42,0.07,0.20,0.72,23.94,0.00,21.43,33.25,924.1986,-102,4.00,-102.0,4.0
3,2026-06-24 13:50:42,0.14,0.23,0.56,13.91,0.00,19.52,40.63,923.6014,-108,0.25,-101.0,3.25
4,2026-06-24 13:50:42,0.06,0.15,0.38,16.91,0.00,21.80,31.90,924.1114,-101,3.25,-101.0,3.25
3,2026-06-24 14:00:42,0.11,0.17,0.72,22.52,0.00,20.19,39.42,923.5381,-109,-0.75,-101.0,4.5
4,2026-06-24 14:00:42,0.05,0.12,0.53,10.09,0.00,21.54,32.35,924.1133,-101,4.50,-101.0,4.5
3,2026-06-24 14:10:42,0.14,0.20,0.59,17.23,0.00,19.32,41.19,923.4324,-109,-0.75,-101.0,3.5
4,2026-06-24 14:10:42,0.05,0.12,0.37,17.18,0.00,22.29,30.67,924.0161,-101,3.50,-101.0,3.5
3,2026-06-24 14:20:42,0.12,0.18,0.37,11.30,0.00,20.12,40.74,923.3841,-109,-1.50,-101.0,4.0
4,2026-06-24 14:20:42,0.05,0.12,0.56,16.27,0.00,21.93,31.13,923.9052,-101,4.00,-101.0,4.0
3,2026-06-24 14:30:42,0.12,0.17,0.60,17.98,0.00,19.87,39.88,923.3478,-108,0.00,-100.0,4.75
4,2026-06-24 14:30:42,0.05,0.14,1.02,22.82,0.00,20.96,33.23,923.8129,-100,4.75,-100.0,4.75
3,2026-06-24 14:40:42,0.15,0.24,0.54,9.27,0.00,20.00,40.27,923.2195,-108,1.50,-102.0,3.0
4,2026-06-24 14:40:42,0.04,0.09,0.24,10.25,0.00,21.06,32.25,923.7676,-102,3.00,-102.0,3.0
3,2026-06-24 14:50:42,0.13,0.22,0.70,21.84,0.00,19.79,41.55,923.1332,-107,1.75,-101.0,4.75
4,2026-06-24 14:50:42,0.05,0.13,0.65,23.18,0.00,21.71,32.48,923.6458,-101,4.75,-101.0,4.75
3,2026-06-24 15:10:42,0.13,0.19,0.61,18.71,0.00,19.78,41.98,922.9429,-108,0.50,-100.0,4.75
4,2026-06-24 15:10:42,0.05,0.14,0.70,16.77,0.00,20.80,33.96,923.4946,-100,4.75,-100.0,4.75
3,2026-06-24 15:20:42,0.14,0.21,0.49,9.38,0.00,19.62,40.69,922.8956,-108,-0.50,-101.0,4.25
4,2026-06-24 15:20:42,0.12,1.05,9.31,327.67,0.00,20.24,36.57,923.4420,-101,4.25,-101.0,4.25
3,2026-06-24 15:30:42,0.13,0.20,0.58,14.50,0.00,19.81,40.36,922.9620,-108,0.50,-101.0,4.5
4,2026-06-24 15:30:42,0.22,2.53,23.43,327.67,0.00,21.12,34.28,923.3684,-101,4.50,-101.0,4.5
3,2026-06-24 15:40:42,0.15,0.31,1.65,26.07,0.00,18.95,43.59,922.7880,-109,-0.75,-100.0,5.0
4,2026-06-24 15:40:42,0.07,0.34,1.71,56.25,0.00,22.66,31.68,923.3403,-100,5.00,-100.0,5.0
3,2026-06-24 16:00:42,0.12,0.19,0.88,21.21,0.00,18.47,43.56,922.6198,-109,-1.25,-101.0,4.5
4,2026-06-24 16:00:42,0.09,0.76,4.07,156.03,0.00,22.03,33.26,923.1013,-101,4.50,-101.0,4.5
3,2026-06-24 16:10:42,0.12,0.24,1.17,20.39,0.00,18.84,42.43,922.6724,-109,-2.25,-102.0,4.0
4,2026-06-24 16:10:42,0.04,0.10,0.60,34.78,0.00,21.22,34.60,923.0745,-102,4.00,-102.0,4.0
3,2026-06-24 16:20:42,0.18,0.71,6.82,78.92,0.00,18.32,49.17,922.6389,-109,-0.50,-102.0,4.5
4,2026-06-24 16:20:42,0.05,0.14,0.58,31.89,0.00,21.21,33.95,923.0159,-102,4.50,-102.0,4.5
3,2026-06-24 16:30:42,0.15,0.34,1.32,21.44,0.00,18.18,49.66,922.5271,-109,-1.25,-102.0,2.75
4,2026-06-24 16:30:42,0.05,0.15,1.04,35.18,0.00,21.06,35.21,922.8324,-102,2.75,-102.0,2.75
3,2026-06-24 16:40:42,0.16,0.31,1.60,29.91,0.00,17.93,50.56,922.4392,-109,-2.75,-103.0,3.0
4,2026-06-24 16:40:42,0.04,0.12,0.49,21.24,0.00,20.46,36.41,922.7707,-103,3.00,-103.0,3.0
3,2026-06-24 16:50:42,0.14,0.35,2.40,37.53,0.00,18.17,52.74,922.3720,-110,-2.25,-101.0,2.75
4,2026-06-24 16:50:42,0.04,0.12,0.32,9.16,0.00,20.16,37.45,922.7344,-101,2.75,-101.0,2.75
3,2026-06-24 17:00:42,0.12,0.22,1.34,25.13,0.00,18.94,46.00,922.2917,-109,-2.75,-101.0,3.75
4,2026-06-24 17:00:42,0.04,0.09,0.61,22.60,0.00,20.26,35.77,922.6337,-101,3.75,-101.0,3.75
3,2026-06-24 17:10:42,0.12,0.21,1.10,28.55,0.00,18.31,46.99,922.1690,-109,-0.75,-100.0,4.0
4,2026-06-24 17:10:42,0.04,0.15,2.00,27.54,0.00,19.59,37.86,922.5440,-100,4.00,-100.0,4.0
3,2026-06-24 17:20:42,0.12,0.17,0.59,21.36,0.00,18.10,46.57,922.1115,-108,-2.50,-101.0,4.5
4,2026-06-24 17:20:42,0.07,0.33,4.86,146.09,0.00,18.34,44.96,922.5713,-101,4.50,-101.0,4.5
3,2026-06-24 17:30:42,0.13,0.23,1.08,24.90,0.00,18.44,47.16,922.1669,-109,-1.50,-100.0,4.75
4,2026-06-24 17:30:42,0.07,0.28,2.81,93.32,0.00,17.30,48.11,922.5725,-100,4.75,-100.0,4.75
3,2026-06-24 17:40:42,0.12,0.23,1.86,26.53,0.00,18.93,44.68,922.0555,-109,-2.25,-102.0,4.75
4,2026-06-24 17:40:42,0.07,0.30,2.51,32.42,0.00,16.90,49.57,922.4808,-102,4.75,-102.0,4.75
3,2026-06-24 17:50:42,0.12,0.26,1.24,25.20,0.00,18.59,48.02,921.9979,-109,-1.75,-101.0,4.5
4,2026-06-24 17:50:42,0.06,0.22,2.97,50.51,0.00,16.60,50.76,922.3509,-101,4.50,-101.0,4.5
3,2026-06-24 18:00:42,0.13,0.48,3.62,46.44,0.00,18.27,48.43,921.9339,-109,-1.75,-101.0,4.5
4,2026-06-24 18:00:42,0.08,0.40,3.35,31.55,0.00,15.77,55.27,922.3088,-101,4.50,-101.0,4.5
3,2026-06-24 18:20:42,0.14,0.44,4.37,45.47,0.00,19.41,42.90,921.7676,-109,-1.75,-100.0,5.0
4,2026-06-24 18:20:42,0.07,0.46,4.82,50.40,0.00,16.45,53.11,922.1941,-100,5.00,-100.0,5.0
3,2026-06-24 18:30:42,0.11,0.19,0.76,15.99,0.00,18.46,46.25,921.6726,-109,-1.50,-100.0,5.0
4,2026-06-24 18:30:42,0.07,0.40,4.40,78.13,0.00,16.46,51.28,922.1527,-100,5.00,-100.0,5.0
3,2026-06-24 18:40:42,0.10,0.19,0.70,20.70,0.00,17.50,49.14,921.5890,-109,-0.75,-102.0,4.25
4,2026-06-24 18:40:42,0.05,0.17,1.49,35.00,5.30,16.09,52.47,922.0846,-102,4.25,-102.0,4.25
3,2026-06-24 19:40:42,0.07,0.16,1.16,21.12,0.00,16.31,53.32,921.1234,-110,-1.75,-100.0,4.5
4,2026-06-24 19:40:42,0.05,0.16,0.62,13.08,0.00,15.48,55.60,921.5745,-100,4.50,-100.0,4.5
3,2026-06-24 21:10:42,0.10,0.20,1.37,25.24,0.00,15.24,54.43,920.5876,-109,-1.00,-101.0,4.0
4,2026-06-24 21:10:42,0.06,0.24,0.93,16.94,0.01,14.78,55.74,921.0433,-101,4.00,-101.0,4.0
3,2026-06-24 21:20:42,0.08,0.21,1.26,15.25,0.00,15.30,53.98,920.5455,-108,-0.25,-101.0,4.5
4,2026-06-24 21:20:42,0.08,0.28,1.55,32.12,0.00,14.67,56.64,921.0662,-101,4.50,-101.0,4.5
3,2026-06-24 21:40:42,0.08,0.15,0.67,23.28,0.00,14.71,55.82,920.3986,-110,-2.00,-101.0,4.5
4,2026-06-24 21:40:42,0.06,0.16,1.06,33.13,0.00,14.77,55.84,920.9111,-101,4.50,-101.0,4.5
3,2026-06-24 22:50:42,0.07,0.14,0.52,16.26,0.00,13.35,60.04,920.0584,-110,-3.00,-102.0,3.5
4,2026-06-24 22:50:42,0.07,0.14,0.80,28.39,0.00,13.58,55.94,920.5016,-102,3.50,-102.0,3.5
3,2026-06-24 23:00:42,0.06,0.11,0.21,8.07,0.00,13.94,56.77,920.1028,-110,-2.00,-101.0,3.0
4,2026-06-24 23:00:42,0.09,0.19,0.35,8.72,1.15,13.45,55.98,920.4866,-101,3.00,-101.0,3.0
3,2026-06-24 23:10:42,0.06,0.12,0.64,18.05,0.00,14.39,54.03,920.1114,-110,-2.25,-101.0,3.75
4,2026-06-24 23:10:42,0.08,0.16,0.46,13.81,11.80,13.03,57.18,920.5347,-101,3.75,-101.0,3.75
3,2026-06-24 23:30:42,0.06,0.17,0.58,25.01,0.00,14.11,54.40,920.0680,-109,-1.50,-101.0,2.75
4,2026-06-24 23:30:42,0.07,0.15,0.48,12.34,9.55,13.30,55.33,920.5345,-101,2.75,-101.0,2.75
3,2026-06-24 23:40:42,0.08,0.17,0.52,11.09,0.00,13.62,55.70,920.0749,-109,-1.25,-102.0,3.5
4,2026-06-24 23:40:42,0.06,0.13,0.55,21.07,9.58,13.05,56.12,920.4935,-102,3.50,-102.0,3.5
3,2026-06-25 00:00:42,0.08,0.17,0.72,26.95,0.00,13.48,56.16,920.0745,-109,-1.75,-101.0,3.75
4,2026-06-25 00:00:42,0.07,0.16,0.50,30.98,9.87,12.46,58.72,920.4366,-101,3.75,-101.0,3.75
3,2026-06-25 00:10:42,0.07,0.14,0.67,15.17,0.00,13.18,57.41,920.0255,-109,-2.00,-101.0,3.75
4,2026-06-25 00:10:42,0.08,0.19,0.74,29.14,14.12,12.26,59.32,920.3984,-101,3.75,-101.0,3.75
3,2026-06-25 00:20:42,0.08,0.18,0.59,15.13,0.00,12.53,59.53,920.1325,-110,-1.50,-103.0,2.5
4,2026-06-25 00:20:42,0.06,0.12,0.62,16.94,1.73,12.40,58.99,920.4484,-103,2.50,-103.0,2.5
3,2026-06-25 00:50:42,0.08,0.17,0.72,26.31,0.00,11.81,61.01,920.0708,-109,-1.00,-102.0,3.5
4,2026-06-25 00:50:42,0.07,0.14,0.88,25.03,0.00,12.09,60.22,920.4530,-102,3.50,-102.0,3.5
3,2026-06-25 01:30:42,0.08,0.17,0.61,18.53,0.00,10.54,66.46,919.9346,-109,-1.50,-101.0,4.5
4,2026-06-25 01:30:42,0.08,0.16,0.58,20.70,0.00,10.28,67.07,920.2061,-101,4.50,-101.0,4.5
3,2026-06-25 02:10:42,0.11,0.23,1.04,19.91,0.00,10.32,69.95,919.7847,-109,-2.25,-103.0,4.25
4,2026-06-25 02:10:42,0.12,0.19,0.72,18.85,0.00,9.94,69.69,920.0459,-103,4.25,-103.0,4.25
3,2026-06-25 03:00:42,0.18,0.35,1.68,26.95,0.00,9.09,72.07,919.6026,-109,-1.75,-104.0,3.25
4,2026-06-25 03:00:42,0.16,0.30,1.14,21.76,7.18,8.91,73.49,920.0151,-104,3.25,-104.0,3.25
3,2026-06-25 03:10:42,0.15,0.31,1.46,23.91,0.00,9.09,72.31,919.6012,-109,-1.75,-102.0,1.75
4,2026-06-25 03:10:42,0.15,0.30,0.90,29.68,0.02,8.99,73.39,919.9636,-102,1.75,-102.0,1.75
3,2026-06-25 03:30:42,0.13,0.27,0.94,14.32,0.00,8.79,74.00,919.4487,-109,-1.25,-103.0,2.75
4,2026-06-25 03:30:42,0.20,0.36,0.88,15.81,0.00,8.88,74.13,919.8010,-103,2.75,-103.0,2.75
3,2026-06-25 03:40:42,0.16,0.34,0.94,9.42,0.00,8.40,72.65,919.3656,-109,-1.50,-103.0,2.75
4,2026-06-25 03:40:42,0.21,0.40,1.62,27.87,0.84,8.81,74.39,919.6573,-103,2.75,-103.0,2.75
3,2026-06-25 03:50:42,0.22,0.41,1.41,24.69,0.00,7.74,74.98,919.2876,-109,-1.75,-103.0,2.75
4,2026-06-25 03:50:42,0.21,0.34,0.85,18.05,36.08,8.46,75.43,919.6392,-103,2.75,-103.0,2.75
3,2026-06-25 04:00:42,0.17,0.37,1.14,19.83,0.00,7.70,73.44,919.2666,-109,-1.50,-103.0,4.0
4,2026-06-25 04:00:42,0.18,0.33,0.83,17.26,22.71,8.63,74.95,919.5493,-103,4.00,-103.0,4.0
3,2026-06-25 04:10:42,0.15,0.29,0.94,19.28,0.00,8.04,74.60,919.1948,-109,-1.50,-103.0,2.25
4,2026-06-25 04:10:42,0.19,0.37,1.18,23.03,39.43,9.23,72.65,919.4315,-103,2.25,-103.0,2.25
3,2026-06-25 04:20:42,0.18,0.35,1.00,23.75,0.00,8.35,73.86,919.1343,-109,-1.50,-101.0,3.5
4,2026-06-25 04:20:42,0.18,0.31,0.68,11.06,46.85,9.07,73.13,919.3574,-101,3.50,-101.0,3.5
3,2026-06-25 04:30:42,0.18,0.37,1.30,19.06,0.00,8.00,74.39,919.0227,-109,-1.25,-103.0,2.75
4,2026-06-25 04:30:42,0.21,0.37,0.93,16.33,65.41,8.43,74.68,919.3448,-103,2.75,-103.0,2.75
3,2026-06-25 04:40:42,0.14,0.28,0.98,20.05,0.00,7.96,73.50,918.9160,-109,-1.50,-102.0,2.75
4,2026-06-25 04:40:42,0.19,0.34,0.60,10.33,99.91,7.74,77.40,919.2856,-102,2.75,-102.0,2.75
3,2026-06-25 05:00:42,0.17,0.32,0.58,8.67,0.00,7.03,72.83,918.7310,-109,-2.00,-102.0,2.75
4,2026-06-25 05:00:42,0.22,0.38,0.89,10.42,68.57,8.39,75.26,919.0474,-102,2.75,-102.0,2.75
3,2026-06-25 05:10:42,0.28,0.48,1.27,22.04,0.00,7.04,77.54,918.7322,-109,-1.25,-101.0,4.5
4,2026-06-25 05:10:42,0.21,0.36,1.02,21.67,135.40,7.83,77.25,919.1116,-101,4.50,-101.0,4.5
3,2026-06-25 05:20:42,0.26,0.44,1.35,23.15,0.00,7.83,77.86,918.7253,-109,-1.00,-102.0,3.75
4,2026-06-25 05:20:42,0.18,0.36,0.89,10.75,62.54,7.77,77.00,919.1258,-102,3.75,-102.0,3.75
3,2026-06-25 05:30:42,0.23,0.45,1.03,14.60,0.00,8.22,74.11,918.6652,-109,-1.00,-102.0,3.25
4,2026-06-25 05:30:42,0.21,0.38,1.36,24.68,31.93,8.31,74.93,919.0377,-102,3.25,-102.0,3.25
3,2026-06-25 05:40:42,0.46,0.77,1.72,21.51,0.00,8.09,74.78,918.6135,-109,-1.50,-103.0,3.75
4,2026-06-25 05:40:42,0.28,0.49,1.26,23.33,3.40,8.32,74.80,918.9751,-103,3.75,-103.0,3.75
3,2026-06-25 05:50:42,0.26,0.48,1.86,24.53,0.00,7.96,73.31,918.5351,-109,-1.25,-102.0,3.25
4,2026-06-25 05:50:42,0.22,0.37,1.14,28.65,18.40,8.25,75.04,918.9040,-102,3.25,-102.0,3.25
3,2026-06-25 06:10:42,0.21,0.38,0.73,10.10,0.00,8.22,73.23,918.4121,-109,-1.50,-101.0,3.5
4,2026-06-25 06:10:42,0.21,0.38,1.52,25.93,30.31,8.62,73.89,918.7739,-101,3.50,-101.0,3.5
3,2026-06-25 06:30:42,0.23,0.47,1.48,24.01,0.00,8.44,73.50,918.3948,-109,-1.00,-102.0,2.75
4,2026-06-25 06:30:42,0.22,0.39,0.92,16.53,14.09,8.61,74.03,918.7711,-102,2.75,-102.0,2.75
3,2026-06-25 06:40:42,0.24,0.43,1.65,24.26,0.00,8.63,73.73,918.3635,-109,-1.25,-101.0,4.25
4,2026-06-25 06:40:42,0.22,0.42,1.12,24.22,2.29,8.40,74.72,918.7115,-101,4.25,-101.0,4.25
3,2026-06-25 06:50:42,0.24,0.47,1.33,19.98,0.00,8.93,71.97,918.2972,-109,-1.25,-102.0,3.0
4,2026-06-25 06:50:42,0.19,0.34,0.70,20.16,4.25,8.22,74.75,918.6202,-102,3.00,-102.0,3.0
3,2026-06-25 07:10:42,0.23,0.48,1.33,19.00,0.00,9.33,71.01,918.2436,-109,-1.25,-102.0,4.0
4,2026-06-25 07:10:42,0.24,0.41,1.65,37.24,2.50,8.86,73.02,918.6143,-102,4.00,-102.0,4.0
3,2026-06-25 07:20:42,0.16,0.32,1.03,18.68,0.00,10.44,68.83,918.2237,-109,-1.25,-101.0,4.5
4,2026-06-25 07:20:42,0.18,0.38,0.77,11.77,0.86,10.11,69.81,918.7109,-101,4.50,-101.0,4.5
3,2026-06-25 07:30:42,0.15,0.33,0.90,15.68,0.00,10.53,68.80,918.3009,-108,0.00,-103.0,3.5
4,2026-06-25 07:30:42,0.16,0.30,0.75,10.61,5.72,9.92,68.79,918.6880,-103,3.50,-103.0,3.5
3,2026-06-25 07:50:42,0.14,0.27,0.87,20.18,0.00,10.30,70.01,918.3411,-107,0.50,-101.0,3.75
4,2026-06-25 07:50:42,0.15,0.35,1.16,26.55,36.67,9.76,70.77,918.7318,-101,3.75,-101.0,3.75
3,2026-06-25 08:00:42,0.16,0.33,1.37,30.64,0.00,10.98,67.35,918.4518,-108,-0.75,-102.0,4.25
4,2026-06-25 08:00:42,0.14,0.29,0.53,9.38,15.33,10.20,68.59,918.8585,-102,4.25,-102.0,4.25
3,2026-06-25 08:10:42,0.15,0.29,0.63,9.58,0.00,12.07,64.00,918.4109,-108,-0.50,-101.0,4.25
4,2026-06-25 08:10:42,0.16,0.31,0.82,16.76,8.64,10.46,67.65,918.8648,-101,4.25,-101.0,4.25
3,2026-06-25 08:20:42,0.14,0.28,0.94,25.66,0.00,13.10,61.56,918.3748,-108,-0.25,-101.0,2.5
4,2026-06-25 08:20:42,0.15,0.28,0.73,23.16,23.17,11.40,65.36,918.7834,-101,2.50,-101.0,2.5
3,2026-06-25 08:30:42,0.15,0.24,0.32,4.84,0.00,14.85,56.36,918.2657,-108,-0.25,-102.0,2.25
4,2026-06-25 08:30:42,0.13,0.32,1.69,29.96,9.04,13.91,57.76,918.6458,-102,2.25,-102.0,2.25
3,2026-06-25 08:50:42,0.22,0.31,0.53,14.78,0.00,16.44,52.06,918.2276,-109,-0.75,-101.0,4.0
4,2026-06-25 08:50:42,0.09,0.17,0.38,18.28,9.14,14.99,54.72,918.6186,-101,4.00,-101.0,4.0
3,2026-06-25 09:10:42,0.15,0.24,0.61,18.72,0.00,14.41,57.93,918.1563,-106,1.75,-102.0,4.25
4,2026-06-25 09:10:42,0.11,0.24,1.36,25.07,0.00,13.43,60.12,918.6245,-102,4.25,-102.0,4.25
3,2026-06-25 09:50:42,0.18,0.28,0.46,5.65,0.00,16.58,51.82,917.9451,-107,0.75,-102.0,1.5
4,2026-06-25 09:50:42,0.16,0.32,0.66,13.25,1.02,13.20,60.15,918.2442,-102,1.50,-102.0,1.5
3,2026-06-25 10:00:42,0.17,0.30,0.78,10.40,0.00,15.53,54.52,917.8748,-109,-1.00,-104.0,3.25
4,2026-06-25 10:00:42,0.13,0.27,0.77,13.09,5.31,12.84,61.66,918.2835,-104,3.25,-104.0,3.25
3,2026-06-25 10:40:42,0.19,0.31,0.61,9.23,0.00,15.59,55.11,917.5054,-108,0.50,-103.0,3.0
4,2026-06-25 10:40:42,0.16,0.33,0.62,8.24,2.56,13.90,60.46,917.9778,-103,3.00,-103.0,3.0
3,2026-06-25 10:50:42,0.19,0.27,0.49,16.85,0.00,16.19,54.67,917.4812,-109,-1.25,-103.0,3.5
4,2026-06-25 10:50:42,0.14,0.32,0.92,31.86,9.58,14.73,58.12,917.9498,-103,3.50,-103.0,3.5
3,2026-06-25 11:10:42,0.20,0.32,0.70,24.89,0.00,15.43,56.41,917.4440,-108,-0.25,-104.0,3.0
4,2026-06-25 11:10:42,0.13,0.29,1.35,34.02,4.61,14.29,58.64,917.8929,-104,3.00,-104.0,3.0
3,2026-06-25 11:20:42,0.18,0.30,0.61,14.46,0.00,15.26,56.39,917.3158,-107,0.00,-103.0,2.0
4,2026-06-25 11:20:42,0.14,0.45,2.18,33.44,0.00,13.33,61.60,917.7164,-103,2.00,-103.0,2.0
3,2026-06-25 11:40:42,0.18,0.33,0.83,18.45,0.00,16.36,53.65,917.1332,-107,0.25,-104.0,1.75
4,2026-06-25 11:40:42,0.13,0.45,3.28,60.06,0.11,14.23,59.37,917.5500,-104,1.75,-104.0,1.75
3,2026-06-25 11:50:42,0.15,0.27,0.97,23.86,0.00,17.23,51.04,917.1580,-108,-0.25,-103.0,2.0
4,2026-06-25 11:50:42,0.13,0.41,2.03,30.67,0.01,16.34,52.22,917.6412,-103,2.00,-103.0,2.0
3,2026-06-25 13:00:42,0.18,0.28,0.50,12.86,0.00,17.52,49.14,916.2916,-108,-0.50,-103.0,2.5
4,2026-06-25 13:00:42,0.10,0.22,0.44,8.33,1.32,16.43,48.70,916.7012,-103,2.50,-103.0,2.5
3,2026-06-25 13:10:42,0.16,0.27,0.53,8.05,0.00,17.86,48.05,916.1910,-108,0.00,-102.0,3.25
4,2026-06-25 13:10:42,0.11,0.24,0.71,30.33,1.96,16.61,48.92,916.5847,-102,3.25,-102.0,3.25
3,2026-06-25 13:20:42,0.18,0.30,0.93,17.96,0.00,17.81,47.99,916.0583,-107,1.00,-103.0,1.75
4,2026-06-25 13:20:42,0.12,0.26,1.41,22.47,0.79,16.63,48.57,916.4733,-103,1.75,-103.0,1.75
3,2026-06-25 13:30:42,0.20,0.35,1.07,16.01,0.00,17.28,49.35,916.0025,-108,0.00,-103.0,2.25
4,2026-06-25 13:30:42,0.13,0.33,0.74,11.19,0.00,16.03,50.27,916.4135,-103,2.25,-103.0,2.25
3,2026-06-25 13:50:42,0.19,0.49,4.07,39.85,0.00,15.43,56.70,916.0090,-109,0.00,-101.0,4.25
4,2026-06-25 13:50:42,0.17,0.47,2.38,37.57,0.00,14.57,56.42,916.5822,-101,4.25,-101.0,4.25
3,2026-06-25 14:00:42,0.24,0.94,6.96,55.59,0.00,14.12,62.17,916.3080,-108,0.00,-102.0,2.75
4,2026-06-25 14:00:42,0.27,1.35,15.65,74.45,0.00,13.63,59.66,916.8425,-102,2.75,-102.0,2.75
4,2026-06-25 14:50:41,0.38,1.12,4.46,36.64,0.15,12.90,66.97,917.5209,-102,4.00,-102.0,4.0
4,2026-06-25 15:00:41,0.32,0.84,2.63,44.35,0.00,13.07,67.45,917.5514,-103,4.00,-103.0,4.0
3,2026-06-25 15:20:42,0.30,0.83,4.15,46.67,0.00,16.06,63.93,917.1540,-110,-2.75,-101.0,4.25
4,2026-06-25 15:20:42,0.28,0.67,1.91,22.86,0.00,13.98,66.10,917.5175,-101,4.25,-101.0,4.25
4,2026-06-25 15:50:41,0.19,0.46,1.25,20.81,0.00,16.54,56.96,917.2252,-101,6.00,-101.0,6.0
3,2026-06-25 16:20:42,0.20,0.47,1.33,15.75,0.00,18.13,56.02,916.5052,-110,-3.25,-101.0,4.5
4,2026-06-25 16:20:42,0.16,0.40,1.57,30.35,0.57,17.96,54.71,916.9771,-101,4.50,-101.0,4.5
3,2026-06-25 16:30:42,0.22,0.52,1.88,28.37,0.00,17.85,56.58,916.4577,-110,-2.75,-101.0,4.75
4,2026-06-25 16:30:42,0.18,0.38,0.65,12.49,1.77,17.98,53.79,916.9168,-101,4.75,-101.0,4.75
3,2026-06-25 16:40:42,0.22,0.49,1.58,22.21,0.00,17.45,57.25,916.4089,-109,-1.00,-101.0,3.25
4,2026-06-25 16:40:42,0.20,0.47,1.38,19.34,0.90,17.23,54.80,916.9350,-101,3.25,-101.0,3.25
3,2026-06-25 18:40:42,0.30,0.71,5.47,51.78,0.00,14.50,67.81,916.5693,-109,-2.75,-103.0,3.25
4,2026-06-25 18:40:42,0.23,0.48,0.95,12.34,0.46,13.18,67.52,916.9614,-103,3.25,-103.0,3.25
3,2026-06-25 19:00:42,0.28,0.63,4.35,50.64,0.00,14.37,68.87,916.6396,-109,-2.50,-102.0,3.75
4,2026-06-25 19:00:42,0.26,0.52,1.93,29.19,39.72,13.29,68.72,917.0394,-102,3.75,-102.0,3.75
4,2026-06-25 19:30:41,0.31,0.63,1.29,26.85,34.32,13.25,69.97,917.0015,-103,4.25,-103.0,4.25
3,2026-06-25 19:50:42,0.36,0.73,3.16,26.89,0.00,14.38,69.81,916.5532,-109,-2.75,-102.0,4.5
4,2026-06-25 19:50:42,0.30,0.53,1.01,12.76,8.34,13.10,70.00,916.9678,-102,4.50,-102.0,4.5
3,2026-06-25 20:50:42,0.43,0.77,2.39,23.27,0.00,13.98,71.10,916.3109,-109,-2.25,-102.0,2.25
4,2026-06-25 20:50:42,0.37,0.68,1.35,27.94,0.00,12.90,71.44,916.7135,-102,2.25,-102.0,2.25
3,2026-06-25 21:20:42,0.39,0.71,1.86,23.67,0.00,13.68,71.91,916.2148,-109,-1.75,-104.0,2.5
4,2026-06-25 21:20:42,0.37,0.69,2.31,34.92,0.00,12.72,71.92,916.6485,-104,2.50,-104.0,2.5
3,2026-06-25 21:40:42,0.42,0.83,2.21,24.76,0.00,13.41,73.29,916.1097,-108,-2.00,-103.0,2.5
4,2026-06-25 21:40:42,0.25,0.46,0.67,5.76,0.00,12.76,72.31,916.5844,-103,2.50,-103.0,2.5
3,2026-06-25 21:50:42,0.48,0.89,2.44,25.89,0.00,13.70,72.35,916.1345,-109,-2.50,-101.0,4.5
4,2026-06-25 21:50:42,0.21,0.41,0.77,11.68,0.00,12.82,71.62,916.5554,-101,4.50,-101.0,4.5
3,2026-06-25 22:00:42,0.44,0.79,2.55,47.21,0.00,13.61,72.33,916.0974,-109,-2.25,-103.0,3.75
4,2026-06-25 22:00:42,0.29,0.55,1.15,26.68,0.00,12.75,71.16,916.5133,-103,3.75,-103.0,3.75
3,2026-06-25 22:10:42,0.51,0.89,2.80,42.05,0.00,13.22,74.11,916.0708,-108,-2.25,-103.0,3.75
4,2026-06-25 22:10:42,0.27,0.49,1.10,20.40,0.00,12.72,71.17,916.4847,-103,3.75,-103.0,3.75
4,2026-06-25 22:40:41,0.26,0.48,1.74,29.59,0.00,12.56,70.89,916.4338,-103,5.00,-103.0,5.0
4,2026-06-25 22:50:41,0.26,0.42,1.17,24.95,0.08,12.36,72.10,916.3866,-102,5.00,-102.0,5.0
4,2026-06-25 23:00:41,0.33,0.58,1.16,12.29,3.32,12.12,75.22,916.3914,-102,5.00,-102.0,5.0
4,2026-06-25 23:10:41,0.33,0.61,1.95,29.30,9.41,12.18,75.74,916.3737,-102,5.50,-102.0,5.5
4,2026-06-25 23:20:41,0.44,0.85,2.54,29.79,1.30,12.04,76.91,916.4006,-101,5.75,-101.0,5.75
4,2026-06-25 23:30:41,0.43,0.78,2.43,27.91,1.05,12.12,76.70,916.3790,-101,5.25,-101.0,5.25
3,2026-06-25 23:40:42,1.43,2.43,5.51,30.98,0.00,12.71,76.58,916.0494,-109,-3.25,-103.0,4.0
4,2026-06-25 23:40:42,0.55,0.99,3.09,40.25,0.21,12.17,76.80,916.3982,-103,4.00,-103.0,4.0
3,2026-06-25 23:50:42,1.71,2.88,5.91,44.25,0.00,12.54,77.79,916.0946,-109,-3.50,-102.0,3.75
4,2026-06-25 23:50:42,0.52,0.99,2.89,24.88,8.08,12.25,76.26,916.4397,-102,3.75,-102.0,3.75
3,2026-06-26 00:00:42,1.40,2.20,3.47,31.29,0.00,12.16,78.37,916.1549,-109,-3.50,-102.0,3.5
4,2026-06-26 00:00:42,0.56,0.99,3.35,34.26,6.64,11.94,77.01,916.5245,-102,3.50,-102.0,3.5
4,2026-06-26 00:10:41,0.48,0.95,4.73,60.67,32.34,11.85,76.97,916.5397,-102,5.25,-102.0,5.25
4,2026-06-26 00:30:41,0.98,1.60,3.96,31.49,44.25,12.16,76.92,916.5353,-103,4.50,-103.0,4.5
4,2026-06-26 00:40:41,0.96,1.61,3.60,31.40,59.48,12.05,77.13,916.5430,-102,4.75,-102.0,4.75
4,2026-06-26 00:50:41,1.21,2.01,5.03,63.03,166.64,11.87,77.75,916.5541,-103,4.75,-103.0,4.75
4,2026-06-26 01:00:41,1.05,1.69,4.39,61.82,92.43,11.67,78.51,916.5607,-102,5.00,-102.0,5.0
4,2026-06-26 01:10:41,0.76,1.26,2.21,23.23,144.00,11.77,77.92,916.5895,-102,4.75,-102.0,4.75
4,2026-06-26 01:20:41,0.86,1.45,3.38,27.64,8.28,11.74,78.19,916.5558,-102,5.00,-102.0,5.0
4,2026-06-26 01:30:41,0.70,1.29,3.94,32.87,94.46,11.76,78.44,916.5567,-102,5.25,-102.0,5.25
4,2026-06-26 01:40:41,0.77,1.41,3.21,30.44,68.02,11.85,78.09,916.5618,-102,5.50,-102.0,5.5
4,2026-06-26 01:50:41,0.88,1.61,4.97,47.76,69.84,11.81,77.96,916.5460,-103,5.00,-103.0,5.0
3,2026-06-26 02:00:41,4.12,8.38,12.47,35.23,0.00,12.42,77.80,916.1790,-109,-4.00,-103.0,3.5
4,2026-06-26 02:00:41,1.34,2.64,6.08,40.87,14.80,11.57,78.66,916.5564,-103,3.50,-103.0,3.5
4,2026-06-26 02:10:41,1.60,3.06,6.14,31.67,48.75,11.57,79.04,916.5289,-102,5.25,-102.0,5.25
4,2026-06-26 02:20:41,1.47,2.75,6.43,34.19,68.77,11.68,78.53,916.5826,-102,5.50,-102.0,5.5
4,2026-06-26 02:30:41,1.54,2.70,5.50,41.71,40.11,11.75,78.19,916.6274,-102,5.75,-102.0,5.75
4,2026-06-26 02:40:41,1.57,2.69,4.51,22.15,56.28,11.68,78.50,916.6270,-102,5.50,-102.0,5.5
4,2026-06-26 02:50:41,2.16,3.73,6.14,40.55,111.20,11.66,78.47,916.6033,-101,6.00,-101.0,6.0
4,2026-06-26 03:00:41,2.59,4.31,6.94,35.86,107.22,11.60,78.86,916.6284,-101,5.75,-101.0,5.75
4,2026-06-26 03:10:41,2.74,4.56,6.66,33.85,107.66,11.46,79.27,916.6982,-101,6.25,-101.0,6.25
4,2026-06-26 03:20:41,2.39,4.24,6.81,34.12,96.70,11.27,79.59,916.7137,-101,5.50,-101.0,5.5
4,2026-06-26 03:30:41,1.81,3.12,4.94,26.25,37.25,11.32,79.15,916.7627,-101,6.00,-101.0,6.0
4,2026-06-26 03:40:41,2.49,4.20,7.02,35.26,80.00,11.65,78.20,916.8190,-101,5.50,-101.0,5.5
4,2026-06-26 03:50:41,4.19,6.99,10.40,45.78,165.44,11.58,77.94,916.8145,-101,5.50,-101.0,5.5
4,2026-06-26 04:00:41,5.14,8.60,12.73,49.04,121.59,11.50,78.34,916.7586,-101,5.00,-101.0,5.0
3,2026-06-26 04:10:41,2.18,3.74,7.00,34.20,0.00,11.31,79.36,916.3261,-109,-1.50,-101.0,4.0
4,2026-06-26 04:10:41,3.36,5.45,7.62,25.68,131.88,11.48,78.45,916.7253,-101,4.00,-101.0,4.0
4,2026-06-26 04:20:41,4.67,8.03,12.18,39.00,131.56,11.07,79.47,916.7155,-101,6.00,-101.0,6.0
4,2026-06-26 04:30:41,3.09,4.81,8.54,39.24,151.65,11.09,79.46,916.8282,-101,5.50,-101.0,5.5
3,2026-06-26 05:00:41,0.28,0.45,1.32,18.16,0.00,11.08,78.05,916.5528,-109,-1.75,-101.0,4.5
4,2026-06-26 05:00:41,0.41,0.68,1.62,25.40,176.74,11.26,77.52,916.8877,-101,4.50,-101.0,4.5
4,2026-06-26 05:20:41,0.19,0.33,1.20,23.78,114.36,10.99,75.94,916.9418,-100,6.50,-100.0,6.5
4,2026-06-26 05:30:41,0.18,0.32,1.02,23.34,143.40,10.80,75.76,916.9226,-100,6.50,-100.0,6.5
4,2026-06-26 06:00:41,0.20,0.37,0.73,10.19,91.93,10.58,76.65,916.9241,-101,6.25,-101.0,6.25
4,2026-06-26 06:10:41,0.21,0.36,1.09,25.26,73.05,10.58,76.83,916.9667,-101,5.50,-101.0,5.5
4,2026-06-26 06:20:41,0.19,0.35,1.25,17.02,49.93,10.38,77.66,916.9358,-101,6.25,-101.0,6.25
4,2026-06-26 06:30:41,0.16,0.32,0.87,25.84,11.59,10.47,77.28,916.9807,-100,6.50,-100.0,6.5
4,2026-06-26 06:50:41,0.15,0.25,0.39,10.93,0.00,10.49,76.80,917.0248,-100,5.75,-100.0,5.75
4,2026-06-26 07:00:41,0.14,0.27,0.77,22.95,12.86,10.55,76.48,917.1629,-101,5.75,-101.0,5.75
4,2026-06-26 07:10:41,0.13,0.24,0.95,16.97,29.10,10.64,76.33,917.2261,-100,6.25,-100.0,6.25
4,2026-06-26 07:40:41,0.13,0.27,0.80,17.84,4.00,10.52,76.98,917.3401,-100,6.25,-100.0,6.25
3,2026-06-26 07:50:41,0.11,0.26,1.52,22.65,0.00,10.82,78.82,917.0894,-109,-2.25,-101.0,5.5
4,2026-06-26 07:50:41,0.11,0.20,0.55,14.70,24.40,10.50,76.85,917.3429,-101,5.50,-101.0,5.5
4,2026-06-26 08:10:41,0.11,0.24,0.84,24.00,9.33,10.73,76.81,917.3892,-100,5.25,-100.0,5.25
4,2026-06-26 08:40:41,0.11,0.24,0.73,22.34,5.32,11.43,74.66,917.6208,-100,5.75,-100.0,5.75
4,2026-06-26 08:50:41,0.14,0.30,0.95,25.09,0.00,11.60,74.38,917.6756,-100,5.00,-100.0,5.0
4,2026-06-26 09:00:41,0.13,0.29,0.73,17.88,0.00,11.46,74.98,917.7470,-100,5.75,-100.0,5.75
4,2026-06-26 09:10:41,0.11,0.24,0.93,24.68,0.00,12.36,72.28,917.8136,-100,5.25,-100.0,5.25
3,2026-06-26 09:20:41,0.13,0.23,1.17,23.41,0.00,12.51,74.02,917.5546,-108,-2.50,-100.0,3.5
4,2026-06-26 09:20:41,0.09,0.18,0.32,10.11,0.00,13.24,69.38,917.8311,-100,3.50,-100.0,3.5
4,2026-06-26 09:40:41,0.09,0.19,0.56,18.90,0.42,13.92,67.18,917.8372,-100,6.50,-100.0,6.5
4,2026-06-26 09:50:41,0.07,0.15,0.73,26.10,0.68,14.74,65.71,917.8264,-100,6.50,-100.0,6.5
3,2026-06-26 10:20:41,0.15,0.24,0.75,25.99,0.00,16.81,59.60,917.5062,-108,-2.50,-99.0,2.75
4,2026-06-26 10:20:41,0.07,0.17,0.91,34.80,0.17,15.06,62.10,917.8152,-99,2.75,-99.0,2.75
3,2026-06-26 10:30:41,0.17,0.22,0.57,15.88,0.00,17.18,58.74,917.4873,-108,-2.50,-100.0,4.75
4,2026-06-26 10:30:41,0.07,0.19,0.79,18.63,0.19,15.18,61.77,917.7950,-100,4.75,-100.0,4.75
3,2026-06-26 10:50:41,0.20,0.29,1.00,25.80,0.00,17.80,58.20,917.4319,-108,-2.25,-101.0,4.75
4,2026-06-26 10:50:41,0.06,0.14,0.64,22.80,3.01,16.66,59.22,917.7718,-101,4.75,-101.0,4.75
4,2026-06-26 11:00:41,0.06,0.17,0.66,21.15,1.38,15.86,60.36,917.7934,-100,5.50,-100.0,5.5
4,2026-06-26 11:20:41,0.07,0.16,1.27,22.60,1.71,15.66,62.61,917.7919,-100,7.25,-100.0,7.25
3,2026-06-26 11:40:41,0.16,0.24,0.75,20.51,0.00,17.64,58.88,917.4496,-108,-2.25,-100.0,4.25
4,2026-06-26 11:40:41,0.07,0.16,0.52,17.95,2.09,17.24,56.70,917.8026,-100,4.25,-100.0,4.25
3,2026-06-26 12:10:41,0.15,0.24,0.63,20.88,0.00,18.57,54.35,917.3715,-108,-1.75,-101.0,4.0
4,2026-06-26 12:10:41,0.09,0.23,0.86,20.46,0.05,17.32,56.10,917.8212,-101,4.00,-101.0,4.0
3,2026-06-26 12:30:41,0.17,0.25,0.96,23.32,0.00,19.79,49.40,917.4765,-108,-1.50,-100.0,4.75
4,2026-06-26 12:30:41,0.07,0.15,0.45,29.43,0.00,17.26,54.49,917.8736,-100,4.75,-100.0,4.75
3,2026-06-26 12:50:41,0.17,0.27,0.62,16.06,0.00,20.16,46.14,917.4855,-108,-2.50,-100.0,4.75
4,2026-06-26 12:50:41,0.08,0.19,0.35,10.05,0.00,17.80,52.39,917.9019,-100,4.75,-100.0,4.75
3,2026-06-26 13:00:41,0.22,0.30,1.24,31.00,0.00,20.24,46.70,917.4869,-108,-2.25,-100.0,4.25
4,2026-06-26 13:00:41,0.08,0.17,0.70,18.06,0.00,18.07,52.06,917.9085,-100,4.25,-100.0,4.25
3,2026-06-26 14:30:41,0.29,0.36,1.60,28.99,0.00,24.81,40.00,917.6400,-109,-2.00,-100.0,4.75
4,2026-06-26 14:30:41,0.07,0.16,1.08,30.93,0.00,22.44,44.44,918.0601,-100,4.75,-100.0,4.75
3,2026-06-26 14:40:41,0.29,0.39,2.27,42.54,0.00,25.07,39.71,917.6711,-109,-2.75,-101.0,4.25
4,2026-06-26 14:40:41,0.05,0.13,1.38,29.56,0.00,23.01,42.03,918.0789,-101,4.25,-101.0,4.25
3,2026-06-26 15:00:41,0.31,0.41,1.51,33.89,0.00,24.06,41.42,917.6154,-109,-1.75,-100.0,5.0
4,2026-06-26 15:00:41,0.06,0.16,1.60,25.75,0.00,23.07,42.44,918.0808,-100,5.00,-100.0,5.0
3,2026-06-26 15:10:41,0.29,0.39,1.51,19.63,0.00,24.72,39.11,917.6212,-109,-1.75,-101.0,4.5
4,2026-06-26 15:10:41,0.05,0.12,1.74,31.63,0.00,22.84,42.63,918.0590,-101,4.50,-101.0,4.5
3,2026-06-26 15:20:41,0.27,0.36,1.41,18.03,0.00,25.73,38.13,917.6154,-109,-2.50,-101.0,3.25
4,2026-06-26 15:20:41,0.05,0.16,1.45,42.83,0.00,23.95,38.21,918.0113,-101,3.25,-101.0,3.25
3,2026-06-26 15:30:41,0.32,0.44,2.35,31.22,0.00,26.57,33.60,917.5972,-109,-2.75,-101.0,3.5
4,2026-06-26 15:30:41,0.05,0.14,1.07,19.94,0.00,24.91,37.44,918.0600,-101,3.50,-101.0,3.5
3,2026-06-26 15:40:41,0.28,0.35,1.56,26.08,0.00,26.43,31.74,917.5829,-110,-2.75,-101.0,4.5
4,2026-06-26 15:40:41,0.04,0.11,0.98,23.92,0.00,24.24,38.16,918.0256,-101,4.50,-101.0,4.5
3,2026-06-26 15:50:41,0.35,0.50,1.38,23.24,0.00,25.16,34.08,917.5945,-109,-2.25,-101.0,3.5
4,2026-06-26 15:50:41,0.06,0.16,2.45,70.68,0.00,23.63,38.58,918.0675,-101,3.50,-101.0,3.5
3,2026-06-26 16:00:41,0.33,0.41,2.34,55.36,0.00,23.98,38.70,917.6304,-109,-2.50,-101.0,3.25
4,2026-06-26 16:00:41,0.05,0.14,1.39,34.89,0.00,23.24,39.41,918.1155,-101,3.25,-101.0,3.25
3,2026-06-26 16:10:41,0.31,0.42,2.17,36.96,0.00,23.52,40.38,917.6135,-109,-2.25,-101.0,3.5
4,2026-06-26 16:10:41,0.05,0.15,1.92,32.94,0.00,23.16,38.63,918.1051,-101,3.50,-101.0,3.5
3,2026-06-26 16:20:41,0.29,0.41,1.47,34.55,0.00,22.56,44.34,917.6911,-109,-2.75,-101.0,4.75
4,2026-06-26 16:20:41,0.04,0.14,1.38,27.41,0.00,23.42,38.42,918.1400,-101,4.75,-101.0,4.75
3,2026-06-26 16:30:41,0.21,0.28,1.42,27.33,0.00,22.07,44.27,917.6982,-109,-2.00,-101.0,4.75
4,2026-06-26 16:30:41,0.05,0.13,1.50,35.46,0.00,22.97,40.28,918.1576,-101,4.75,-101.0,4.75
3,2026-06-26 16:40:41,0.19,0.27,1.03,25.54,0.00,22.19,44.40,917.6942,-109,-1.75,-101.0,3.5
4,2026-06-26 16:40:41,0.04,0.13,1.56,43.45,0.00,22.49,40.20,918.1483,-101,3.50,-101.0,3.5
3,2026-06-26 16:50:41,0.23,0.33,3.10,29.37,0.00,22.24,45.55,917.7482,-109,-1.50,-101.0,3.25
4,2026-06-26 16:50:41,0.04,0.10,0.75,22.57,0.00,21.89,41.54,918.1706,-101,3.25,-101.0,3.25
3,2026-06-26 17:20:41,0.18,0.28,1.48,26.02,0.00,20.45,50.68,917.7476,-109,-3.25,-101.0,4.25
4,2026-06-26 17:20:41,0.05,0.14,1.47,33.88,0.00,21.00,46.20,918.1364,-101,4.25,-101.0,4.25
3,2026-06-26 18:10:41,0.18,0.28,1.28,23.28,0.00,21.00,48.02,917.7126,-109,-2.25,-102.0,4.25
4,2026-06-26 18:10:41,0.05,0.13,0.60,16.57,0.00,21.16,45.25,918.1352,-102,4.25,-102.0,4.25
4,2026-06-26 18:20:41,0.05,0.14,1.11,24.25,0.00,21.35,45.70,918.1616,-102,5.25,-102.0,5.25
3,2026-06-26 19:00:41,0.18,0.26,1.46,21.20,0.00,20.34,50.12,917.7742,-109,-3.25,-103.0,3.25
4,2026-06-26 19:00:41,0.05,0.15,0.78,18.03,0.00,20.97,46.01,918.1413,-103,3.25,-103.0,3.25
3,2026-06-26 19:10:41,0.18,0.27,1.01,31.60,0.00,20.39,48.96,917.7564,-109,-2.75,-102.0,3.75
4,2026-06-26 19:10:41,0.05,0.13,1.44,35.58,0.00,20.81,47.27,918.1584,-102,3.75,-102.0,3.75
3,2026-06-26 19:50:41,0.15,0.25,0.54,10.59,0.00,19.34,50.58,917.9442,-109,-2.50,-102.0,4.5
4,2026-06-26 19:50:41,0.05,0.14,0.82,23.17,0.00,19.93,48.81,918.3796,-102,4.50,-102.0,4.5
3,2026-06-26 20:10:41,0.14,0.22,0.52,14.18,0.00,19.16,50.94,918.1225,-109,-2.50,-100.0,3.5
4,2026-06-26 20:10:41,0.06,0.15,0.98,27.07,0.00,19.71,48.75,918.5485,-100,3.50,-100.0,3.5
3,2026-06-26 20:20:41,0.15,0.24,0.92,24.75,0.00,19.62,49.02,918.2277,-110,-3.50,-101.0,5.0
4,2026-06-26 20:20:41,0.06,0.18,1.02,18.68,0.00,19.31,49.75,918.6528,-101,5.00,-101.0,5.0
3,2026-06-26 20:30:41,0.19,0.32,1.53,32.64,0.00,19.95,47.89,918.2792,-110,-3.00,-100.0,3.5
4,2026-06-26 20:30:41,0.05,0.16,0.82,27.25,0.00,19.19,49.73,918.6930,-100,3.50,-100.0,3.5
3,2026-06-26 21:20:41,0.14,0.21,0.53,15.58,0.00,19.24,46.93,918.4884,-110,-3.00,-101.0,3.0
4,2026-06-26 21:20:41,0.04,0.16,0.69,15.11,0.00,19.16,48.03,918.8879,-101,3.00,-101.0,3.0
3,2026-06-26 21:30:41,0.14,0.26,1.57,27.37,0.00,19.38,45.63,918.4408,-110,-3.75,-101.0,4.75
4,2026-06-26 21:30:41,0.05,0.16,0.79,34.33,0.00,18.91,48.49,918.8664,-101,4.75,-101.0,4.75
3,2026-06-26 21:50:41,0.12,0.24,0.92,23.47,0.00,18.13,49.08,918.5046,-109,-2.25,-100.0,5.0
4,2026-06-26 21:50:41,0.05,0.16,1.37,39.54,0.04,17.05,54.29,918.9394,-100,5.00,-100.0,5.0
3,2026-06-26 22:00:41,0.13,0.24,1.72,24.58,0.00,17.78,50.01,918.4719,-109,-3.50,-100.0,4.0
4,2026-06-26 22:00:41,0.05,0.13,1.10,27.73,0.00,17.28,53.27,918.8986,-100,4.00,-100.0,4.0
3,2026-06-26 22:10:41,0.12,0.21,0.79,24.61,0.00,18.23,49.56,918.4903,-109,-2.50,-101.0,3.5
4,2026-06-26 22:10:41,0.06,0.17,1.39,27.73,0.00,17.23,54.05,918.8895,-101,3.50,-101.0,3.5
3,2026-06-26 22:20:41,0.14,0.24,1.09,23.32,0.00,17.80,51.68,918.4951,-109,-3.25,-101.0,4.75
4,2026-06-26 22:20:41,0.05,0.15,0.56,12.36,0.00,17.49,53.98,918.9264,-101,4.75,-101.0,4.75
3,2026-06-26 22:30:41,0.11,0.24,0.98,10.86,0.00,17.30,53.03,918.4890,-109,-2.75,-100.0,5.0
4,2026-06-26 22:30:41,0.05,0.19,1.00,16.65,0.00,17.29,54.99,918.9533,-100,5.00,-100.0,5.0
3,2026-06-26 22:50:41,0.11,0.25,0.85,22.08,0.00,16.71,55.28,918.6160,-109,-3.75,-100.0,4.75
4,2026-06-26 22:50:41,0.06,0.16,0.75,30.59,0.00,16.39,58.00,919.0810,-100,4.75,-100.0,4.75
3,2026-06-26 23:00:41,0.09,0.23,0.76,11.45,0.00,16.72,56.97,918.6503,-109,-3.00,-100.0,4.0
4,2026-06-26 23:00:41,0.05,0.17,0.86,27.89,0.00,16.20,59.51,919.1267,-100,4.00,-100.0,4.0
3,2026-06-26 23:10:41,0.09,0.22,0.92,18.70,0.00,16.49,58.07,918.7956,-109,-2.50,-103.0,4.0
4,2026-06-26 23:10:41,0.06,0.19,0.57,11.34,0.00,15.96,59.87,919.1899,-103,4.00,-103.0,4.0
3,2026-06-26 23:20:41,0.11,0.24,0.86,17.59,0.00,16.41,59.45,918.7997,-109,-2.75,-102.0,4.75
4,2026-06-26 23:20:41,0.06,0.18,0.36,5.58,0.00,15.61,61.26,919.2430,-102,4.75,-102.0,4.75
3,2026-06-26 23:30:41,0.10,0.25,0.52,6.29,0.00,16.24,59.66,918.8506,-109,-2.50,-101.0,4.5
4,2026-06-26 23:30:41,0.06,0.24,0.77,17.25,0.00,14.90,61.01,919.2703,-101,4.50,-101.0,4.5
3,2026-06-26 23:40:41,0.12,0.24,0.80,11.20,0.00,16.33,55.84,918.8679,-109,-3.00,-100.0,5.25
4,2026-06-26 23:40:41,0.05,0.16,0.78,15.18,0.00,15.16,61.00,919.2864,-100,5.25,-100.0,5.25
3,2026-06-26 23:50:41,0.11,0.25,0.99,26.29,0.00,16.16,56.75,918.8682,-109,-2.00,-101.0,4.25
4,2026-06-26 23:50:41,0.07,0.21,0.60,7.08,0.00,15.95,59.22,919.2603,-101,4.25,-101.0,4.25
3,2026-06-27 00:00:41,0.09,0.24,0.95,15.58,0.00,16.24,57.30,918.9192,-109,-2.00,-102.0,3.75
4,2026-06-27 00:00:41,0.06,0.21,0.92,10.21,0.00,15.79,58.30,919.2492,-102,3.75,-102.0,3.75
3,2026-06-27 00:10:41,0.09,0.22,0.91,23.98,0.00,16.08,56.30,918.9088,-109,-3.75,-102.0,4.25
4,2026-06-27 00:10:41,0.06,0.22,1.15,24.49,0.00,15.09,60.10,919.2850,-102,4.25,-102.0,4.25
3,2026-06-27 00:20:41,0.09,0.18,0.63,19.54,0.00,15.72,55.64,918.8508,-109,-2.50,-101.0,4.5
4,2026-06-27 00:20:41,0.05,0.14,0.59,16.00,0.00,15.44,57.59,919.2510,-101,4.50,-101.0,4.5
3,2026-06-27 00:30:41,0.10,0.26,0.89,21.13,0.00,15.61,55.40,918.8143,-109,-2.75,-100.0,5.0
4,2026-06-27 00:30:41,0.05,0.15,0.50,14.75,0.00,15.39,57.63,919.1811,-100,5.00,-100.0,5.0
3,2026-06-27 00:40:41,0.10,0.22,0.82,19.81,0.00,15.68,56.71,918.8757,-109,-2.00,-101.0,4.75
4,2026-06-27 00:40:41,0.06,0.19,0.73,28.38,0.00,15.36,58.17,919.2034,-101,4.75,-101.0,4.75
3,2026-06-27 00:50:41,0.09,0.20,0.66,19.94,0.00,15.54,58.33,918.8667,-109,-2.75,-102.0,4.5
4,2026-06-27 00:50:41,0.06,0.20,0.93,26.33,0.00,14.75,59.54,919.2012,-102,4.50,-102.0,4.5
3,2026-06-27 01:00:41,0.10,0.21,0.99,23.45,0.00,15.45,58.33,918.8493,-109,-2.50,-100.0,5.0
4,2026-06-27 01:00:41,0.06,0.18,0.70,14.76,0.00,14.81,58.95,919.1797,-100,5.00,-100.0,5.0
3,2026-06-27 01:20:41,0.10,0.23,0.78,20.75,0.00,15.30,56.94,918.8860,-109,-2.00,-100.0,5.25
4,2026-06-27 01:20:41,0.06,0.17,0.33,4.85,0.00,14.99,57.27,919.2629,-100,5.25,-100.0,5.25
3,2026-06-27 01:30:41,0.10,0.21,0.88,20.28,0.00,15.36,56.26,918.9835,-109,-2.00,-100.0,4.75
4,2026-06-27 01:30:41,0.07,0.21,0.53,13.78,0.00,14.00,61.22,919.5147,-100,4.75,-100.0,4.75
3,2026-06-27 01:40:41,0.11,0.25,0.98,26.44,0.00,15.38,56.77,919.1142,-109,-2.50,-101.0,5.0
4,2026-06-27 01:40:41,0.08,0.18,0.31,6.45,0.00,14.17,58.97,919.6067,-101,5.00,-101.0,5.0
3,2026-06-27 01:50:41,0.10,0.19,0.83,21.15,0.00,14.97,58.83,919.0902,-109,-1.75,-101.0,4.5
4,2026-06-27 01:50:41,0.06,0.16,0.83,25.37,0.00,14.85,56.51,919.5649,-101,4.50,-101.0,4.5
3,2026-06-27 02:00:41,0.09,0.19,0.51,14.98,0.00,14.84,58.57,919.1559,-109,-1.75,-101.0,5.0
4,2026-06-27 02:00:41,0.07,0.24,1.47,20.82,0.00,14.38,61.28,919.6714,-101,5.00,-101.0,5.0
3,2026-06-27 02:10:41,0.09,0.17,0.75,24.09,0.00,14.91,58.68,919.3005,-109,-2.25,-101.0,4.5
4,2026-06-27 02:10:41,0.08,0.28,0.97,11.40,0.00,14.04,62.94,919.7386,-101,4.50,-101.0,4.5
3,2026-06-27 02:20:41,0.10,0.25,0.78,10.19,0.00,15.00,58.49,919.3720,-109,-2.25,-102.0,4.0
4,2026-06-27 02:20:41,0.08,0.21,1.28,30.43,0.00,14.56,59.88,919.7799,-102,4.00,-102.0,4.0
3,2026-06-27 02:30:41,0.09,0.23,0.73,15.02,0.00,14.54,61.10,919.4948,-109,-3.25,-103.0,2.75
4,2026-06-27 02:30:41,0.09,0.33,1.14,11.72,0.00,13.97,62.82,919.9373,-103,2.75,-103.0,2.75
3,2026-06-27 02:40:41,0.12,0.27,1.54,35.79,0.00,14.28,62.24,919.4996,-109,-2.75,-100.0,5.0
4,2026-06-27 02:40:41,0.07,0.25,0.92,26.29,0.00,13.37,64.78,919.9590,-100,5.00,-100.0,5.0
3,2026-06-27 02:50:41,0.10,0.24,1.09,21.59,0.00,14.08,62.03,919.5317,-109,-1.75,-101.0,4.25
4,2026-06-27 02:50:41,0.08,0.25,0.78,11.84,0.00,13.42,64.17,919.9066,-101,4.25,-101.0,4.25
3,2026-06-27 03:00:41,0.10,0.20,0.54,21.12,0.00,14.11,63.66,919.5732,-109,-3.00,-101.0,4.5
4,2026-06-27 03:00:41,0.07,0.17,0.47,11.05,0.00,13.80,64.10,919.9064,-101,4.50,-101.0,4.5
3,2026-06-27 03:40:41,0.09,0.22,0.64,14.41,0.00,14.36,58.57,919.4762,-110,-4.00,-101.0,4.0
4,2026-06-27 03:40:41,0.08,0.19,0.78,23.73,0.00,13.62,62.88,919.8328,-101,4.00,-101.0,4.0
3,2026-06-27 03:50:41,0.11,0.22,0.64,24.90,0.00,14.89,56.90,919.4520,-109,-2.00,-103.0,4.0
4,2026-06-27 03:50:41,0.08,0.18,0.61,16.55,0.00,13.69,62.68,919.8020,-103,4.00,-103.0,4.0
3,2026-06-27 04:30:41,0.10,0.22,1.61,45.28,0.00,14.10,59.22,919.7435,-110,-3.75,-101.0,4.25
4,2026-06-27 04:30:41,0.09,0.27,1.25,23.68,0.00,14.44,59.11,920.0012,-101,4.25,-101.0,4.25
3,2026-06-27 05:00:41,0.14,0.33,1.12,22.31,0.00,13.54,62.42,919.5136,-109,-3.25,-102.0,2.25
4,2026-06-27 05:00:41,0.08,0.20,0.62,17.56,0.00,14.09,60.04,919.7777,-102,2.25,-102.0,2.25
4,2026-06-27 05:10:41,0.08,0.18,0.53,13.33,0.00,13.72,61.61,919.7888,-102,5.00,-102.0,5.0
3,2026-06-27 05:20:41,0.12,0.30,0.90,19.22,0.00,13.35,64.93,919.5676,-109,-3.50,-101.0,3.25
4,2026-06-27 05:20:41,0.10,0.26,0.88,14.91,0.00,12.62,65.64,919.8228,-101,3.25,-101.0,3.25
3,2026-06-27 05:50:41,0.14,0.39,1.38,24.24,0.00,12.85,69.11,919.6888,-108,-1.50,-104.0,2.25
4,2026-06-27 05:50:41,0.11,0.30,0.95,15.15,0.00,12.17,69.90,919.9769,-104,2.25,-104.0,2.25
3,2026-06-27 06:10:41,0.13,0.29,0.81,21.07,0.00,13.90,64.78,919.8075,-109,-1.75,-102.0,4.5
4,2026-06-27 06:10:41,0.14,0.44,1.64,25.86,0.00,12.16,70.15,920.3367,-102,4.50,-102.0,4.5
3,2026-06-27 06:20:41,0.14,0.38,1.51,19.83,0.00,13.84,65.43,919.9318,-109,-1.25,-102.0,4.75
4,2026-06-27 06:20:41,0.13,0.34,0.79,17.89,0.00,12.74,68.23,920.4226,-102,4.75,-102.0,4.75
3,2026-06-27 06:30:41,0.15,0.37,1.03,19.93,0.00,13.82,66.73,920.0067,-109,-2.00,-101.0,4.75
4,2026-06-27 06:30:41,0.15,0.37,1.65,36.51,0.00,13.28,67.06,920.3818,-101,4.75,-101.0,4.75
3,2026-06-27 06:40:41,0.18,0.42,1.94,37.61,0.00,14.21,66.09,919.9367,-109,-1.50,-101.0,4.5
4,2026-06-27 06:40:41,0.17,0.51,5.14,70.76,0.00,13.20,68.46,920.3376,-101,4.50,-101.0,4.5
3,2026-06-27 07:00:41,0.16,0.41,1.10,26.32,0.00,13.54,70.76,919.9485,-109,-2.00,-100.0,4.0
4,2026-06-27 07:00:41,0.16,0.48,2.06,28.34,0.00,12.68,71.59,920.2534,-100,4.00,-100.0,4.0
3,2026-06-27 07:10:41,0.17,0.42,1.56,20.24,0.00,13.23,72.50,919.9191,-109,-3.00,-100.0,5.0
4,2026-06-27 07:10:41,0.14,0.39,1.83,28.38,0.00,12.25,72.96,920.2118,-100,5.00,-100.0,5.0
4,2026-06-27 07:30:41,0.16,0.40,1.67,27.65,0.00,13.80,69.20,920.1926,-100,6.00,-100.0,6.0
3,2026-06-27 07:40:41,0.20,0.50,2.25,26.88,0.00,13.94,71.08,919.8420,-109,-2.00,-101.0,4.25
4,2026-06-27 07:40:41,0.15,0.41,1.08,17.78,0.00,13.74,68.87,920.2032,-101,4.25,-101.0,4.25
3,2026-06-27 07:50:41,0.19,0.52,2.28,30.55,0.00,14.28,69.87,919.9064,-108,-1.50,-101.0,3.25
4,2026-06-27 07:50:41,0.16,0.44,1.96,33.20,0.00,13.73,69.37,920.3414,-101,3.25,-101.0,3.25
3,2026-06-27 08:20:41,0.19,0.38,1.90,28.19,0.00,16.81,59.56,920.0392,-109,-1.00,-100.0,3.5
4,2026-06-27 08:20:41,0.15,0.46,1.91,30.25,0.00,17.14,58.51,920.4629,-100,3.50,-100.0,3.5
3,2026-06-27 08:30:41,0.22,0.40,1.00,16.90,0.00,17.10,57.07,919.9654,-109,-1.75,-100.0,5.25
4,2026-06-27 08:30:41,0.12,0.25,0.83,36.81,0.00,17.39,56.36,920.4432,-100,5.25,-100.0,5.25
3,2026-06-27 08:50:41,0.24,0.36,1.02,25.67,0.00,19.41,49.13,919.9514,-109,-1.75,-100.0,4.25
4,2026-06-27 08:50:41,0.09,0.22,1.09,24.97,0.00,19.41,48.88,920.4078,-100,4.25,-100.0,4.25
3,2026-06-27 09:10:41,0.31,0.43,0.91,17.38,0.00,20.01,48.70,919.7503,-109,-1.75,-100.0,4.5
4,2026-06-27 09:10:41,0.07,0.16,0.92,25.44,0.00,20.28,47.22,920.1559,-100,4.50,-100.0,4.5
3,2026-06-27 09:20:41,0.36,0.48,0.77,9.07,0.00,20.53,48.05,919.6310,-109,-1.75,-100.0,5.0
4,2026-06-27 09:20:41,0.09,0.18,0.36,9.38,0.00,19.63,49.05,920.0108,-100,5.00,-100.0,5.0
3,2026-06-27 09:30:41,0.32,0.44,0.77,12.19,0.00,20.37,48.50,919.5680,-108,-1.00,-101.0,4.75
4,2026-06-27 09:30:41,0.09,0.20,0.74,11.10,0.00,19.69,49.17,919.9917,-101,4.75,-101.0,4.75
3,2026-06-27 09:40:41,0.32,0.44,1.23,24.66,0.00,20.14,49.04,919.5752,-109,-2.25,-100.0,5.25
4,2026-06-27 09:40:41,0.10,0.22,0.80,21.67,0.00,19.67,48.86,919.9650,-100,5.25,-100.0,5.25
3,2026-06-27 09:50:41,0.32,0.46,1.47,23.46,0.00,20.67,50.37,919.6244,-110,-3.50,-101.0,3.75
4,2026-06-27 09:50:41,0.11,0.23,0.40,5.14,0.00,18.65,51.05,919.9405,-101,3.75,-101.0,3.75
3,2026-06-27 10:00:41,0.35,0.52,1.36,23.93,0.00,21.11,48.75,919.5629,-109,-1.50,-100.0,2.75
4,2026-06-27 10:00:41,0.10,0.21,1.39,35.86,0.00,18.13,52.89,919.9085,-100,2.75,-100.0,2.75
3,2026-06-27 10:10:41,0.31,0.45,1.57,29.96,0.00,20.94,46.60,919.5307,-109,-2.50,-100.0,3.25
4,2026-06-27 10:10:41,0.11,0.23,0.93,21.11,0.00,18.26,52.72,919.9606,-100,3.25,-100.0,3.25
3,2026-06-27 10:20:41,0.29,0.43,0.91,17.67,0.00,19.21,50.93,919.5054,-110,-2.25,-100.0,4.75
4,2026-06-27 10:20:41,0.10,0.21,0.71,20.45,0.00,18.53,52.35,919.9775,-100,4.75,-100.0,4.75
3,2026-06-27 10:30:41,0.25,0.41,0.85,8.69,0.00,18.81,54.09,919.5554,-109,-2.25,-100.0,4.0
4,2026-06-27 10:30:41,0.11,0.27,0.63,18.79,0.00,18.76,52.56,919.9687,-100,4.00,-100.0,4.0
3,2026-06-27 10:40:41,0.23,0.37,1.11,19.12,0.00,18.59,54.40,919.5335,-109,-3.00,-99.0,5.25
4,2026-06-27 10:40:41,0.11,0.29,0.98,23.50,0.00,18.94,52.72,919.9474,-99,5.25,-99.0,5.25
3,2026-06-27 10:50:41,0.22,0.35,0.91,14.93,0.00,18.76,54.17,919.5436,-109,-2.00,-99.0,5.5
4,2026-06-27 10:50:41,0.11,0.29,0.99,10.28,0.00,18.88,53.47,919.9449,-99,5.50,-99.0,5.5
3,2026-06-27 11:00:41,0.22,0.37,1.26,17.08,0.00,19.26,52.26,919.5017,-110,-2.50,-100.0,5.0
4,2026-06-27 11:00:41,0.11,0.28,0.99,11.73,0.00,19.16,52.55,919.7916,-100,5.00,-100.0,5.0
3,2026-06-27 11:10:41,0.26,0.42,1.11,18.81,0.00,19.46,52.01,919.4965,-110,-2.75,-99.0,5.0
4,2026-06-27 11:10:41,0.10,0.25,0.85,11.16,0.00,19.51,51.73,919.8067,-99,5.00,-99.0,5.0
4,2026-06-27 11:30:41,0.11,0.28,0.96,15.03,0.00,21.17,51.08,919.8971,-100,6.25,-100.0,6.25
3,2026-06-27 11:40:41,0.26,0.46,2.01,26.10,0.00,19.47,55.80,919.6501,-109,-2.00,-99.0,5.25
4,2026-06-27 11:40:41,0.13,0.33,1.28,21.53,0.00,20.52,50.69,919.8873,-99,5.25,-99.0,5.25
3,2026-06-27 11:50:41,0.26,0.52,1.71,17.56,0.00,19.25,57.29,919.5833,-110,-4.50,-99.0,5.25
4,2026-06-27 11:50:41,0.13,0.49,3.41,68.48,0.00,21.95,47.49,919.8118,-99,5.25,-99.0,5.25
3,2026-06-27 12:00:41,0.21,0.37,1.28,16.70,0.00,20.85,53.06,919.5576,-109,-2.25,-99.0,3.75
4,2026-06-27 12:00:41,0.13,0.47,2.57,36.70,0.00,21.26,48.69,919.7560,-99,3.75,-99.0,3.75
3,2026-06-27 12:10:41,0.27,0.44,1.53,22.37,0.00,20.63,51.43,919.3746,-109,-3.00,-99.0,5.25
4,2026-06-27 12:10:41,0.11,0.27,1.26,24.34,0.00,20.01,50.32,919.6727,-99,5.25,-99.0,5.25
3,2026-06-27 12:30:41,0.23,0.41,1.88,29.89,0.00,19.72,53.76,919.3289,-109,-1.75,-100.0,5.5
4,2026-06-27 12:30:41,0.11,0.28,1.23,20.51,0.00,19.85,52.13,919.6323,-100,5.50,-100.0,5.5
3,2026-06-27 12:40:41,0.29,0.50,1.52,16.47,0.00,20.12,53.94,919.3260,-109,-2.00,-98.0,6.0
4,2026-06-27 12:40:41,0.10,0.26,0.73,28.55,0.00,20.93,50.80,919.6386,-98,6.00,-98.0,6.0
4,2026-06-27 12:50:41,0.11,0.28,0.87,15.93,0.00,20.81,49.94,919.5313,-98,6.00,-98.0,6.0
3,2026-06-27 13:00:41,0.22,0.38,1.23,18.62,0.00,21.87,50.47,919.1479,-110,-3.50,-100.0,4.75
4,2026-06-27 13:00:41,0.12,0.27,1.16,22.05,0.00,20.60,50.93,919.4448,-100,4.75,-100.0,4.75
3,2026-06-27 13:10:41,0.25,0.40,1.32,22.28,0.00,21.07,52.24,919.0328,-110,-2.50,-99.0,5.5
4,2026-06-27 13:10:41,0.12,0.29,1.11,21.52,0.00,20.34,52.13,919.3505,-99,5.50,-99.0,5.5
3,2026-06-27 13:20:41,0.27,0.46,1.05,21.14,0.00,20.64,52.92,919.0037,-110,-3.50,-99.0,5.25
4,2026-06-27 13:20:41,0.12,0.29,0.88,12.03,0.00,20.60,52.95,919.3219,-99,5.25,-99.0,5.25
3,2026-06-27 13:30:41,0.25,0.41,1.19,21.44,0.00,20.80,51.09,918.9448,-110,-2.50,-99.0,5.25
4,2026-06-27 13:30:41,0.11,0.26,1.25,19.35,0.00,21.03,50.36,919.1932,-99,5.25,-99.0,5.25
3,2026-06-27 13:40:41,0.25,0.42,1.02,15.53,0.00,21.67,48.24,918.9269,-110,-3.50,-99.0,4.0
4,2026-06-27 13:40:41,0.11,0.31,1.05,20.83,0.00,21.57,48.02,919.1212,-99,4.00,-99.0,4.0
3,2026-06-27 13:50:41,0.32,0.51,1.85,30.07,0.00,21.97,48.02,918.8830,-109,-3.00,-99.0,3.75
4,2026-06-27 13:50:41,0.17,1.08,7.83,81.78,0.00,22.52,43.59,919.1256,-99,3.75,-99.0,3.75
3,2026-06-27 14:00:41,0.33,0.48,1.36,16.37,0.00,23.30,44.91,918.9234,-110,-2.00,-99.0,4.75
4,2026-06-27 14:00:41,0.19,1.16,5.79,77.66,0.00,22.72,43.53,919.1539,-99,4.75,-99.0,4.75
4,2026-06-27 14:10:41,0.36,3.24,19.67,168.02,0.00,23.97,41.20,919.0952,-102,4.75,-102.0,4.75
4,2026-06-27 14:20:41,1.33,18.36,123.68,327.67,0.00,23.04,41.92,918.9992,-99,5.50,-99.0,5.5
3,2026-06-27 14:30:41,0.35,0.51,1.77,26.52,0.00,22.83,46.23,918.6554,-110,-3.50,-101.0,4.5
4,2026-06-27 14:30:41,0.99,11.99,80.19,327.67,0.00,23.69,41.44,918.9642,-101,4.50,-101.0,4.5
3,2026-06-27 14:50:41,0.33,0.51,1.98,26.90,0.00,22.01,47.52,918.5406,-111,-1.25,-99.0,5.0
4,2026-06-27 14:50:41,2.93,41.86,297.38,327.67,0.00,22.41,44.77,918.9373,-99,5.00,-99.0,5.0
3,2026-06-27 15:00:41,0.31,0.47,1.07,13.87,0.00,23.27,45.26,918.6569,-110,-0.75,-101.0,4.75
4,2026-06-27 15:00:41,3.03,41.80,256.70,327.67,0.00,22.96,43.17,918.9734,-101,4.75,-101.0,4.75
4,2026-06-27 15:10:41,2.12,27.78,169.71,327.67,0.00,22.88,43.72,918.9826,-101,5.00,-101.0,5.0
3,2026-06-27 15:20:41,0.32,0.48,1.24,15.68,0.00,23.76,44.51,918.5435,-110,-2.50,-100.0,5.0
4,2026-06-27 15:20:41,2.39,31.51,179.13,327.67,0.00,22.99,42.78,918.9590,-100,5.00,-100.0,5.0
3,2026-06-27 15:30:41,0.37,0.55,1.62,28.34,0.00,24.18,43.44,918.4839,-110,-3.25,-100.0,5.0
4,2026-06-27 15:30:41,1.98,26.96,173.45,327.67,0.00,22.94,42.78,918.9443,-100,5.00,-100.0,5.0
3,2026-06-27 15:40:41,0.34,0.53,1.77,22.92,0.00,25.01,42.02,918.4373,-110,-3.25,-100.0,4.75
4,2026-06-27 15:40:41,2.64,36.44,223.22,327.67,0.00,23.43,43.15,918.8986,-100,4.75,-100.0,4.75
3,2026-06-27 15:50:41,0.34,0.55,1.77,16.31,0.00,23.14,44.88,918.4027,-110,-2.50,-101.0,3.25
4,2026-06-27 15:50:41,4.85,71.69,327.67,327.67,0.00,21.99,45.49,918.8403,-101,3.25,-101.0,3.25
4,2026-06-27 16:00:41,5.82,89.99,327.67,327.67,0.00,21.47,45.47,918.8240,-101,6.50,-101.0,6.5
3,2026-06-27 16:40:41,0.37,0.74,2.79,22.67,0.00,22.22,45.46,918.3161,-110,-4.50,-101.0,4.25
4,2026-06-27 16:40:41,17.70,247.67,327.67,327.67,0.00,23.43,42.47,918.8294,-101,4.25,-101.0,4.25
4,2026-06-27 16:50:41,24.28,327.67,327.67,327.67,0.00,23.93,41.26,918.7577,-100,6.25,-100.0,6.25
4,2026-06-27 17:00:41,20.90,291.30,327.67,327.67,0.00,22.52,43.50,918.7604,-101,5.00,-101.0,5.0
4,2026-06-27 17:20:41,15.68,212.85,327.67,327.67,0.00,22.50,44.10,918.9219,-100,4.75,-100.0,4.75
3,2026-06-27 17:30:41,0.41,1.00,3.72,28.15,0.00,21.77,46.46,918.1694,-111,-2.75,-102.0,4.25
4,2026-06-27 17:30:41,17.09,229.17,327.67,327.67,0.00,23.84,40.47,918.9576,-102,4.25,-102.0,4.25
4,2026-06-27 17:40:41,19.37,258.73,327.67,327.67,0.00,24.59,40.15,918.8611,-101,5.25,-101.0,5.25
3,2026-06-27 17:50:41,0.37,0.88,3.33,35.72,0.00,23.09,44.79,918.1863,-111,-3.25,-101.0,4.25
4,2026-06-27 17:50:41,16.26,212.35,327.67,327.67,0.00,23.91,41.44,918.7316,-101,4.25,-101.0,4.25
3,2026-06-27 18:00:41,0.39,0.71,2.30,22.00,0.00,24.60,41.87,918.2330,-110,-2.75,-101.0,4.25
4,2026-06-27 18:00:41,13.69,184.44,327.67,327.67,0.00,21.88,45.48,918.6720,-101,4.25,-101.0,4.25
4,2026-06-27 18:20:41,20.60,287.88,327.67,327.67,0.00,21.57,46.16,918.6708,-100,6.50,-100.0,6.5
3,2026-06-27 18:30:41,0.45,0.89,2.81,22.09,0.00,23.17,44.08,918.2361,-110,-3.75,-101.0,4.5
4,2026-06-27 18:30:41,15.01,215.18,327.67,327.67,0.00,20.82,48.12,918.6837,-101,4.50,-101.0,4.5
4,2026-06-27 18:40:41,14.24,199.62,327.67,327.67,0.00,20.44,48.65,918.6371,-101,5.50,-101.0,5.5
4,2026-06-27 19:10:41,15.28,214.49,327.67,327.67,0.00,21.51,47.14,918.6363,-102,5.75,-102.0,5.75
4,2026-06-27 19:30:41,20.37,299.12,327.67,327.67,0.00,21.10,47.78,918.5744,-101,5.75,-101.0,5.75
4,2026-06-27 19:40:41,23.12,327.67,327.67,327.67,0.00,22.08,45.78,918.5900,-100,6.25,-100.0,6.25
3,2026-06-27 19:50:41,0.47,0.80,1.71,16.90,0.00,24.68,41.01,918.1989,-111,-4.00,-100.0,3.75
4,2026-06-27 19:50:41,24.13,327.67,327.67,327.67,0.00,22.71,44.21,918.6398,-100,3.75,-100.0,3.75
4,2026-06-27 20:00:41,21.18,305.43,327.67,327.67,0.00,22.10,45.77,918.6890,-101,5.75,-101.0,5.75
4,2026-06-27 20:30:41,15.17,224.25,327.67,327.67,0.00,18.91,52.44,918.8069,-100,5.50,-100.0,5.5
4,2026-06-27 20:40:41,12.86,187.39,327.67,327.67,0.00,19.25,51.29,918.7918,-101,5.75,-101.0,5.75
4,2026-06-27 22:00:41,7.26,123.97,327.67,327.67,0.00,16.01,57.58,919.6995,-102,4.75,-102.0,4.75
4,2026-06-27 22:10:41,7.10,126.91,327.67,327.67,0.00,15.46,59.81,919.7636,-101,5.00,-101.0,5.0
4,2026-06-27 22:30:41,5.99,106.67,327.67,327.67,0.00,15.19,59.40,920.0192,-102,5.00,-102.0,5.0
4,2026-06-28 00:00:41,1.25,23.20,181.44,327.67,0.00,12.97,66.31,921.0386,-101,6.00,-101.0,6.0
4,2026-06-28 00:10:41,1.12,20.71,157.99,327.67,0.00,12.68,67.01,921.1985,-102,5.50,-102.0,5.5
4,2026-06-28 00:40:41,1.33,24.90,176.30,327.67,0.00,12.50,66.42,921.6408,-100,5.75,-100.0,5.75
4,2026-06-28 01:10:41,0.30,4.23,27.81,327.67,0.00,12.69,65.04,922.0073,-101,6.25,-101.0,6.25
3,2026-06-28 01:20:41,0.12,0.36,1.86,25.07,0.00,12.30,70.13,921.8534,-109,-3.25,-102.0,3.25
4,2026-06-28 01:20:41,0.49,8.18,54.63,327.67,0.00,12.45,66.20,922.1252,-102,3.25,-102.0,3.25
3,2026-06-28 01:30:41,0.14,0.33,2.12,31.12,0.00,12.50,70.62,922.0624,-110,-5.00,-102.0,4.0
4,2026-06-28 01:30:41,0.10,0.31,2.45,41.33,0.00,12.21,68.39,922.3172,-102,4.00,-102.0,4.0
4,2026-06-28 01:40:41,0.12,0.39,2.25,28.07,0.00,11.74,71.33,922.4551,-101,6.25,-101.0,6.25
4,2026-06-28 01:50:41,0.12,0.42,2.23,26.96,0.00,11.44,73.01,922.7532,-101,5.75,-101.0,5.75
4,2026-06-28 02:30:41,0.18,0.71,5.70,53.99,0.00,12.12,71.17,923.3391,-102,4.50,-102.0,4.5
4,2026-06-28 03:10:41,0.25,0.96,5.44,51.80,0.00,11.06,75.58,923.6800,-103,4.75,-103.0,4.75
3,2026-06-28 03:50:41,0.19,0.61,5.14,54.67,0.00,10.93,76.07,923.5397,-109,-2.25,-100.0,4.0
4,2026-06-28 03:50:41,0.21,0.93,8.56,114.64,0.00,10.69,75.34,923.7681,-100,4.00,-100.0,4.0
4,2026-06-28 04:10:41,0.19,0.64,4.86,82.37,0.00,11.04,74.19,923.8258,-101,6.50,-101.0,6.5
4,2026-06-28 04:20:40,0.19,0.58,3.88,53.09,0.00,11.06,73.35,923.9024,-103,5.50,-103.0,5.5
3,2026-06-28 04:30:41,0.29,0.83,10.56,76.04,0.00,10.45,77.84,923.8031,-109,-2.25,-101.0,4.25
4,2026-06-28 04:30:41,0.19,0.55,3.64,49.78,0.00,10.42,75.28,923.8408,-101,4.25,-101.0,4.25
3,2026-06-28 04:50:41,0.30,0.69,4.07,28.94,0.00,10.06,78.87,923.8958,-108,0.00,-102.0,3.5
4,2026-06-28 04:50:41,0.22,0.60,5.63,53.50,0.00,9.81,77.31,924.0213,-102,3.50,-102.0,3.5
3,2026-06-28 05:00:41,0.31,0.70,5.01,38.72,0.00,10.35,77.74,923.9834,-108,-1.00,-101.0,5.0
4,2026-06-28 05:00:41,0.24,0.63,3.72,41.89,0.00,9.95,76.96,924.1350,-101,5.00,-101.0,5.0
4,2026-06-28 05:10:40,0.23,0.55,4.54,41.75,0.00,10.00,76.73,924.1521,-102,5.25,-102.0,5.25
3,2026-06-28 05:30:41,0.34,0.72,2.73,37.65,0.00,10.17,78.10,924.0855,-110,-3.00,-101.0,4.25
4,2026-06-28 05:30:41,0.25,0.65,5.71,42.43,0.00,9.62,77.71,924.2033,-101,4.25,-101.0,4.25
4,2026-06-28 05:40:40,0.22,0.52,4.64,52.47,0.00,10.15,75.72,924.2739,-101,5.75,-101.0,5.75
4,2026-06-28 05:50:40,0.23,0.54,3.94,36.11,0.00,10.28,75.38,924.3750,-100,6.25,-100.0,6.25
3,2026-06-28 06:00:41,0.38,0.79,4.76,51.62,0.00,10.21,77.75,924.2794,-109,-2.75,-101.0,4.0
4,2026-06-28 06:00:41,0.27,0.80,6.27,44.79,0.00,10.07,75.58,924.4319,-101,4.00,-101.0,4.0
4,2026-06-28 06:10:40,0.25,0.57,3.39,39.96,0.00,9.50,77.26,924.5318,-101,6.00,-101.0,6.0
4,2026-06-28 06:40:40,0.22,0.43,1.58,20.93,0.00,9.10,78.37,924.6296,-100,5.75,-100.0,5.75
3,2026-06-28 06:50:41,0.34,0.65,2.66,27.53,0.00,9.69,79.28,924.5994,-109,-1.75,-101.0,5.0
4,2026-06-28 06:50:41,0.26,0.54,3.97,115.13,0.00,9.14,78.28,924.6826,-101,5.00,-101.0,5.0
4,2026-06-28 07:10:40,0.23,0.42,1.39,25.42,0.00,9.37,78.26,924.9066,-100,5.75,-100.0,5.75
4,2026-06-28 07:50:40,0.28,0.50,1.64,16.99,0.00,8.98,78.17,925.0173,-100,6.00,-100.0,6.0
4,2026-06-28 08:00:40,0.26,0.44,1.25,24.28,0.00,9.29,76.74,925.1961,-101,6.25,-101.0,6.25
4,2026-06-28 08:20:40,0.31,0.56,1.66,29.85,0.00,9.55,75.47,925.2489,-100,6.00,-100.0,6.0
4,2026-06-28 08:30:40,0.29,0.48,1.18,10.36,0.00,9.51,76.27,925.3408,-100,5.50,-100.0,5.5
3,2026-06-28 08:40:41,0.41,0.72,1.65,24.46,0.00,10.60,76.31,925.2058,-110,-3.25,-101.0,5.0
4,2026-06-28 08:40:41,0.31,0.53,1.71,31.96,0.00,9.59,76.28,925.4674,-101,5.00,-101.0,5.0
4,2026-06-28 08:50:40,0.29,0.50,0.90,11.08,0.00,9.84,75.48,925.5822,-100,6.25,-100.0,6.25
4,2026-06-28 09:10:40,0.25,0.42,0.89,23.22,0.00,10.74,72.28,925.6352,-101,5.50,-101.0,5.5
3,2026-06-28 09:20:41,0.33,0.57,1.72,23.23,0.00,11.02,74.02,925.4480,-109,-2.50,-101.0,2.75
4,2026-06-28 09:20:41,0.27,0.47,1.11,16.28,0.00,11.01,71.29,925.7275,-101,2.75,-101.0,2.75
4,2026-06-28 09:30:40,0.26,0.41,0.96,21.95,0.00,11.51,70.73,925.7972,-99,5.25,-99.0,5.25
4,2026-06-28 09:40:40,0.23,0.35,0.66,17.64,0.00,11.41,69.83,925.8631,-99,5.50,-99.0,5.5
4,2026-06-28 09:50:40,0.20,0.30,0.55,9.94,0.00,11.74,68.83,925.8873,-101,6.25,-101.0,6.25
3,2026-06-28 10:00:41,0.27,0.46,1.89,27.14,0.00,12.37,69.46,925.5539,-109,-3.25,-100.0,5.25
4,2026-06-28 10:00:41,0.21,0.36,0.65,16.99,0.00,11.88,67.45,925.8737,-100,5.25,-100.0,5.25
3,2026-06-28 10:10:41,0.28,0.48,1.60,22.19,0.00,12.09,70.47,925.6868,-109,-2.75,-101.0,4.5
4,2026-06-28 10:10:41,0.22,0.37,0.91,20.35,0.00,11.79,68.20,925.8878,-101,4.50,-101.0,4.5
3,2026-06-28 10:30:41,0.29,0.48,1.47,26.99,0.00,12.76,69.02,925.9074,-108,-2.50,-101.0,3.5
4,2026-06-28 10:30:41,0.27,0.42,0.85,19.26,0.00,12.32,67.16,926.1250,-101,3.50,-101.0,3.5
3,2026-06-28 10:50:41,0.28,0.48,1.75,24.11,0.00,13.68,66.30,925.9987,-108,-2.75,-100.0,5.0
4,2026-06-28 10:50:41,0.25,0.42,1.02,15.67,0.00,13.16,65.77,926.2608,-100,5.00,-100.0,5.0
4,2026-06-28 11:00:40,0.25,0.45,0.86,16.43,0.00,13.46,64.46,926.3190,-101,6.00,-101.0,6.0
4,2026-06-28 11:10:40,0.25,0.43,1.87,25.38,0.00,13.83,64.85,926.2969,-101,6.25,-101.0,6.25
3,2026-06-28 11:20:41,0.24,0.41,1.78,25.18,0.00,15.33,62.34,926.0958,-108,-2.25,-100.0,3.25
4,2026-06-28 11:20:41,0.22,0.41,1.32,16.39,0.00,14.34,62.73,926.3851,-100,3.25,-100.0,3.25
3,2026-06-28 11:40:41,0.25,0.38,1.87,29.11,0.00,17.10,57.00,926.1008,-108,-2.25,-102.0,3.0
4,2026-06-28 11:40:41,0.20,0.34,0.76,18.83,0.00,14.62,63.03,926.4374,-102,3.00,-102.0,3.0
3,2026-06-28 12:10:41,0.26,0.39,1.36,20.05,0.00,19.51,50.61,926.0963,-109,-2.75,-101.0,4.75
4,2026-06-28 12:10:41,0.17,0.30,1.39,30.13,0.00,15.33,59.47,926.4665,-101,4.75,-101.0,4.75
4,2026-06-28 12:20:40,0.17,0.34,1.59,28.74,0.00,16.26,58.81,926.4268,-101,5.75,-101.0,5.75
3,2026-06-28 12:30:41,0.29,0.48,2.06,16.89,0.00,17.79,53.67,925.9719,-109,-2.50,-102.0,4.0
4,2026-06-28 12:30:41,0.14,0.32,2.28,25.56,0.00,16.78,56.84,926.4391,-102,4.00,-102.0,4.0
4,2026-06-28 12:40:40,0.14,0.27,1.24,24.49,0.00,17.57,53.21,926.4081,-101,5.00,-101.0,5.0
4,2026-06-28 13:30:40,0.14,0.36,1.88,34.46,0.00,19.48,48.83,926.2422,-102,5.50,-102.0,5.5
3,2026-06-28 13:40:41,0.24,0.41,2.20,25.01,0.00,21.38,45.71,925.8032,-109,-2.50,-102.0,4.25
4,2026-06-28 13:40:41,0.12,0.26,1.57,27.97,0.00,19.67,49.10,926.2078,-102,4.25,-102.0,4.25
4,2026-06-28 14:00:40,0.11,0.27,1.61,24.49,0.00,20.14,45.12,926.1114,-103,4.75,-103.0,4.75
3,2026-06-28 14:20:41,0.26,0.43,2.55,28.27,0.00,24.25,40.43,925.6925,-109,-3.25,-102.0,2.75
4,2026-06-28 14:20:41,0.12,0.24,1.66,30.19,0.00,20.88,44.04,926.0998,-102,2.75,-102.0,2.75
3,2026-06-28 14:40:41,0.28,0.46,1.81,17.00,0.00,23.56,41.97,925.7231,-109,-2.25,-102.0,4.5
4,2026-06-28 14:40:41,0.11,0.26,2.47,36.90,0.00,21.60,41.83,926.0508,-102,4.50,-102.0,4.5
3,2026-06-28 14:50:41,0.26,0.39,1.13,28.34,0.00,23.78,40.14,925.6814,-109,-2.75,-103.0,3.75
4,2026-06-28 14:50:41,0.11,0.28,2.18,31.61,0.00,21.29,41.11,926.0825,-103,3.75,-103.0,3.75
3,2026-06-28 15:00:41,0.29,0.45,3.03,32.97,0.00,24.63,38.18,925.6531,-109,-1.75,-103.0,3.75
4,2026-06-28 15:00:41,0.10,0.26,2.46,41.07,0.00,21.73,39.42,926.0338,-103,3.75,-103.0,3.75
3,2026-06-28 15:10:41,0.26,0.42,2.61,31.57,0.00,23.81,39.10,925.6294,-109,-2.25,-104.0,2.5
4,2026-06-28 15:10:41,0.10,0.24,1.18,25.96,0.00,21.04,41.23,926.0357,-104,2.50,-104.0,2.5
3,2026-06-28 15:20:41,0.35,0.53,2.55,33.56,0.00,26.02,34.63,925.6397,-109,-2.00,-104.0,2.0
4,2026-06-28 15:20:41,0.10,0.25,1.38,30.69,0.00,20.90,41.65,925.9974,-104,2.00,-104.0,2.0
3,2026-06-28 15:40:41,0.34,0.49,2.92,28.01,0.00,25.85,34.45,925.5070,-109,-2.25,-103.0,3.75
4,2026-06-28 15:40:41,0.10,0.27,1.68,42.78,0.00,23.16,38.01,925.9930,-103,3.75,-103.0,3.75
3,2026-06-28 15:50:41,0.32,0.48,1.98,27.89,0.00,25.27,35.10,925.4534,-109,-2.75,-103.0,3.75
4,2026-06-28 15:50:41,0.08,0.22,1.50,27.82,0.00,25.31,34.45,925.9044,-103,3.75,-103.0,3.75
3,2026-06-28 16:00:41,0.31,0.45,2.10,33.46,0.00,25.49,35.82,925.3586,-110,-2.75,-103.0,3.75
4,2026-06-28 16:00:41,0.08,0.18,1.47,23.76,0.00,25.81,32.36,925.8182,-103,3.75,-103.0,3.75
4,2026-06-28 16:10:40,0.08,0.19,1.03,23.53,0.00,27.02,31.48,925.7722,-103,4.25,-103.0,4.25
3,2026-06-28 16:20:41,0.38,0.56,2.53,28.72,0.00,25.08,36.74,925.2953,-109,-2.75,-103.0,3.5
4,2026-06-28 16:20:41,0.09,0.24,1.73,28.64,0.00,25.85,31.94,925.7146,-103,3.50,-103.0,3.5
3,2026-06-28 16:30:41,0.30,0.43,1.40,24.32,0.00,23.90,39.05,925.1969,-109,-1.50,-104.0,2.75
4,2026-06-28 16:30:41,0.08,0.20,1.46,25.43,0.00,25.03,33.52,925.6878,-104,2.75,-104.0,2.75
3,2026-06-28 16:40:41,0.33,0.47,1.32,21.75,0.00,23.70,38.73,925.1389,-109,-2.00,-102.0,3.0
4,2026-06-28 16:40:41,0.09,0.26,2.27,29.16,0.00,24.21,35.43,925.5524,-102,3.00,-102.0,3.0
3,2026-06-28 16:50:41,0.31,0.47,1.55,22.34,0.00,23.62,38.31,925.0666,-109,-1.75,-104.0,2.5
4,2026-06-28 16:50:41,0.09,0.24,1.77,24.77,0.00,22.92,36.58,925.4945,-104,2.50,-104.0,2.5
3,2026-06-28 17:00:41,0.32,0.47,1.77,18.76,0.00,22.99,40.48,925.0281,-109,-0.75,-103.0,4.0
4,2026-06-28 17:00:41,0.09,0.29,2.16,27.99,0.00,24.28,34.30,925.4206,-103,4.00,-103.0,4.0
3,2026-06-28 17:10:41,0.31,0.53,2.01,22.10,0.00,22.72,40.96,924.9401,-109,-1.25,-103.0,3.0
4,2026-06-28 17:10:41,0.15,1.00,5.99,49.00,0.00,23.90,36.54,925.3314,-103,3.00,-103.0,3.0
3,2026-06-28 17:20:41,0.28,0.51,1.81,23.27,0.00,21.28,41.95,924.8239,-109,-2.00,-103.0,3.75
4,2026-06-28 17:20:41,0.36,4.30,33.08,327.67,0.00,22.72,38.32,925.2678,-103,3.75,-103.0,3.75
4,2026-06-28 17:30:40,0.17,1.60,13.46,156.22,0.00,21.07,38.94,925.3000,-101,5.75,-101.0,5.75
3,2026-06-28 17:40:41,0.30,0.45,1.37,23.98,0.00,21.72,39.09,924.9121,-110,-2.75,-102.0,3.25
4,2026-06-28 17:40:41,0.18,1.47,12.92,316.65,0.00,21.29,39.73,925.3380,-102,3.25,-102.0,3.25
3,2026-06-28 18:00:41,0.34,0.55,2.18,29.07,0.00,21.81,37.98,924.9028,-110,-3.25,-103.0,2.75
4,2026-06-28 18:00:41,0.11,0.37,2.02,25.58,0.00,20.59,39.55,925.3202,-103,2.75,-103.0,2.75
4,2026-06-28 18:20:40,0.11,0.30,1.29,23.35,0.00,20.43,39.69,925.3013,-103,4.75,-103.0,4.75
3,2026-06-28 18:30:41,0.24,0.40,1.81,27.05,0.00,21.83,37.90,924.7458,-110,-3.50,-104.0,2.75
4,2026-06-28 18:30:41,0.10,0.26,2.06,25.62,0.00,20.23,39.48,925.2598,-104,2.75,-104.0,2.75
3,2026-06-28 18:40:40,0.22,0.39,1.80,26.67,0.00,20.84,40.32,924.7028,-110,-2.25,-104.0,2.0
4,2026-06-28 18:40:40,0.13,0.43,3.18,71.20,0.00,19.70,41.32,925.1530,-104,2.00,-104.0,2.0
3,2026-06-28 19:00:41,0.30,0.62,2.53,31.73,0.00,21.06,38.77,924.5572,-108,-2.00,-105.0,2.25
4,2026-06-28 19:00:41,0.11,0.35,2.43,28.21,0.00,19.51,41.50,925.0741,-105,2.25,-105.0,2.25
3,2026-06-28 19:10:41,0.28,0.55,3.27,41.97,0.00,21.06,39.08,924.4836,-110,-3.50,-103.0,2.75
4,2026-06-28 19:10:41,0.15,0.53,2.62,29.13,0.00,19.90,41.08,925.0363,-103,2.75,-103.0,2.75
3,2026-06-28 19:20:41,0.30,0.60,2.60,35.64,0.00,21.73,38.02,924.4403,-109,-2.75,-105.0,2.0
4,2026-06-28 19:20:41,0.14,0.73,5.90,138.48,0.00,21.64,37.76,925.0181,-105,2.00,-105.0,2.0
3,2026-06-28 20:00:41,0.43,0.79,2.69,34.99,0.00,22.90,35.75,924.4763,-110,-2.00,-101.0,4.5
4,2026-06-28 20:00:41,0.35,4.48,32.09,327.67,0.00,22.03,35.11,924.9643,-101,4.50,-101.0,4.5
3,2026-06-28 20:20:41,0.37,0.77,3.15,37.73,0.00,21.73,36.61,924.4710,-110,-2.75,-102.0,2.75
4,2026-06-28 20:20:41,0.45,5.09,38.92,327.67,0.00,22.21,35.03,925.0162,-102,2.75,-102.0,2.75
3,2026-06-28 20:30:40,0.34,0.75,4.45,53.19,0.00,19.52,39.87,924.5485,-110,-2.75,-105.0,2.75
4,2026-06-28 20:30:40,0.27,2.46,18.03,327.67,0.00,21.83,35.41,925.0542,-105,2.75,-105.0,2.75
3,2026-06-28 20:40:41,0.31,0.76,9.75,327.67,0.00,21.02,37.28,924.5964,-110,-2.00,-102.0,3.5
4,2026-06-28 20:40:41,0.37,3.33,26.43,327.67,0.00,21.82,35.78,925.0986,-102,3.50,-102.0,3.5
3,2026-06-28 21:00:40,0.29,0.85,5.81,48.15,0.00,18.25,42.23,924.7422,-110,-3.25,-102.0,4.25
4,2026-06-28 21:00:40,0.29,2.45,22.92,327.67,0.00,18.71,39.91,925.2699,-102,4.25,-102.0,4.25
3,2026-06-28 21:10:40,0.25,0.63,3.29,27.71,0.00,16.91,46.00,924.7852,-110,-4.00,-104.0,3.0
4,2026-06-28 21:10:40,0.33,2.39,17.46,188.38,0.00,17.37,42.59,925.4106,-104,3.00,-104.0,3.0
3,2026-06-28 21:40:40,0.25,0.72,4.74,34.22,0.00,16.68,44.94,925.1223,-110,-4.00,-105.0,3.0
4,2026-06-28 21:40:40,0.26,1.48,11.46,169.56,0.00,15.66,46.32,925.6534,-105,3.00,-105.0,3.0
3,2026-06-28 22:00:40,0.24,0.48,2.75,45.37,0.00,16.20,46.12,925.3747,-109,-2.50,-104.0,3.0
4,2026-06-28 22:00:40,0.64,8.57,79.76,327.67,0.00,15.31,47.32,925.9026,-104,3.00,-104.0,3.0
4,2026-06-28 22:20:40,0.51,5.68,54.66,310.09,0.00,14.86,47.90,926.1262,-102,5.50,-102.0,5.5
3,2026-06-28 22:30:41,0.27,0.46,1.74,32.07,0.00,15.51,46.90,925.6499,-110,-3.75,-102.0,3.0
4,2026-06-28 22:30:41,0.93,13.48,142.08,327.67,0.00,14.41,49.29,926.1194,-102,3.00,-102.0,3.0
4,2026-06-28 23:20:40,0.24,0.55,2.16,26.28,0.00,13.83,51.61,926.3647,-104,4.00,-104.0,4.0
3,2026-06-28 23:40:40,0.27,0.46,1.37,19.36,0.00,13.63,51.62,926.0801,-110,-4.00,-106.0,1.75
4,2026-06-28 23:40:40,0.43,4.16,34.39,257.89,0.00,13.61,50.70,926.4053,-106,1.75,-106.0,1.75
3,2026-06-29 00:40:40,0.29,0.46,1.33,28.07,0.00,13.23,51.56,926.6432,-109,-2.00,-102.0,4.0
4,2026-06-29 00:40:40,0.34,1.15,8.52,87.27,0.00,12.98,52.11,926.9380,-102,4.00,-102.0,4.0
3,2026-06-29 00:50:40,0.29,0.44,1.01,17.26,0.00,12.85,52.88,926.6338,-110,-3.50,-102.0,3.75
4,2026-06-29 00:50:40,0.34,1.21,9.57,107.12,0.00,12.54,52.62,927.0670,-102,3.75,-102.0,3.75
3,2026-06-29 01:00:40,0.32,0.49,1.44,31.71,0.00,12.50,54.42,926.7297,-109,-0.50,-103.0,3.0
4,2026-06-29 01:00:40,0.30,0.66,2.93,55.86,0.00,12.70,52.35,927.2036,-103,3.00,-103.0,3.0
4,2026-06-29 01:40:40,0.34,0.53,1.85,65.64,0.00,12.48,51.88,927.6724,-103,4.50,-103.0,4.5
3,2026-06-29 01:50:40,0.32,0.51,1.35,25.43,0.00,12.74,53.76,927.3414,-110,-2.75,-103.0,2.25
4,2026-06-29 01:50:40,0.39,1.09,9.20,218.10,0.00,12.25,52.64,927.7761,-103,2.25,-103.0,2.25
3,2026-06-29 02:00:40,0.34,0.49,1.11,21.95,0.00,12.01,56.63,927.4850,-110,-3.25,-103.0,3.25
4,2026-06-29 02:00:40,0.42,0.87,3.81,75.50,0.00,12.07,53.55,927.9114,-103,3.25,-103.0,3.25
3,2026-06-29 02:30:40,0.39,0.61,1.31,20.87,0.00,12.43,56.32,927.7792,-109,-2.25,-102.0,4.0
4,2026-06-29 02:30:40,0.42,0.61,1.03,13.69,0.00,11.90,54.24,928.1992,-102,4.00,-102.0,4.0
3,2026-06-29 03:50:40,0.41,0.63,1.30,22.01,0.00,10.59,60.86,928.3024,-109,-3.50,-102.0,4.0
4,2026-06-29 03:50:40,0.41,0.54,1.03,21.02,0.00,11.54,57.00,928.5522,-102,4.00,-102.0,4.0
3,2026-06-29 04:10:40,0.38,0.54,0.95,11.60,0.00,10.49,60.98,928.2274,-109,-2.50,-103.0,3.0
4,2026-06-29 04:10:40,0.42,0.57,1.05,9.86,0.00,11.11,58.88,928.4937,-103,3.00,-103.0,3.0
3,2026-06-29 04:50:40,0.41,0.60,1.14,18.63,0.00,10.15,63.05,928.1739,-109,-3.25,-103.0,2.5
4,2026-06-29 04:50:40,0.44,0.60,0.91,11.94,0.00,11.40,57.49,928.4566,-103,2.50,-103.0,2.5
3,2026-06-29 05:00:40,0.40,0.61,1.16,12.20,0.00,10.64,61.31,928.2041,-108,-1.50,-104.0,3.0
4,2026-06-29 05:00:40,0.45,0.59,0.73,5.52,0.00,11.35,57.75,928.4539,-104,3.00,-104.0,3.0
3,2026-06-29 05:40:40,0.45,0.68,1.05,11.18,0.00,10.30,62.72,928.3236,-110,-3.00,-103.0,3.25
4,2026-06-29 05:40:40,0.41,0.57,0.87,10.64,0.00,10.99,59.13,928.6334,-103,3.25,-103.0,3.25
3,2026-06-29 05:50:40,0.47,0.68,1.54,25.05,0.00,10.80,61.59,928.3516,-109,-2.75,-104.0,3.5
4,2026-06-29 05:50:40,0.46,0.68,1.31,14.88,0.00,10.83,58.90,928.6431,-104,3.50,-104.0,3.5
3,2026-06-29 06:10:40,0.53,0.78,1.67,20.63,0.00,9.72,67.16,928.4714,-109,-3.25,-102.0,4.0
4,2026-06-29 06:10:40,0.47,0.71,2.27,38.58,0.00,10.30,61.11,928.7151,-102,4.00,-102.0,4.0
4,2026-06-29 06:30:40,0.53,0.85,3.36,53.18,0.00,9.93,63.67,928.7361,-103,4.00,-103.0,4.0
3,2026-06-29 06:50:40,0.55,0.80,1.75,27.55,0.00,9.86,67.22,928.6185,-109,-3.00,-103.0,3.25
4,2026-06-29 06:50:40,0.57,0.89,3.57,30.31,0.00,9.59,65.13,928.8237,-103,3.25,-103.0,3.25
3,2026-06-29 07:20:40,0.66,0.96,2.39,24.69,0.00,9.52,69.74,928.6816,-109,-2.25,-101.0,3.5
4,2026-06-29 07:20:40,0.60,0.90,2.69,27.72,0.00,9.20,67.48,928.9392,-101,3.50,-101.0,3.5
3,2026-06-29 07:50:40,0.70,1.04,1.83,21.15,0.00,8.98,72.30,928.9222,-108,-1.25,-102.0,3.75
4,2026-06-29 07:50:40,0.63,0.92,4.27,67.03,0.00,9.08,68.31,929.1799,-102,3.75,-102.0,3.75
3,2026-06-29 08:00:40,0.70,1.04,3.38,31.74,0.00,9.27,71.46,928.9719,-109,-1.75,-102.0,3.75
4,2026-06-29 08:00:40,0.66,1.00,2.20,25.38,0.00,9.51,67.75,929.2428,-102,3.75,-102.0,3.75
3,2026-06-29 09:30:40,0.66,1.05,2.43,30.05,0.00,10.24,70.11,928.9467,-109,-2.50,-100.0,4.75
4,2026-06-29 09:30:40,0.63,0.97,2.57,29.35,0.00,10.46,66.39,929.2086,-100,4.75,-100.0,4.75
3,2026-06-29 11:30:40,0.47,0.66,1.48,14.56,0.00,14.36,58.68,928.1273,-109,-1.75,-101.0,4.75
4,2026-06-29 11:30:40,0.47,0.70,1.37,26.17,0.00,13.28,58.61,928.5279,-101,4.75,-101.0,4.75
3,2026-06-29 11:50:40,0.43,0.65,1.62,20.43,0.00,15.50,54.44,927.9392,-108,-1.25,-104.0,3.0
4,2026-06-29 11:50:40,0.41,0.61,1.12,18.33,0.00,13.74,56.82,928.3333,-104,3.00,-104.0,3.0
3,2026-06-29 12:00:40,0.41,0.61,1.54,35.57,0.00,15.99,52.16,927.8554,-109,-2.25,-103.0,3.5
4,2026-06-29 12:00:40,0.43,0.63,1.61,43.10,0.00,13.81,56.91,928.2631,-103,3.50,-103.0,3.5
3,2026-06-29 13:00:40,0.40,0.61,1.77,26.97,0.00,19.15,46.37,927.1939,-108,-1.00,-101.0,3.75
4,2026-06-29 13:00:40,0.34,0.56,1.68,29.13,0.00,15.64,51.27,927.6348,-101,3.75,-101.0,3.75
3,2026-06-29 13:10:40,0.40,0.68,1.87,29.87,0.00,19.23,44.97,927.0605,-109,-1.50,-102.0,3.5
4,2026-06-29 13:10:40,0.28,0.47,1.22,23.56,0.00,16.92,46.42,927.5018,-102,3.50,-102.0,3.5
3,2026-06-29 13:20:40,0.38,0.59,1.98,26.65,0.00,18.54,44.95,926.8410,-109,-1.25,-102.0,4.5
4,2026-06-29 13:20:40,0.28,0.52,1.29,13.50,0.00,17.24,44.83,927.3338,-102,4.50,-102.0,4.5
3,2026-06-29 13:30:40,0.42,0.68,2.12,19.59,0.00,19.15,44.43,926.7703,-109,-2.00,-103.0,3.75
4,2026-06-29 13:30:40,0.30,0.51,1.50,25.92,0.00,17.23,44.84,927.1832,-103,3.75,-103.0,3.75
3,2026-06-29 13:40:40,0.38,0.56,1.47,27.43,0.00,20.30,43.71,926.6687,-109,-1.75,-104.0,2.75
4,2026-06-29 13:40:40,0.27,0.47,1.27,24.22,0.00,17.21,45.56,927.0863,-104,2.75,-104.0,2.75
3,2026-06-29 13:50:40,0.37,0.59,1.36,30.40,0.00,20.57,42.80,926.4709,-109,-2.00,-103.0,3.0
4,2026-06-29 13:50:40,0.27,0.47,1.93,17.42,0.00,17.50,45.17,926.9193,-103,3.00,-103.0,3.0
3,2026-06-29 14:00:40,0.38,0.58,1.57,30.45,0.00,21.02,40.68,926.3672,-109,-2.50,-104.0,3.0
4,2026-06-29 14:00:40,0.28,0.50,1.40,18.87,0.00,17.79,44.84,926.7986,-104,3.00,-104.0,3.0
3,2026-06-29 14:20:40,0.45,0.66,2.36,37.61,0.00,20.93,39.08,926.0933,-109,-1.75,-102.0,3.75
4,2026-06-29 14:20:40,0.27,0.51,1.72,26.28,0.00,18.77,42.88,926.5364,-102,3.75,-102.0,3.75
3,2026-06-29 14:30:40,0.44,0.62,1.27,30.24,0.00,21.16,39.13,925.9869,-109,-2.25,-104.0,2.75
4,2026-06-29 14:30:40,0.25,0.43,1.57,26.97,0.00,18.52,45.02,926.4374,-104,2.75,-104.0,2.75
3,2026-06-29 14:40:40,0.39,0.58,2.21,24.88,0.00,22.41,38.21,925.8782,-109,-2.25,-104.0,2.25
4,2026-06-29 14:40:40,0.25,0.45,1.13,19.65,0.00,19.33,42.20,926.3140,-104,2.25,-104.0,2.25
3,2026-06-29 14:50:40,0.38,0.53,1.62,24.81,0.00,22.43,36.55,925.7141,-109,-2.75,-104.0,1.25
4,2026-06-29 14:50:40,0.23,0.39,1.11,28.27,0.00,19.88,41.52,926.1807,-104,1.25,-104.0,1.25
3,2026-06-29 15:00:40,0.41,0.54,1.83,26.10,0.00,23.96,35.01,925.5757,-109,-1.25,-104.0,2.75
4,2026-06-29 15:00:40,0.22,0.40,1.24,10.86,0.00,20.92,38.59,926.0094,-104,2.75,-104.0,2.75
3,2026-06-29 15:10:40,0.42,0.60,1.57,26.35,0.00,24.11,34.79,925.3341,-109,-1.50,-102.0,3.5
4,2026-06-29 15:10:40,0.22,0.41,1.27,26.55,0.00,23.18,34.97,925.9055,-102,3.50,-102.0,3.5
3,2026-06-29 15:20:40,0.46,0.62,1.51,30.95,0.00,23.11,37.27,925.2869,-109,-2.00,-102.0,4.25
4,2026-06-29 15:20:40,0.23,0.39,1.61,26.22,0.00,23.46,33.44,925.7363,-102,4.25,-102.0,4.25
4,2026-06-29 15:30:40,0.22,0.40,1.10,26.98,0.00,24.21,33.23,925.6564,-102,5.25,-102.0,5.25
3,2026-06-29 15:40:40,0.45,0.62,1.70,30.07,0.00,25.51,32.18,925.0769,-109,-2.75,-102.0,3.5
4,2026-06-29 15:40:40,0.23,0.41,1.51,25.56,0.00,26.00,29.53,925.4927,-102,3.50,-102.0,3.5
3,2026-06-29 15:50:40,0.47,0.62,1.66,26.50,0.00,26.74,30.20,924.9522,-109,-2.75,-103.0,3.0
4,2026-06-29 15:50:40,0.21,0.35,1.32,28.22,0.00,26.05,28.69,925.4223,-103,3.00,-103.0,3.0
3,2026-06-29 16:00:40,0.46,0.63,1.51,21.49,0.00,23.87,35.18,924.7910,-109,-2.00,-103.0,3.0
4,2026-06-29 16:00:40,0.20,0.37,1.08,20.54,0.00,27.21,27.61,925.3042,-103,3.00,-103.0,3.0
3,2026-06-29 16:10:40,0.44,0.61,1.66,24.63,0.00,22.75,37.17,924.6292,-108,0.00,-103.0,3.75
4,2026-06-29 16:10:40,0.21,0.38,1.03,28.25,0.00,26.34,29.42,925.1499,-103,3.75,-103.0,3.75
3,2026-06-29 16:20:40,0.42,0.59,1.75,30.17,0.00,22.82,36.91,924.4374,-108,-2.00,-104.0,3.25
4,2026-06-29 16:20:40,0.21,0.37,1.43,20.98,0.00,23.80,32.11,924.9799,-104,3.25,-104.0,3.25
3,2026-06-29 16:30:40,0.40,0.58,1.50,22.27,0.00,21.40,40.55,924.2656,-109,-0.25,-103.0,3.5
4,2026-06-29 16:30:40,0.21,0.36,1.27,27.74,0.00,23.03,33.27,924.8372,-103,3.50,-103.0,3.5
3,2026-06-29 16:50:40,0.32,0.48,1.60,20.67,0.00,21.72,40.03,924.0346,-108,-0.75,-103.0,3.5
4,2026-06-29 16:50:40,0.20,0.38,1.92,43.14,0.00,23.52,32.49,924.5638,-103,3.50,-103.0,3.5
3,2026-06-29 17:00:40,0.36,0.58,1.74,17.29,0.00,21.88,39.73,923.9320,-109,-1.25,-103.0,4.25
4,2026-06-29 17:00:40,1.04,13.97,110.85,327.67,0.00,24.05,33.21,924.4581,-103,4.25,-103.0,4.25
3,2026-06-29 17:20:40,0.38,0.64,2.16,24.43,0.00,21.47,40.20,923.7566,-108,0.25,-105.0,3.25
4,2026-06-29 17:20:40,3.73,52.99,327.67,327.67,0.00,23.79,32.25,924.1578,-105,3.25,-105.0,3.25
3,2026-06-29 17:30:40,0.36,0.58,1.50,11.45,0.00,21.35,39.64,923.5670,-110,-1.50,-103.0,3.5
4,2026-06-29 17:30:40,1.48,18.48,129.49,327.67,0.00,23.36,33.21,924.0896,-103,3.50,-103.0,3.5
3,2026-06-29 17:40:40,0.41,0.72,3.11,36.70,0.00,21.13,39.13,923.4055,-109,-1.25,-103.0,3.75
4,2026-06-29 17:40:40,3.35,44.97,291.77,327.67,0.00,23.72,30.68,923.8982,-103,3.75,-103.0,3.75
3,2026-06-29 17:50:40,0.37,0.66,2.48,41.46,0.00,21.39,37.63,923.3006,-109,-1.50,-102.0,2.5
4,2026-06-29 17:50:40,1.47,18.00,127.59,327.67,0.00,23.10,30.27,923.8294,-102,2.50,-102.0,2.5
3,2026-06-29 18:10:40,0.43,0.76,1.70,24.92,0.00,21.14,38.50,923.0705,-109,-0.25,-103.0,2.5
4,2026-06-29 18:10:40,6.62,88.46,327.67,327.67,0.00,22.73,33.02,923.5364,-103,2.50,-103.0,2.5
3,2026-06-29 18:20:40,0.45,0.79,2.30,34.91,0.00,20.78,38.57,922.9403,-110,-1.50,-103.0,3.75
4,2026-06-29 18:20:40,11.07,150.16,327.67,327.67,0.00,22.61,32.86,923.4068,-103,3.75,-103.0,3.75
3,2026-06-29 18:30:40,0.52,1.01,3.52,47.05,0.00,20.54,39.17,922.8327,-109,-0.25,-105.0,1.25
4,2026-06-29 18:30:40,13.01,174.26,327.67,327.67,0.00,22.54,32.74,923.2623,-105,1.25,-105.0,1.25
3,2026-06-29 18:40:40,0.45,0.90,3.30,40.59,0.00,20.65,38.31,922.7696,-108,-0.75,-105.0,2.5
4,2026-06-29 18:40:40,12.83,170.08,327.67,327.67,0.00,22.52,32.58,923.1822,-105,2.50,-105.0,2.5
3,2026-06-29 19:00:40,0.52,1.13,3.94,20.94,0.00,20.43,38.27,922.5764,-109,1.00,-104.0,1.5
4,2026-06-29 19:00:40,3.83,47.33,242.45,327.67,0.00,21.37,34.09,923.2112,-104,1.50,-104.0,1.5
3,2026-06-29 19:10:40,0.50,1.01,3.26,28.25,0.00,20.46,38.01,922.5535,-109,0.50,-107.0,1.75
4,2026-06-29 19:10:40,3.26,40.55,211.54,327.67,0.00,21.86,32.27,923.2303,-107,1.75,-107.0,1.75
3,2026-06-29 19:20:40,0.57,1.34,5.21,39.24,0.00,20.44,37.62,922.4731,-108,0.50,-107.0,-1.0
4,2026-06-29 19:20:40,1.15,12.51,63.72,327.67,0.00,22.75,30.62,923.1456,-107,-1.00,-107.0,-1.0
3,2026-06-29 19:30:40,0.53,1.18,3.91,33.50,0.00,20.22,37.72,922.4909,-108,0.75,-106.0,0.0
4,2026-06-29 19:30:40,1.80,21.01,105.88,327.67,0.00,23.18,29.96,923.1504,-106,0.00,-106.0,0.0
3,2026-06-29 19:40:40,0.57,1.23,3.90,26.28,0.00,19.93,38.13,922.4531,-109,-0.50,-104.0,2.0
4,2026-06-29 19:40:40,11.67,150.10,327.67,327.67,0.00,22.95,30.20,922.9597,-104,2.00,-104.0,2.0
3,2026-06-29 20:00:40,0.63,1.34,4.47,22.70,0.00,19.34,37.83,922.4177,-109,-3.50,-104.0,2.5
4,2026-06-29 20:00:40,8.76,114.46,327.67,327.67,0.00,21.61,31.46,922.9026,-104,2.50,-104.0,2.5
3,2026-06-29 20:10:40,0.54,1.15,4.25,29.27,0.00,19.98,37.43,922.5044,-110,-2.25,-104.0,2.5
4,2026-06-29 20:10:40,13.92,187.88,327.67,327.67,0.00,20.85,33.46,922.9184,-104,2.50,-104.0,2.5
3,2026-06-29 20:20:40,0.56,1.26,4.20,20.91,0.00,19.81,37.67,922.5809,-108,-1.50,-102.0,4.0
4,2026-06-29 20:20:40,5.44,70.93,327.67,327.67,0.00,19.20,34.84,923.0239,-102,4.00,-102.0,4.0
3,2026-06-29 20:40:40,0.55,1.54,8.84,48.23,0.00,18.11,40.14,922.5772,-110,-4.75,-103.0,3.0
4,2026-06-29 20:40:40,2.61,31.09,152.75,327.67,0.00,18.10,37.47,923.0407,-103,3.00,-103.0,3.0
3,2026-06-29 20:50:40,0.46,1.19,6.31,35.36,0.00,17.37,41.09,922.6188,-109,-1.75,-102.0,4.0
4,2026-06-29 20:50:40,2.64,33.68,179.46,327.67,0.00,17.74,37.23,923.1778,-102,4.00,-102.0,4.0
3,2026-06-29 21:00:40,0.50,1.44,8.28,57.03,0.00,16.75,42.69,922.6308,-109,-2.00,-104.0,2.25
4,2026-06-29 21:00:40,2.03,23.69,116.57,327.67,0.00,17.66,37.53,923.1705,-104,2.25,-104.0,2.25
3,2026-06-29 21:20:40,0.43,1.24,5.65,37.41,0.00,15.77,44.96,922.5910,-110,-2.25,-105.0,2.0
4,2026-06-29 21:20:40,2.37,27.98,142.36,327.67,0.00,16.49,39.86,923.2077,-105,2.00,-105.0,2.0
3,2026-06-29 21:50:40,0.41,0.92,4.16,44.91,0.00,15.08,44.81,922.7267,-109,-1.75,-103.0,3.0
4,2026-06-29 21:50:40,2.12,26.01,140.79,327.67,0.00,15.28,42.81,923.1805,-103,3.00,-103.0,3.0
3,2026-06-29 22:00:40,0.38,0.91,4.31,34.57,0.00,14.78,45.65,922.8059,-110,-2.75,-102.0,2.75
4,2026-06-29 22:00:40,2.53,31.24,173.34,327.67,0.00,14.97,43.14,923.1614,-102,2.75,-102.0,2.75
4,2026-06-29 22:10:40,3.41,47.02,252.84,327.67,0.00,14.85,43.39,923.1849,-103,5.00,-103.0,5.0
4,2026-06-29 23:00:40,3.71,56.19,323.34,327.67,0.00,13.42,46.51,923.3121,-103,4.25,-103.0,4.25
3,2026-06-29 23:30:40,0.31,0.61,2.56,22.93,0.00,12.70,49.47,922.9528,-109,-0.75,-103.0,3.25
4,2026-06-29 23:30:40,3.72,57.92,327.67,327.67,1.52,12.65,47.99,923.3629,-103,3.25,-103.0,3.25
3,2026-06-29 23:40:40,0.33,0.60,1.86,18.77,0.00,12.92,48.49,923.0736,-110,-2.00,-102.0,2.75
4,2026-06-29 23:40:40,1.93,26.73,164.97,327.67,0.94,12.54,48.59,923.4154,-102,2.75,-102.0,2.75
3,2026-06-29 23:50:40,0.33,0.66,2.31,32.92,0.00,13.10,48.03,923.0534,-108,-0.75,-103.0,2.75
4,2026-06-29 23:50:40,1.08,13.07,81.19,327.67,0.60,12.39,48.99,923.4436,-103,2.75,-103.0,2.75
3,2026-06-30 00:10:40,0.37,0.66,2.55,24.62,0.00,12.66,48.76,923.2445,-110,-3.50,-102.0,2.75
4,2026-06-30 00:10:40,2.51,38.15,241.08,327.67,0.59,12.21,49.09,923.5137,-102,2.75,-102.0,2.75
3,2026-06-30 00:20:40,0.36,0.70,2.83,41.43,0.00,12.64,48.48,923.2824,-109,-1.25,-102.0,4.0
4,2026-06-30 00:20:40,2.03,30.04,192.32,327.67,0.57,12.00,49.06,923.6218,-102,4.00,-102.0,4.0
3,2026-06-30 00:40:40,0.36,0.60,1.24,16.08,0.00,11.71,51.36,923.3026,-109,-2.25,-104.0,3.0
4,2026-06-30 00:40:40,1.44,18.82,112.82,327.67,0.39,11.86,49.18,923.7236,-104,3.00,-104.0,3.0
3,2026-06-30 00:50:40,0.35,0.62,2.06,18.05,0.00,11.47,52.31,923.4028,-110,-1.75,-103.0,4.25
4,2026-06-30 00:50:40,1.46,19.51,131.26,327.67,1.50,11.57,50.29,923.7818,-103,4.25,-103.0,4.25
3,2026-06-30 01:00:40,0.38,0.70,3.97,236.95,0.00,11.64,51.56,923.4240,-109,-1.50,-102.0,3.25
4,2026-06-30 01:00:40,1.13,13.93,84.88,327.67,7.45,11.58,50.00,923.8636,-102,3.25,-102.0,3.25
3,2026-06-30 01:10:40,0.37,0.67,2.38,28.01,0.00,11.70,51.34,923.4636,-110,-2.50,-102.0,3.25
4,2026-06-30 01:10:40,0.79,6.64,38.31,327.67,19.32,11.54,49.85,923.9071,-102,3.25,-102.0,3.25
3,2026-06-30 01:40:40,0.35,0.60,1.41,26.96,0.00,11.88,50.64,923.6061,-110,-3.00,-102.0,2.75
4,2026-06-30 01:40:40,0.80,8.33,51.05,327.67,34.41,11.22,50.93,924.0513,-102,2.75,-102.0,2.75
3,2026-06-30 02:50:40,0.36,0.64,1.94,22.66,0.00,10.69,55.38,923.9381,-110,-2.75,-102.0,3.75
4,2026-06-30 02:50:40,1.54,22.64,153.28,327.67,23.93,10.17,55.24,924.2765,-102,3.75,-102.0,3.75
3,2026-06-30 03:10:40,0.36,0.65,1.92,26.39,0.00,10.50,55.61,924.0147,-109,-1.75,-102.0,4.0
4,2026-06-30 03:10:40,0.42,0.78,1.84,29.85,30.62,11.01,53.40,924.4589,-102,4.00,-102.0,4.0
3,2026-06-30 03:20:40,0.35,0.57,0.99,10.17,0.00,9.94,57.31,924.0962,-108,-1.00,-103.0,3.5
4,2026-06-30 03:20:40,0.62,4.75,29.90,179.97,34.87,10.83,53.49,924.4055,-103,3.50,-103.0,3.5
3,2026-06-30 03:30:40,0.34,0.59,1.38,17.83,0.00,9.59,58.69,924.0908,-109,-0.75,-104.0,2.25
4,2026-06-30 03:30:40,0.46,1.88,10.02,186.10,27.03,10.75,54.52,924.4305,-104,2.25,-104.0,2.25
3,2026-06-30 03:50:40,0.38,0.60,1.65,30.18,0.00,9.48,59.66,924.2180,-109,-3.50,-103.0,3.25
4,2026-06-30 03:50:40,0.42,0.82,1.69,20.11,23.35,10.90,54.16,924.5198,-103,3.25,-103.0,3.25
3,2026-06-30 04:10:40,0.37,0.60,1.17,17.63,0.00,9.51,59.33,924.2937,-110,-3.75,-104.0,3.0
4,2026-06-30 04:10:40,0.42,1.30,5.48,58.88,24.67,10.77,54.22,924.5503,-104,3.00,-104.0,3.0
3,2026-06-30 04:50:40,0.46,0.74,1.33,19.99,0.00,9.73,58.84,924.4163,-109,-3.00,-102.0,3.25
4,2026-06-30 04:50:40,0.50,0.78,1.38,17.44,42.06,9.61,57.84,924.6718,-102,3.25,-102.0,3.25
3,2026-06-30 05:40:40,0.66,1.08,3.26,28.05,0.00,9.50,63.25,924.2055,-110,-4.25,-102.0,2.5
4,2026-06-30 05:40:40,0.57,0.91,2.09,27.50,24.51,8.31,65.44,924.4549,-102,2.50,-102.0,2.5
4,2026-06-30 06:20:40,0.59,0.97,2.08,29.51,26.37,9.55,61.93,924.4686,-101,5.25,-101.0,5.25
3,2026-06-30 08:00:40,0.66,1.05,1.99,26.58,0.00,9.74,63.29,924.2803,-109,-3.00,-102.0,4.25
4,2026-06-30 08:00:40,0.64,0.97,1.55,12.06,7.48,10.10,61.18,924.5766,-102,4.25,-102.0,4.25
3,2026-06-30 11:30:40,0.60,0.85,1.57,13.58,0.00,12.01,56.10,923.5995,-109,-1.50,-101.0,4.0
4,2026-06-30 11:30:40,0.61,0.83,1.64,21.63,0.00,12.16,53.45,923.9938,-101,4.00,-101.0,4.0
3,2026-06-30 11:50:40,0.53,0.72,1.31,22.58,0.00,13.07,53.32,923.4662,-109,-3.00,-105.0,2.5
4,2026-06-30 11:50:40,0.56,0.74,1.31,15.13,0.00,12.70,51.90,923.8448,-105,2.50,-105.0,2.5
3,2026-06-30 12:00:40,0.52,0.74,1.19,17.85,0.00,13.26,52.70,923.3922,-108,-2.50,-102.0,4.0
4,2026-06-30 12:00:40,0.51,0.66,1.01,27.68,0.00,13.17,49.85,923.8009,-102,4.00,-102.0,4.0
3,2026-06-30 12:30:40,0.51,0.77,1.50,24.03,0.00,14.35,49.31,923.2684,-109,-3.00,-103.0,2.5
4,2026-06-30 12:30:40,0.45,0.62,1.09,18.37,0.00,14.31,47.27,923.6781,-103,2.50,-103.0,2.5
3,2026-06-30 12:40:40,0.49,0.66,1.40,20.49,0.00,13.95,50.84,923.2024,-108,-2.50,-101.0,4.75
4,2026-06-30 12:40:40,0.49,0.64,1.16,17.84,0.00,14.01,47.84,923.6428,-101,4.75,-101.0,4.75
3,2026-06-30 12:50:40,0.50,0.69,0.99,17.02,0.00,14.10,51.57,923.1559,-109,-3.00,-102.0,2.5
4,2026-06-30 12:50:40,0.46,0.64,1.27,24.30,0.00,14.17,47.75,923.5706,-102,2.50,-102.0,2.5
3,2026-06-30 13:00:40,0.43,0.60,1.14,18.17,0.00,14.01,50.49,923.2115,-109,-2.50,-102.0,4.5
4,2026-06-30 13:00:40,0.46,0.64,1.09,10.33,0.00,14.12,47.36,923.6099,-102,4.50,-102.0,4.5
3,2026-06-30 13:10:40,0.44,0.58,1.02,22.44,0.00,14.60,48.93,923.2155,-109,-3.00,-104.0,2.5
4,2026-06-30 13:10:40,0.44,0.63,1.20,11.60,0.00,14.20,48.23,923.6187,-104,2.50,-104.0,2.5
3,2026-06-30 13:20:40,0.43,0.58,1.18,47.42,0.00,14.45,49.04,923.2034,-109,-2.75,-104.0,3.5
4,2026-06-30 13:20:40,0.40,0.57,0.78,6.08,0.00,14.36,46.37,923.6124,-104,3.50,-104.0,3.5
3,2026-06-30 13:30:40,0.46,0.68,1.15,14.46,0.00,15.09,47.89,923.1498,-109,-2.50,-103.0,3.0
4,2026-06-30 13:30:40,0.41,0.59,1.11,12.99,0.00,14.83,45.87,923.5458,-103,3.00,-103.0,3.0
3,2026-06-30 13:40:40,0.39,0.51,0.78,9.88,0.00,14.85,48.98,923.1176,-108,-2.50,-103.0,2.0
4,2026-06-30 13:40:40,0.40,0.57,1.07,22.92,0.00,14.76,45.60,923.5236,-103,2.00,-103.0,2.0
3,2026-06-30 14:00:40,0.39,0.53,0.83,13.66,0.00,14.58,49.28,922.9768,-109,-2.25,-104.0,2.5
4,2026-06-30 14:00:40,0.35,0.51,1.00,24.50,0.00,15.19,44.62,923.4387,-104,2.50,-104.0,2.5
3,2026-06-30 14:10:40,0.38,0.53,1.04,15.29,0.00,14.65,49.45,922.9525,-109,-1.75,-104.0,3.0
4,2026-06-30 14:10:40,0.35,0.50,1.02,30.59,0.00,14.76,45.71,923.4010,-104,3.00,-104.0,3.0
3,2026-06-30 14:20:40,0.40,0.57,0.96,12.80,0.00,14.22,50.12,922.9418,-109,-2.75,-103.0,3.75
4,2026-06-30 14:20:40,0.34,0.46,0.76,23.86,0.00,14.88,46.11,923.3720,-103,3.75,-103.0,3.75
3,2026-06-30 14:30:40,0.41,0.58,1.33,20.03,0.00,14.72,48.79,922.9640,-108,-1.50,-102.0,3.5
4,2026-06-30 14:30:40,0.31,0.44,0.81,21.76,0.00,14.94,45.63,923.3774,-102,3.50,-102.0,3.5
3,2026-06-30 14:40:40,0.39,0.56,2.28,29.87,0.00,14.53,50.99,922.9722,-109,-1.50,-101.0,4.25
4,2026-06-30 14:40:40,0.33,0.48,0.70,6.44,0.00,15.02,45.24,923.3481,-101,4.25,-101.0,4.25
3,2026-06-30 14:50:40,0.43,0.63,1.85,19.14,0.00,14.78,51.82,922.9725,-108,0.50,-103.0,2.5
4,2026-06-30 14:50:40,0.32,0.46,1.02,22.36,0.00,15.36,45.76,923.3304,-103,2.50,-103.0,2.5
3,2026-06-30 15:00:40,0.42,0.58,1.05,26.23,0.00,15.19,50.13,922.9029,-108,-1.00,-101.0,3.25
4,2026-06-30 15:00:40,0.33,0.48,0.81,10.84,0.00,15.57,44.96,923.2707,-101,3.25,-101.0,3.25
3,2026-06-30 15:20:40,0.39,0.56,0.82,6.35,0.00,17.24,45.08,922.7995,-109,-0.75,-101.0,2.75
4,2026-06-30 15:20:40,0.50,0.82,2.62,34.95,0.00,15.82,48.18,923.2600,-101,2.75,-101.0,2.75
3,2026-06-30 15:30:40,0.45,0.69,1.52,22.91,0.00,18.31,42.71,922.8291,-108,-0.25,-102.0,3.25
4,2026-06-30 15:30:40,0.52,0.95,2.98,38.33,0.00,15.09,49.52,923.2373,-102,3.25,-102.0,3.25
3,2026-06-30 15:40:40,0.51,0.73,1.33,19.96,0.00,16.63,49.15,922.7441,-109,-2.00,-101.0,4.5
4,2026-06-30 15:40:40,0.45,0.73,2.10,23.72,0.00,15.09,49.44,923.2385,-101,4.50,-101.0,4.5
3,2026-06-30 15:50:40,0.51,0.72,1.13,13.83,0.00,16.18,51.55,922.6756,-108,-0.25,-101.0,4.25
4,2026-06-30 15:50:40,0.40,0.62,1.11,15.07,0.00,15.33,48.44,923.1866,-101,4.25,-101.0,4.25
3,2026-06-30 16:00:40,0.51,0.70,1.18,11.14,0.00,16.91,49.66,922.6052,-108,0.50,-101.0,4.25
4,2026-06-30 16:00:40,0.42,0.63,1.22,22.51,0.00,14.32,52.20,923.0735,-101,4.25,-101.0,4.25
3,2026-06-30 16:10:40,0.50,0.71,1.35,16.53,0.00,16.87,49.42,922.5165,-108,-0.25,-102.0,3.25
4,2026-06-30 16:10:40,0.41,0.64,1.11,16.18,0.00,15.45,47.96,923.0369,-102,3.25,-102.0,3.25
3,2026-06-30 16:20:40,0.56,0.82,1.89,26.31,0.00,17.22,48.48,922.4751,-108,1.25,-102.0,3.0
4,2026-06-30 16:20:40,0.40,0.61,1.35,22.93,0.00,16.29,45.27,922.9806,-102,3.00,-102.0,3.0
3,2026-06-30 16:30:40,0.51,0.71,1.19,22.13,0.00,17.56,48.02,922.3699,-109,0.25,-102.0,3.0
4,2026-06-30 16:30:40,0.36,0.57,1.60,20.41,0.00,16.57,45.74,922.8800,-102,3.00,-102.0,3.0
3,2026-06-30 17:00:40,0.51,0.69,1.25,12.32,0.00,15.96,51.61,922.1252,-109,-0.75,-103.0,3.0
4,2026-06-30 17:00:40,0.40,0.65,1.31,22.15,0.00,15.36,48.64,922.6389,-103,3.00,-103.0,3.0
3,2026-06-30 17:10:40,0.47,0.70,1.41,15.98,0.00,15.32,53.41,922.0547,-108,0.50,-103.0,2.5
4,2026-06-30 17:10:40,0.41,0.62,1.18,13.26,0.00,14.16,52.04,922.5624,-103,2.50,-103.0,2.5
3,2026-06-30 17:20:40,0.50,0.72,1.47,21.82,0.00,15.32,53.59,921.9937,-109,0.00,-102.0,2.75
4,2026-06-30 17:20:40,0.41,0.63,1.16,12.93,0.00,13.92,53.64,922.5031,-102,2.75,-102.0,2.75
3,2026-06-30 17:30:40,0.47,0.73,1.30,10.57,0.00,15.61,52.86,921.8834,-108,0.00,-103.0,2.25
4,2026-06-30 17:30:40,0.43,0.67,1.25,20.06,0.00,14.25,53.61,922.3921,-103,2.25,-103.0,2.25
3,2026-06-30 17:40:40,0.46,0.68,1.14,14.97,0.00,15.12,54.94,921.8495,-109,-2.00,-103.0,1.75
4,2026-06-30 17:40:40,0.39,0.63,1.11,15.69,0.00,14.43,52.52,922.3541,-103,1.75,-103.0,1.75
3,2026-06-30 17:50:40,0.45,0.66,1.22,10.35,0.00,15.21,54.37,921.7925,-109,-1.50,-103.0,2.25
4,2026-06-30 17:50:40,0.35,0.60,1.27,14.38,0.00,14.32,52.43,922.2957,-103,2.25,-103.0,2.25
3,2026-06-30 18:00:40,0.44,0.66,1.37,15.96,0.00,16.04,51.24,921.7723,-109,0.00,-105.0,1.25
4,2026-06-30 18:00:40,0.35,0.56,1.27,13.36,0.00,14.52,51.48,922.2177,-105,1.25,-105.0,1.25
3,2026-06-30 18:10:40,0.43,0.67,1.40,17.84,0.00,16.43,49.99,921.7424,-108,0.25,-104.0,3.0
4,2026-06-30 18:10:40,0.32,0.51,0.91,8.46,0.00,14.52,51.84,922.1959,-104,3.00,-104.0,3.0
4,2026-06-30 18:20:39,0.30,0.47,1.23,13.45,0.00,14.57,50.71,922.1511,-105,3.25,-105.0,3.25
3,2026-06-30 18:30:40,0.38,0.54,1.28,24.92,0.00,15.84,50.91,921.6426,-108,-1.25,-103.0,3.25
4,2026-06-30 18:30:40,0.32,0.50,0.96,22.14,0.00,14.73,50.35,922.1506,-103,3.25,-103.0,3.25
3,2026-06-30 19:10:40,0.36,0.48,0.63,4.60,0.00,15.35,50.96,921.5062,-108,0.25,-104.0,2.75
4,2026-06-30 19:10:40,0.24,0.35,0.48,8.72,0.00,14.03,50.35,921.9907,-104,2.75,-104.0,2.75
3,2026-06-30 19:20:40,0.36,0.50,1.38,48.44,0.00,16.64,49.56,921.6244,-108,-0.50,-103.0,1.5
4,2026-06-30 19:20:40,0.25,0.35,0.49,7.75,0.00,14.18,50.13,922.0358,-103,1.50,-103.0,1.5
3,2026-06-30 19:40:40,0.37,0.48,0.77,15.21,0.00,15.28,52.42,921.5059,-108,-0.50,-103.0,2.0
4,2026-06-30 19:40:40,0.21,0.33,0.80,22.83,0.00,14.10,50.98,921.9670,-103,2.00,-103.0,2.0
3,2026-06-30 19:50:40,0.31,0.44,1.29,31.90,0.00,14.73,54.24,921.4968,-108,-0.50,-104.0,2.5
4,2026-06-30 19:50:40,0.20,0.29,0.35,2.54,0.00,13.83,51.44,921.9570,-104,2.50,-104.0,2.5
3,2026-06-30 20:00:40,0.28,0.41,0.61,5.50,0.00,14.51,54.71,921.5076,-108,-0.75,-103.0,3.25
4,2026-06-30 20:00:40,0.20,0.32,0.85,25.96,0.00,13.68,52.43,921.9341,-103,3.25,-103.0,3.25
3,2026-06-30 20:10:40,0.27,0.38,0.60,8.17,0.00,14.59,54.23,921.4909,-108,-0.75,-103.0,3.0
4,2026-06-30 20:10:40,0.22,0.38,0.77,22.62,0.00,13.54,53.20,921.9229,-103,3.00,-103.0,3.0
3,2026-06-30 20:40:40,0.31,0.47,0.95,21.34,0.00,15.39,51.39,921.3519,-109,-1.00,-104.0,1.5
4,2026-06-30 20:40:40,0.23,0.38,0.58,6.67,0.00,14.02,53.60,921.7493,-104,1.50,-104.0,1.5
3,2026-06-30 21:00:40,0.28,0.46,1.32,35.48,0.00,15.26,50.89,921.2583,-109,-0.75,-103.0,3.5
4,2026-06-30 21:00:40,0.23,0.35,0.58,11.93,0.00,13.71,52.96,921.6796,-103,3.50,-103.0,3.5
3,2026-06-30 21:30:40,0.26,0.42,0.67,10.59,0.00,14.45,51.62,921.1860,-108,-1.25,-104.0,2.75
4,2026-06-30 21:30:40,0.17,0.24,0.55,10.60,0.00,13.37,51.96,921.6451,-104,2.75,-104.0,2.75
3,2026-06-30 21:40:40,0.22,0.29,0.46,9.90,0.00,13.97,52.62,921.1523,-109,-1.25,-103.0,2.0
4,2026-06-30 21:40:40,0.17,0.29,0.65,11.54,0.00,13.31,52.84,921.6068,-103,2.00,-103.0,2.0
3,2026-06-30 21:50:40,0.19,0.24,0.30,4.57,0.00,13.76,53.62,921.1564,-109,-1.50,-103.0,3.0
4,2026-06-30 21:50:40,0.18,0.29,0.55,11.05,0.00,13.10,53.69,921.5802,-103,3.00,-103.0,3.0
3,2026-06-30 22:00:40,0.20,0.32,0.76,22.58,0.00,13.82,53.62,921.1260,-109,-1.50,-103.0,1.75
4,2026-06-30 22:00:40,0.17,0.30,0.64,16.47,0.00,12.89,54.22,921.5352,-103,1.75,-103.0,1.75
3,2026-06-30 22:10:40,0.19,0.30,0.52,5.26,0.00,13.96,53.37,921.1004,-109,-1.75,-103.0,3.25
4,2026-06-30 22:10:40,0.19,0.32,0.93,24.19,0.00,12.90,54.73,921.5289,-103,3.25,-103.0,3.25
3,2026-06-30 22:20:40,0.21,0.32,0.81,17.49,0.00,13.82,54.31,921.1180,-109,-2.25,-103.0,3.75
4,2026-06-30 22:20:40,0.19,0.28,0.75,10.82,0.00,12.94,55.19,921.5682,-103,3.75,-103.0,3.75
3,2026-06-30 22:30:40,0.20,0.34,1.04,19.50,0.00,13.52,56.02,921.1495,-109,-2.00,-103.0,1.25
4,2026-06-30 22:30:40,0.19,0.32,0.78,25.98,0.00,12.80,54.70,921.5614,-103,1.25,-103.0,1.25
3,2026-06-30 22:50:40,0.22,0.38,1.30,26.26,0.00,13.18,58.89,921.1221,-109,-2.00,-101.0,3.0
4,2026-06-30 22:50:40,0.20,0.35,0.89,10.88,0.00,12.40,56.58,921.5106,-101,3.00,-101.0,3.0
3,2026-06-30 23:00:40,0.23,0.38,2.10,21.87,0.00,12.67,61.76,921.1131,-109,-2.25,-102.0,3.25
4,2026-06-30 23:00:40,0.20,0.33,1.65,28.47,0.00,12.34,57.77,921.5121,-102,3.25,-102.0,3.25
3,2026-06-30 23:10:40,0.24,0.41,1.28,23.79,0.00,12.42,62.50,921.1264,-109,-1.75,-103.0,2.75
4,2026-06-30 23:10:40,0.22,0.43,1.58,18.73,0.00,12.16,60.38,921.5576,-103,2.75,-103.0,2.75
3,2026-06-30 23:30:40,0.23,0.42,1.24,23.26,0.00,11.94,63.28,921.1721,-109,-2.25,-102.0,3.25
4,2026-06-30 23:30:40,0.25,0.47,2.14,33.18,0.00,11.83,63.48,921.5938,-102,3.25,-102.0,3.25
3,2026-06-30 23:40:40,0.22,0.38,1.02,21.41,0.00,11.81,62.58,921.2002,-109,-2.50,-103.0,2.75
4,2026-06-30 23:40:40,0.24,0.47,1.58,31.77,0.00,11.90,63.44,921.6428,-103,2.75,-103.0,2.75
3,2026-06-30 23:50:40,0.25,0.47,1.47,23.08,0.00,11.61,63.90,921.2009,-109,-2.25,-102.0,3.25
4,2026-06-30 23:50:40,0.23,0.46,1.69,28.19,0.00,12.02,62.06,921.6400,-102,3.25,-102.0,3.25
3,2026-07-01 00:00:40,0.22,0.40,0.93,13.42,0.00,11.64,64.51,921.1634,-109,-2.25,-103.0,3.0
4,2026-07-01 00:00:40,0.20,0.31,0.72,24.97,0.00,11.94,61.74,921.6024,-103,3.00,-103.0,3.0
3,2026-07-01 00:10:40,0.22,0.37,0.79,9.69,0.00,11.57,63.32,921.1884,-109,-1.50,-103.0,3.75
4,2026-07-01 00:10:40,0.24,0.41,0.65,6.37,0.00,12.03,61.10,921.6009,-103,3.75,-103.0,3.75
3,2026-07-01 00:40:40,0.33,0.53,1.83,24.45,0.00,11.21,66.72,921.2154,-108,-1.00,-104.0,1.75
4,2026-07-01 00:40:40,0.36,0.60,1.55,16.73,0.00,10.02,70.66,921.6916,-104,1.75,-104.0,1.75
3,2026-07-01 00:50:40,0.32,0.54,1.51,19.22,0.00,10.57,71.07,921.1353,-108,-1.50,-103.0,2.5
4,2026-07-01 00:50:40,0.31,0.53,1.39,20.99,0.00,10.00,71.24,921.6542,-103,2.50,-103.0,2.5
3,2026-07-01 01:00:40,0.32,0.49,0.92,9.55,0.00,10.35,72.47,921.1660,-108,-1.00,-103.0,2.5
4,2026-07-01 01:00:40,0.41,0.70,1.66,22.17,0.00,9.76,72.64,921.6099,-103,2.50,-103.0,2.5
3,2026-07-01 01:10:40,0.36,0.62,1.70,20.25,0.00,10.28,73.04,921.1523,-108,-0.75,-103.0,3.5
4,2026-07-01 01:10:40,0.41,0.67,1.48,14.00,0.00,9.56,73.74,921.6072,-103,3.50,-103.0,3.5
3,2026-07-01 01:20:40,0.39,0.64,1.49,15.13,0.00,10.00,74.10,921.2263,-109,-1.50,-102.0,4.25
4,2026-07-01 01:20:40,0.36,0.56,1.15,18.30,0.00,9.56,73.12,921.5737,-102,4.25,-102.0,4.25
3,2026-07-01 01:40:40,0.32,0.55,1.28,13.02,0.00,10.36,71.55,921.2742,-109,-2.00,-102.0,3.75
4,2026-07-01 01:40:40,0.25,0.44,0.98,12.50,0.00,9.61,67.63,921.6311,-102,3.75,-102.0,3.75
3,2026-07-01 01:50:40,0.30,0.57,1.36,11.01,0.00,10.55,70.11,921.3303,-109,-3.00,-103.0,3.75
4,2026-07-01 01:50:40,0.21,0.38,1.72,29.66,0.00,9.94,61.80,921.6794,-103,3.75,-103.0,3.75
3,2026-07-01 02:00:40,0.33,0.53,1.25,16.42,0.00,10.71,68.10,921.2740,-109,-2.50,-102.0,4.0
4,2026-07-01 02:00:40,0.23,0.40,1.40,27.88,0.00,10.14,62.01,921.6730,-102,4.00,-102.0,4.0
3,2026-07-01 02:10:40,0.23,0.42,1.11,13.41,0.00,10.54,61.71,921.2197,-109,-2.75,-102.0,3.0
4,2026-07-01 02:10:40,0.25,0.42,1.69,34.85,0.00,10.04,61.92,921.6806,-102,3.00,-102.0,3.0
3,2026-07-01 02:20:40,0.25,0.43,1.80,25.13,0.00,10.56,59.76,921.2108,-109,-3.25,-103.0,4.0
4,2026-07-01 02:20:40,0.22,0.35,0.80,21.10,0.01,10.30,55.91,921.6074,-103,4.00,-103.0,4.0
3,2026-07-01 02:40:40,0.22,0.35,0.53,5.31,0.00,9.99,58.31,921.1300,-109,-3.25,-103.0,3.75
4,2026-07-01 02:40:40,0.20,0.29,0.46,6.20,0.00,9.92,55.57,921.5020,-103,3.75,-103.0,3.75
3,2026-07-01 02:50:40,0.23,0.38,1.20,24.01,0.00,10.40,55.74,921.0831,-109,-2.00,-104.0,3.25
4,2026-07-01 02:50:40,0.23,0.35,0.84,33.40,0.00,9.79,54.99,921.4239,-104,3.25,-104.0,3.25
3,2026-07-01 03:00:40,0.21,0.33,1.01,25.84,0.00,10.35,55.22,921.0420,-108,-1.75,-104.0,2.75
4,2026-07-01 03:00:40,0.22,0.33,1.18,32.29,0.00,9.61,55.38,921.4353,-104,2.75,-104.0,2.75
3,2026-07-01 03:10:40,0.23,0.35,1.01,15.41,0.00,10.29,54.93,921.0629,-109,-2.50,-104.0,3.0
4,2026-07-01 03:10:40,0.21,0.31,0.57,11.24,0.00,9.57,54.96,921.5016,-104,3.00,-104.0,3.0
3,2026-07-01 03:20:40,0.23,0.39,1.19,24.20,0.00,9.52,58.91,921.1237,-109,-2.25,-104.0,2.5
4,2026-07-01 03:20:40,0.26,0.38,0.77,13.47,0.00,9.59,54.38,921.5369,-104,2.50,-104.0,2.5
3,2026-07-01 03:30:40,0.23,0.38,1.43,19.13,0.00,9.17,60.66,921.2012,-109,-1.75,-105.0,1.75
4,2026-07-01 03:30:40,0.24,0.39,1.48,33.65,0.00,9.37,56.36,921.5625,-105,1.75,-105.0,1.75
3,2026-07-01 03:40:40,0.26,0.38,0.98,24.76,0.00,9.43,60.23,921.1550,-109,-1.75,-103.0,2.0
4,2026-07-01 03:40:40,0.24,0.35,0.99,17.29,0.00,9.51,56.24,921.5610,-103,2.00,-103.0,2.0
3,2026-07-01 03:50:40,0.26,0.44,1.22,25.47,0.00,8.23,66.02,921.1171,-110,-2.75,-102.0,2.0
4,2026-07-01 03:50:40,0.22,0.37,0.84,12.07,0.00,9.29,57.87,921.4979,-102,2.00,-102.0,2.0
3,2026-07-01 04:00:40,0.26,0.43,0.95,23.91,0.00,8.37,65.52,921.1202,-109,-2.75,-102.0,3.75
4,2026-07-01 04:00:40,0.24,0.34,0.83,16.30,0.00,9.12,58.81,921.4082,-102,3.75,-102.0,3.75
3,2026-07-01 04:10:40,0.27,0.40,0.84,15.26,0.00,8.80,63.72,921.1031,-109,-2.75,-103.0,4.0
4,2026-07-01 04:10:40,0.25,0.42,1.16,11.50,0.00,9.10,58.44,921.4544,-103,4.00,-103.0,4.0
3,2026-07-01 04:20:40,0.24,0.36,0.73,21.92,0.00,8.88,62.05,921.0298,-109,-2.50,-102.0,4.5
4,2026-07-01 04:20:40,0.21,0.30,0.63,18.98,0.00,8.68,59.22,921.3150,-102,4.50,-102.0,4.5
3,2026-07-01 04:30:40,0.24,0.35,0.61,5.92,0.00,9.16,60.56,921.0048,-109,-2.25,-102.0,4.25
4,2026-07-01 04:30:40,0.21,0.30,0.53,15.12,0.00,8.78,58.45,921.3391,-102,4.25,-102.0,4.25
3,2026-07-01 04:40:40,0.21,0.30,0.98,20.07,0.00,9.23,59.74,920.9669,-109,-2.25,-103.0,4.0
4,2026-07-01 04:40:40,0.21,0.32,0.74,10.09,0.00,8.88,57.43,921.2672,-103,4.00,-103.0,4.0
3,2026-07-01 04:50:40,0.24,0.37,0.58,7.20,0.00,9.40,58.13,920.8850,-108,-1.00,-103.0,2.75
4,2026-07-01 04:50:40,0.21,0.33,0.69,18.46,0.00,8.91,57.10,921.2737,-103,2.75,-103.0,2.75
3,2026-07-01 05:00:40,0.22,0.34,1.05,26.72,0.00,9.11,59.62,920.9963,-110,-3.50,-103.0,3.25
4,2026-07-01 05:00:40,0.20,0.34,0.83,19.08,0.00,8.67,58.01,921.2145,-103,3.25,-103.0,3.25
3,2026-07-01 05:10:40,0.23,0.38,1.15,27.65,0.00,8.18,64.68,921.1187,-110,-2.75,-103.0,3.75
4,2026-07-01 05:10:40,0.22,0.35,1.21,23.66,0.00,8.29,60.40,921.3062,-103,3.75,-103.0,3.75
3,2026-07-01 05:40:40,0.28,0.51,3.80,29.44,0.00,7.77,68.12,921.2125,-109,-2.75,-101.0,4.5
4,2026-07-01 05:40:40,0.34,0.94,7.59,64.70,0.00,8.89,61.02,921.5004,-101,4.50,-101.0,4.5
4,2026-07-01 05:50:39,0.31,0.77,7.18,75.61,0.00,8.70,61.99,921.5302,-103,4.75,-103.0,4.75
3,2026-07-01 06:30:40,0.30,0.55,1.06,15.16,0.00,6.88,74.05,921.3744,-110,-3.00,-102.0,3.5
4,2026-07-01 06:30:40,0.26,0.43,0.81,26.17,0.00,7.95,66.41,921.5685,-102,3.50,-102.0,3.5
4,2026-07-01 07:40:39,0.25,0.38,0.78,10.80,0.00,8.49,63.77,921.4978,-103,4.75,-103.0,4.75
3,2026-07-01 08:20:40,0.29,0.43,1.02,26.52,0.00,9.65,63.28,921.0042,-109,-2.00,-103.0,3.75
4,2026-07-01 08:20:40,0.24,0.38,0.66,5.89,0.00,8.60,64.47,921.3834,-103,3.75,-103.0,3.75
3,2026-07-01 08:30:40,0.26,0.43,0.74,8.92,0.00,9.54,64.72,921.0248,-109,-3.25,-102.0,4.0
4,2026-07-01 08:30:40,0.22,0.31,0.58,9.68,0.00,9.06,62.45,921.4343,-102,4.00,-102.0,4.0
3,2026-07-01 08:50:40,0.27,0.45,1.01,21.82,0.00,9.82,65.05,921.0721,-109,-3.00,-101.0,4.0
4,2026-07-01 08:50:40,0.21,0.31,0.57,10.15,0.00,9.61,59.58,921.4627,-101,4.00,-101.0,4.0
3,2026-07-01 09:00:39,0.26,0.41,1.13,18.48,0.00,10.09,64.85,921.0258,-109,-2.00,-102.0,3.75
4,2026-07-01 09:00:39,0.21,0.31,0.76,24.98,0.00,9.97,59.00,921.3684,-102,3.75,-102.0,3.75
3,2026-07-01 09:10:39,0.23,0.36,1.38,22.28,0.00,11.19,60.40,921.0177,-109,-2.25,-103.0,3.25
4,2026-07-01 09:10:39,0.21,0.34,1.03,25.19,0.00,10.70,57.92,921.3493,-103,3.25,-103.0,3.25
3,2026-07-01 09:50:39,0.24,0.36,0.90,20.81,0.00,11.34,58.25,920.9752,-108,-1.25,-104.0,2.75
4,2026-07-01 09:50:39,0.22,0.35,0.69,12.35,0.00,11.65,56.19,921.3372,-104,2.75,-104.0,2.75
3,2026-07-01 10:00:39,0.24,0.38,1.13,30.21,0.00,11.87,56.77,920.9783,-109,-1.75,-102.0,3.25
4,2026-07-01 10:00:39,0.21,0.33,0.91,26.08,0.00,12.20,55.12,921.3293,-102,3.25,-102.0,3.25
3,2026-07-01 10:10:39,0.25,0.37,0.52,6.87,0.00,12.21,56.24,920.9143,-108,-1.00,-104.0,2.75
4,2026-07-01 10:10:39,0.21,0.34,0.67,12.33,0.00,12.41,53.32,921.2659,-104,2.75,-104.0,2.75
3,2026-07-01 10:20:39,0.25,0.33,0.42,5.34,0.00,12.00,56.48,920.9064,-109,-1.75,-102.0,4.0
4,2026-07-01 10:20:39,0.21,0.32,0.58,7.15,0.00,12.61,52.93,921.2695,-102,4.00,-102.0,4.0
3,2026-07-01 10:30:39,0.24,0.34,0.55,9.84,0.00,12.51,55.27,920.8083,-108,-2.25,-103.0,2.0
4,2026-07-01 10:30:39,0.20,0.32,0.59,11.77,0.00,12.24,53.62,921.2151,-103,2.00,-103.0,2.0
3,2026-07-01 10:50:39,0.25,0.36,0.51,10.93,0.00,12.34,55.12,920.6183,-109,-1.75,-104.0,3.25
4,2026-07-01 10:50:39,0.17,0.29,0.72,18.37,0.00,12.56,51.75,921.0128,-104,3.25,-104.0,3.25
3,2026-07-01 11:00:39,0.22,0.32,0.76,22.10,0.00,12.75,54.00,920.5740,-108,-1.25,-102.0,2.75
4,2026-07-01 11:00:39,0.18,0.32,0.91,18.88,0.00,12.46,51.31,920.9423,-102,2.75,-102.0,2.75
3,2026-07-01 11:10:39,0.24,0.32,0.54,9.72,0.00,13.69,52.25,920.5636,-109,-1.25,-103.0,3.5
4,2026-07-01 11:10:39,0.19,0.35,0.60,7.84,0.00,13.19,51.11,920.9149,-103,3.50,-103.0,3.5
3,2026-07-01 11:20:39,0.22,0.30,0.44,5.90,0.00,15.69,47.06,920.5138,-109,-2.00,-102.0,3.75
4,2026-07-01 11:20:39,0.17,0.25,0.32,5.70,0.00,13.56,49.59,920.8373,-102,3.75,-102.0,3.75
3,2026-07-01 11:30:39,0.26,0.35,0.39,2.60,0.00,16.07,46.43,920.3756,-108,-1.00,-104.0,2.75
4,2026-07-01 11:30:39,0.15,0.24,0.67,16.56,0.00,14.90,46.57,920.7605,-104,2.75,-104.0,2.75
3,2026-07-01 11:40:39,0.27,0.36,0.75,21.38,0.00,17.20,43.61,920.3017,-108,-0.50,-103.0,3.75
4,2026-07-01 11:40:39,0.14,0.24,0.31,2.79,0.00,16.74,43.13,920.6731,-103,3.75,-103.0,3.75
3,2026-07-01 11:50:39,0.29,0.44,1.37,23.67,0.00,17.39,43.85,920.2003,-108,-1.00,-103.0,1.75
4,2026-07-01 11:50:39,0.13,0.22,0.57,17.12,0.00,16.64,42.54,920.5790,-103,1.75,-103.0,1.75
3,2026-07-01 12:00:39,0.32,0.43,1.30,23.20,0.00,17.77,42.65,920.0992,-108,-1.50,-104.0,2.5
4,2026-07-01 12:00:39,0.14,0.29,1.51,40.89,0.00,17.40,42.74,920.5111,-104,2.50,-104.0,2.5
3,2026-07-01 12:10:39,0.29,0.36,0.79,23.64,0.00,18.26,41.06,920.0589,-109,-1.75,-103.0,3.5
4,2026-07-01 12:10:39,0.14,0.26,0.64,11.09,0.00,17.87,41.87,920.4896,-103,3.50,-103.0,3.5
3,2026-07-01 12:20:39,0.27,0.35,0.44,4.87,0.00,19.31,39.02,919.9881,-109,-1.25,-103.0,3.25
4,2026-07-01 12:20:39,0.12,0.21,0.47,11.44,0.00,18.62,40.38,920.4219,-103,3.25,-103.0,3.25
3,2026-07-01 12:40:39,0.31,0.42,0.84,14.81,0.00,19.10,40.07,919.8291,-109,-1.75,-103.0,2.75
4,2026-07-01 12:40:39,0.11,0.21,0.65,23.84,0.00,18.85,38.66,920.3009,-103,2.75,-103.0,2.75
3,2026-07-01 12:50:39,0.28,0.36,1.07,30.01,0.00,19.36,39.50,919.7432,-108,-1.00,-103.0,1.75
4,2026-07-01 12:50:39,0.11,0.19,0.73,23.42,0.00,18.46,37.92,920.1835,-103,1.75,-103.0,1.75
3,2026-07-01 13:00:39,0.28,0.36,0.97,24.16,0.00,20.41,37.88,919.6387,-109,-0.75,-103.0,2.5
4,2026-07-01 13:00:39,0.12,0.19,0.52,23.23,0.00,18.43,39.78,920.1332,-103,2.50,-103.0,2.5
3,2026-07-01 13:10:39,0.30,0.37,0.50,6.27,0.00,20.04,38.30,919.5454,-109,-0.75,-103.0,3.5
4,2026-07-01 13:10:39,0.12,0.19,0.56,16.55,0.00,17.93,42.29,920.0323,-103,3.50,-103.0,3.5
3,2026-07-01 13:20:39,0.27,0.34,0.44,5.33,0.00,18.98,41.14,919.4747,-109,-0.75,-102.0,3.75
4,2026-07-01 13:20:39,0.11,0.18,0.47,19.91,0.00,17.69,40.46,919.9572,-102,3.75,-102.0,3.75
3,2026-07-01 13:30:39,0.25,0.34,0.77,14.14,0.00,18.34,43.22,919.4269,-109,-1.00,-103.0,3.5
4,2026-07-01 13:30:39,0.11,0.19,0.54,23.51,0.00,18.06,41.29,919.9234,-103,3.50,-103.0,3.5
3,2026-07-01 13:40:39,0.28,0.39,1.09,22.05,0.00,19.20,40.84,919.3816,-110,-2.25,-103.0,0.5
4,2026-07-01 13:40:39,0.10,0.21,1.22,32.59,0.00,19.14,38.29,919.8057,-103,0.50,-103.0,0.5
3,2026-07-01 13:50:39,0.27,0.34,0.78,18.51,0.00,20.47,37.35,919.2880,-110,-1.50,-103.0,3.0
4,2026-07-01 13:50:39,0.07,0.11,0.13,1.31,0.00,20.41,34.89,919.7300,-103,3.00,-103.0,3.0
3,2026-07-01 14:00:39,0.23,0.27,0.35,4.15,0.00,21.31,35.89,919.2409,-109,0.00,-101.0,4.25
4,2026-07-01 14:00:39,0.06,0.09,0.18,10.78,0.00,20.82,34.81,919.6839,-101,4.25,-101.0,4.25
3,2026-07-01 14:10:39,0.21,0.25,0.28,2.47,0.00,22.79,33.63,919.1943,-109,-0.75,-102.0,2.75
4,2026-07-01 14:10:39,0.06,0.09,0.34,12.27,0.00,21.46,34.10,919.6102,-102,2.75,-102.0,2.75
3,2026-07-01 14:20:39,0.29,0.35,0.47,5.75,0.00,23.20,32.69,919.1244,-109,-0.75,-102.0,3.5
4,2026-07-01 14:20:39,0.04,0.07,0.43,14.49,0.00,20.80,34.54,919.5522,-102,3.50,-102.0,3.5
3,2026-07-01 14:30:39,0.25,0.29,0.38,5.26,0.00,23.13,34.30,919.0417,-109,-2.25,-103.0,3.25
4,2026-07-01 14:30:39,0.05,0.08,0.12,2.69,0.00,19.73,36.36,919.4807,-103,3.25,-103.0,3.25
3,2026-07-01 14:40:39,0.23,0.25,0.47,25.67,0.00,23.99,33.53,918.8663,-109,-1.00,-104.0,2.75
4,2026-07-01 14:40:39,0.05,0.07,0.09,1.08,0.00,20.73,35.09,919.3369,-104,2.75,-104.0,2.75
3,2026-07-01 14:50:39,0.24,0.26,0.60,21.10,0.00,21.30,36.62,918.6671,-108,0.50,-104.0,1.5
4,2026-07-01 14:50:39,0.05,0.08,0.09,1.25,0.00,20.05,36.33,919.2343,-104,1.50,-104.0,1.5
3,2026-07-01 15:00:39,0.24,0.28,0.42,15.55,0.00,20.05,39.47,918.6096,-108,-0.50,-104.0,2.5
4,2026-07-01 15:00:39,0.06,0.08,0.25,16.53,0.00,20.32,36.30,919.1595,-104,2.50,-104.0,2.5
3,2026-07-01 15:10:39,0.21,0.26,0.49,10.14,0.00,22.38,35.63,918.5796,-109,-1.25,-104.0,2.25
4,2026-07-01 15:10:39,0.06,0.09,0.45,24.34,0.00,20.90,34.61,919.0142,-104,2.25,-104.0,2.25
3,2026-07-01 15:20:39,0.25,0.30,0.56,20.29,0.00,22.24,36.04,918.4367,-109,-0.25,-103.0,2.5
4,2026-07-01 15:20:39,0.08,0.15,0.67,16.69,0.00,20.09,36.45,918.9641,-103,2.50,-103.0,2.5
3,2026-07-01 15:30:39,0.30,0.36,0.62,12.41,0.00,21.92,39.57,918.4136,-108,-0.25,-104.0,2.5
4,2026-07-01 15:30:39,0.11,0.24,1.03,33.95,0.00,19.77,38.14,918.9453,-104,2.50,-104.0,2.5
3,2026-07-01 15:40:39,0.24,0.29,0.45,5.05,0.00,20.94,39.61,918.3115,-108,0.00,-104.0,3.0
4,2026-07-01 15:40:39,0.11,0.17,0.76,25.22,0.00,20.23,37.02,918.8870,-104,3.00,-104.0,3.0
3,2026-07-01 15:50:39,0.25,0.31,0.63,21.98,0.00,19.54,42.16,918.2360,-108,-0.25,-103.0,3.0
4,2026-07-01 15:50:39,0.09,0.18,0.39,9.72,0.00,21.36,34.67,918.7841,-103,3.00,-103.0,3.0
3,2026-07-01 16:00:39,0.28,0.32,0.61,11.25,0.00,19.94,39.78,918.1440,-109,-0.75,-104.0,1.75
4,2026-07-01 16:00:39,0.07,0.13,0.58,16.03,0.00,22.60,32.24,918.7022,-104,1.75,-104.0,1.75
3,2026-07-01 16:20:39,0.30,0.34,0.92,30.93,0.00,21.55,34.88,917.9977,-110,-2.00,-103.0,3.25
4,2026-07-01 16:20:39,0.05,0.09,0.15,2.60,0.00,25.71,26.52,918.5407,-103,3.25,-103.0,3.25
3,2026-07-01 16:40:39,0.34,0.41,0.56,6.93,0.00,23.64,31.33,917.8167,-110,-1.50,-104.0,2.25
4,2026-07-01 16:40:39,0.05,0.07,0.70,21.65,0.00,23.98,30.10,918.3322,-104,2.25,-104.0,2.25
3,2026-07-01 17:00:39,0.31,0.35,1.10,75.38,0.00,21.13,35.35,917.7648,-109,-0.25,-102.0,3.5
4,2026-07-01 17:00:39,0.06,0.09,0.60,17.07,0.00,24.32,28.32,918.2564,-102,3.50,-102.0,3.5
3,2026-07-01 17:30:39,0.33,0.40,0.62,6.47,0.00,24.11,32.66,917.6689,-109,0.25,-102.0,3.5
4,2026-07-01 17:30:39,0.08,0.13,0.38,15.56,0.00,22.52,30.40,918.0923,-102,3.50,-102.0,3.5
3,2026-07-01 17:40:39,0.41,0.48,0.90,24.35,0.00,22.81,34.08,917.5632,-109,-0.50,-103.0,2.5
4,2026-07-01 17:40:39,0.07,0.13,0.46,10.16,0.00,21.86,32.44,918.0013,-103,2.50,-103.0,2.5
4,2026-07-01 17:50:39,0.07,0.13,0.34,5.65,0.00,21.29,33.55,917.9272,-104,3.25,-104.0,3.25
3,2026-07-01 18:10:39,0.40,0.49,0.73,11.19,0.00,20.64,35.66,917.3372,-110,-2.00,-103.0,3.25
4,2026-07-01 18:10:39,0.08,0.15,0.54,10.27,0.00,21.29,32.20,918.0114,-103,3.25,-103.0,3.25
3,2026-07-01 18:20:39,0.28,0.36,0.90,27.41,0.00,19.49,37.64,917.3591,-109,-2.50,-103.0,1.75
4,2026-07-01 18:20:39,0.08,0.23,0.92,18.66,0.00,23.52,30.01,917.9162,-103,1.75,-103.0,1.75
3,2026-07-01 18:30:39,0.35,0.44,0.87,32.70,0.00,21.52,33.21,917.3602,-109,0.00,-102.0,2.25
4,2026-07-01 18:30:39,0.07,0.18,0.81,21.88,0.00,23.35,29.74,917.8432,-102,2.25,-102.0,2.25
3,2026-07-01 18:40:39,0.34,0.43,1.02,21.54,0.00,22.79,32.08,917.3035,-109,-0.75,-103.0,2.75
4,2026-07-01 18:40:39,0.06,0.14,0.54,11.13,0.00,21.40,33.52,917.7059,-103,2.75,-103.0,2.75
3,2026-07-01 18:50:39,0.40,0.50,1.05,26.34,0.00,23.56,30.56,917.2638,-109,-1.75,-104.0,3.25
4,2026-07-01 18:50:39,0.06,0.14,1.04,27.05,0.00,20.48,35.16,917.6312,-104,3.25,-104.0,3.25
3,2026-07-01 19:00:39,0.50,0.57,1.25,26.27,0.00,25.47,26.97,917.2339,-109,-1.00,-104.0,1.25
4,2026-07-01 19:00:39,0.07,0.20,1.51,29.33,0.00,18.44,40.58,917.5365,-104,1.25,-104.0,1.25
3,2026-07-01 19:10:39,0.47,0.57,1.51,18.71,0.00,25.51,28.99,917.1416,-109,-2.25,-102.0,3.75
4,2026-07-01 19:10:39,0.08,0.29,2.22,26.67,0.00,18.27,40.86,917.5030,-102,3.75,-102.0,3.75
3,2026-07-01 19:20:39,0.39,0.71,4.33,67.56,0.00,21.42,36.44,917.0733,-109,-1.25,-103.0,2.75
4,2026-07-01 19:20:39,0.09,0.34,3.29,33.38,0.00,18.07,40.65,917.4844,-103,2.75,-103.0,2.75
3,2026-07-01 19:30:39,0.32,0.67,4.83,50.38,0.00,23.09,34.70,917.1647,-109,-0.75,-103.0,2.0
4,2026-07-01 19:30:39,0.18,1.90,19.69,142.62,0.00,16.81,43.55,917.5753,-103,2.00,-103.0,2.0
3,2026-07-01 19:40:39,0.50,1.78,14.67,90.31,0.00,23.55,33.79,917.2506,-109,-1.75,-102.0,3.75
4,2026-07-01 19:40:39,0.13,1.07,10.15,69.66,0.00,17.81,42.46,917.6659,-102,3.75,-102.0,3.75
3,2026-07-01 19:50:39,0.58,2.93,24.14,157.98,0.00,23.34,34.87,917.2497,-109,-0.50,-103.0,4.0
4,2026-07-01 19:50:39,0.08,0.48,4.22,29.91,0.00,18.32,41.26,917.7033,-103,4.00,-103.0,4.0
3,2026-07-01 20:10:39,0.34,0.92,5.04,45.53,0.00,19.65,42.11,917.0719,-108,0.75,-102.0,0.75
4,2026-07-01 20:10:39,0.08,0.48,2.78,20.78,0.00,17.83,43.32,917.6715,-102,0.75,-102.0,0.75
3,2026-07-01 20:20:39,0.25,0.36,0.88,20.00,0.00,17.63,45.97,917.1825,-108,0.50,-101.0,4.5
4,2026-07-01 20:20:39,0.09,0.71,4.54,35.02,0.00,17.18,45.29,917.6930,-101,4.50,-101.0,4.5
3,2026-07-01 20:30:39,0.26,0.39,0.90,22.47,0.00,19.14,42.08,917.3798,-109,-1.00,-101.0,4.75
4,2026-07-01 20:30:39,0.06,0.26,1.13,15.41,0.00,14.63,51.79,917.6875,-101,4.75,-101.0,4.75
3,2026-07-01 20:40:39,0.44,0.57,1.68,34.43,0.00,22.77,31.25,917.3226,-109,-2.25,-102.0,2.25
4,2026-07-01 20:40:39,0.05,0.12,0.34,9.74,0.00,15.02,51.25,917.8552,-102,2.25,-102.0,2.25
3,2026-07-01 21:00:39,0.42,0.54,1.24,19.51,0.00,18.70,38.64,917.2056,-110,-2.75,-103.0,3.5
4,2026-07-01 21:00:39,0.10,0.17,0.43,22.51,0.00,20.13,34.66,917.6811,-103,3.50,-103.0,3.5
4,2026-07-01 21:10:39,0.11,0.17,0.26,5.79,0.00,19.50,35.39,917.6462,-104,3.75,-104.0,3.75
3,2026-07-01 21:20:39,0.30,0.39,1.06,22.70,0.00,19.11,39.09,917.0883,-110,-2.75,-102.0,3.5
4,2026-07-01 21:20:39,0.11,0.21,0.47,6.47,0.00,16.16,42.78,917.5754,-102,3.50,-102.0,3.5
3,2026-07-01 21:30:39,0.29,0.40,1.13,15.70,0.00,19.65,38.97,917.0135,-109,-1.75,-103.0,3.5
4,2026-07-01 21:30:39,0.13,0.23,0.70,17.66,0.00,14.65,46.87,917.5212,-103,3.50,-103.0,3.5
3,2026-07-01 21:40:39,0.29,0.38,0.73,13.55,0.00,19.18,40.21,916.9790,-109,-3.00,-105.0,2.75
4,2026-07-01 21:40:39,0.12,0.21,0.66,15.67,0.00,14.71,46.63,917.4798,-105,2.75,-105.0,2.75
3,2026-07-01 21:50:39,0.28,0.36,1.15,18.74,0.00,18.66,42.36,916.9381,-109,-2.75,-103.0,3.5
4,2026-07-01 21:50:39,0.13,0.22,0.75,26.95,0.00,13.99,48.63,917.4667,-103,3.50,-103.0,3.5
3,2026-07-01 22:00:39,0.30,0.42,1.13,18.91,0.00,18.74,40.96,916.9780,-109,-2.50,-102.0,3.75
4,2026-07-01 22:00:39,0.12,0.17,0.29,5.41,0.00,13.95,48.43,917.5383,-102,3.75,-102.0,3.75
3,2026-07-01 22:10:39,0.27,0.39,1.59,83.50,0.00,19.25,37.91,917.0180,-110,-3.00,-103.0,1.25
4,2026-07-01 22:10:39,0.14,0.25,0.99,30.71,0.00,14.06,47.87,917.5138,-103,1.25,-103.0,1.25
3,2026-07-01 22:20:39,0.23,0.33,1.19,24.80,0.00,16.43,42.35,917.0134,-109,-0.75,-103.0,3.0
4,2026-07-01 22:20:39,0.15,0.24,0.98,18.03,0.00,13.76,49.27,917.5211,-103,3.00,-103.0,3.0
3,2026-07-01 22:40:39,0.22,0.38,1.12,31.19,0.00,13.79,50.52,917.1519,-109,-1.00,-104.0,3.0
4,2026-07-01 22:40:39,0.07,0.15,0.60,11.43,0.00,13.37,55.39,917.6426,-104,3.00,-104.0,3.0
3,2026-07-01 23:00:39,0.19,0.39,1.45,29.49,0.00,12.80,55.88,917.1958,-109,-1.25,-105.0,2.5
4,2026-07-01 23:00:39,0.07,0.16,0.54,10.05,0.00,12.52,57.75,917.6389,-105,2.50,-105.0,2.5
3,2026-07-01 23:30:39,0.15,0.33,0.92,10.43,0.00,11.39,59.84,917.2836,-108,-0.25,-103.0,2.75
4,2026-07-01 23:30:39,0.08,0.19,0.67,10.53,0.00,12.16,59.40,917.6561,-103,2.75,-103.0,2.75
3,2026-07-01 23:40:39,0.18,0.43,1.72,31.74,0.00,11.71,59.07,917.2745,-108,-1.00,-102.0,3.5
4,2026-07-01 23:40:39,0.07,0.19,0.86,35.64,0.00,11.89,60.44,917.6494,-102,3.50,-102.0,3.5
3,2026-07-01 23:50:39,0.15,0.31,0.79,26.18,0.00,11.56,59.74,917.2742,-108,-0.50,-104.0,1.25
4,2026-07-01 23:50:39,0.07,0.23,0.89,18.30,0.00,11.86,62.09,917.6737,-104,1.25,-104.0,1.25
3,2026-07-02 00:00:39,0.16,0.32,1.06,25.26,0.00,12.17,56.56,917.2353,-108,-0.50,-103.0,2.25
4,2026-07-02 00:00:39,0.09,0.20,0.93,21.67,0.00,11.93,61.42,917.6615,-103,2.25,-103.0,2.25
3,2026-07-02 00:20:39,0.15,0.33,1.12,18.47,0.00,11.96,55.64,916.9953,-108,-2.50,-104.0,2.25
4,2026-07-02 00:20:39,0.10,0.28,1.36,23.19,0.00,11.86,61.52,917.4729,-104,2.25,-104.0,2.25
3,2026-07-02 00:30:39,0.16,0.30,0.68,9.91,0.00,11.81,56.17,916.9173,-109,-2.00,-104.0,2.75
4,2026-07-02 00:30:39,0.09,0.22,1.07,34.62,0.00,11.66,60.53,917.3459,-104,2.75,-104.0,2.75
3,2026-07-02 00:40:39,0.17,0.34,1.50,24.51,0.00,11.41,57.00,916.9606,-108,-1.25,-105.0,-0.5
4,2026-07-02 00:40:39,0.08,0.20,0.82,31.75,0.00,11.54,60.34,917.3932,-105,-0.50,-105.0,-0.5
3,2026-07-02 00:50:39,0.15,0.33,1.21,14.54,0.00,10.81,62.30,917.0580,-109,-1.00,-105.0,2.0
4,2026-07-02 00:50:39,0.07,0.20,0.65,15.48,0.00,11.29,61.55,917.4566,-105,2.00,-105.0,2.0
3,2026-07-02 01:00:39,0.11,0.25,1.36,22.52,0.00,11.12,64.35,917.0718,-108,-0.50,-103.0,1.75
4,2026-07-02 01:00:39,0.07,0.16,1.14,19.29,0.00,11.02,62.26,917.5311,-103,1.75,-103.0,1.75
3,2026-07-02 01:10:39,0.11,0.21,0.67,10.82,0.00,11.00,65.91,917.1414,-109,-0.50,-105.0,1.5
4,2026-07-02 01:10:39,0.07,0.20,0.66,9.66,0.00,10.87,62.80,917.5352,-105,1.50,-105.0,1.5
3,2026-07-02 01:20:39,0.12,0.29,1.49,24.87,0.00,11.02,64.69,917.2453,-109,-0.75,-104.0,1.75
4,2026-07-02 01:20:39,0.09,0.21,1.16,18.64,0.00,10.71,63.49,917.6015,-104,1.75,-104.0,1.75
3,2026-07-02 01:30:39,0.16,0.34,1.35,29.52,0.00,10.86,64.22,917.4484,-109,-1.00,-105.0,2.25
4,2026-07-02 01:30:39,0.08,0.24,1.13,22.38,0.00,10.66,63.95,917.6341,-105,2.25,-105.0,2.25
3,2026-07-02 01:40:39,0.13,0.26,1.57,22.58,0.00,10.57,64.31,917.4292,-108,-2.00,-104.0,2.25
4,2026-07-02 01:40:39,0.08,0.20,1.28,35.19,0.00,10.60,64.40,917.7327,-104,2.25,-104.0,2.25
3,2026-07-02 01:50:39,0.12,0.25,1.67,17.39,0.00,9.47,66.18,917.3698,-108,-1.00,-104.0,1.0
4,2026-07-02 01:50:39,0.10,0.23,0.71,20.80,0.00,10.53,64.02,917.7788,-104,1.00,-104.0,1.0
3,2026-07-02 02:00:39,0.14,0.34,1.81,21.99,0.00,9.28,69.86,917.3595,-108,-1.50,-103.0,3.25
4,2026-07-02 02:00:39,0.13,0.29,1.32,27.49,0.45,9.95,64.81,917.8109,-103,3.25,-103.0,3.25
3,2026-07-02 02:10:39,0.21,0.43,1.70,22.74,0.00,9.19,70.96,917.3507,-108,-1.75,-103.0,2.5
4,2026-07-02 02:10:39,0.15,0.31,1.04,29.51,2.31,9.83,64.42,917.7941,-103,2.50,-103.0,2.5
3,2026-07-02 02:20:39,0.18,0.39,1.84,24.80,0.00,9.13,69.76,917.3887,-109,-1.75,-104.0,3.0
4,2026-07-02 02:20:39,0.15,0.29,1.04,34.81,9.95,9.94,63.35,917.7512,-104,3.00,-104.0,3.0
3,2026-07-02 02:30:39,0.14,0.34,1.37,20.09,0.00,8.39,70.46,917.3425,-108,-2.00,-103.0,2.25
4,2026-07-02 02:30:39,0.15,0.32,0.77,12.20,6.08,10.26,63.48,917.6311,-103,2.25,-103.0,2.25
3,2026-07-02 02:40:39,0.12,0.28,1.31,15.38,0.00,7.65,71.65,917.3071,-108,-2.00,-104.0,1.75
4,2026-07-02 02:40:39,0.18,0.36,1.17,29.24,16.18,9.62,66.74,917.6381,-104,1.75,-104.0,1.75
3,2026-07-02 02:50:39,0.15,0.36,1.14,17.30,0.00,7.69,68.90,917.3212,-109,-3.25,-104.0,2.25
4,2026-07-02 02:50:39,0.16,0.37,1.16,15.94,5.58,8.59,69.34,917.6465,-104,2.25,-104.0,2.25
3,2026-07-02 03:00:39,0.14,0.35,1.40,19.70,0.00,7.30,69.99,917.3251,-109,-2.75,-103.0,2.5
4,2026-07-02 03:00:39,0.15,0.34,1.39,21.67,19.01,7.86,72.03,917.6596,-103,2.50,-103.0,2.5
3,2026-07-02 03:10:39,0.14,0.35,1.47,19.17,0.00,7.42,72.59,917.3648,-109,-2.25,-102.0,4.0
4,2026-07-02 03:10:39,0.16,0.34,1.12,22.53,21.29,7.64,72.15,917.7052,-102,4.00,-102.0,4.0
3,2026-07-02 03:20:39,0.15,0.31,1.18,18.95,0.00,7.61,70.61,917.4108,-109,-3.75,-102.0,2.25
4,2026-07-02 03:20:39,0.14,0.30,0.58,5.73,49.28,7.90,69.27,917.6835,-102,2.25,-102.0,2.25
3,2026-07-02 03:40:39,0.16,0.35,1.33,13.97,0.00,6.53,67.87,917.3609,-109,-2.00,-103.0,1.75
4,2026-07-02 03:40:39,0.16,0.32,1.30,23.47,58.23,7.16,69.72,917.6914,-103,1.75,-103.0,1.75
3,2026-07-02 03:50:39,0.12,0.23,1.02,13.54,0.00,6.82,68.06,917.3086,-109,-2.75,-104.0,2.0
4,2026-07-02 03:50:39,0.15,0.25,0.96,26.43,42.82,6.83,69.30,917.6652,-104,2.00,-104.0,2.0
3,2026-07-02 04:00:39,0.14,0.22,0.60,9.95,0.00,7.69,65.54,917.2991,-109,-3.25,-104.0,1.75
4,2026-07-02 04:00:39,0.13,0.23,0.70,23.36,17.70,7.37,67.28,917.6043,-104,1.75,-104.0,1.75
3,2026-07-02 04:10:39,0.15,0.27,0.59,8.39,0.00,7.99,64.47,917.2477,-109,-3.25,-103.0,2.25
4,2026-07-02 04:10:39,0.16,0.26,0.81,21.85,14.08,7.34,67.30,917.6096,-103,2.25,-103.0,2.25
3,2026-07-02 04:20:39,0.14,0.23,1.15,22.26,0.00,8.01,64.05,917.2022,-109,-2.50,-103.0,3.75
4,2026-07-02 04:20:39,0.15,0.26,0.83,21.89,0.38,7.04,68.29,917.5712,-103,3.75,-103.0,3.75
4,2026-07-02 04:50:39,0.16,0.28,0.46,5.39,20.53,7.16,68.06,917.4835,-104,3.50,-104.0,3.5
3,2026-07-02 05:10:39,0.17,0.35,0.95,19.25,0.00,7.93,65.30,917.1192,-109,-2.75,-103.0,1.5
4,2026-07-02 05:10:39,0.15,0.26,0.73,21.17,24.72,7.09,67.20,917.4505,-103,1.50,-103.0,1.5
3,2026-07-02 05:20:39,0.18,0.39,1.56,21.34,0.00,8.00,65.95,917.1457,-109,-3.25,-103.0,3.75
4,2026-07-02 05:20:39,0.17,0.30,0.68,22.37,12.72,7.24,67.41,917.4478,-103,3.75,-103.0,3.75
3,2026-07-02 05:40:39,0.17,0.35,1.56,22.96,0.00,7.80,66.04,917.0861,-109,-3.50,-103.0,3.5
4,2026-07-02 05:40:39,0.16,0.30,1.05,28.96,7.00,7.24,67.11,917.3936,-103,3.50,-103.0,3.5
3,2026-07-02 05:50:39,0.18,0.38,1.11,23.41,0.00,7.91,65.53,917.0762,-109,-3.25,-104.0,2.5
4,2026-07-02 05:50:39,0.16,0.28,0.95,25.88,5.55,6.71,68.93,917.4585,-104,2.50,-104.0,2.5
4,2026-07-02 06:00:39,0.14,0.33,0.96,34.46,6.26,6.78,68.54,917.3670,-103,4.50,-103.0,4.5
3,2026-07-02 06:10:39,0.18,0.35,1.07,17.47,0.00,7.93,64.46,917.0046,-109,-3.25,-104.0,1.5
4,2026-07-02 06:10:39,0.16,0.28,0.80,11.07,0.33,6.87,69.02,917.3057,-104,1.50,-104.0,1.5
3,2026-07-02 06:40:39,0.14,0.23,0.76,13.27,0.00,8.59,62.59,916.9814,-109,-2.75,-102.0,4.0
4,2026-07-02 06:40:39,0.16,0.28,0.59,21.02,0.00,6.94,68.12,917.3453,-102,4.00,-102.0,4.0
3,2026-07-02 06:50:39,0.16,0.25,0.76,21.81,0.00,8.79,61.32,916.9850,-109,-3.50,-102.0,3.75
4,2026-07-02 06:50:39,0.14,0.24,0.48,10.43,0.22,9.00,61.86,917.3069,-102,3.75,-102.0,3.75
3,2026-07-02 07:00:39,0.16,0.29,0.52,5.14,0.00,8.82,60.82,916.9285,-108,-2.00,-102.0,3.5
4,2026-07-02 07:00:39,0.13,0.25,0.44,5.17,1.24,11.03,53.90,917.1944,-102,3.50,-102.0,3.5
3,2026-07-02 07:10:39,0.16,0.29,1.13,23.55,0.00,9.14,59.34,916.8175,-109,-3.00,-102.0,4.0
4,2026-07-02 07:10:39,0.14,0.23,0.82,26.01,3.38,10.15,56.09,917.1725,-102,4.00,-102.0,4.0
3,2026-07-02 07:20:39,0.14,0.24,0.49,5.83,0.00,8.76,60.39,916.7933,-109,-2.50,-102.0,4.0
4,2026-07-02 07:20:39,0.13,0.24,1.15,25.80,6.64,9.43,57.22,917.0985,-102,4.00,-102.0,4.0
4,2026-07-02 07:30:39,0.14,0.28,0.83,15.70,10.16,9.66,56.50,917.0210,-102,4.75,-102.0,4.75
3,2026-07-02 07:40:39,0.17,0.32,0.88,14.53,0.00,9.97,58.46,916.7655,-109,-3.75,-101.0,5.0
4,2026-07-02 07:40:39,0.13,0.23,0.57,11.42,4.14,10.73,54.06,916.9684,-101,5.00,-101.0,5.0
4,2026-07-02 07:50:39,0.11,0.21,0.57,9.01,6.96,11.00,53.52,916.9693,-103,5.00,-103.0,5.0
3,2026-07-02 08:00:39,0.19,0.29,1.00,23.80,0.00,11.62,53.93,916.6490,-109,-2.50,-102.0,4.5
4,2026-07-02 08:00:39,0.11,0.18,0.88,37.48,1.36,11.03,53.24,916.9396,-102,4.50,-102.0,4.5
3,2026-07-02 08:20:39,0.23,0.34,0.71,14.10,0.00,12.83,51.05,916.5947,-109,-2.25,-101.0,4.75
4,2026-07-02 08:20:39,0.11,0.20,0.55,8.83,3.57,10.72,54.27,916.8795,-101,4.75,-101.0,4.75
3,2026-07-02 08:30:39,0.26,0.34,0.44,2.90,0.00,13.27,49.81,916.5509,-109,-3.25,-103.0,3.5
4,2026-07-02 08:30:39,0.13,0.28,0.51,6.85,2.56,11.05,53.64,916.9223,-103,3.50,-103.0,3.5
3,2026-07-02 08:40:39,0.27,0.37,0.98,16.76,0.00,12.59,50.81,916.5102,-109,-2.00,-102.0,4.25
4,2026-07-02 08:40:39,0.11,0.21,0.56,14.66,0.04,11.76,51.67,916.8031,-102,4.25,-102.0,4.25
4,2026-07-02 09:00:39,0.11,0.22,0.57,15.31,0.36,12.84,49.56,916.6252,-102,5.00,-102.0,5.0
3,2026-07-02 09:10:39,0.24,0.34,1.12,21.02,0.00,12.51,52.15,916.2952,-109,-3.00,-103.0,2.75
4,2026-07-02 09:10:39,0.12,0.23,0.56,11.22,1.63,12.48,50.19,916.5111,-103,2.75,-103.0,2.75
4,2026-07-02 09:20:39,0.12,0.24,0.67,18.48,0.42,12.00,51.41,916.4494,-102,5.00,-102.0,5.0
3,2026-07-02 09:30:39,0.28,0.38,0.68,10.85,0.00,13.16,51.38,916.1440,-109,-3.50,-101.0,5.0
4,2026-07-02 09:30:39,0.13,0.22,0.65,14.02,0.01,12.35,50.26,916.4136,-101,5.00,-101.0,5.0
3,2026-07-02 09:40:39,0.21,0.31,1.17,20.06,0.00,12.43,52.72,916.0699,-110,-2.75,-102.0,3.75
4,2026-07-02 09:40:39,0.11,0.20,0.72,15.92,0.47,12.71,49.35,916.3560,-102,3.75,-102.0,3.75
3,2026-07-02 10:10:39,0.15,0.24,0.51,7.32,0.00,11.75,56.23,915.7673,-109,-2.50,-101.0,3.25
4,2026-07-02 10:10:39,0.11,0.20,0.40,9.24,0.00,13.29,49.43,916.0562,-101,3.25,-101.0,3.25
3,2026-07-02 10:20:39,0.14,0.22,0.61,21.15,0.00,11.68,56.32,915.6812,-109,-3.75,-101.0,4.75
4,2026-07-02 10:20:39,0.11,0.22,0.96,27.74,0.10,13.57,49.29,915.9674,-101,4.75,-101.0,4.75
3,2026-07-02 10:30:39,0.13,0.22,0.45,5.57,0.00,13.55,52.02,915.6400,-108,-2.75,-101.0,3.75
4,2026-07-02 10:30:39,0.10,0.17,0.29,5.72,0.95,13.98,47.21,915.9247,-101,3.75,-101.0,3.75
3,2026-07-02 11:00:39,0.19,0.28,0.43,4.85,0.00,14.66,49.54,915.3633,-109,-2.75,-102.0,2.75
4,2026-07-02 11:00:39,0.10,0.17,0.71,23.43,0.00,15.60,43.81,915.7016,-102,2.75,-102.0,2.75
4,2026-07-02 11:10:39,0.08,0.17,0.54,10.57,0.08,16.32,42.27,915.5786,-103,4.50,-103.0,4.5
3,2026-07-02 11:30:39,0.19,0.26,1.07,19.66,0.00,16.47,45.41,915.1146,-109,-2.50,-102.0,4.75
4,2026-07-02 11:30:39,0.08,0.15,0.23,3.62,0.61,17.65,39.89,915.5225,-102,4.75,-102.0,4.75
3,2026-07-02 11:40:39,0.19,0.29,1.02,19.50,0.00,17.49,42.93,915.0632,-108,-2.25,-105.0,2.0
4,2026-07-02 11:40:39,0.07,0.16,0.65,28.33,0.18,16.72,41.28,915.4573,-105,2.00,-105.0,2.0
3,2026-07-02 11:50:39,0.18,0.25,0.87,23.51,0.00,17.25,43.67,914.9816,-109,-1.75,-104.0,2.75
4,2026-07-02 11:50:39,0.08,0.16,0.66,24.54,0.72,15.90,43.42,915.4212,-104,2.75,-104.0,2.75
3,2026-07-02 12:00:39,0.18,0.26,0.60,24.70,0.00,17.62,43.45,914.9626,-109,-2.25,-104.0,1.5
4,2026-07-02 12:00:39,0.08,0.17,0.75,28.00,0.00,16.62,42.64,915.3755,-104,1.50,-104.0,1.5
3,2026-07-02 12:10:39,0.17,0.24,0.86,22.69,0.00,18.54,42.22,914.9547,-109,-2.50,-103.0,3.25
4,2026-07-02 12:10:39,0.07,0.15,0.97,24.62,0.00,17.80,40.40,915.2561,-103,3.25,-103.0,3.25
3,2026-07-02 12:20:39,0.16,0.23,1.30,24.14,0.00,18.52,41.04,914.8233,-109,-1.75,-102.0,4.5
4,2026-07-02 12:20:39,0.07,0.15,0.43,10.98,0.14,17.37,40.78,915.1873,-102,4.50,-102.0,4.5
3,2026-07-02 12:30:39,0.19,0.27,0.64,29.57,0.00,17.58,42.54,914.7678,-109,-2.50,-104.0,2.25
4,2026-07-02 12:30:39,0.08,0.20,0.60,16.30,0.40,17.62,40.64,915.2550,-104,2.25,-104.0,2.25
4,2026-07-02 12:50:39,0.06,0.11,0.42,15.65,0.00,18.49,39.10,914.9438,-102,4.00,-102.0,4.0
3,2026-07-02 13:00:39,0.20,0.27,0.79,14.25,0.00,20.34,37.24,914.4628,-108,-2.00,-103.0,1.75
4,2026-07-02 13:00:39,0.07,0.16,0.46,13.19,0.00,18.72,38.42,914.8842,-103,1.75,-103.0,1.75
3,2026-07-02 13:10:39,0.21,0.29,0.90,20.64,0.00,22.15,34.10,914.4289,-109,-2.25,-103.0,3.5
4,2026-07-02 13:10:39,0.07,0.14,0.40,11.19,0.00,21.00,34.36,914.8506,-103,3.50,-103.0,3.5
3,2026-07-02 13:20:39,0.21,0.29,0.74,22.64,0.00,22.64,33.08,914.3069,-109,-1.75,-103.0,3.5
4,2026-07-02 13:20:39,0.07,0.13,0.61,25.14,0.12,22.23,31.85,914.7861,-103,3.50,-103.0,3.5
3,2026-07-02 13:30:39,0.24,0.35,0.92,18.50,0.00,20.87,34.66,914.1927,-109,-3.00,-102.0,4.0
4,2026-07-02 13:30:39,0.06,0.13,0.68,21.55,0.00,21.73,31.85,914.6903,-102,4.00,-102.0,4.0
3,2026-07-02 13:40:39,0.26,0.34,0.69,26.33,0.00,19.42,37.87,914.1557,-109,-1.50,-103.0,3.5
4,2026-07-02 13:40:39,0.07,0.16,1.20,55.22,0.00,20.31,34.31,914.6881,-103,3.50,-103.0,3.5
3,2026-07-02 13:50:39,0.24,0.32,0.52,11.22,0.00,19.49,36.45,914.0562,-109,-3.00,-103.0,3.5
4,2026-07-02 13:50:39,0.06,0.12,0.28,10.09,0.00,20.06,35.10,914.6116,-103,3.50,-103.0,3.5
3,2026-07-02 14:00:39,0.18,0.25,1.36,29.33,0.00,20.11,35.92,913.9979,-109,-3.00,-104.0,2.0
4,2026-07-02 14:00:39,0.05,0.11,0.49,17.42,0.00,21.08,33.09,914.5449,-104,2.00,-104.0,2.0
3,2026-07-02 14:10:39,0.20,0.26,0.34,5.45,0.00,21.60,33.57,914.0165,-109,-2.25,-102.0,2.0
4,2026-07-02 14:10:39,0.06,0.15,0.97,50.56,0.00,22.82,29.96,914.5124,-102,2.00,-102.0,2.0
3,2026-07-02 14:20:39,0.22,0.28,0.80,28.25,0.00,21.59,34.39,913.9147,-110,-2.25,-103.0,2.5
4,2026-07-02 14:20:39,0.05,0.10,1.02,31.25,0.00,23.66,27.97,914.4557,-103,2.50,-103.0,2.5
3,2026-07-02 14:30:39,0.21,0.28,0.79,21.47,0.00,21.01,35.10,913.8673,-109,-1.75,-102.0,1.75
4,2026-07-02 14:30:39,0.05,0.12,0.90,24.84,0.00,24.14,28.35,914.5126,-102,1.75,-102.0,1.75
3,2026-07-02 15:00:39,0.31,0.44,1.15,32.67,0.00,23.80,36.27,913.8323,-110,-2.25,-101.0,1.75
4,2026-07-02 15:00:39,0.06,0.28,1.18,17.02,0.00,23.54,32.75,914.3183,-101,1.75,-101.0,1.75
3,2026-07-02 15:10:39,0.33,0.43,0.86,12.39,0.00,22.60,39.27,913.7834,-109,-1.00,-102.0,3.0
4,2026-07-02 15:10:39,0.04,0.11,0.64,19.67,0.00,21.44,35.20,914.2138,-102,3.00,-102.0,3.0
3,2026-07-02 15:20:39,0.29,0.38,0.87,18.21,0.00,20.75,40.10,913.6725,-108,-0.25,-102.0,4.0
4,2026-07-02 15:20:39,0.05,0.19,1.86,76.67,0.00,18.26,41.10,914.1391,-102,4.00,-102.0,4.0
3,2026-07-02 15:30:39,0.25,0.38,1.12,18.51,0.00,20.03,40.39,913.6273,-109,-0.75,-105.0,0.75
4,2026-07-02 15:30:39,0.10,0.42,3.29,39.37,0.00,17.06,47.03,914.0154,-105,0.75,-105.0,0.75
3,2026-07-02 15:40:39,0.24,0.33,0.59,11.92,0.00,22.14,36.90,913.5224,-109,-2.00,-104.0,0.5
4,2026-07-02 15:40:39,0.07,0.17,1.05,28.26,0.00,16.92,47.50,914.0353,-104,0.50,-104.0,0.5
3,2026-07-02 16:00:39,0.26,0.34,0.62,11.02,0.00,24.56,32.95,913.3987,-108,0.25,-103.0,3.25
4,2026-07-02 16:00:39,0.06,0.14,0.64,23.16,0.00,22.00,34.64,913.8992,-103,3.25,-103.0,3.25
4,2026-07-02 16:10:39,0.07,0.26,1.46,37.41,0.00,23.29,30.58,913.8235,-103,4.00,-103.0,4.0
3,2026-07-02 16:20:39,0.26,0.36,1.11,17.66,0.00,24.06,34.38,913.2988,-109,-2.25,-104.0,1.75
4,2026-07-02 16:20:39,1.11,16.86,143.68,327.67,0.00,23.17,33.19,913.7482,-104,1.75,-104.0,1.75
3,2026-07-02 16:30:39,0.29,0.51,2.09,27.30,0.00,23.57,34.65,913.2199,-109,-2.00,-103.0,2.0
4,2026-07-02 16:30:39,0.84,11.32,79.80,327.67,0.00,23.08,32.17,913.7576,-103,2.00,-103.0,2.0
3,2026-07-02 16:40:39,0.31,0.69,2.79,33.52,0.00,22.56,36.43,913.1957,-108,0.75,-103.0,1.0
4,2026-07-02 16:40:39,1.32,18.38,132.64,327.67,0.00,21.83,32.67,913.7439,-103,1.00,-103.0,1.0
4,2026-07-02 16:50:39,2.21,30.02,213.94,327.67,0.00,23.63,29.69,913.7076,-102,4.00,-102.0,4.0
3,2026-07-02 17:00:39,0.40,1.62,8.88,38.50,0.00,23.59,34.61,913.1006,-110,-1.25,-103.0,3.25
4,2026-07-02 17:00:39,6.94,98.91,327.67,327.67,0.00,23.66,30.21,913.5433,-103,3.25,-103.0,3.25
4,2026-07-02 17:10:39,1.37,17.34,120.70,327.67,0.00,22.70,33.85,913.4399,-105,3.50,-105.0,3.5
4,2026-07-02 17:20:39,5.30,74.30,327.67,327.67,0.00,22.60,34.60,913.4326,-104,3.00,-104.0,3.0
3,2026-07-02 17:50:39,0.56,3.90,23.39,133.69,0.00,20.71,40.58,912.8711,-109,-2.25,-104.0,1.5
4,2026-07-02 17:50:39,26.81,327.67,327.67,327.67,0.00,21.96,32.87,913.2821,-104,1.50,-104.0,1.5
3,2026-07-02 18:00:39,0.34,1.69,9.64,60.18,0.00,19.68,41.43,913.0240,-109,-2.50,-104.0,2.25
4,2026-07-02 18:00:39,5.06,68.71,327.67,327.67,0.00,19.19,39.64,913.4375,-104,2.25,-104.0,2.25
4,2026-07-02 18:10:39,1.20,16.27,98.29,327.67,0.00,16.35,47.55,913.5321,-101,5.25,-101.0,5.25
3,2026-07-02 18:30:39,0.18,0.43,4.22,46.23,0.00,16.64,50.31,913.6652,-109,-1.50,-102.0,4.0
4,2026-07-02 18:30:39,0.33,4.14,26.65,327.67,0.00,14.75,50.08,914.0516,-102,4.00,-102.0,4.0
3,2026-07-02 19:00:39,0.16,0.46,1.95,27.82,0.00,16.08,59.86,913.9604,-109,-2.00,-102.0,3.0
4,2026-07-02 19:00:39,0.10,0.39,1.42,18.41,0.00,14.43,58.29,914.3101,-102,3.00,-102.0,3.0
3,2026-07-02 19:10:39,0.16,0.41,8.54,327.67,0.00,16.80,56.45,913.9648,-109,-2.75,-103.0,3.5
4,2026-07-02 19:10:39,0.08,0.27,1.13,17.51,0.00,15.63,52.58,914.3290,-103,3.50,-103.0,3.5
3,2026-07-02 19:20:39,0.17,0.44,2.35,21.65,0.00,17.72,53.28,913.9764,-109,-2.75,-103.0,2.75
4,2026-07-02 19:20:39,0.09,0.36,1.36,23.70,0.00,16.24,51.87,914.3389,-103,2.75,-103.0,2.75
3,2026-07-02 19:30:39,0.18,0.44,1.31,19.00,0.00,18.13,51.58,913.9359,-109,-1.75,-103.0,2.5
4,2026-07-02 19:30:39,0.09,0.36,1.52,28.93,0.00,16.74,50.33,914.3048,-103,2.50,-103.0,2.5
3,2026-07-02 19:40:39,0.20,0.46,2.22,33.52,0.00,18.28,49.68,913.9271,-110,-2.00,-103.0,2.75
4,2026-07-02 19:40:39,0.09,0.37,1.95,35.37,0.00,16.70,50.88,914.3360,-103,2.75,-103.0,2.75
3,2026-07-02 19:50:39,0.20,0.42,1.42,22.61,0.00,20.81,42.69,913.9423,-110,-3.00,-102.0,1.75
4,2026-07-02 19:50:39,0.09,0.27,1.14,33.08,0.00,17.92,46.80,914.3117,-102,1.75,-102.0,1.75
3,2026-07-02 20:00:39,0.23,0.50,1.31,28.37,0.00,20.38,44.98,913.8069,-110,-1.50,-102.0,3.75
4,2026-07-02 20:00:39,0.07,0.27,1.32,28.32,0.00,20.74,41.02,914.2093,-102,3.75,-102.0,3.75
3,2026-07-02 20:10:39,0.21,0.53,1.85,21.29,0.00,18.16,52.25,913.8125,-110,-0.75,-105.0,2.5
4,2026-07-02 20:10:39,0.07,0.29,1.01,24.22,0.00,20.36,43.71,914.0958,-105,2.50,-105.0,2.5
3,2026-07-02 20:20:39,0.19,0.40,1.32,20.60,0.00,16.72,55.59,913.7700,-110,-4.25,-103.0,3.25
4,2026-07-02 20:20:39,0.08,0.31,1.25,23.61,0.00,18.55,49.38,914.0450,-103,3.25,-103.0,3.25
3,2026-07-02 20:40:39,0.20,0.53,2.44,28.58,0.00,16.04,57.63,913.7421,-110,-3.75,-102.0,4.25
4,2026-07-02 20:40:39,0.09,0.31,1.13,26.85,0.00,16.27,53.85,914.0598,-102,4.25,-102.0,4.25
3,2026-07-02 20:50:39,0.19,0.51,2.47,30.95,0.00,15.68,54.38,913.6778,-109,-3.25,-105.0,2.0
4,2026-07-02 20:50:39,0.10,0.38,1.51,20.10,0.00,14.83,59.14,914.0513,-105,2.00,-105.0,2.0
3,2026-07-02 21:00:39,0.13,0.40,1.44,23.00,0.00,15.71,53.06,913.6370,-109,-2.00,-103.0,2.25
4,2026-07-02 21:00:39,0.09,0.30,1.54,29.88,0.00,13.76,59.78,914.0404,-103,2.25,-103.0,2.25
3,2026-07-02 21:20:39,0.16,0.48,2.19,29.08,0.00,14.93,60.91,913.8670,-108,-0.25,-104.0,2.75
4,2026-07-02 21:20:39,0.12,0.43,1.85,35.32,0.00,13.83,58.07,914.3703,-104,2.75,-104.0,2.75
3,2026-07-02 21:40:39,0.16,0.50,3.39,28.26,0.00,15.17,56.18,914.2339,-109,-1.25,-104.0,0.5
4,2026-07-02 21:40:39,0.12,0.47,3.87,50.34,0.00,13.72,57.15,914.6746,-104,0.50,-104.0,0.5
3,2026-07-02 21:50:39,0.19,0.60,3.28,26.12,0.00,14.92,57.89,914.4265,-109,-1.75,-104.0,2.5
4,2026-07-02 21:50:39,0.24,1.12,7.25,57.42,0.00,13.71,58.90,914.8085,-104,2.50,-104.0,2.5
3,2026-07-02 22:00:39,0.17,0.53,3.58,40.83,0.00,14.46,59.53,914.5765,-109,-2.50,-104.0,2.5
4,2026-07-02 22:00:39,0.21,0.95,4.34,34.16,0.00,13.13,61.93,914.9502,-104,2.50,-104.0,2.5
4,2026-07-02 22:20:39,0.17,0.78,4.83,39.97,0.00,13.54,58.21,915.1350,-103,4.25,-103.0,4.25
3,2026-07-02 22:40:39,0.20,0.72,7.37,75.48,0.00,12.40,66.11,914.9991,-109,-3.50,-102.0,4.0
4,2026-07-02 22:40:39,0.19,0.66,3.47,34.46,0.00,12.98,60.88,915.3467,-102,4.00,-102.0,4.0
4,2026-07-02 22:50:39,0.16,0.56,2.92,29.27,0.00,12.61,63.01,915.4022,-102,5.25,-102.0,5.25
3,2026-07-02 23:00:39,0.20,0.65,4.44,27.41,0.00,12.05,69.92,915.0256,-109,-3.75,-101.0,3.5
4,2026-07-02 23:00:39,0.20,0.73,3.63,32.50,0.00,11.60,68.84,915.3917,-101,3.50,-101.0,3.5
3,2026-07-02 23:10:39,0.20,0.67,4.01,45.67,0.00,11.89,68.61,915.0029,-110,-3.50,-100.0,4.25
4,2026-07-02 23:10:39,0.17,0.53,2.29,37.32,0.00,11.48,68.41,915.2968,-100,4.25,-100.0,4.25
4,2026-07-02 23:20:39,0.15,0.46,1.94,28.84,0.00,12.64,59.38,915.2848,-102,4.75,-102.0,4.75
3,2026-07-02 23:30:39,0.20,0.66,3.38,28.90,0.00,11.88,63.04,914.9521,-110,-3.75,-102.0,3.25
4,2026-07-02 23:30:39,0.15,0.52,1.76,15.85,0.00,12.46,60.01,915.3367,-102,3.25,-102.0,3.25
3,2026-07-02 23:40:39,0.14,0.37,1.87,32.50,0.00,11.58,62.44,914.9190,-109,-3.75,-100.0,3.5
4,2026-07-02 23:40:39,0.16,0.47,1.54,25.89,0.00,11.92,59.69,915.2293,-100,3.50,-100.0,3.5
4,2026-07-02 23:50:39,0.12,0.39,1.71,30.62,0.00,11.30,61.34,915.0701,-102,6.00,-102.0,6.0
4,2026-07-03 00:10:39,0.32,1.09,4.98,67.04,0.00,10.82,59.71,915.1096,-102,5.25,-102.0,5.25
4,2026-07-03 01:50:39,0.09,0.26,0.99,14.66,0.00,10.86,58.16,915.6883,-102,4.25,-102.0,4.25
4,2026-07-03 02:00:39,0.12,0.33,1.08,15.94,0.00,9.92,60.58,915.7612,-103,5.25,-103.0,5.25
4,2026-07-03 02:50:39,0.10,0.26,1.67,51.36,0.00,9.89,58.32,915.6910,-102,5.25,-102.0,5.25
3,2026-07-03 03:50:39,0.11,0.25,1.38,20.43,0.00,9.55,60.08,915.7162,-109,-1.75,-102.0,3.0
4,2026-07-03 03:50:39,0.11,0.22,0.79,29.65,0.00,10.56,54.23,916.0026,-102,3.00,-102.0,3.0
4,2026-07-03 04:10:39,0.14,0.48,3.18,54.54,0.00,10.07,55.96,915.8438,-104,4.00,-104.0,4.0
3,2026-07-03 04:40:39,0.12,0.25,0.98,23.17,0.00,9.06,61.59,915.8331,-110,-3.00,-102.0,3.5
4,2026-07-03 04:40:39,0.08,0.17,0.60,17.61,0.00,10.25,55.71,916.0716,-102,3.50,-102.0,3.5
3,2026-07-03 05:10:39,0.11,0.25,0.78,14.03,0.00,8.93,62.24,915.9095,-109,-0.75,-102.0,3.75
4,2026-07-03 05:10:39,0.11,0.31,1.32,22.43,0.00,10.06,56.20,916.1367,-102,3.75,-102.0,3.75
3,2026-07-03 05:40:39,0.11,0.29,3.50,54.02,0.00,8.64,65.66,916.0485,-109,-2.00,-103.0,2.75
4,2026-07-03 05:40:39,0.19,0.78,4.32,33.00,0.00,9.49,61.01,916.3638,-103,2.75,-103.0,2.75
3,2026-07-03 05:50:39,0.11,0.25,1.08,17.02,0.00,8.16,68.04,916.0390,-109,-2.25,-103.0,2.75
4,2026-07-03 05:50:39,0.13,0.37,1.94,23.77,0.00,9.18,62.72,916.2420,-103,2.75,-103.0,2.75
3,2026-07-03 06:10:39,0.12,0.24,1.19,32.33,0.00,8.61,64.41,916.0289,-110,-3.00,-103.0,3.0
4,2026-07-03 06:10:39,0.09,0.21,0.77,23.13,0.00,8.77,62.34,916.2235,-103,3.00,-103.0,3.0
3,2026-07-03 06:20:39,0.12,0.23,1.03,20.55,0.00,9.19,61.93,915.9621,-109,-1.50,-102.0,3.0
4,2026-07-03 06:20:39,0.11,0.21,0.48,9.66,0.00,9.49,59.51,916.3159,-102,3.00,-102.0,3.0
3,2026-07-03 06:30:39,0.10,0.22,0.90,17.79,0.00,8.60,64.04,915.9820,-109,-1.00,-102.0,3.5
4,2026-07-03 06:30:39,0.10,0.22,0.60,14.87,0.00,9.25,59.98,916.1996,-102,3.50,-102.0,3.5
3,2026-07-03 06:40:39,0.11,0.23,0.79,16.93,0.00,8.75,64.40,916.0652,-109,-3.25,-103.0,4.0
4,2026-07-03 06:40:39,0.11,0.21,0.69,24.03,0.00,8.73,62.27,916.2326,-103,4.00,-103.0,4.0
3,2026-07-03 06:50:39,0.11,0.22,0.41,7.84,0.00,8.80,64.36,916.1477,-110,-5.25,-102.0,3.75
4,2026-07-03 06:50:39,0.11,0.22,0.30,2.67,0.00,8.97,62.30,916.3878,-102,3.75,-102.0,3.75
3,2026-07-03 07:10:39,0.10,0.17,0.61,20.82,0.00,9.58,60.75,916.2927,-109,-3.75,-103.0,3.75
4,2026-07-03 07:10:39,0.11,0.25,0.81,21.24,0.00,9.66,59.76,916.7092,-103,3.75,-103.0,3.75
3,2026-07-03 07:20:39,0.11,0.24,0.64,9.72,0.00,8.89,63.54,916.2558,-109,-1.25,-102.0,3.5
4,2026-07-03 07:20:39,0.10,0.22,0.36,9.57,0.00,10.15,58.86,916.6311,-102,3.50,-102.0,3.5
3,2026-07-03 07:30:39,0.11,0.21,1.73,101.54,0.00,9.77,61.60,916.2509,-109,0.00,-103.0,2.0
4,2026-07-03 07:30:39,0.10,0.21,0.96,26.40,0.00,9.96,58.86,916.4482,-103,2.00,-103.0,2.0
3,2026-07-03 07:40:39,0.12,0.23,0.81,18.77,0.00,10.77,59.32,916.3617,-108,-1.75,-104.0,2.5
4,2026-07-03 07:40:39,0.10,0.25,1.21,22.81,0.00,11.21,57.36,916.4594,-104,2.50,-104.0,2.5
3,2026-07-03 07:50:39,0.16,0.29,1.14,22.28,0.00,10.54,59.37,916.3940,-109,-2.25,-104.0,3.25
4,2026-07-03 07:50:39,0.12,0.36,1.38,21.91,0.00,10.99,56.17,916.5014,-104,3.25,-104.0,3.25
3,2026-07-03 08:00:39,0.16,0.34,1.27,21.44,0.00,10.72,58.85,916.4145,-110,-3.00,-102.0,3.5
4,2026-07-03 08:00:39,0.08,0.17,0.37,8.17,0.00,11.15,55.67,916.6456,-102,3.50,-102.0,3.5
3,2026-07-03 08:10:39,0.13,0.23,0.67,19.89,0.00,11.48,56.52,916.3587,-108,-1.00,-102.0,4.25
4,2026-07-03 08:10:39,0.08,0.21,0.56,10.48,0.00,12.08,53.75,916.7605,-102,4.25,-102.0,4.25
3,2026-07-03 08:20:39,0.13,0.23,1.11,20.68,0.00,11.03,58.90,916.4111,-108,0.00,-102.0,3.75
4,2026-07-03 08:20:39,0.10,0.21,0.60,11.79,0.00,11.29,55.05,916.8291,-102,3.75,-102.0,3.75
3,2026-07-03 08:30:39,0.12,0.24,0.50,8.98,0.00,10.80,58.95,916.5818,-109,-0.75,-104.0,2.5
4,2026-07-03 08:30:39,0.13,0.28,1.36,31.84,0.00,10.86,57.09,916.8584,-104,2.50,-104.0,2.5
3,2026-07-03 08:40:39,0.12,0.21,0.79,20.15,0.00,11.02,57.75,916.8241,-109,-0.25,-103.0,3.25
4,2026-07-03 08:40:39,0.10,0.21,0.97,18.36,0.00,10.57,57.72,917.1400,-103,3.25,-103.0,3.25
3,2026-07-03 09:10:39,0.11,0.23,1.58,66.34,0.00,11.33,57.95,917.1222,-108,-1.00,-103.0,3.0
4,2026-07-03 09:10:39,0.09,0.22,0.57,11.26,0.00,10.90,55.48,917.4747,-103,3.00,-103.0,3.0
3,2026-07-03 09:20:39,0.11,0.20,0.98,23.82,0.00,11.50,57.59,917.2132,-108,-0.75,-102.0,3.75
4,2026-07-03 09:20:39,0.09,0.24,1.31,29.98,0.00,11.02,57.10,917.5871,-102,3.75,-102.0,3.75
3,2026-07-03 09:30:39,0.12,0.25,1.43,28.31,0.00,12.27,55.85,917.2449,-108,-1.25,-102.0,3.25
4,2026-07-03 09:30:39,0.11,0.27,1.32,21.20,0.00,11.34,56.31,917.6187,-102,3.25,-102.0,3.25
3,2026-07-03 09:40:39,0.12,0.24,0.98,14.65,0.00,12.70,54.76,917.2420,-109,-2.50,-102.0,3.5
4,2026-07-03 09:40:39,0.12,0.30,1.20,17.27,0.00,11.18,58.90,917.5900,-102,3.50,-102.0,3.5
3,2026-07-03 09:50:39,0.14,0.29,1.10,26.15,0.00,12.81,55.19,917.2227,-109,-2.00,-103.0,3.5
4,2026-07-03 09:50:39,0.12,0.30,1.32,28.02,0.00,10.88,60.92,917.5590,-103,3.50,-103.0,3.5
3,2026-07-03 10:00:39,0.15,0.27,0.89,27.43,0.00,12.79,56.40,917.2484,-109,-2.25,-103.0,2.0
4,2026-07-03 10:00:39,0.10,0.21,0.99,45.54,0.00,11.10,60.94,917.5649,-103,2.00,-103.0,2.0
3,2026-07-03 10:20:39,0.13,0.21,0.97,18.50,0.00,12.41,56.77,917.1269,-109,-2.50,-103.0,2.5
4,2026-07-03 10:20:39,0.08,0.19,0.60,9.62,0.00,12.97,52.68,917.4343,-103,2.50,-103.0,2.5
3,2026-07-03 10:30:39,0.13,0.23,0.80,19.95,0.00,12.19,56.56,917.1094,-109,-1.00,-106.0,2.0
4,2026-07-03 10:30:39,0.07,0.11,0.70,24.37,0.00,13.39,51.04,917.3952,-106,2.00,-106.0,2.0
3,2026-07-03 10:40:39,0.10,0.17,0.49,11.27,0.00,11.77,57.91,917.0945,-109,-0.75,-104.0,2.5
4,2026-07-03 10:40:39,0.09,0.19,0.79,26.22,0.00,13.33,51.93,917.3962,-104,2.50,-104.0,2.5
3,2026-07-03 10:50:39,0.13,0.23,0.49,11.73,0.00,11.92,57.42,917.0645,-109,-1.50,-104.0,2.0
4,2026-07-03 10:50:39,0.09,0.26,2.37,47.99,0.00,12.96,52.75,917.3788,-104,2.00,-104.0,2.0
3,2026-07-03 11:10:39,0.12,0.21,1.02,21.86,0.00,12.59,55.80,917.0792,-110,-3.50,-103.0,2.5
4,2026-07-03 11:10:39,0.20,2.71,30.83,211.88,0.00,14.01,49.59,917.3960,-103,2.50,-103.0,2.5
3,2026-07-03 11:20:39,0.13,0.21,0.73,20.15,0.00,12.88,54.59,917.0464,-110,-2.50,-102.0,4.5
4,2026-07-03 11:20:39,0.37,6.25,70.19,327.67,0.00,13.88,49.28,917.3502,-102,4.50,-102.0,4.5
3,2026-07-03 11:30:39,0.16,0.28,0.79,28.46,0.00,12.70,54.99,916.9683,-108,-2.50,-104.0,1.75
4,2026-07-03 11:30:39,0.59,10.44,101.90,327.67,0.00,14.40,48.70,917.2924,-104,1.75,-104.0,1.75
3,2026-07-03 11:40:39,0.18,0.28,0.75,12.93,0.00,12.68,55.44,917.0178,-110,-2.50,-104.0,2.75
4,2026-07-03 11:40:39,0.54,9.63,87.00,327.67,0.00,14.17,49.39,917.3756,-104,2.75,-104.0,2.75
3,2026-07-03 11:50:39,0.17,0.26,1.07,22.97,0.00,13.22,53.03,917.0754,-108,-1.25,-102.0,4.5
4,2026-07-03 11:50:39,0.19,3.26,25.04,272.81,0.00,14.46,48.08,917.4914,-102,4.50,-102.0,4.5
3,2026-07-03 12:30:39,0.18,0.30,1.28,33.78,0.00,15.14,50.47,916.8174,-109,-1.00,-103.0,2.75
4,2026-07-03 12:30:39,1.02,18.54,146.39,327.67,0.00,16.73,45.50,917.2409,-103,2.75,-103.0,2.75
3,2026-07-03 12:40:39,0.14,0.24,0.94,17.80,0.00,15.59,49.95,916.7636,-109,-2.00,-102.0,2.25
4,2026-07-03 12:40:39,1.65,29.26,222.63,327.67,0.00,18.00,42.41,917.2061,-102,2.25,-102.0,2.25
3,2026-07-03 13:30:39,0.19,0.29,1.06,26.45,0.00,18.89,42.36,916.5676,-109,-1.50,-104.0,2.25
4,2026-07-03 13:30:39,0.09,0.71,5.28,175.94,0.00,19.33,38.76,917.1598,-104,2.25,-104.0,2.25
3,2026-07-03 13:40:39,0.18,0.26,0.83,22.81,0.00,19.26,42.02,916.5243,-108,0.25,-103.0,2.0
4,2026-07-03 13:40:39,0.07,0.46,3.39,53.60,0.00,19.89,38.17,917.0866,-103,2.00,-103.0,2.0
3,2026-07-03 13:50:39,0.17,0.24,0.82,19.57,0.00,19.97,41.25,916.4911,-109,-1.25,-103.0,2.25
4,2026-07-03 13:50:39,0.08,0.48,5.88,56.81,0.00,21.91,35.82,917.0407,-103,2.25,-103.0,2.25
3,2026-07-03 14:10:39,0.18,0.24,0.84,16.46,0.00,19.98,40.26,916.3512,-110,-2.25,-102.0,4.5
4,2026-07-03 14:10:39,0.06,0.42,3.44,32.85,0.00,20.73,36.57,916.8208,-102,4.50,-102.0,4.5
3,2026-07-03 14:20:39,0.22,0.32,1.17,23.78,0.00,21.92,37.39,916.5258,-110,-1.25,-103.0,3.5
4,2026-07-03 14:20:39,0.06,0.35,2.33,63.47,0.00,22.02,33.02,916.9123,-103,3.50,-103.0,3.5
3,2026-07-03 14:30:39,0.23,0.40,1.49,33.12,0.00,21.66,37.79,916.6146,-109,-3.00,-103.0,3.0
4,2026-07-03 14:30:39,0.04,0.14,0.98,24.52,0.00,21.23,32.25,916.9257,-103,3.00,-103.0,3.0
3,2026-07-03 14:40:39,0.30,1.25,8.97,71.99,0.00,20.61,39.74,916.6249,-108,-0.50,-103.0,2.75
4,2026-07-03 14:40:39,0.04,0.17,1.16,26.15,0.00,19.91,35.43,917.0479,-103,2.75,-103.0,2.75
4,2026-07-03 14:50:38,0.39,5.66,71.77,327.67,0.00,16.28,48.46,917.1374,-103,4.75,-103.0,4.75
3,2026-07-03 15:00:39,0.46,5.22,50.08,261.96,0.00,18.35,44.17,916.9390,-109,-2.25,-105.0,2.5
4,2026-07-03 15:00:39,0.87,18.66,230.52,327.67,0.00,13.15,59.32,917.4075,-105,2.50,-105.0,2.5
3,2026-07-03 16:50:39,0.18,0.55,4.09,60.23,0.00,14.55,63.55,918.6393,-109,-3.25,-104.0,2.75
4,2026-07-03 16:50:39,0.12,0.32,1.33,26.67,0.00,13.43,62.47,918.9755,-104,2.75,-104.0,2.75
3,2026-07-03 17:00:39,0.19,0.38,1.98,24.77,0.00,15.63,61.93,918.6836,-110,-3.50,-103.0,3.0
4,2026-07-03 17:00:39,0.14,0.36,1.77,28.00,0.00,14.07,60.44,919.0069,-103,3.00,-103.0,3.0
3,2026-07-03 17:30:39,0.20,0.37,1.43,32.61,0.00,19.60,48.70,918.6321,-109,-3.25,-103.0,2.5
4,2026-07-03 17:30:39,0.08,0.18,0.56,12.41,0.00,17.73,50.66,919.0280,-103,2.50,-103.0,2.5
3,2026-07-03 17:40:39,0.20,0.32,2.20,28.78,0.00,19.72,48.90,918.6178,-109,-2.75,-102.0,3.5
4,2026-07-03 17:40:39,0.07,0.21,0.67,10.92,0.00,17.43,50.19,919.0019,-102,3.50,-102.0,3.5
3,2026-07-03 18:30:39,0.17,0.46,3.19,29.89,0.00,13.59,65.15,918.4239,-109,-3.75,-101.0,5.0
4,2026-07-03 18:30:39,0.07,0.18,0.68,27.29,0.00,15.35,57.37,919.1085,-101,5.00,-101.0,5.0
3,2026-07-03 18:50:39,0.17,0.33,1.81,23.69,0.00,15.26,61.31,918.9450,-109,-2.00,-103.0,2.75
4,2026-07-03 18:50:39,0.11,0.35,2.28,42.87,0.00,13.54,56.81,919.3006,-103,2.75,-103.0,2.75
4,2026-07-03 19:40:38,0.13,0.43,1.80,43.10,0.00,13.11,62.66,919.6806,-104,3.50,-104.0,3.5
3,2026-07-03 20:00:39,0.17,0.48,2.29,28.64,0.00,13.53,68.77,919.3951,-110,-3.00,-103.0,2.75
4,2026-07-03 20:00:39,0.13,0.46,1.26,14.63,0.00,13.99,63.04,919.7601,-103,2.75,-103.0,2.75
3,2026-07-03 20:10:39,0.14,0.34,1.76,24.67,0.00,14.34,66.52,919.3142,-110,-3.00,-104.0,1.5
4,2026-07-03 20:10:39,0.11,0.40,2.11,34.88,0.00,13.90,64.80,919.6737,-104,1.50,-104.0,1.5
3,2026-07-03 20:20:39,0.15,0.34,1.21,20.85,0.00,16.54,59.59,919.3661,-111,-3.75,-102.0,2.75
4,2026-07-03 20:20:39,0.10,0.29,1.02,26.23,0.00,15.97,57.37,919.7242,-102,2.75,-102.0,2.75
3,2026-07-03 20:30:39,0.19,0.47,2.86,26.42,0.00,16.83,56.90,919.4511,-110,-3.50,-103.0,2.0
4,2026-07-03 20:30:39,0.10,0.31,0.86,32.20,0.00,16.98,54.27,919.8617,-103,2.00,-103.0,2.0
3,2026-07-03 20:40:39,0.19,0.44,2.05,27.78,0.00,16.15,58.49,919.5111,-109,-3.00,-102.0,3.75
4,2026-07-03 20:40:39,0.08,0.25,0.94,19.71,0.00,15.36,55.00,919.9508,-102,3.75,-102.0,3.75
3,2026-07-03 20:50:39,0.16,0.38,1.69,25.28,0.00,15.71,58.18,919.6281,-109,-2.75,-103.0,2.5
4,2026-07-03 20:50:39,0.10,0.31,1.39,38.04,0.00,14.18,60.27,920.0212,-103,2.50,-103.0,2.5
4,2026-07-03 21:00:38,0.12,0.34,1.28,26.49,0.00,13.25,65.13,920.1045,-104,3.00,-104.0,3.0
3,2026-07-03 21:10:39,0.13,0.28,0.79,8.81,0.00,14.98,60.18,919.8078,-109,-3.25,-103.0,2.0
4,2026-07-03 21:10:39,0.10,0.28,0.77,11.59,0.00,13.26,64.68,920.1882,-103,2.00,-103.0,2.0
3,2026-07-03 21:20:39,0.13,0.30,0.99,16.92,0.00,14.35,61.63,919.7930,-109,-3.00,-104.0,2.75
4,2026-07-03 21:20:39,0.09,0.23,1.38,33.18,0.00,14.02,61.17,920.2004,-104,2.75,-104.0,2.75
4,2026-07-03 21:40:38,0.08,0.23,0.92,17.43,0.00,14.32,60.39,920.2502,-104,3.50,-104.0,3.5
3,2026-07-03 21:50:39,0.15,0.33,3.06,106.02,0.00,13.37,64.48,920.0648,-109,-3.50,-102.0,3.0
4,2026-07-03 21:50:39,0.09,0.23,0.98,17.68,0.00,13.69,60.89,920.2770,-102,3.00,-102.0,3.0
4,2026-07-03 22:00:38,0.09,0.25,1.36,26.23,0.00,13.42,60.60,920.2875,-101,5.75,-101.0,5.75
4,2026-07-03 22:50:38,0.08,0.16,0.70,27.00,0.00,11.87,60.64,920.2690,-102,5.00,-102.0,5.0
4,2026-07-03 23:00:38,0.08,0.17,0.85,30.23,0.00,11.65,60.51,920.2817,-103,5.75,-103.0,5.75
3,2026-07-04 00:30:38,0.10,0.19,1.32,23.95,0.00,10.81,59.12,920.6646,-110,-3.00,-103.0,2.25
4,2026-07-04 00:30:38,0.07,0.15,0.35,9.48,0.00,11.30,56.54,920.8945,-103,2.25,-103.0,2.25
3,2026-07-04 01:00:39,0.10,0.18,0.92,24.63,0.00,11.00,58.05,920.9257,-109,-3.50,-104.0,2.25
4,2026-07-04 01:00:39,0.09,0.15,1.20,32.49,0.00,10.44,58.20,921.1198,-104,2.25,-104.0,2.25
3,2026-07-04 02:40:38,0.11,0.21,1.04,31.93,0.00,10.32,58.35,921.1626,-109,-1.75,-102.0,3.5
4,2026-07-04 02:40:38,0.14,0.50,4.12,52.05,0.00,9.65,58.97,921.3938,-102,3.50,-102.0,3.5
3,2026-07-04 04:20:38,0.09,0.18,1.15,19.86,0.00,9.74,59.98,921.8281,-110,-3.00,-103.0,2.75
4,2026-07-04 04:20:38,0.09,0.17,0.40,16.52,0.00,10.38,56.23,922.1210,-103,2.75,-103.0,2.75
3,2026-07-04 05:10:38,0.09,0.18,0.87,21.40,0.00,9.26,62.02,921.9393,-109,-3.75,-103.0,2.75
4,2026-07-04 05:10:38,0.10,0.22,0.65,9.27,0.00,9.91,58.28,922.1309,-103,2.75,-103.0,2.75
3,2026-07-04 05:30:38,0.10,0.17,1.21,18.51,0.00,9.48,61.11,922.0273,-109,-2.00,-103.0,2.0
4,2026-07-04 05:30:38,0.10,0.20,0.73,22.54,0.00,9.95,58.13,922.3205,-103,2.00,-103.0,2.0
3,2026-07-04 05:40:38,0.12,0.23,1.19,21.13,0.00,9.69,60.48,922.0236,-110,-2.25,-104.0,1.25
4,2026-07-04 05:40:38,0.11,0.21,0.64,21.99,0.00,10.01,58.22,922.2429,-104,1.25,-104.0,1.25
4,2026-07-04 05:50:38,0.14,0.37,1.53,28.65,0.00,9.75,58.79,922.2556,-103,5.00,-103.0,5.0
3,2026-07-04 06:10:38,0.10,0.17,0.61,17.54,0.00,9.05,62.86,922.1632,-109,-0.25,-104.0,2.25
4,2026-07-04 06:10:38,0.09,0.17,0.72,20.74,0.00,9.70,58.72,922.4817,-104,2.25,-104.0,2.25
3,2026-07-04 06:20:38,0.11,0.19,0.63,18.19,0.00,9.15,62.57,922.3706,-108,-0.50,-105.0,2.5
4,2026-07-04 06:20:38,0.11,0.26,0.49,6.62,0.00,9.53,60.26,922.5708,-105,2.50,-105.0,2.5
3,2026-07-04 06:30:38,0.11,0.21,0.77,15.54,0.00,10.35,58.69,922.2823,-109,-2.00,-104.0,3.25
4,2026-07-04 06:30:38,0.09,0.16,0.37,9.98,0.00,9.03,62.11,922.7923,-104,3.25,-104.0,3.25
3,2026-07-04 06:40:38,0.11,0.21,1.02,19.14,0.00,8.96,64.59,922.4942,-109,-2.00,-102.0,3.75
4,2026-07-04 06:40:38,0.13,0.25,0.90,16.92,0.00,9.84,58.58,922.7858,-102,3.75,-102.0,3.75
3,2026-07-04 06:50:38,0.10,0.20,0.70,18.53,0.00,9.52,61.83,922.5750,-109,-2.25,-103.0,2.0
4,2026-07-04 06:50:38,0.12,0.24,0.74,11.14,0.00,9.30,62.38,922.8464,-103,2.00,-103.0,2.0
3,2026-07-04 07:00:38,0.12,0.21,0.98,24.43,0.00,9.54,63.13,922.5681,-110,-3.75,-104.0,2.75
4,2026-07-04 07:00:38,0.10,0.18,0.49,10.60,0.00,8.91,62.87,922.9246,-104,2.75,-104.0,2.75
3,2026-07-04 07:10:38,0.11,0.20,0.58,20.37,0.00,9.49,62.76,922.7417,-109,-1.50,-102.0,3.5
4,2026-07-04 07:10:38,0.11,0.22,0.74,26.82,0.00,10.00,60.82,922.8856,-102,3.50,-102.0,3.5
3,2026-07-04 07:20:38,0.12,0.20,0.95,23.77,0.00,10.19,59.80,922.7952,-108,-0.75,-104.0,2.75
4,2026-07-04 07:20:38,0.10,0.20,0.35,5.54,0.00,10.57,57.67,923.1552,-104,2.75,-104.0,2.75
3,2026-07-04 07:50:38,0.11,0.21,0.96,22.54,0.00,10.53,59.30,923.2525,-109,-0.25,-104.0,3.0
4,2026-07-04 07:50:38,0.09,0.22,1.24,30.94,0.00,9.78,60.93,923.7250,-104,3.00,-104.0,3.0
3,2026-07-04 08:20:38,0.10,0.19,1.21,37.51,0.00,11.11,60.00,923.4612,-109,-1.25,-103.0,2.5
4,2026-07-04 08:20:38,0.10,0.23,0.45,12.14,0.00,10.53,57.94,923.9085,-103,2.50,-103.0,2.5
3,2026-07-04 08:30:38,0.12,0.21,0.99,20.76,0.00,11.17,59.17,923.5895,-109,-0.75,-102.0,3.5
4,2026-07-04 08:30:38,0.10,0.22,1.05,22.11,0.00,11.38,57.04,923.9698,-102,3.50,-102.0,3.5
3,2026-07-04 08:40:38,0.10,0.19,0.63,9.11,0.00,11.80,57.74,923.5882,-108,-1.00,-103.0,2.25
4,2026-07-04 08:40:38,0.09,0.19,0.71,22.10,0.00,11.40,55.69,923.9878,-103,2.25,-103.0,2.25
3,2026-07-04 09:50:38,0.15,0.23,0.87,22.93,0.00,12.86,54.84,923.8945,-109,-1.00,-103.0,3.5
4,2026-07-04 09:50:38,0.07,0.17,0.44,5.45,0.00,13.60,50.11,924.2696,-103,3.50,-103.0,3.5
3,2026-07-04 10:20:38,0.17,0.26,0.58,10.34,0.00,14.15,52.09,923.9922,-109,-3.00,-104.0,3.25
4,2026-07-04 10:20:38,0.08,0.17,1.09,24.55,0.00,13.55,50.15,924.4462,-104,3.25,-104.0,3.25
3,2026-07-04 10:30:38,0.17,0.25,1.21,19.34,0.00,15.52,48.96,924.0389,-109,-2.75,-102.0,3.25
4,2026-07-04 10:30:38,0.07,0.18,0.87,28.83,0.00,14.22,47.68,924.4619,-102,3.25,-102.0,3.25
3,2026-07-04 10:50:38,0.21,0.33,1.23,27.24,0.00,17.67,44.42,924.1241,-109,-1.00,-104.0,3.0
4,2026-07-04 10:50:38,0.06,0.13,0.61,26.73,0.00,14.92,45.60,924.4881,-104,3.00,-104.0,3.0
3,2026-07-04 11:00:38,0.23,0.31,1.68,27.90,0.00,16.52,46.66,924.1075,-109,-2.25,-103.0,2.0
4,2026-07-04 11:00:38,0.07,0.18,0.59,19.61,0.00,14.96,46.35,924.5234,-103,2.00,-103.0,2.0
3,2026-07-04 11:20:38,0.18,0.30,0.99,10.30,0.00,16.16,46.53,924.1783,-109,-1.75,-102.0,3.75
4,2026-07-04 11:20:38,0.06,0.15,0.68,26.24,0.00,15.65,46.22,924.6149,-102,3.75,-102.0,3.75
3,2026-07-04 11:30:38,0.17,0.26,1.46,24.12,0.00,15.72,48.88,924.2152,-109,-2.25,-103.0,3.5
4,2026-07-04 11:30:38,0.07,0.13,0.63,25.52,0.00,15.55,48.18,924.6066,-103,3.50,-103.0,3.5
3,2026-07-04 11:40:38,0.22,0.32,1.78,28.68,0.00,16.18,47.67,924.2491,-109,-2.00,-102.0,3.0
4,2026-07-04 11:40:38,0.08,0.18,1.44,34.33,0.00,14.95,49.56,924.6426,-102,3.00,-102.0,3.0
3,2026-07-04 11:50:38,0.19,0.26,1.43,24.25,0.00,17.10,45.56,924.2789,-109,-1.25,-102.0,3.25
4,2026-07-04 11:50:38,0.07,0.18,0.89,28.96,0.00,15.18,49.34,924.6925,-102,3.25,-102.0,3.25
3,2026-07-04 12:10:38,0.22,0.30,0.68,18.09,0.00,17.85,42.85,924.2349,-109,-2.75,-103.0,3.0
4,2026-07-04 12:10:38,0.07,0.16,2.22,34.89,0.00,14.63,49.64,924.6516,-103,3.00,-103.0,3.0
3,2026-07-04 12:50:38,0.19,0.26,1.39,24.69,0.00,20.08,40.14,924.2021,-108,-1.75,-104.0,2.75
4,2026-07-04 12:50:38,0.06,0.17,1.42,36.86,0.00,18.69,43.10,924.6437,-104,2.75,-104.0,2.75
3,2026-07-04 13:00:38,0.18,0.27,0.57,13.68,0.00,18.70,43.39,924.1481,-109,-1.25,-103.0,3.5
4,2026-07-04 13:00:38,0.07,0.18,1.27,23.12,0.00,18.84,40.86,924.5884,-103,3.50,-103.0,3.5
3,2026-07-04 13:10:38,0.18,0.26,0.67,9.78,0.00,18.40,45.25,924.1864,-108,-0.75,-104.0,3.25
4,2026-07-04 13:10:38,0.05,0.16,0.99,32.08,0.00,18.94,40.55,924.6002,-104,3.25,-104.0,3.25
3,2026-07-04 13:30:38,0.22,0.30,0.69,15.82,0.00,17.82,47.59,924.2127,-109,-1.50,-104.0,2.0
4,2026-07-04 13:30:38,0.05,0.13,0.63,23.25,0.00,19.57,39.29,924.6198,-104,2.00,-104.0,2.0
4,2026-07-04 13:40:38,0.05,0.15,0.60,15.02,0.00,19.54,39.69,924.5833,-104,4.25,-104.0,4.25
3,2026-07-04 13:50:38,0.18,0.31,0.80,15.04,0.00,17.96,45.64,924.2274,-110,-3.00,-102.0,1.75
4,2026-07-04 13:50:38,0.05,0.15,0.61,18.00,0.00,19.83,39.92,924.6055,-102,1.75,-102.0,1.75
3,2026-07-04 14:00:38,0.22,0.34,1.57,27.55,0.00,18.02,45.96,924.2208,-109,-2.25,-102.0,4.0
4,2026-07-04 14:00:38,0.05,0.13,0.60,26.91,0.00,20.76,37.26,924.6081,-102,4.00,-102.0,4.0
3,2026-07-04 14:10:38,0.18,0.27,1.13,24.49,0.00,20.21,41.96,924.1855,-109,-3.00,-103.0,4.0
4,2026-07-04 14:10:38,0.06,0.19,1.05,27.86,0.00,20.31,38.16,924.5899,-103,4.00,-103.0,4.0
3,2026-07-04 14:20:38,0.20,0.31,0.58,7.38,0.00,20.35,41.98,924.0628,-109,-2.50,-102.0,4.25
4,2026-07-04 14:20:38,0.06,0.19,0.59,12.06,0.00,21.08,35.80,924.4942,-102,4.25,-102.0,4.25
3,2026-07-04 14:30:38,0.20,0.27,0.50,9.38,0.00,19.38,43.96,923.9926,-109,-2.00,-102.0,4.25
4,2026-07-04 14:30:38,0.05,0.16,1.40,33.20,0.00,20.15,37.53,924.4327,-102,4.25,-102.0,4.25
3,2026-07-04 14:40:38,0.18,0.23,0.84,25.18,0.00,19.53,43.19,923.9182,-109,-1.75,-103.0,3.5
4,2026-07-04 14:40:38,0.04,0.15,0.90,32.46,0.00,21.67,35.30,924.4474,-103,3.50,-103.0,3.5
3,2026-07-04 14:50:38,0.20,0.30,0.91,23.68,0.00,19.34,43.15,923.8823,-109,-1.00,-103.0,3.25
4,2026-07-04 14:50:38,0.04,0.14,0.45,9.97,0.00,22.29,34.29,924.3728,-103,3.25,-103.0,3.25
3,2026-07-04 15:00:38,0.27,0.40,0.96,33.86,0.00,19.37,43.23,923.8896,-109,-1.75,-103.0,3.75
4,2026-07-04 15:00:38,0.05,0.13,0.79,18.25,0.00,21.20,35.03,924.2850,-103,3.75,-103.0,3.75
3,2026-07-04 15:10:38,0.24,0.32,0.79,17.30,0.00,21.83,39.32,923.8945,-110,-1.75,-103.0,3.5
4,2026-07-04 15:10:38,0.05,0.15,0.76,20.84,0.00,21.26,35.79,924.2743,-103,3.50,-103.0,3.5
3,2026-07-04 15:20:38,0.24,0.31,0.77,27.76,0.00,23.86,34.58,923.8547,-109,-2.25,-103.0,3.75
4,2026-07-04 15:20:38,0.05,0.14,0.40,10.39,0.00,22.03,34.87,924.2270,-103,3.75,-103.0,3.75
3,2026-07-04 15:30:38,0.28,0.37,1.07,22.63,0.00,23.76,35.20,923.7057,-109,-1.50,-104.0,2.25
4,2026-07-04 15:30:38,0.05,0.17,0.54,11.45,0.00,22.53,33.49,924.1493,-104,2.25,-104.0,2.25
3,2026-07-04 15:40:38,0.26,0.38,1.79,33.76,0.00,23.07,35.82,923.6320,-110,-2.00,-103.0,3.5
4,2026-07-04 15:40:38,0.05,0.11,0.88,22.86,0.00,22.15,34.45,924.0356,-103,3.50,-103.0,3.5
3,2026-07-04 15:50:38,0.31,0.41,1.63,28.44,0.00,24.74,32.47,923.5306,-109,-1.25,-103.0,3.75
4,2026-07-04 15:50:38,0.05,0.16,0.84,17.04,0.00,23.42,33.42,923.9533,-103,3.75,-103.0,3.75
3,2026-07-04 16:00:38,0.33,0.44,1.85,29.98,0.00,25.77,30.39,923.4576,-110,-2.25,-103.0,2.75
4,2026-07-04 16:00:38,0.05,0.14,0.97,22.17,0.00,24.76,31.45,923.8986,-103,2.75,-103.0,2.75
3,2026-07-04 16:10:38,0.36,0.48,2.01,29.49,0.00,26.38,30.81,923.3917,-110,-1.50,-105.0,2.5
4,2026-07-04 16:10:38,0.05,0.16,0.52,17.35,0.00,25.18,30.48,923.8583,-105,2.50,-105.0,2.5
3,2026-07-04 16:30:38,0.37,0.48,1.43,23.56,0.00,25.77,34.58,923.2783,-109,-0.50,-104.0,2.25
4,2026-07-04 16:30:38,0.06,0.16,0.58,11.34,0.00,26.04,29.15,923.7223,-104,2.25,-104.0,2.25
3,2026-07-04 16:40:38,0.33,0.44,1.18,17.81,0.00,24.46,36.21,923.1747,-109,-1.00,-104.0,2.5
4,2026-07-04 16:40:38,0.08,0.18,0.99,27.30,0.00,25.64,28.97,923.6832,-104,2.50,-104.0,2.5
3,2026-07-04 16:50:38,0.31,0.43,1.70,47.10,0.00,23.86,36.92,923.0418,-109,-2.00,-105.0,1.75
4,2026-07-04 16:50:38,0.08,0.16,0.65,22.34,0.00,25.21,28.96,923.6037,-105,1.75,-105.0,1.75
3,2026-07-04 17:00:38,0.36,0.51,1.11,22.57,0.00,22.98,37.52,923.0668,-109,-1.00,-103.0,3.5
4,2026-07-04 17:00:38,0.09,0.19,0.89,17.17,0.00,26.45,27.04,923.5358,-103,3.50,-103.0,3.5
3,2026-07-04 17:10:38,0.37,0.53,1.81,35.73,0.00,25.12,33.61,923.0385,-110,-1.00,-102.0,4.25
4,2026-07-04 17:10:38,0.09,0.16,0.42,18.96,0.00,26.31,27.35,923.4709,-102,4.25,-102.0,4.25
3,2026-07-04 17:20:38,0.37,0.46,1.02,24.49,0.00,26.11,32.39,923.0350,-109,-1.50,-102.0,2.25
4,2026-07-04 17:20:38,0.08,0.17,0.61,24.74,0.00,26.27,27.23,923.4272,-102,2.25,-102.0,2.25
3,2026-07-04 17:30:38,0.46,0.57,0.84,7.84,0.00,26.83,30.98,923.0003,-109,-0.75,-103.0,3.25
4,2026-07-04 17:30:38,0.08,0.18,0.47,10.59,0.00,27.23,26.03,923.3936,-103,3.25,-103.0,3.25
3,2026-07-04 17:40:38,0.44,0.53,1.00,11.72,0.00,27.54,29.88,922.9270,-110,-1.75,-104.0,2.25
4,2026-07-04 17:40:38,0.07,0.16,0.50,14.91,0.00,27.18,26.00,923.3475,-104,2.25,-104.0,2.25
3,2026-07-04 17:50:38,0.45,0.57,1.17,11.95,0.00,27.54,30.79,922.8374,-108,0.50,-105.0,1.0
4,2026-07-04 17:50:38,0.07,0.14,0.56,19.89,0.00,26.99,26.65,923.2907,-105,1.00,-105.0,1.0
3,2026-07-04 18:00:38,0.50,0.61,1.93,31.45,0.00,26.89,30.33,922.7703,-108,0.25,-103.0,0.5
4,2026-07-04 18:00:38,0.07,0.17,0.66,9.59,0.00,25.73,28.27,923.2480,-103,0.50,-103.0,0.5
3,2026-07-04 18:10:38,0.38,0.47,0.96,29.79,0.00,24.12,35.24,922.7016,-109,-0.75,-103.0,3.25
4,2026-07-04 18:10:38,0.06,0.13,0.52,15.48,0.00,25.55,31.33,923.2466,-103,3.25,-103.0,3.25
3,2026-07-04 18:30:38,0.29,0.37,1.61,23.54,0.00,23.22,37.11,922.6496,-109,-0.75,-100.0,5.0
4,2026-07-04 18:30:38,0.07,0.16,0.73,16.74,0.00,22.68,35.30,923.1486,-100,5.00,-100.0,5.0
3,2026-07-04 18:40:38,0.33,0.43,0.99,21.21,0.00,24.74,34.96,922.5930,-110,-1.75,-103.0,1.5
4,2026-07-04 18:40:38,0.07,0.16,0.68,18.26,0.00,23.35,33.65,923.0895,-103,1.50,-103.0,1.5
3,2026-07-04 19:00:38,0.35,0.46,0.86,9.43,0.00,25.39,32.69,922.4878,-109,-0.75,-103.0,3.5
4,2026-07-04 19:00:38,0.07,0.15,0.87,23.42,0.00,24.54,31.26,923.0332,-103,3.50,-103.0,3.5
3,2026-07-04 19:10:38,0.39,0.53,1.43,26.86,0.00,25.31,32.65,922.4325,-109,-1.75,-103.0,3.0
4,2026-07-04 19:10:38,0.06,0.14,0.44,23.74,0.00,25.15,29.84,923.0553,-103,3.00,-103.0,3.0
3,2026-07-04 19:20:38,0.41,0.48,0.84,10.64,0.00,25.55,32.41,922.4488,-109,-1.25,-103.0,3.0
4,2026-07-04 19:20:38,0.06,0.14,0.97,27.10,0.00,25.44,29.13,923.0256,-103,3.00,-103.0,3.0
3,2026-07-04 19:30:38,0.53,0.72,2.96,48.61,0.00,27.43,28.70,922.4620,-110,-3.50,-103.0,3.5
4,2026-07-04 19:30:38,0.06,0.17,0.73,22.67,0.00,25.55,27.82,923.0100,-103,3.50,-103.0,3.5
3,2026-07-04 19:40:38,0.43,0.82,4.20,32.22,0.00,23.58,33.98,922.2757,-109,-1.25,-105.0,1.5
4,2026-07-04 19:40:38,0.05,0.20,1.82,25.08,0.00,25.02,27.95,922.9119,-105,1.50,-105.0,1.5
3,2026-07-04 20:00:38,0.44,0.97,4.12,27.84,0.00,21.88,36.63,922.2073,-108,0.00,-104.0,2.25
4,2026-07-04 20:00:38,1.57,26.93,232.60,327.67,0.00,23.40,30.24,922.7512,-104,2.25,-104.0,2.25
3,2026-07-04 20:10:38,0.47,1.10,5.40,46.35,0.00,21.76,37.27,922.2001,-109,-1.00,-104.0,3.25
4,2026-07-04 20:10:38,0.76,11.05,74.18,327.67,0.00,22.52,31.08,922.7190,-104,3.25,-104.0,3.25
3,2026-07-04 20:30:38,0.35,0.95,3.65,43.46,0.00,20.62,39.37,922.1659,-109,-2.75,-103.0,2.25
4,2026-07-04 20:30:38,14.19,209.04,327.67,327.67,0.00,21.67,33.07,922.6207,-103,2.25,-103.0,2.25
3,2026-07-04 20:40:38,0.39,0.93,4.52,28.39,0.00,20.70,37.93,922.1198,-109,-3.25,-101.0,4.5
4,2026-07-04 20:40:38,9.22,128.99,327.67,327.67,0.00,21.55,33.03,922.5520,-101,4.50,-101.0,4.5
3,2026-07-04 20:50:38,0.35,0.93,5.47,28.33,0.00,20.32,38.62,922.1210,-110,-2.75,-102.0,3.25
4,2026-07-04 20:50:38,10.65,149.84,327.67,327.67,0.00,21.69,31.45,922.5750,-102,3.25,-102.0,3.25
3,2026-07-04 21:00:38,0.45,1.12,7.74,42.12,0.00,20.57,37.08,922.2042,-110,-3.50,-104.0,3.25
4,2026-07-04 21:00:38,6.11,81.57,327.67,327.67,0.00,20.64,32.90,922.6987,-104,3.25,-104.0,3.25
3,2026-07-04 21:10:38,0.44,0.97,4.77,36.92,0.00,19.49,39.58,922.1606,-110,-3.25,-103.0,3.25
4,2026-07-04 21:10:38,11.02,155.42,327.67,327.67,0.00,19.97,33.75,922.7532,-103,3.25,-103.0,3.25
4,2026-07-04 21:20:38,6.30,86.22,327.67,327.67,0.00,20.43,32.99,922.8847,-104,4.25,-104.0,4.25
3,2026-07-04 21:30:38,0.42,1.23,7.21,48.16,0.00,18.40,40.92,922.3110,-110,-3.75,-102.0,4.5
4,2026-07-04 21:30:38,3.19,43.31,261.97,327.67,0.00,19.88,33.78,922.9505,-102,4.50,-102.0,4.5
4,2026-07-04 21:50:38,10.45,145.73,327.67,327.67,0.00,16.81,38.57,923.0243,-105,3.75,-105.0,3.75
4,2026-07-04 22:00:38,8.29,116.70,327.67,327.67,0.00,16.07,39.79,923.0654,-104,4.25,-104.0,4.25
3,2026-07-04 22:10:38,0.25,0.74,4.96,47.89,0.00,17.64,39.43,922.5555,-109,-2.50,-103.0,2.0
4,2026-07-04 22:10:38,5.88,80.69,327.67,327.67,0.00,15.56,40.69,923.1306,-103,2.00,-103.0,2.0
4,2026-07-04 22:40:38,5.95,84.43,327.67,327.67,0.00,14.91,41.61,923.3046,-105,3.00,-105.0,3.0
4,2026-07-04 22:50:38,10.38,155.43,327.67,327.67,0.00,14.54,42.19,923.3240,-104,4.00,-104.0,4.0
3,2026-07-04 23:20:38,0.13,0.29,1.76,29.29,0.00,12.82,50.59,923.3188,-110,-3.75,-103.0,4.0
4,2026-07-04 23:20:38,12.72,199.10,327.67,327.67,0.00,13.45,45.40,923.6156,-103,4.00,-103.0,4.0
4,2026-07-04 23:30:38,12.91,206.03,327.67,327.67,0.00,13.25,45.98,923.7291,-104,3.00,-104.0,3.0
3,2026-07-05 00:10:38,0.11,0.25,1.50,20.97,0.00,12.29,50.66,923.6321,-109,-1.00,-103.0,3.0
4,2026-07-05 00:10:38,5.89,93.93,327.67,327.67,0.00,12.68,47.34,924.0563,-103,3.00,-103.0,3.0
3,2026-07-05 00:20:38,0.11,0.23,1.47,20.65,0.00,12.09,52.17,923.7874,-108,0.00,-103.0,4.0
4,2026-07-05 00:20:38,5.82,93.28,327.67,327.67,0.00,12.43,48.02,924.1134,-103,4.00,-103.0,4.0
3,2026-07-05 01:00:38,0.11,0.45,3.26,32.12,0.00,11.93,51.37,924.1861,-109,-2.75,-103.0,3.5
4,2026-07-05 01:00:38,1.96,30.81,187.16,327.67,0.00,11.85,49.30,924.6113,-103,3.50,-103.0,3.5
3,2026-07-05 01:30:38,0.12,0.32,1.99,32.16,0.00,10.77,55.41,924.4667,-110,-3.75,-104.0,2.25
4,2026-07-05 01:30:38,2.24,37.72,246.53,327.67,0.28,11.18,51.56,924.7476,-104,2.25,-104.0,2.25
3,2026-07-05 01:40:38,0.12,0.28,1.43,15.28,0.00,11.26,53.29,924.5110,-109,-2.75,-104.0,3.25
4,2026-07-05 01:40:38,0.72,9.80,58.62,327.67,0.94,11.24,51.25,924.8508,-104,3.25,-104.0,3.25
3,2026-07-05 02:10:38,0.11,0.25,1.96,33.91,0.00,11.73,51.28,924.5538,-109,-1.50,-104.0,3.0
4,2026-07-05 02:10:38,1.79,30.01,205.08,327.67,1.08,11.11,51.01,924.8590,-104,3.00,-104.0,3.0
3,2026-07-05 02:20:38,0.13,0.52,3.52,44.18,0.00,10.79,55.15,924.5806,-109,-1.75,-106.0,1.25
4,2026-07-05 02:20:38,2.96,50.73,327.67,327.67,28.74,11.03,50.92,924.9267,-106,1.25,-106.0,1.25
4,2026-07-05 02:30:38,3.15,57.93,327.67,327.67,36.93,10.66,52.46,924.9862,-105,3.25,-105.0,3.25
3,2026-07-05 03:00:38,0.12,0.24,1.02,18.57,0.00,10.92,53.74,924.9513,-109,-3.00,-105.0,1.75
4,2026-07-05 03:00:38,1.88,33.42,231.61,327.67,17.32,10.47,53.02,925.2219,-105,1.75,-105.0,1.75
3,2026-07-05 03:10:38,0.13,0.25,1.01,28.40,0.00,10.80,54.08,924.9748,-110,-2.75,-104.0,1.5
4,2026-07-05 03:10:38,2.18,37.90,247.30,327.67,2.97,10.33,53.08,925.3121,-104,1.50,-104.0,1.5
3,2026-07-05 03:30:38,0.12,0.23,1.15,20.32,0.00,10.55,55.41,925.1442,-110,-3.00,-103.0,3.25
4,2026-07-05 03:30:38,2.39,43.27,292.37,327.67,0.00,10.28,53.32,925.5367,-103,3.25,-103.0,3.25
3,2026-07-05 03:40:38,0.14,0.28,1.00,16.64,0.00,10.31,56.27,925.2186,-110,-2.75,-104.0,3.5
4,2026-07-05 03:40:38,1.26,21.36,143.73,327.67,0.00,10.31,53.54,925.5760,-104,3.50,-104.0,3.5
3,2026-07-05 05:00:38,0.14,0.27,1.21,25.50,0.00,10.41,55.44,925.2659,-108,-0.50,-105.0,2.25
4,2026-07-05 05:00:38,2.32,41.20,282.47,327.67,0.00,10.07,54.40,925.6531,-105,2.25,-105.0,2.25
3,2026-07-05 05:50:38,0.15,0.29,0.92,18.98,0.00,11.21,54.47,925.6778,-109,-3.00,-103.0,2.25
4,2026-07-05 05:50:38,0.31,3.88,24.01,264.84,0.00,10.95,52.49,925.9599,-103,2.25,-103.0,2.25
3,2026-07-05 06:10:38,0.21,0.35,0.80,10.91,0.00,12.23,51.02,925.6634,-109,-2.75,-103.0,2.75
4,2026-07-05 06:10:38,0.89,14.23,94.49,327.67,0.00,10.93,52.14,925.9565,-103,2.75,-103.0,2.75
3,2026-07-05 06:50:38,0.17,0.31,0.50,4.95,0.00,11.32,53.97,925.6555,-109,-2.25,-105.0,3.5
4,2026-07-05 06:50:38,0.59,8.42,57.55,327.67,0.00,10.29,54.60,925.9739,-105,3.50,-105.0,3.5
3,2026-07-05 07:30:38,0.19,0.31,1.21,23.90,0.00,12.61,51.02,925.4911,-109,-1.25,-103.0,4.0
4,2026-07-05 07:30:38,0.37,4.04,27.00,327.67,0.00,11.69,51.46,925.9367,-103,4.00,-103.0,4.0
3,2026-07-05 07:40:38,0.20,0.34,0.77,10.24,0.00,13.35,49.42,925.5356,-110,-3.25,-103.0,3.75
4,2026-07-05 07:40:38,0.50,6.42,34.64,327.67,0.00,12.38,49.99,925.9112,-103,3.75,-103.0,3.75
3,2026-07-05 07:50:38,0.28,0.44,1.13,32.81,0.00,13.99,47.88,925.5170,-109,-2.75,-103.0,1.75
4,2026-07-05 07:50:38,0.47,6.32,36.06,327.67,0.00,13.25,47.85,925.9314,-103,1.75,-103.0,1.75
3,2026-07-05 08:00:38,0.27,0.45,0.77,9.86,0.00,14.64,46.20,925.4537,-109,-2.25,-103.0,2.75
4,2026-07-05 08:00:38,0.47,5.88,33.06,327.67,0.00,13.51,46.72,925.9059,-103,2.75,-103.0,2.75
3,2026-07-05 08:10:38,0.25,0.41,1.60,32.37,0.00,13.90,48.70,925.4698,-109,-3.00,-103.0,3.5
4,2026-07-05 08:10:38,0.31,3.58,20.49,220.50,0.00,13.13,47.76,925.8909,-103,3.50,-103.0,3.5
3,2026-07-05 08:20:38,0.25,0.39,1.28,17.89,0.00,14.56,47.24,925.4704,-108,-2.25,-103.0,1.25
4,2026-07-05 08:20:38,0.13,0.50,1.98,29.10,0.00,13.97,46.16,925.9289,-103,1.25,-103.0,1.25
3,2026-07-05 08:30:38,0.23,0.39,1.27,23.95,0.00,14.58,47.64,925.5212,-108,-1.75,-104.0,2.5
4,2026-07-05 08:30:38,0.11,0.21,0.60,17.52,0.00,13.87,46.28,925.9529,-104,2.50,-104.0,2.5
3,2026-07-05 08:50:38,0.23,0.40,1.75,25.92,0.00,16.82,41.89,925.5693,-108,-0.50,-103.0,3.75
4,2026-07-05 08:50:38,0.09,0.22,0.97,23.31,0.00,16.18,40.93,926.0607,-103,3.75,-103.0,3.75
3,2026-07-05 09:10:38,0.30,0.47,1.80,33.14,0.00,17.12,41.00,925.4708,-108,-1.25,-103.0,3.25
4,2026-07-05 09:10:38,0.08,0.23,0.67,11.50,0.00,17.63,38.33,925.9852,-103,3.25,-103.0,3.25
3,2026-07-05 09:20:38,0.26,0.40,1.11,25.81,0.00,16.87,42.33,925.4425,-109,-0.50,-104.0,3.25
4,2026-07-05 09:20:38,0.09,0.20,0.97,21.87,0.00,17.40,38.88,925.8872,-104,3.25,-104.0,3.25
3,2026-07-05 09:30:38,0.31,0.47,1.06,29.35,0.00,16.69,42.36,925.3917,-109,-2.00,-104.0,2.0
4,2026-07-05 09:30:38,0.08,0.22,0.53,9.77,0.00,16.41,40.41,925.8344,-104,2.00,-104.0,2.0
3,2026-07-05 09:40:38,0.27,0.46,1.07,18.41,0.00,16.61,43.50,925.3259,-108,-0.75,-105.0,1.25
4,2026-07-05 09:40:38,0.09,0.22,0.66,26.35,0.00,16.13,40.58,925.7192,-105,1.25,-105.0,1.25
3,2026-07-05 09:50:38,0.25,0.42,1.78,26.71,0.00,17.04,41.81,925.2801,-108,-0.75,-104.0,2.0
4,2026-07-05 09:50:38,0.09,0.23,0.73,16.13,0.00,14.98,43.77,925.7100,-104,2.00,-104.0,2.0
3,2026-07-05 10:00:38,0.29,0.39,1.19,27.50,0.00,18.81,38.28,925.1618,-108,-2.00,-103.0,1.25
4,2026-07-05 10:00:38,0.08,0.21,0.64,24.17,0.00,15.77,42.03,925.7177,-103,1.25,-103.0,1.25
3,2026-07-05 10:10:38,0.30,0.44,1.52,30.51,0.00,19.28,37.61,925.2011,-108,-2.00,-104.0,1.75
4,2026-07-05 10:10:38,0.08,0.20,0.73,18.12,0.00,16.49,39.39,925.6412,-104,1.75,-104.0,1.75
3,2026-07-05 10:20:38,0.31,0.49,1.84,27.65,0.00,19.18,37.34,925.1926,-109,-2.00,-103.0,2.25
4,2026-07-05 10:20:38,0.08,0.17,0.71,26.22,0.00,17.49,38.40,925.6729,-103,2.25,-103.0,2.25
3,2026-07-05 10:40:38,0.29,0.46,1.80,27.94,0.00,19.26,37.09,925.1298,-108,-2.00,-104.0,2.0
4,2026-07-05 10:40:38,0.08,0.19,0.85,28.52,0.00,18.28,36.58,925.6306,-104,2.00,-104.0,2.0
3,2026-07-05 10:50:38,0.30,0.44,1.29,19.00,0.00,19.75,35.63,925.1412,-108,-1.00,-104.0,1.75
4,2026-07-05 10:50:38,0.07,0.16,0.87,25.95,0.00,19.11,35.22,925.6367,-104,1.75,-104.0,1.75
3,2026-07-05 11:10:38,0.24,0.36,1.18,21.65,0.00,20.48,34.37,925.1016,-108,-0.50,-104.0,3.25
4,2026-07-05 11:10:38,0.07,0.21,0.83,25.94,0.00,18.99,35.07,925.4998,-104,3.25,-104.0,3.25
3,2026-07-05 11:20:38,0.27,0.41,1.45,22.23,0.00,20.83,34.01,925.0367,-108,-0.75,-103.0,3.5
4,2026-07-05 11:20:38,0.06,0.16,0.41,14.57,0.00,18.02,36.71,925.5378,-103,3.50,-103.0,3.5
3,2026-07-05 11:30:38,0.28,0.39,0.96,20.21,0.00,20.81,35.21,924.9939,-108,-1.50,-104.0,2.5
4,2026-07-05 11:30:38,0.07,0.19,1.24,45.36,0.00,18.18,36.93,925.4697,-104,2.50,-104.0,2.5
3,2026-07-05 11:40:38,0.31,0.46,1.77,28.55,0.00,21.66,32.86,924.9407,-108,-1.25,-104.0,2.75
4,2026-07-05 11:40:38,0.06,0.17,1.14,27.15,0.00,18.28,36.54,925.4228,-104,2.75,-104.0,2.75
3,2026-07-05 11:50:38,0.29,0.44,1.65,30.97,0.00,21.85,33.53,924.8270,-108,-1.50,-103.0,2.5
4,2026-07-05 11:50:38,0.06,0.19,1.37,27.84,0.00,19.46,33.72,925.4125,-103,2.50,-103.0,2.5
3,2026-07-05 12:00:38,0.29,0.47,1.26,17.55,0.00,21.84,32.53,924.7897,-108,-0.50,-103.0,3.0
4,2026-07-05 12:00:38,0.06,0.19,0.89,9.82,0.00,20.43,32.34,925.3501,-103,3.00,-103.0,3.0
3,2026-07-05 12:10:38,0.31,0.45,1.32,29.68,0.00,22.93,31.68,924.8056,-108,-1.25,-104.0,2.25
4,2026-07-05 12:10:38,0.06,0.21,1.09,24.73,0.00,19.95,33.84,925.2804,-104,2.25,-104.0,2.25
3,2026-07-05 12:20:38,0.29,0.44,1.72,23.28,0.00,22.34,33.15,924.7446,-109,-0.50,-103.0,3.25
4,2026-07-05 12:20:38,0.06,0.18,0.94,26.53,0.00,19.20,34.55,925.2527,-103,3.25,-103.0,3.25
3,2026-07-05 12:30:38,0.23,0.36,1.12,15.39,0.00,21.72,33.47,924.7409,-107,0.50,-104.0,2.0
4,2026-07-05 12:30:38,0.06,0.20,0.75,16.21,0.00,19.29,34.41,925.1435,-104,2.00,-104.0,2.0
3,2026-07-05 13:10:38,0.23,0.31,0.68,21.85,0.00,20.49,36.51,924.6590,-109,-1.00,-105.0,1.5
4,2026-07-05 13:10:38,0.08,0.27,1.21,27.31,0.00,22.18,28.87,925.1504,-105,1.50,-105.0,1.5
3,2026-07-05 13:20:38,0.23,0.34,1.00,20.73,0.00,21.01,36.41,924.6123,-109,-2.25,-103.0,2.75
4,2026-07-05 13:20:38,0.06,0.14,0.69,16.58,0.00,23.38,27.63,925.1926,-103,2.75,-103.0,2.75
3,2026-07-05 13:30:38,0.28,0.41,6.83,327.67,0.00,21.09,36.39,924.5770,-109,-2.25,-104.0,2.25
4,2026-07-05 13:30:38,0.07,0.18,1.20,24.95,0.00,21.88,29.93,925.1161,-104,2.25,-104.0,2.25
3,2026-07-05 13:40:38,0.23,0.36,1.23,33.05,0.00,21.74,35.36,924.5121,-108,-1.50,-104.0,1.5
4,2026-07-05 13:40:38,0.06,0.19,1.37,27.83,0.00,23.02,28.88,925.1818,-104,1.50,-104.0,1.5
3,2026-07-05 13:50:38,0.20,0.31,0.92,17.75,0.00,21.18,35.51,924.5224,-108,-0.50,-104.0,2.25
4,2026-07-05 13:50:38,0.07,0.17,0.92,28.83,0.00,24.86,26.14,925.0705,-104,2.25,-104.0,2.25
3,2026-07-05 14:20:38,0.25,0.40,1.33,21.43,0.00,21.56,34.93,924.4597,-109,-1.25,-104.0,2.0
4,2026-07-05 14:20:38,0.06,0.15,0.56,22.43,0.00,23.09,28.09,925.0717,-104,2.00,-104.0,2.0
3,2026-07-05 14:30:38,0.27,0.38,1.20,22.88,0.00,22.06,33.10,924.4761,-109,-2.25,-103.0,1.25
4,2026-07-05 14:30:38,0.05,0.17,0.47,9.32,0.00,24.88,25.46,925.0316,-103,1.25,-103.0,1.25
3,2026-07-05 15:00:38,0.24,0.38,1.23,23.60,0.00,22.23,34.07,924.1374,-108,0.50,-104.0,1.75
4,2026-07-05 15:00:38,0.07,0.19,1.50,27.96,0.00,21.68,28.76,924.7588,-104,1.75,-104.0,1.75
3,2026-07-05 15:40:38,0.27,0.44,1.18,18.74,0.00,21.90,34.25,923.7525,-109,-1.75,-104.0,2.5
4,2026-07-05 15:40:38,0.06,0.17,0.82,24.71,0.00,25.87,24.34,924.3644,-104,2.50,-104.0,2.5
3,2026-07-05 15:50:38,0.23,0.36,1.44,20.61,0.00,21.07,34.02,923.7662,-109,-1.25,-104.0,2.5
4,2026-07-05 15:50:38,0.06,0.16,0.84,17.24,0.00,23.78,26.55,924.3146,-104,2.50,-104.0,2.5
3,2026-07-05 16:30:38,0.30,0.41,1.13,22.67,0.00,25.15,28.86,923.6632,-109,-1.50,-104.0,1.0
4,2026-07-05 16:30:38,0.06,0.17,0.54,10.88,0.00,24.34,25.33,924.1325,-104,1.00,-104.0,1.0
3,2026-07-05 16:50:38,0.34,0.49,1.72,28.71,0.00,27.25,25.26,923.6986,-109,-2.25,-105.0,1.0
4,2026-07-05 16:50:38,0.05,0.15,0.44,7.31,0.00,26.85,22.49,923.9943,-105,1.00,-105.0,1.0
3,2026-07-05 18:30:38,0.36,0.44,0.92,23.92,0.00,22.83,32.14,922.6473,-109,-2.50,-102.0,4.0
4,2026-07-05 18:30:38,12.02,143.10,327.67,327.67,0.00,24.22,25.02,923.0878,-102,4.00,-102.0,4.0
3,2026-07-05 18:40:38,0.35,0.43,0.64,9.44,0.00,23.47,30.13,922.6904,-108,-1.50,-104.0,2.0
4,2026-07-05 18:40:38,10.91,137.66,327.67,327.67,0.00,23.73,25.39,923.0286,-104,2.00,-104.0,2.0
3,2026-07-05 18:50:38,0.29,0.39,1.39,18.26,0.00,23.76,29.99,922.6281,-109,-1.25,-105.0,1.25
4,2026-07-05 18:50:38,5.00,58.25,273.59,327.67,0.00,24.04,24.24,923.0660,-105,1.25,-105.0,1.25
4,2026-07-05 19:00:38,4.22,51.57,247.39,327.67,0.00,23.69,25.66,923.0700,-104,3.50,-104.0,3.5
3,2026-07-05 19:10:38,0.39,0.51,1.51,24.84,0.00,22.60,31.95,922.4743,-110,-2.50,-104.0,2.5
4,2026-07-05 19:10:38,12.02,145.34,327.67,327.67,0.00,24.80,24.84,922.8295,-104,2.50,-104.0,2.5
4,2026-07-05 19:20:38,8.26,92.94,327.67,327.67,0.00,23.76,25.56,922.9273,-105,2.75,-105.0,2.75
3,2026-07-05 19:40:38,0.38,0.54,1.83,24.69,0.00,21.96,33.05,922.1772,-109,-2.75,-102.0,3.5
4,2026-07-05 19:40:38,15.35,193.65,327.67,327.67,0.00,23.23,27.06,922.6302,-102,3.50,-102.0,3.5
3,2026-07-05 20:00:38,0.40,0.57,1.97,22.10,0.00,20.12,35.35,922.1594,-110,-3.25,-104.0,0.5
4,2026-07-05 20:00:38,12.67,160.18,327.67,327.67,0.00,20.12,31.98,922.6115,-104,0.50,-104.0,0.5
3,2026-07-05 20:10:38,0.41,0.76,2.62,47.00,0.00,19.58,34.55,922.1942,-110,-3.50,-105.0,1.25
4,2026-07-05 20:10:38,10.85,132.55,327.67,327.67,0.00,19.62,31.61,922.6680,-105,1.25,-105.0,1.25
3,2026-07-05 20:20:38,0.36,0.70,2.39,23.07,0.00,19.08,35.10,922.2342,-110,-3.25,-104.0,3.25
4,2026-07-05 20:20:38,15.72,199.35,327.67,327.67,0.00,19.88,31.16,922.6644,-104,3.25,-104.0,3.25
3,2026-07-05 20:30:38,0.38,0.66,3.14,26.51,0.00,20.83,33.23,922.3600,-110,-2.75,-104.0,2.5
4,2026-07-05 20:30:38,14.77,181.38,327.67,327.67,0.45,20.94,29.40,922.7130,-104,2.50,-104.0,2.5
4,2026-07-05 21:20:38,11.09,130.18,327.67,327.67,1.85,20.98,29.92,922.8236,-103,3.75,-103.0,3.75
3,2026-07-05 21:30:38,0.50,0.64,1.21,13.54,0.00,18.68,38.63,922.4677,-109,-2.50,-103.0,1.5
4,2026-07-05 21:30:38,8.35,102.78,327.67,327.67,0.00,19.71,31.80,922.8136,-103,1.50,-103.0,1.5
4,2026-07-05 21:40:38,4.86,57.07,263.40,327.67,2.74,18.08,34.36,922.9444,-104,3.75,-104.0,3.75
4,2026-07-05 21:50:38,5.33,64.57,306.34,327.67,0.02,17.80,35.11,922.8688,-104,3.00,-104.0,3.0
3,2026-07-05 22:00:38,0.43,0.55,0.90,6.93,0.00,17.20,40.42,922.5315,-109,-1.75,-104.0,1.75
4,2026-07-05 22:00:38,3.71,42.56,202.57,327.67,0.14,17.44,35.16,922.9343,-104,1.75,-104.0,1.75
3,2026-07-05 22:10:38,0.46,0.58,1.12,14.37,0.00,16.93,40.26,922.6340,-110,-4.50,-103.0,3.75
4,2026-07-05 22:10:38,1.15,9.76,42.96,327.67,0.09,16.77,36.49,923.1044,-103,3.75,-103.0,3.75
3,2026-07-05 22:20:38,0.44,0.54,0.88,14.46,0.00,16.26,42.18,922.6856,-109,-2.25,-104.0,1.75
4,2026-07-05 22:20:38,2.91,33.20,159.72,327.67,0.00,17.16,35.60,923.0057,-104,1.75,-104.0,1.75
3,2026-07-05 22:30:38,0.43,0.50,0.94,25.11,0.00,16.05,42.67,922.6308,-109,-0.75,-104.0,1.75
4,2026-07-05 22:30:38,0.75,5.37,24.69,327.67,0.00,16.48,37.59,923.0791,-104,1.75,-104.0,1.75
3,2026-07-05 23:00:38,0.39,0.48,0.95,20.92,0.00,15.28,43.93,922.8537,-108,-2.25,-106.0,1.75
4,2026-07-05 23:00:38,0.31,0.39,0.84,20.65,0.00,16.09,38.40,923.2398,-106,1.75,-106.0,1.75
3,2026-07-05 23:10:38,0.38,0.47,0.73,7.50,0.00,15.14,44.11,922.8358,-109,-2.00,-105.0,1.75
4,2026-07-05 23:10:38,0.34,0.56,1.32,62.24,0.00,15.49,38.63,923.2365,-105,1.75,-105.0,1.75
3,2026-07-05 23:30:38,0.38,0.47,1.01,11.53,0.00,14.70,45.20,922.9376,-109,-1.75,-104.0,2.25
4,2026-07-05 23:30:38,0.37,0.46,1.00,35.23,0.00,15.42,40.19,923.4389,-104,2.25,-104.0,2.25
3,2026-07-05 23:40:38,0.39,0.50,1.12,19.75,0.00,14.38,46.03,923.0211,-108,-1.25,-104.0,2.25
4,2026-07-05 23:40:38,0.38,0.48,1.03,20.32,0.00,15.25,40.67,923.4613,-104,2.25,-104.0,2.25
3,2026-07-05 23:50:38,0.37,0.46,0.79,11.05,0.00,14.11,46.72,922.9776,-109,-2.25,-105.0,2.25
4,2026-07-05 23:50:38,0.37,0.51,1.54,20.84,0.90,15.07,41.77,923.4432,-105,2.25,-105.0,2.25
3,2026-07-06 00:00:38,0.36,0.46,0.92,16.13,0.00,13.88,46.38,922.9918,-109,-2.00,-104.0,1.75
4,2026-07-06 00:00:38,0.41,0.70,2.22,24.09,2.79,14.92,41.93,923.4204,-104,1.75,-104.0,1.75
3,2026-07-06 00:10:38,0.39,0.53,1.15,11.21,0.00,13.78,47.43,923.0473,-109,-1.50,-104.0,1.25
4,2026-07-06 00:10:38,0.41,0.88,2.83,27.08,0.00,13.90,44.77,923.5146,-104,1.25,-104.0,1.25
3,2026-07-06 00:20:38,0.37,0.48,1.04,14.22,0.00,13.48,48.04,923.1008,-109,-1.25,-104.0,1.0
4,2026-07-06 00:20:38,0.40,0.81,3.30,27.33,0.00,13.01,47.30,923.6735,-104,1.00,-104.0,1.0
3,2026-07-06 00:30:38,0.38,0.50,1.02,19.68,0.00,13.41,48.73,923.1193,-109,-2.25,-104.0,2.0
4,2026-07-06 00:30:38,0.42,0.80,2.55,34.04,0.00,13.02,48.00,923.6706,-104,2.00,-104.0,2.0
3,2026-07-06 00:40:38,0.40,0.56,1.95,29.75,0.00,13.33,49.14,923.2042,-109,-1.50,-104.0,2.5
4,2026-07-06 00:40:38,0.43,0.75,2.62,49.52,0.00,12.77,48.62,923.7268,-104,2.50,-104.0,2.5
3,2026-07-06 00:50:38,0.39,0.58,1.80,27.80,0.00,13.76,45.67,923.1340,-109,-2.50,-104.0,2.75
4,2026-07-06 00:50:38,0.40,0.66,1.72,29.97,0.00,12.70,49.28,923.6644,-104,2.75,-104.0,2.75
3,2026-07-06 01:00:38,0.41,0.60,1.84,28.44,0.00,14.02,44.68,923.0858,-109,-1.75,-104.0,2.5
4,2026-07-06 01:00:38,0.44,0.75,1.71,27.09,0.00,12.88,49.00,923.6051,-104,2.50,-104.0,2.5
3,2026-07-06 01:10:38,0.41,0.57,1.49,22.58,0.00,13.59,45.96,923.1031,-109,-2.00,-103.0,2.75
4,2026-07-06 01:10:38,0.42,0.67,1.95,27.38,0.00,12.56,48.95,923.5720,-103,2.75,-103.0,2.75
3,2026-07-06 01:40:38,0.43,0.73,1.90,29.48,0.00,12.75,49.08,923.4954,-109,-2.75,-103.0,0.25
4,2026-07-06 01:40:38,0.52,0.80,1.55,18.64,0.00,11.67,51.08,923.8895,-103,0.25,-103.0,0.25
3,2026-07-06 01:50:38,0.44,0.72,1.42,16.57,0.00,12.41,49.85,923.4929,-108,-2.75,-104.0,1.25
4,2026-07-06 01:50:38,0.49,0.71,1.65,26.18,0.00,11.38,52.66,923.9048,-104,1.25,-104.0,1.25
3,2026-07-06 02:00:38,0.47,0.78,2.05,22.63,0.00,12.14,50.73,923.5712,-109,-2.50,-103.0,3.25
4,2026-07-06 02:00:38,0.48,0.66,1.15,12.72,0.00,11.28,53.08,924.0121,-103,3.25,-103.0,3.25
3,2026-07-06 02:10:38,0.46,0.71,1.44,13.64,0.00,11.34,54.45,923.6325,-109,-2.50,-104.0,2.25
4,2026-07-06 02:10:38,0.49,0.71,2.22,28.19,0.00,11.27,53.17,924.0257,-104,2.25,-104.0,2.25
3,2026-07-06 02:20:38,0.47,0.81,2.30,22.87,0.00,10.91,53.58,923.6093,-109,-2.75,-104.0,2.5
4,2026-07-06 02:20:38,0.50,0.76,2.15,27.12,0.00,10.86,55.86,924.0212,-104,2.50,-104.0,2.5
3,2026-07-06 02:30:38,0.47,0.79,2.58,22.08,0.00,10.26,57.29,923.6589,-108,-2.25,-103.0,3.5
4,2026-07-06 02:30:38,0.53,0.84,2.24,34.40,0.00,10.38,57.23,924.0311,-103,3.50,-103.0,3.5
3,2026-07-06 02:40:38,0.52,0.84,1.78,18.33,0.00,10.21,56.92,923.6739,-108,-2.25,-103.0,1.5
4,2026-07-06 02:40:38,0.53,0.80,2.71,37.62,0.00,9.98,59.06,924.0870,-103,1.50,-103.0,1.5
3,2026-07-06 02:50:38,0.72,1.13,3.39,27.57,0.00,9.25,63.54,923.7032,-108,-1.75,-105.0,2.5
4,2026-07-06 02:50:38,0.51,0.71,1.62,15.68,0.00,9.73,58.28,924.0649,-105,2.50,-105.0,2.5
3,2026-07-06 03:00:38,0.67,1.07,2.88,29.01,0.00,8.93,65.00,923.7500,-108,-2.50,-105.0,2.25
4,2026-07-06 03:00:38,0.50,0.75,2.02,33.27,0.00,9.81,56.64,924.1244,-105,2.25,-105.0,2.25
3,2026-07-06 03:10:38,0.56,0.89,1.73,20.14,0.00,8.71,60.86,923.8133,-108,-2.25,-103.0,2.5
4,2026-07-06 03:10:38,0.57,0.90,2.50,24.40,0.00,9.54,59.32,924.1491,-103,2.50,-103.0,2.5
3,2026-07-06 03:20:38,0.62,0.94,1.52,10.58,0.00,8.08,60.38,923.7860,-108,-1.75,-103.0,3.25
4,2026-07-06 03:20:38,0.65,1.06,2.57,29.43,0.00,9.30,62.32,924.2153,-103,3.25,-103.0,3.25
3,2026-07-06 03:30:38,0.76,1.15,2.46,24.37,0.00,7.60,64.72,923.8172,-108,-1.25,-104.0,2.25
4,2026-07-06 03:30:38,0.54,0.83,2.06,18.85,0.00,8.94,60.74,924.2757,-104,2.25,-104.0,2.25
3,2026-07-06 03:40:38,0.63,0.95,2.45,23.08,0.00,7.79,64.05,923.8534,-108,-2.00,-103.0,2.25
4,2026-07-06 03:40:38,0.55,0.83,1.90,19.92,0.00,9.46,58.89,924.2119,-103,2.25,-103.0,2.25
3,2026-07-06 03:50:38,0.62,0.95,1.69,19.39,0.00,8.17,63.67,923.8712,-109,-1.50,-104.0,3.5
4,2026-07-06 03:50:38,0.67,1.00,2.50,21.52,0.00,9.54,61.44,924.2620,-104,3.50,-104.0,3.5
3,2026-07-06 04:00:38,0.73,1.15,2.70,24.46,0.00,8.49,66.35,923.8731,-108,-2.00,-103.0,3.25
4,2026-07-06 04:00:38,0.63,0.92,2.38,36.75,0.00,9.09,63.00,924.2223,-103,3.25,-103.0,3.25
3,2026-07-06 04:10:38,0.65,1.01,3.41,24.77,0.00,8.50,63.89,923.8357,-108,-1.75,-103.0,1.25
4,2026-07-06 04:10:38,0.70,1.03,2.40,46.88,0.00,8.83,64.70,924.2013,-103,1.25,-103.0,1.25
3,2026-07-06 04:30:38,0.59,0.85,1.50,9.35,0.00,8.22,62.75,923.7245,-108,-2.50,-104.0,1.0
4,2026-07-06 04:30:38,0.77,1.14,2.82,32.40,0.00,8.62,65.57,924.0998,-104,1.00,-104.0,1.0
3,2026-07-06 04:40:38,0.64,0.94,1.65,20.31,0.00,7.96,64.06,923.7118,-108,-2.00,-103.0,0.5
4,2026-07-06 04:40:38,0.65,0.93,1.62,23.11,0.00,8.93,64.40,924.0748,-103,0.50,-103.0,0.5
3,2026-07-06 04:50:38,0.82,1.21,2.19,22.12,0.00,8.23,68.78,923.7362,-108,-2.25,-103.0,3.25
4,2026-07-06 04:50:38,0.80,1.10,2.34,27.67,0.00,8.29,65.83,924.0798,-103,3.25,-103.0,3.25
3,2026-07-06 05:00:38,0.65,0.98,2.30,25.23,0.00,7.99,65.19,923.7157,-108,-2.50,-102.0,3.75
4,2026-07-06 05:00:38,0.71,1.04,2.47,34.02,0.00,8.34,65.35,924.0777,-102,3.75,-102.0,3.75
3,2026-07-06 05:10:38,0.64,0.93,1.86,22.64,0.00,8.11,66.68,923.7876,-108,-2.50,-104.0,2.0
4,2026-07-06 05:10:38,0.68,0.98,1.89,23.36,0.00,8.64,64.94,924.1895,-104,2.00,-104.0,2.0
3,2026-07-06 05:30:38,0.63,0.93,2.61,27.73,0.00,8.69,64.17,923.8111,-109,-2.75,-103.0,2.75
4,2026-07-06 05:30:38,0.76,1.12,2.10,23.91,0.00,8.98,65.40,924.1895,-103,2.75,-103.0,2.75
3,2026-07-06 05:40:38,0.60,0.90,1.87,25.53,0.00,8.90,62.59,923.6845,-108,-2.50,-102.0,3.75
4,2026-07-06 05:40:38,0.69,1.00,2.38,25.56,0.00,9.19,64.98,924.1250,-102,3.75,-102.0,3.75
3,2026-07-06 05:50:38,0.80,1.18,2.01,18.55,0.00,8.67,66.80,923.7090,-108,-2.25,-103.0,3.5
4,2026-07-06 05:50:38,0.68,1.03,1.76,19.47,0.00,9.18,64.56,924.0654,-103,3.50,-103.0,3.5
3,2026-07-06 06:10:38,0.67,1.01,1.68,20.68,0.00,9.68,64.50,923.5506,-109,-2.75,-104.0,3.25
4,2026-07-06 06:10:38,0.83,1.13,1.87,23.93,0.00,9.34,67.05,923.9851,-104,3.25,-104.0,3.25
3,2026-07-06 06:20:38,0.67,0.99,1.64,19.40,0.00,9.92,64.18,923.6162,-109,-2.75,-103.0,3.25
4,2026-07-06 06:20:38,0.70,0.98,2.14,23.25,0.00,9.75,65.91,924.0119,-103,3.25,-103.0,3.25
3,2026-07-06 06:30:38,0.68,0.99,1.63,10.89,0.00,10.02,64.09,923.7032,-109,-2.75,-103.0,3.25
4,2026-07-06 06:30:38,0.67,1.00,1.97,26.24,0.00,10.04,65.12,924.0504,-103,3.25,-103.0,3.25
3,2026-07-06 06:40:38,0.64,0.92,1.60,22.02,0.00,10.04,63.19,923.7377,-109,-2.75,-103.0,3.75
4,2026-07-06 06:40:38,0.64,0.89,2.33,28.10,0.00,10.39,64.83,924.0840,-103,3.75,-103.0,3.75
3,2026-07-06 06:50:38,0.64,0.96,1.84,18.65,0.00,10.56,63.10,923.7538,-109,-3.00,-103.0,3.5
4,2026-07-06 06:50:38,0.62,0.91,2.14,21.69,0.00,10.55,64.47,924.1076,-103,3.50,-103.0,3.5
3,2026-07-06 07:00:38,0.74,1.12,2.23,21.60,0.00,10.68,65.74,923.7707,-109,-3.25,-103.0,3.25
4,2026-07-06 07:00:38,0.81,1.16,2.63,27.56,0.00,10.14,67.42,924.1192,-103,3.25,-103.0,3.25
3,2026-07-06 07:10:38,0.74,1.06,2.00,19.93,0.00,11.01,65.91,923.7415,-108,-2.75,-103.0,3.0
4,2026-07-06 07:10:38,0.73,1.07,2.11,25.73,0.00,9.93,66.72,924.1012,-103,3.00,-103.0,3.0
3,2026-07-06 07:20:38,0.67,0.96,1.89,14.52,0.00,11.68,63.35,923.6723,-108,-3.00,-104.0,3.0
4,2026-07-06 07:20:38,0.60,0.82,2.04,35.15,0.00,10.70,63.39,924.0689,-104,3.00,-104.0,3.0
3,2026-07-06 07:30:38,0.65,0.95,2.16,22.03,0.00,11.86,62.52,923.5761,-109,-2.75,-103.0,1.75
4,2026-07-06 07:30:38,0.54,0.76,1.52,24.62,0.00,11.40,59.75,923.9715,-103,1.75,-103.0,1.75
3,2026-07-06 07:40:38,0.62,0.94,2.72,37.80,0.00,11.99,61.28,923.4937,-108,-3.00,-103.0,1.75
4,2026-07-06 07:40:38,0.55,0.74,1.03,10.23,0.00,11.64,58.51,923.9115,-103,1.75,-103.0,1.75
3,2026-07-06 07:50:38,0.58,0.83,1.75,18.28,0.00,12.14,60.27,923.4088,-109,-3.00,-103.0,3.0
4,2026-07-06 07:50:38,0.53,0.76,1.51,20.81,0.00,12.05,55.98,923.7905,-103,3.00,-103.0,3.0
3,2026-07-06 08:00:38,0.57,0.83,1.77,24.14,0.00,12.49,58.94,923.3665,-109,-3.00,-102.0,3.75
4,2026-07-06 08:00:38,0.59,0.84,1.56,20.03,0.00,11.96,56.61,923.7461,-102,3.75,-102.0,3.75
3,2026-07-06 08:10:38,0.52,0.81,2.16,22.43,0.00,13.07,55.62,923.3228,-108,-4.25,-102.0,3.0
4,2026-07-06 08:10:38,0.55,0.80,1.74,28.59,0.00,12.11,55.91,923.7220,-102,3.00,-102.0,3.0
3,2026-07-06 08:20:38,0.53,0.83,1.45,11.00,0.00,13.52,53.00,923.2626,-108,-2.75,-102.0,3.5
4,2026-07-06 08:20:38,0.57,0.89,2.58,31.98,0.00,12.85,53.56,923.7032,-102,3.50,-102.0,3.5
3,2026-07-06 08:30:38,0.52,0.75,1.85,22.38,0.00,13.50,53.00,923.1976,-109,-3.25,-103.0,2.25
4,2026-07-06 08:30:38,0.62,0.87,1.65,27.33,0.00,12.82,56.06,923.6580,-103,2.25,-103.0,2.25
3,2026-07-06 08:40:38,0.56,0.88,2.11,22.79,0.00,13.43,54.29,923.1370,-109,-2.50,-102.0,4.5
4,2026-07-06 08:40:38,0.61,0.88,1.71,26.92,0.00,12.45,58.16,923.6044,-102,4.50,-102.0,4.5
3,2026-07-06 08:50:38,0.58,0.84,2.15,17.82,0.00,12.71,59.39,923.1721,-109,-2.50,-102.0,4.25
4,2026-07-06 08:50:38,0.62,0.91,1.83,30.15,0.00,12.28,58.51,923.5869,-102,4.25,-102.0,4.25
3,2026-07-06 09:00:38,0.58,0.85,1.66,25.92,0.00,12.82,59.58,923.1617,-109,-2.25,-102.0,4.25
4,2026-07-06 09:00:38,0.61,0.90,2.33,31.35,0.00,12.41,56.28,923.5642,-102,4.25,-102.0,4.25
3,2026-07-06 09:10:38,0.54,0.75,1.57,13.80,0.00,13.06,57.33,923.0892,-109,-2.50,-102.0,4.0
4,2026-07-06 09:10:38,0.54,0.77,1.44,16.78,0.00,12.47,55.47,923.5213,-102,4.00,-102.0,4.0
3,2026-07-06 09:20:38,0.53,0.72,1.63,21.43,0.00,12.93,57.81,923.0004,-108,-2.00,-102.0,2.75
4,2026-07-06 09:20:38,0.54,0.79,2.02,24.23,0.00,12.73,55.14,923.4232,-102,2.75,-102.0,2.75
3,2026-07-06 09:30:38,0.53,0.78,1.69,13.80,0.00,12.94,58.15,922.9470,-109,-2.50,-101.0,4.25
4,2026-07-06 09:30:38,0.55,0.79,1.39,28.45,0.00,12.89,53.37,923.3830,-101,4.25,-101.0,4.25
3,2026-07-06 09:40:38,0.53,0.79,1.49,13.80,0.00,12.78,58.00,922.9312,-109,-3.00,-102.0,3.5
4,2026-07-06 09:40:38,0.55,0.91,2.50,30.36,0.00,12.60,54.71,923.3606,-102,3.50,-102.0,3.5
3,2026-07-06 09:50:38,0.53,0.80,1.49,13.15,0.00,12.94,57.98,922.9008,-109,-2.50,-102.0,4.0
4,2026-07-06 09:50:38,0.58,0.83,1.87,26.84,0.00,12.82,54.02,923.2913,-102,4.00,-102.0,4.0
3,2026-07-06 10:00:38,0.48,0.69,1.36,19.33,0.00,13.02,56.29,922.8196,-109,-2.00,-102.0,4.0
4,2026-07-06 10:00:38,0.55,0.84,2.18,27.32,0.00,12.89,54.24,923.2381,-102,4.00,-102.0,4.0
3,2026-07-06 10:10:38,0.49,0.75,2.22,24.37,0.00,13.55,54.78,922.7896,-109,-2.50,-102.0,4.0
4,2026-07-06 10:10:38,0.52,0.74,1.50,19.42,0.00,13.17,54.45,923.2047,-102,4.00,-102.0,4.0
3,2026-07-06 10:20:38,0.51,0.74,1.90,44.27,0.00,13.88,54.30,922.7490,-109,-1.75,-102.0,3.25
4,2026-07-06 10:20:38,0.43,0.71,2.64,185.36,0.00,13.49,53.18,923.1468,-102,3.25,-102.0,3.25
3,2026-07-06 10:30:38,0.48,0.67,1.67,22.88,0.00,14.31,53.70,922.6479,-109,-2.00,-101.0,4.0
4,2026-07-06 10:30:38,0.38,0.57,1.50,23.91,0.00,13.94,50.38,922.9902,-101,4.00,-101.0,4.0
3,2026-07-06 10:40:38,0.45,0.64,1.49,18.20,0.00,14.52,53.98,922.5610,-108,-1.50,-102.0,4.5
4,2026-07-06 10:40:38,0.42,0.60,1.58,27.47,0.00,13.54,52.13,922.9792,-102,4.50,-102.0,4.5
3,2026-07-06 10:50:38,0.42,0.61,1.28,20.89,0.00,14.17,55.02,922.5154,-108,-1.75,-102.0,4.25
4,2026-07-06 10:50:38,0.35,0.58,2.35,31.53,0.00,13.63,51.41,922.9058,-102,4.25,-102.0,4.25
3,2026-07-06 11:00:38,0.40,0.57,1.15,13.59,0.00,14.23,53.86,922.4421,-109,-2.25,-102.0,4.25
4,2026-07-06 11:00:38,0.34,0.49,1.05,14.07,0.00,13.96,50.34,922.8286,-102,4.25,-102.0,4.25
3,2026-07-06 11:10:38,0.43,0.61,1.11,14.67,0.00,14.73,52.08,922.2974,-109,-2.75,-102.0,3.75
4,2026-07-06 11:10:38,0.36,0.59,1.37,15.88,0.00,14.56,50.36,922.6747,-102,3.75,-102.0,3.75
3,2026-07-06 11:20:38,0.40,0.55,1.42,26.28,0.00,14.71,52.93,922.1135,-109,-3.00,-102.0,4.25
4,2026-07-06 11:20:38,0.36,0.54,1.70,29.50,0.00,14.56,50.41,922.5041,-102,4.25,-102.0,4.25
3,2026-07-06 11:30:38,0.37,0.56,1.11,10.40,0.00,14.97,52.10,921.9674,-109,-2.50,-103.0,2.75
4,2026-07-06 11:30:38,0.33,0.49,1.01,10.97,0.00,14.82,49.49,922.4038,-103,2.75,-103.0,2.75
3,2026-07-06 11:40:38,0.41,0.57,1.57,19.36,0.00,14.53,54.35,921.9782,-109,-2.50,-102.0,3.25
4,2026-07-06 11:40:38,0.33,0.45,1.19,23.14,0.00,14.87,49.39,922.3650,-102,3.25,-102.0,3.25
4,2026-07-06 11:50:37,0.33,0.48,1.28,27.60,0.00,14.90,49.94,922.4044,-103,4.75,-103.0,4.75
3,2026-07-06 12:00:38,0.48,0.78,2.21,21.54,0.00,13.40,63.65,922.0454,-109,-1.75,-103.0,2.25
4,2026-07-06 12:00:38,0.36,0.59,1.73,27.20,0.00,14.38,55.18,922.3715,-103,2.25,-103.0,2.25
3,2026-07-06 12:10:38,0.41,0.63,1.49,22.08,0.00,13.79,61.95,921.9957,-108,-1.75,-102.0,3.5
4,2026-07-06 12:10:38,0.35,0.52,1.17,22.81,0.00,13.41,58.83,922.3067,-102,3.50,-102.0,3.5
3,2026-07-06 12:20:38,0.38,0.56,1.45,22.64,0.00,13.83,61.30,921.9835,-108,-2.00,-104.0,3.75
4,2026-07-06 12:20:38,0.33,0.50,1.51,27.60,0.00,13.05,59.94,922.3029,-104,3.75,-104.0,3.75
3,2026-07-06 12:50:38,0.40,0.61,0.91,9.03,0.00,13.63,62.87,922.1572,-108,-1.75,-104.0,3.25
4,2026-07-06 12:50:38,0.35,0.53,2.09,53.64,0.00,12.96,60.74,922.5681,-104,3.25,-104.0,3.25
3,2026-07-06 13:10:38,0.40,0.62,1.46,22.60,0.00,14.48,60.62,922.1487,-108,-1.75,-103.0,1.75
4,2026-07-06 13:10:38,0.36,0.54,0.97,26.32,0.00,13.04,60.61,922.4952,-103,1.75,-103.0,1.75
3,2026-07-06 13:20:38,0.47,0.69,1.60,22.09,0.00,14.35,61.22,922.0916,-108,-1.50,-103.0,1.5
4,2026-07-06 13:20:38,0.39,0.58,1.19,11.53,0.00,12.84,62.02,922.4436,-103,1.50,-103.0,1.5
3,2026-07-06 13:30:38,0.45,0.65,1.49,19.20,0.00,14.06,61.95,922.0368,-108,-1.75,-103.0,2.25
4,2026-07-06 13:30:38,0.38,0.56,1.06,11.10,0.00,12.78,62.36,922.4240,-103,2.25,-103.0,2.25
3,2026-07-06 13:50:38,0.45,0.69,1.79,21.96,0.00,14.05,62.60,921.8778,-108,-2.25,-103.0,2.25
4,2026-07-06 13:50:38,0.39,0.53,0.71,6.10,0.00,12.98,61.98,922.2224,-103,2.25,-103.0,2.25
3,2026-07-06 14:00:38,0.43,0.65,1.47,19.39,0.00,14.07,62.94,921.8397,-108,-1.50,-102.0,2.75
4,2026-07-06 14:00:38,0.37,0.56,1.83,28.18,0.00,12.72,62.86,922.1846,-102,2.75,-102.0,2.75
3,2026-07-06 14:30:38,0.45,0.71,2.01,40.99,0.00,13.88,64.44,921.8271,-108,-2.50,-102.0,2.5
4,2026-07-06 14:30:38,0.37,0.54,1.70,29.55,0.00,12.54,65.07,922.2072,-102,2.50,-102.0,2.5
4,2026-07-06 14:40:37,0.38,0.56,0.91,10.21,0.00,12.67,64.36,922.0842,-101,5.25,-101.0,5.25
4,2026-07-06 15:10:37,0.47,0.71,2.57,65.56,0.00,12.26,68.11,922.0985,-102,4.25,-102.0,4.25
4,2026-07-06 15:20:37,0.48,0.71,1.64,25.61,0.00,12.33,67.80,922.1076,-101,4.50,-101.0,4.5
4,2026-07-06 15:30:37,0.52,0.77,1.91,59.08,0.00,12.35,68.12,922.0062,-101,5.50,-101.0,5.5
4,2026-07-06 15:40:37,0.53,0.83,3.30,29.68,0.00,12.16,69.41,922.0088,-102,4.75,-102.0,4.75
4,2026-07-06 15:50:37,0.54,0.83,2.45,32.17,0.00,12.17,69.49,922.0193,-101,6.75,-101.0,6.75
3,2026-07-06 16:10:38,0.56,1.00,3.81,28.11,0.00,13.19,69.64,921.5330,-111,-3.00,-101.0,3.5
4,2026-07-06 16:10:38,0.54,0.85,4.73,75.81,0.00,12.43,69.17,921.8863,-101,3.50,-101.0,3.5
3,2026-07-06 16:20:37,0.53,0.92,2.79,31.54,0.00,13.07,70.31,921.4485,-110,-2.25,-101.0,4.25
4,2026-07-06 16:20:37,0.51,0.81,2.82,51.75,0.00,12.19,69.73,921.8182,-101,4.25,-101.0,4.25
3,2026-07-06 16:30:38,0.55,0.90,2.31,48.13,0.00,13.30,68.86,921.4172,-111,-2.75,-100.0,3.25
4,2026-07-06 16:30:38,0.56,0.90,6.64,62.46,0.00,12.16,71.03,921.7989,-100,3.25,-100.0,3.25
3,2026-07-06 17:00:38,0.59,1.02,3.03,31.74,0.00,13.92,68.69,921.2241,-110,-0.50,-100.0,5.5
4,2026-07-06 17:00:38,0.43,0.67,3.06,59.23,0.00,12.28,70.56,921.5536,-100,5.50,-100.0,5.5
3,2026-07-06 17:10:38,0.54,0.91,2.21,25.22,0.00,13.76,68.95,921.0650,-109,-0.75,-100.0,5.25
4,2026-07-06 17:10:38,0.41,0.65,2.65,53.78,0.00,12.02,70.98,921.4375,-100,5.25,-100.0,5.25
3,2026-07-06 17:20:38,0.55,0.91,2.42,30.79,0.00,13.46,69.66,920.8315,-110,-1.00,-101.0,4.25
4,2026-07-06 17:20:38,0.55,0.94,3.10,59.07,0.00,11.59,73.62,921.1976,-101,4.25,-101.0,4.25
3,2026-07-06 17:30:38,0.60,0.96,2.74,26.63,0.00,13.25,70.83,920.7210,-110,-1.75,-101.0,3.75
4,2026-07-06 17:30:38,0.63,1.08,3.02,51.74,0.00,11.71,74.10,921.1007,-101,3.75,-101.0,3.75
3,2026-07-06 17:40:38,0.57,0.90,2.73,26.57,0.00,13.43,70.49,920.6650,-110,-1.75,-101.0,4.25
4,2026-07-06 17:40:38,0.52,0.95,4.40,102.65,0.00,12.35,73.40,921.1128,-101,4.25,-101.0,4.25
3,2026-07-06 17:50:38,0.67,1.20,4.55,54.30,0.00,13.84,69.43,920.6023,-109,0.00,-100.0,2.75
4,2026-07-06 17:50:38,0.47,0.83,3.79,74.87,0.00,12.62,71.28,921.0632,-100,2.75,-100.0,2.75
3,2026-07-06 18:00:37,0.50,0.91,3.41,24.09,0.00,13.63,69.89,920.5580,-110,-1.50,-101.0,4.25
4,2026-07-06 18:00:37,0.72,1.16,3.99,44.34,0.00,12.55,70.22,920.9478,-101,4.25,-101.0,4.25
3,2026-07-06 18:10:37,0.50,0.93,3.41,23.07,0.00,13.16,71.77,920.5712,-110,-2.50,-100.0,3.75
4,2026-07-06 18:10:37,0.63,0.99,4.50,83.68,0.00,11.76,72.89,920.9787,-100,3.75,-100.0,3.75
4,2026-07-06 18:20:37,0.66,1.06,5.95,110.84,0.00,11.61,73.25,921.0133,-100,5.25,-100.0,5.25
4,2026-07-06 18:30:37,0.69,1.11,4.63,92.72,0.00,11.34,73.92,920.9516,-100,5.25,-100.0,5.25
4,2026-07-06 18:40:37,0.64,1.26,5.97,327.67,0.00,11.50,73.74,920.8567,-100,5.25,-100.0,5.25
4,2026-07-06 18:50:37,0.68,1.18,3.80,58.25,0.00,11.07,75.60,920.7745,-102,5.00,-102.0,5.0
4,2026-07-06 19:00:37,0.69,1.04,2.36,31.21,0.00,10.77,77.29,920.6572,-102,5.25,-102.0,5.25
4,2026-07-06 19:10:37,0.55,0.89,9.05,327.67,0.00,11.11,76.39,920.5874,-101,5.00,-101.0,5.0
4,2026-07-06 19:30:37,0.65,1.00,2.33,29.84,0.00,11.42,74.79,920.4497,-101,5.00,-101.0,5.0
4,2026-07-06 19:40:37,0.71,1.14,3.92,40.68,0.00,11.40,75.24,920.2986,-101,5.00,-101.0,5.0
4,2026-07-06 19:50:37,0.93,1.43,4.49,67.85,0.00,11.54,73.99,920.3100,-101,4.25,-101.0,4.25
4,2026-07-06 20:00:37,0.82,1.15,1.87,32.12,0.00,11.25,75.33,920.2266,-101,5.75,-101.0,5.75
4,2026-07-06 20:10:37,1.03,1.63,5.24,86.88,0.00,11.07,75.91,920.2054,-101,4.75,-101.0,4.75
4,2026-07-06 20:30:37,1.00,1.59,4.32,35.03,0.00,11.23,75.91,919.9669,-101,4.75,-101.0,4.75
3,2026-07-06 21:00:37,1.35,2.50,6.50,111.63,0.00,12.17,74.83,919.2875,-111,-3.00,-100.0,4.25
4,2026-07-06 21:00:37,1.05,1.84,10.51,153.49,0.00,11.21,76.83,919.6281,-100,4.25,-100.0,4.25
3,2026-07-06 21:10:37,1.19,2.16,6.93,61.55,0.00,12.14,74.80,919.2202,-110,-3.75,-102.0,3.25
4,2026-07-06 21:10:37,0.74,1.44,7.66,76.79,0.00,10.81,78.28,919.5120,-102,3.25,-102.0,3.25
4,2026-07-06 21:30:37,0.82,1.54,7.04,78.02,0.00,10.80,78.21,919.2178,-101,5.00,-101.0,5.0
3,2026-07-06 21:40:37,0.75,1.57,7.43,69.62,0.00,11.23,78.28,918.8510,-111,-4.50,-103.0,3.5
4,2026-07-06 21:40:37,0.94,1.74,8.81,83.68,0.00,10.74,78.80,919.2020,-103,3.50,-103.0,3.5
4,2026-07-06 21:50:37,0.85,1.44,6.79,47.89,0.00,10.87,78.70,919.0950,-102,4.75,-102.0,4.75
3,2026-07-06 22:10:37,0.75,1.55,6.31,56.16,0.00,11.26,78.81,918.5898,-111,-3.75,-101.0,4.0
4,2026-07-06 22:10:37,0.80,1.38,4.73,37.36,0.00,10.83,78.96,918.8582,-101,4.00,-101.0,4.0
4,2026-07-06 22:20:37,0.97,1.83,6.94,45.85,0.00,10.94,78.88,918.8604,-100,5.25,-100.0,5.25
4,2026-07-06 22:30:37,1.11,1.87,5.51,48.76,0.00,11.09,78.51,918.8609,-100,5.25,-100.0,5.25
3,2026-07-06 22:40:37,1.00,1.95,5.74,43.70,0.00,11.53,78.25,918.6247,-110,-3.50,-101.0,4.75
4,2026-07-06 22:40:37,1.41,2.56,7.98,71.19,0.00,10.92,79.35,918.8378,-101,4.75,-101.0,4.75
4,2026-07-06 22:50:37,1.68,3.04,6.13,31.49,0.00,10.88,79.64,918.7999,-102,4.50,-102.0,4.5
4,2026-07-06 23:00:37,1.37,2.39,5.80,73.26,0.00,10.82,79.90,918.7580,-99,6.25,-99.0,6.25
3,2026-07-06 23:10:37,1.04,1.95,3.97,26.88,0.00,11.51,79.01,918.4832,-110,-3.00,-100.0,5.0
4,2026-07-06 23:10:37,1.26,2.20,3.31,24.80,0.00,10.96,79.72,918.7180,-100,5.00,-100.0,5.0
3,2026-07-06 23:20:38,1.02,1.93,3.81,24.73,0.00,11.54,78.96,918.4558,-111,-3.00,-100.0,5.25
4,2026-07-06 23:20:38,1.09,1.94,3.47,21.55,0.00,10.90,79.88,918.6798,-100,5.25,-100.0,5.25
4,2026-07-06 23:30:37,1.02,1.85,8.53,94.39,0.00,10.80,80.39,918.7140,-99,6.25,-99.0,6.25
4,2026-07-06 23:40:37,0.86,1.84,7.65,48.00,0.00,10.99,79.46,918.5680,-102,5.25,-102.0,5.25
4,2026-07-06 23:50:37,0.77,1.61,8.37,52.88,0.00,11.01,79.32,918.6627,-100,5.25,-100.0,5.25
4,2026-07-07 00:00:37,0.79,1.40,6.04,55.40,0.00,11.04,79.18,918.6369,-99,5.25,-99.0,5.25
4,2026-07-07 00:10:37,0.70,1.39,8.25,57.95,0.00,10.84,79.53,918.6832,-99,5.75,-99.0,5.75
3,2026-07-07 00:20:37,0.52,0.93,3.21,38.26,0.00,11.34,78.95,918.3716,-110,-2.50,-100.0,5.25
4,2026-07-07 00:20:37,0.70,1.18,3.33,30.25,0.00,10.78,79.79,918.5938,-100,5.25,-100.0,5.25
4,2026-07-07 00:40:37,0.65,1.20,7.08,53.98,0.00,10.79,80.03,918.6388,-101,5.25,-101.0,5.25
4,2026-07-07 00:50:37,0.56,0.86,2.35,38.20,0.00,10.87,79.74,918.6362,-100,6.00,-100.0,6.0
4,2026-07-07 01:00:37,0.78,1.20,1.94,35.96,0.00,11.26,78.32,918.5747,-101,5.00,-101.0,5.0
4,2026-07-07 01:10:37,1.15,1.96,5.22,56.56,0.00,10.83,80.30,918.7077,-100,6.00,-100.0,6.0
4,2026-07-07 01:20:37,1.30,2.25,5.15,35.50,0.00,10.88,79.92,918.6442,-99,6.25,-99.0,6.25
4,2026-07-07 01:30:37,1.36,2.27,4.51,71.20,0.00,10.76,80.14,918.6886,-99,5.75,-99.0,5.75
4,2026-07-07 01:40:37,1.26,2.07,3.88,28.49,0.00,10.62,80.39,918.7621,-100,6.50,-100.0,6.5
4,2026-07-07 01:50:37,1.48,2.46,4.23,69.13,0.00,10.54,80.88,918.9072,-100,5.25,-100.0,5.25
3,2026-07-07 02:00:37,0.33,0.82,6.14,68.72,0.00,11.72,75.91,918.6897,-110,-0.25,-100.0,5.0
4,2026-07-07 02:00:37,1.23,1.99,3.51,35.65,0.00,10.56,81.18,918.9815,-100,5.00,-100.0,5.0
3,2026-07-07 02:10:37,0.25,0.71,4.98,111.07,0.00,10.64,78.90,918.7374,-110,0.25,-100.0,4.75
4,2026-07-07 02:10:37,1.15,1.83,4.16,65.79,0.00,10.80,80.32,919.0699,-100,4.75,-100.0,4.75
4,2026-07-07 02:20:37,0.34,0.71,4.37,77.92,0.00,10.90,77.98,919.1166,-98,6.00,-98.0,6.0
3,2026-07-07 02:30:37,0.22,0.71,8.17,53.06,0.00,10.72,78.28,918.7338,-110,-0.75,-99.0,6.0
4,2026-07-07 02:30:37,0.13,0.36,4.42,51.72,0.00,10.96,75.36,919.0177,-99,6.00,-99.0,6.0
3,2026-07-07 02:40:37,0.20,0.55,6.35,53.73,0.00,11.16,75.97,918.7377,-110,-1.00,-99.0,4.75
4,2026-07-07 02:40:37,0.14,0.41,3.22,42.92,0.00,10.48,76.52,919.0654,-99,4.75,-99.0,4.75
3,2026-07-07 03:00:37,0.16,0.36,1.37,46.88,0.00,10.58,77.38,918.7253,-110,-0.75,-99.0,5.5
4,2026-07-07 03:00:37,0.30,0.92,4.53,64.20,0.00,9.87,79.90,919.1149,-99,5.50,-99.0,5.5
3,2026-07-07 03:10:37,0.13,0.26,1.20,27.36,0.00,10.02,79.30,918.8366,-109,-0.25,-99.0,5.25
4,2026-07-07 03:10:37,0.17,0.37,1.58,25.22,0.00,9.90,78.63,919.1518,-99,5.25,-99.0,5.25
3,2026-07-07 03:20:37,0.15,0.38,1.36,21.42,0.00,10.09,79.15,918.8438,-109,0.00,-100.0,5.0
4,2026-07-07 03:20:37,0.16,0.39,1.65,43.89,0.00,9.87,78.35,919.1424,-100,5.00,-100.0,5.0
3,2026-07-07 03:30:37,0.14,0.32,1.57,22.67,0.00,9.92,79.95,918.8375,-109,0.50,-99.0,5.25
4,2026-07-07 03:30:37,0.17,0.38,2.26,45.23,0.00,9.63,79.16,919.1314,-99,5.25,-99.0,5.25
3,2026-07-07 03:40:37,0.16,0.40,1.35,27.89,0.00,9.98,79.85,918.8278,-109,-0.50,-100.0,5.25
4,2026-07-07 03:40:37,0.16,0.38,1.20,17.11,0.00,9.51,79.42,919.1236,-100,5.25,-100.0,5.25
3,2026-07-07 03:50:37,0.18,0.41,1.29,28.18,0.00,10.07,79.61,918.8138,-109,0.75,-100.0,5.0
4,2026-07-07 03:50:37,0.19,0.45,1.63,27.93,0.00,9.51,79.55,919.1140,-100,5.00,-100.0,5.0
3,2026-07-07 04:00:37,0.19,0.49,1.91,21.70,0.00,10.02,79.76,918.8209,-110,-0.50,-100.0,5.5
4,2026-07-07 04:00:37,0.18,0.39,0.83,11.54,0.00,9.35,80.15,919.1009,-100,5.50,-100.0,5.5
3,2026-07-07 04:10:37,0.21,0.46,1.69,21.28,0.00,9.92,80.39,918.8170,-109,0.25,-100.0,5.0
4,2026-07-07 04:10:37,0.21,0.47,1.76,35.18,0.00,9.50,80.32,919.0846,-100,5.00,-100.0,5.0
3,2026-07-07 04:20:37,0.21,0.40,1.00,20.51,0.00,9.84,80.62,918.8432,-109,0.50,-99.0,5.5
4,2026-07-07 04:20:37,0.24,0.53,2.35,32.23,0.00,9.58,80.81,919.1109,-99,5.50,-99.0,5.5
3,2026-07-07 04:30:37,0.20,0.44,1.60,31.95,0.00,9.97,80.34,918.8467,-109,0.00,-99.0,5.5
4,2026-07-07 04:30:37,0.23,0.51,1.73,27.06,0.00,9.57,80.36,919.1139,-99,5.50,-99.0,5.5
3,2026-07-07 04:40:37,0.23,0.47,1.25,28.55,0.00,9.97,80.33,918.8315,-109,0.00,-99.0,5.5
4,2026-07-07 04:40:37,0.17,0.38,0.82,11.36,0.00,9.60,79.70,919.1199,-99,5.50,-99.0,5.5
3,2026-07-07 04:50:37,0.24,0.51,0.77,6.76,0.00,9.87,80.44,918.9090,-109,-0.25,-100.0,5.0
4,2026-07-07 04:50:37,0.18,0.40,0.84,11.84,0.00,9.53,79.77,919.2238,-100,5.00,-100.0,5.0
3,2026-07-07 05:00:37,0.17,0.33,0.76,12.91,0.00,9.79,80.11,918.8689,-110,-0.50,-100.0,5.5
4,2026-07-07 05:00:37,0.16,0.35,1.11,25.69,0.17,9.50,79.70,919.2106,-100,5.50,-100.0,5.5
3,2026-07-07 05:10:37,0.17,0.36,0.76,9.69,0.00,9.70,80.09,918.8977,-110,-0.25,-100.0,5.25
4,2026-07-07 05:10:37,0.16,0.34,1.42,32.06,4.60,9.44,79.30,919.2429,-100,5.25,-100.0,5.25
3,2026-07-07 05:20:37,0.13,0.30,0.81,20.96,0.00,9.73,79.39,918.9110,-110,-0.50,-100.0,5.5
4,2026-07-07 05:20:37,0.15,0.36,1.28,18.22,15.81,9.45,79.13,919.2659,-100,5.50,-100.0,5.5
3,2026-07-07 05:30:37,0.16,0.34,0.98,14.40,0.00,9.61,79.89,918.9478,-109,0.00,-99.0,5.25
4,2026-07-07 05:30:37,0.15,0.32,1.36,33.10,27.94,9.39,79.74,919.2761,-99,5.25,-99.0,5.25
3,2026-07-07 05:50:37,0.16,0.35,0.84,14.43,0.00,9.64,80.07,918.9740,-109,0.25,-100.0,5.25
4,2026-07-07 05:50:37,0.17,0.33,1.08,19.30,21.01,9.11,80.28,919.2842,-100,5.25,-100.0,5.25
3,2026-07-07 06:00:37,0.22,0.47,1.75,25.30,0.00,9.72,79.84,919.0030,-109,0.00,-100.0,5.5
4,2026-07-07 06:00:37,0.20,0.37,1.13,32.09,6.65,9.25,80.06,919.2552,-100,5.50,-100.0,5.5
3,2026-07-07 06:10:37,0.19,0.42,1.56,23.91,0.00,9.74,79.28,919.0182,-110,-0.25,-100.0,5.5
4,2026-07-07 06:10:37,0.18,0.42,1.70,30.60,8.96,8.97,80.93,919.2555,-100,5.50,-100.0,5.5
3,2026-07-07 06:30:37,0.19,0.42,1.27,24.39,0.00,9.64,79.74,918.9922,-109,-0.50,-100.0,5.25
4,2026-07-07 06:30:37,0.20,0.40,0.98,18.18,0.47,9.03,80.78,919.2589,-100,5.25,-100.0,5.25
3,2026-07-07 06:40:37,0.19,0.41,1.41,24.63,0.00,9.48,80.43,918.9730,-109,-0.25,-100.0,5.25
4,2026-07-07 06:40:37,0.20,0.43,1.28,29.08,0.95,9.14,80.60,919.2199,-100,5.25,-100.0,5.25
3,2026-07-07 06:50:37,0.16,0.37,1.19,20.88,0.00,9.41,80.67,918.8737,-109,-0.75,-100.0,5.25
4,2026-07-07 06:50:37,0.19,0.37,1.36,25.86,15.51,9.27,80.00,919.1285,-100,5.25,-100.0,5.25
3,2026-07-07 07:00:37,0.17,0.38,1.24,22.58,0.00,9.54,80.21,918.9396,-110,-1.50,-100.0,4.75
4,2026-07-07 07:00:37,0.19,0.42,1.50,24.19,8.27,9.13,80.37,919.1791,-100,4.75,-100.0,4.75
3,2026-07-07 07:10:37,0.19,0.44,1.42,25.65,0.00,9.68,79.82,918.9452,-110,-1.50,-100.0,4.75
4,2026-07-07 07:10:37,0.20,0.45,1.38,30.17,1.74,9.47,79.54,919.1688,-100,4.75,-100.0,4.75
3,2026-07-07 07:20:37,0.20,0.46,1.28,24.08,0.00,9.89,79.52,918.9187,-109,-0.75,-100.0,5.25
4,2026-07-07 07:20:37,0.19,0.41,1.14,18.32,1.59,9.54,79.19,919.1619,-100,5.25,-100.0,5.25
3,2026-07-07 07:30:37,0.21,0.49,2.49,24.77,0.00,10.05,79.55,918.9369,-109,-0.50,-100.0,4.75
4,2026-07-07 07:30:37,0.17,0.37,1.01,26.43,6.31,9.68,79.04,919.1926,-100,4.75,-100.0,4.75
3,2026-07-07 07:40:37,0.18,0.42,1.37,24.45,0.00,10.15,79.11,918.9148,-110,-1.00,-101.0,5.25
4,2026-07-07 07:40:37,0.19,0.44,1.47,18.79,9.66,10.02,77.65,919.2248,-101,5.25,-101.0,5.25
3,2026-07-07 07:50:37,0.17,0.37,2.21,90.05,0.00,10.24,78.84,918.9160,-109,-0.75,-100.0,4.75
4,2026-07-07 07:50:37,0.19,0.43,1.94,33.96,18.79,9.76,78.52,919.2694,-100,4.75,-100.0,4.75
4,2026-07-07 08:00:37,0.19,0.42,1.86,29.35,29.27,9.93,78.20,919.2552,-101,6.00,-101.0,6.0
4,2026-07-07 08:10:37,0.18,0.41,1.07,28.83,36.36,10.52,76.76,919.2660,-101,5.50,-101.0,5.5
4,2026-07-07 08:20:37,0.18,0.39,1.32,27.94,22.06,11.13,74.60,919.3152,-101,5.25,-101.0,5.25
4,2026-07-07 08:30:37,0.16,0.42,2.40,26.34,24.45,10.84,75.95,919.4287,-100,5.75,-100.0,5.75
3,2026-07-07 08:40:37,0.15,0.33,1.77,22.88,0.00,11.96,74.23,919.1707,-110,-1.50,-100.0,3.75
4,2026-07-07 08:40:37,0.13,0.29,1.08,26.63,29.13,11.16,74.77,919.4762,-100,3.75,-100.0,3.75
4,2026-07-07 08:50:37,0.11,0.27,1.22,29.01,36.13,11.95,72.48,919.5343,-99,6.25,-99.0,6.25
4,2026-07-07 09:00:37,0.08,0.19,0.99,33.21,22.58,12.84,69.35,919.4810,-100,5.50,-100.0,5.5
3,2026-07-07 09:10:37,0.19,0.35,2.20,37.36,0.00,14.55,65.60,919.1533,-109,-3.25,-100.0,5.0
4,2026-07-07 09:10:37,0.08,0.22,2.11,42.54,3.58,12.61,68.88,919.4753,-100,5.00,-100.0,5.0
3,2026-07-07 09:20:37,0.20,0.37,1.65,21.79,0.00,15.26,63.08,919.1951,-109,-3.00,-100.0,4.75
4,2026-07-07 09:20:37,0.08,0.21,8.17,327.67,4.76,12.76,67.85,919.5161,-100,4.75,-100.0,4.75
4,2026-07-07 09:30:37,0.08,0.20,0.86,28.20,0.59,12.60,68.04,919.5626,-100,6.00,-100.0,6.0
4,2026-07-07 09:40:37,0.07,0.20,0.79,17.60,0.00,13.48,66.19,919.5488,-100,5.50,-100.0,5.5
4,2026-07-07 09:50:37,0.07,0.18,0.58,27.23,0.08,14.23,63.26,919.5929,-99,6.25,-99.0,6.25
3,2026-07-07 10:00:37,0.19,0.33,1.97,41.13,0.00,15.07,63.96,919.2182,-108,-2.75,-99.0,5.0
4,2026-07-07 10:00:37,0.06,0.14,0.54,24.86,2.27,14.67,61.51,919.5281,-99,5.00,-99.0,5.0
4,2026-07-07 10:20:37,0.06,0.16,1.33,33.92,0.70,16.15,56.37,919.4051,-101,5.25,-101.0,5.25
3,2026-07-07 10:30:37,0.22,0.39,2.56,43.65,0.00,18.05,55.59,918.9579,-109,-2.75,-100.0,4.0
4,2026-07-07 10:30:37,0.06,0.19,1.16,28.69,1.29,15.50,57.89,919.3634,-100,4.00,-100.0,4.0
4,2026-07-07 10:40:37,0.06,0.17,0.52,11.65,0.00,15.60,57.06,919.3170,-102,4.75,-102.0,4.75
4,2026-07-07 10:50:37,0.06,0.13,0.57,28.61,3.52,15.52,59.01,919.3528,-102,5.50,-102.0,5.5
4,2026-07-07 11:10:37,0.06,0.15,0.83,23.26,1.33,16.21,57.57,919.2588,-102,5.50,-102.0,5.5
4,2026-07-07 12:00:37,0.06,0.16,1.42,29.26,0.51,16.07,58.82,919.2992,-102,5.25,-102.0,5.25
4,2026-07-07 12:10:37,0.06,0.17,1.26,32.25,3.28,17.05,55.65,919.1974,-101,5.25,-101.0,5.25
3,2026-07-07 12:50:37,0.20,0.29,1.78,24.90,0.00,21.05,46.03,918.9029,-108,-1.75,-103.0,2.75
4,2026-07-07 12:50:37,0.04,0.13,1.24,28.22,0.17,18.60,51.47,919.3628,-103,2.75,-103.0,2.75
4,2026-07-07 13:10:37,0.05,0.11,0.69,35.24,0.99,17.31,49.65,919.3819,-103,5.25,-103.0,5.25
4,2026-07-07 13:20:37,0.04,0.13,1.38,27.32,2.18,17.28,51.33,919.4407,-103,4.25,-103.0,4.25
3,2026-07-07 13:40:37,0.22,0.31,0.79,16.69,0.00,21.59,44.05,919.0710,-108,-2.25,-103.0,3.25
4,2026-07-07 13:40:37,0.05,0.16,2.08,58.59,0.32,19.63,47.30,919.5242,-103,3.25,-103.0,3.25
4,2026-07-07 13:50:37,0.07,0.28,1.64,28.09,0.61,21.10,47.49,919.5206,-101,5.25,-101.0,5.25
4,2026-07-07 14:00:37,0.06,0.21,1.51,28.31,1.27,19.62,47.09,919.3985,-102,5.25,-102.0,5.25
4,2026-07-07 14:10:37,0.05,0.22,1.21,28.94,0.04,19.40,46.92,919.3130,-104,4.00,-104.0,4.0
3,2026-07-07 14:30:37,0.29,0.39,2.21,30.94,0.00,23.82,37.96,918.6973,-109,-2.25,-104.0,3.5
4,2026-07-07 14:30:37,0.04,0.10,0.97,29.99,0.00,21.46,40.64,919.1445,-104,3.50,-104.0,3.5
3,2026-07-07 14:40:37,0.31,0.43,2.47,33.06,0.00,23.95,39.04,918.6416,-109,-3.25,-105.0,2.0
4,2026-07-07 14:40:37,0.04,0.10,0.84,23.58,0.00,21.68,40.26,919.0727,-105,2.00,-105.0,2.0
3,2026-07-07 14:50:37,0.28,0.41,1.91,28.99,0.00,23.41,40.21,918.6721,-109,-2.50,-104.0,2.5
4,2026-07-07 14:50:37,0.04,0.14,1.35,26.13,0.00,21.53,41.88,919.0623,-104,2.50,-104.0,2.5
3,2026-07-07 15:00:37,0.29,0.37,1.43,26.50,0.00,24.20,38.80,918.6132,-109,-2.75,-105.0,2.75
4,2026-07-07 15:00:37,0.04,0.13,1.53,27.85,0.32,22.42,41.37,919.0369,-105,2.75,-105.0,2.75
4,2026-07-07 15:10:37,0.04,0.13,1.87,37.73,0.00,22.33,40.40,918.9468,-103,3.75,-103.0,3.75
3,2026-07-07 15:20:37,0.28,0.38,1.55,27.62,0.00,24.28,37.33,918.4590,-109,-2.50,-104.0,3.25
4,2026-07-07 15:20:37,0.04,0.16,1.28,28.59,0.00,22.02,39.54,918.8865,-104,3.25,-104.0,3.25
3,2026-07-07 15:30:37,0.26,0.36,1.51,25.05,0.00,23.20,40.27,918.4430,-109,-2.25,-104.0,2.5
4,2026-07-07 15:30:37,0.05,0.16,1.17,27.49,0.04,22.83,38.69,918.8514,-104,2.50,-104.0,2.5
4,2026-07-07 15:40:37,0.04,0.13,1.10,25.11,0.00,22.83,38.45,918.8454,-103,4.50,-103.0,4.5
3,2026-07-07 15:50:37,0.29,0.39,1.68,36.93,0.00,22.52,38.23,918.2753,-109,-2.50,-103.0,4.0
4,2026-07-07 15:50:37,0.04,0.15,0.96,16.17,0.00,23.12,37.32,918.7945,-103,4.00,-103.0,4.0
3,2026-07-07 16:00:37,0.27,0.38,1.90,28.56,0.00,22.26,39.42,918.3264,-109,-2.25,-104.0,1.75
4,2026-07-07 16:00:37,0.04,0.10,0.92,24.71,0.00,22.84,36.57,918.7895,-104,1.75,-104.0,1.75
3,2026-07-07 16:10:37,0.26,0.35,1.26,28.67,0.00,23.05,36.92,918.2876,-109,-2.00,-102.0,2.5
4,2026-07-07 16:10:37,0.04,0.12,0.79,17.24,0.00,23.09,35.38,918.7351,-102,2.50,-102.0,2.5
3,2026-07-07 16:20:37,0.33,0.43,1.30,26.98,0.00,21.82,36.09,918.1639,-109,-1.25,-105.0,2.0
4,2026-07-07 16:20:37,0.05,0.14,1.13,16.85,0.00,23.68,32.63,918.6059,-105,2.00,-105.0,2.0
3,2026-07-07 16:30:37,0.33,0.40,1.06,25.74,0.00,21.34,37.53,918.1442,-108,-2.00,-104.0,2.5
4,2026-07-07 16:30:37,0.23,2.66,20.01,165.23,0.00,23.76,32.71,918.4785,-104,2.50,-104.0,2.5
3,2026-07-07 16:40:37,0.30,0.38,1.14,18.86,0.00,21.10,38.26,918.0897,-108,0.25,-104.0,2.5
4,2026-07-07 16:40:37,0.53,8.07,66.00,327.67,0.00,22.58,34.06,918.4419,-104,2.50,-104.0,2.5
4,2026-07-07 17:10:37,0.90,12.57,82.58,327.67,0.00,22.03,33.15,918.4271,-105,1.25,-105.0,1.25
3,2026-07-07 17:20:37,0.29,0.41,1.37,20.75,0.00,21.28,36.09,918.1124,-108,-1.50,-106.0,-0.75
4,2026-07-07 17:20:37,0.28,3.63,24.91,327.67,0.00,21.65,32.99,918.5538,-106,-0.75,-106.0,-0.75
3,2026-07-07 17:30:37,0.27,0.35,1.02,20.84,0.00,22.06,35.39,918.1894,-109,-3.50,-104.0,1.0
4,2026-07-07 17:30:37,0.20,2.28,15.48,327.67,0.00,21.95,30.66,918.6333,-104,1.00,-104.0,1.0
4,2026-07-07 17:40:37,0.98,13.46,86.22,327.67,0.00,23.80,29.36,918.5002,-107,0.75,-107.0,0.75
4,2026-07-07 17:50:37,1.36,19.20,116.70,327.67,0.00,23.92,29.08,918.4053,-105,1.75,-105.0,1.75
4,2026-07-07 18:00:37,0.96,13.05,84.14,327.67,0.00,23.60,27.60,918.4362,-104,2.25,-104.0,2.25
4,2026-07-07 18:20:37,0.76,10.81,68.36,327.67,0.00,23.59,28.31,918.3688,-103,3.25,-103.0,3.25
3,2026-07-07 18:30:37,0.33,0.39,0.89,19.04,0.00,22.68,31.17,917.9714,-109,-2.75,-106.0,-0.75
4,2026-07-07 18:30:37,0.83,10.72,66.54,327.67,0.00,23.38,28.42,918.3037,-106,-0.75,-106.0,-0.75
4,2026-07-07 18:50:37,1.73,23.78,141.46,327.67,0.00,23.25,28.02,918.2115,-104,2.75,-104.0,2.75
4,2026-07-07 19:00:37,1.04,14.95,95.35,327.67,0.00,22.95,28.79,918.0839,-107,-0.25,-107.0,-0.25
3,2026-07-07 20:00:37,0.33,0.41,1.11,16.56,0.00,22.30,31.24,917.7564,-109,-2.25,-105.0,-0.75
4,2026-07-07 20:00:37,1.91,27.35,159.52,327.67,0.00,22.59,29.07,918.0618,-105,-0.75,-105.0,-0.75
3,2026-07-07 20:10:37,0.43,0.49,1.09,26.77,0.00,21.83,30.84,917.6522,-109,-3.00,-102.0,2.5
4,2026-07-07 20:10:37,1.91,26.87,151.88,327.67,0.00,22.66,28.28,917.9841,-102,2.50,-102.0,2.5
4,2026-07-07 20:20:37,1.13,15.53,87.57,327.67,0.00,22.47,28.49,918.0259,-105,3.00,-105.0,3.0
3,2026-07-07 20:30:37,0.41,0.49,0.67,8.96,0.00,21.23,31.66,917.6204,-110,-3.50,-103.0,3.5
4,2026-07-07 20:30:37,1.40,19.90,116.54,327.67,0.00,22.30,28.93,918.0181,-103,3.50,-103.0,3.5
3,2026-07-07 21:10:37,0.49,0.63,1.08,12.77,0.00,21.81,28.12,917.4708,-109,-1.50,-102.0,2.0
4,2026-07-07 21:10:37,0.24,2.81,17.87,305.83,0.00,21.83,27.61,917.8878,-102,2.00,-102.0,2.0
3,2026-07-07 21:20:37,0.42,0.51,1.58,56.81,0.00,20.84,29.44,917.4498,-110,-2.00,-103.0,1.5
4,2026-07-07 21:20:37,0.15,1.47,12.52,327.67,0.00,20.91,29.35,917.8984,-103,1.50,-103.0,1.5
3,2026-07-07 21:40:37,0.28,0.34,0.75,23.12,0.00,20.16,31.12,917.4463,-110,-4.25,-102.0,2.5
4,2026-07-07 21:40:37,0.07,0.13,0.81,30.50,0.00,19.54,31.81,917.8971,-102,2.50,-102.0,2.5
3,2026-07-07 23:40:37,0.14,0.22,0.73,12.83,0.00,14.81,38.38,917.9782,-110,-2.50,-105.0,1.75
4,2026-07-07 23:40:37,0.09,0.25,0.86,19.45,0.00,14.58,39.27,918.3745,-105,1.75,-105.0,1.75
3,2026-07-07 23:50:37,0.12,0.23,0.92,25.15,0.00,14.78,38.20,917.9756,-110,-3.25,-106.0,0.5
4,2026-07-07 23:50:37,0.15,1.20,8.88,176.36,0.00,14.66,38.07,918.3044,-106,0.50,-106.0,0.5
3,2026-07-08 00:00:37,0.12,0.16,1.15,23.01,0.00,14.63,38.80,917.9520,-109,-2.50,-105.0,0.25
4,2026-07-08 00:00:37,0.09,0.19,0.71,26.64,0.00,14.58,38.53,918.2904,-105,0.25,-105.0,0.25
4,2026-07-08 03:50:37,0.65,10.18,90.22,327.67,11.43,10.75,54.30,918.4924,-107,1.50,-107.0,1.5
3,2026-07-08 05:00:37,0.13,0.29,2.25,90.05,0.00,11.23,52.44,918.4215,-109,-3.25,-103.0,3.25
4,2026-07-08 05:00:37,0.11,0.28,0.80,12.28,49.94,11.49,50.36,918.8020,-103,3.25,-103.0,3.25
3,2026-07-08 05:20:37,0.14,0.30,1.31,22.12,0.00,9.58,58.67,918.5869,-110,-3.50,-105.0,1.75
4,2026-07-08 05:20:37,0.13,0.38,1.79,29.08,77.31,11.46,50.98,918.9307,-105,1.75,-105.0,1.75
4,2026-07-08 05:30:37,0.12,0.33,1.06,17.93,70.80,10.94,52.80,918.9450,-105,2.75,-105.0,2.75
3,2026-07-08 05:40:37,0.15,0.40,1.88,27.81,0.00,9.40,60.11,918.6607,-110,-3.75,-106.0,1.5
4,2026-07-08 05:40:37,0.13,0.33,1.14,16.93,49.97,10.74,53.70,918.8701,-106,1.50,-106.0,1.5
3,2026-07-08 05:50:37,0.13,0.31,1.61,16.54,0.00,9.57,59.20,918.6381,-110,-4.00,-105.0,2.25
4,2026-07-08 05:50:37,0.13,0.31,0.86,12.73,25.94,10.80,53.36,918.9167,-105,2.25,-105.0,2.25
3,2026-07-08 07:00:37,0.13,0.26,1.58,21.59,0.00,9.57,61.15,918.6704,-109,-2.75,-105.0,2.0
4,2026-07-08 07:00:37,0.12,0.28,1.44,46.43,16.02,9.95,57.68,918.9863,-105,2.00,-105.0,2.0
3,2026-07-08 07:10:37,0.13,0.30,1.39,16.70,0.00,9.47,61.39,918.7540,-109,-3.00,-104.0,2.5
4,2026-07-08 07:10:37,0.14,0.34,1.06,24.60,4.58,8.42,62.79,919.1709,-104,2.50,-104.0,2.5
3,2026-07-08 07:20:37,0.17,0.35,0.97,21.07,0.00,10.01,58.46,918.6560,-109,-2.25,-103.0,3.25
4,2026-07-08 07:20:37,0.13,0.32,0.69,7.54,9.61,8.45,63.47,919.1531,-103,3.25,-103.0,3.25
3,2026-07-08 07:30:37,0.15,0.32,0.98,12.28,0.00,10.32,57.63,918.5141,-109,-1.75,-103.0,2.5
4,2026-07-08 07:30:37,0.13,0.30,1.77,16.86,0.16,10.06,57.10,919.0022,-103,2.50,-103.0,2.5
3,2026-07-08 08:00:37,0.15,0.30,0.68,13.07,0.00,10.88,56.10,918.6272,-109,-1.50,-103.0,2.5
4,2026-07-08 08:00:37,0.13,0.33,0.93,11.46,0.00,11.26,53.73,919.1201,-103,2.50,-103.0,2.5
3,2026-07-08 08:10:37,0.16,0.31,1.94,25.67,0.00,10.30,58.60,918.7480,-109,-3.25,-103.0,3.25
4,2026-07-08 08:10:37,0.13,0.38,1.93,27.81,0.00,11.51,53.16,919.1252,-103,3.25,-103.0,3.25
3,2026-07-08 08:20:37,0.15,0.32,1.28,18.11,0.00,11.02,57.00,918.7744,-110,-3.00,-104.0,2.75
4,2026-07-08 08:20:37,0.12,0.34,0.90,11.38,0.00,11.91,52.47,919.0908,-104,2.75,-104.0,2.75
3,2026-07-08 08:30:37,0.20,0.40,1.48,17.67,0.00,11.28,56.74,918.7348,-109,-1.50,-104.0,3.25
4,2026-07-08 08:30:37,0.11,0.33,1.70,24.55,0.00,12.13,51.86,919.0647,-104,3.25,-104.0,3.25
3,2026-07-08 08:50:37,0.15,0.33,1.30,20.62,0.00,11.25,56.38,918.8622,-109,-1.00,-104.0,3.0
4,2026-07-08 08:50:37,0.13,0.32,1.39,23.77,0.00,12.03,52.62,919.2004,-104,3.00,-104.0,3.0
3,2026-07-08 09:10:37,0.19,0.40,1.48,23.21,0.00,12.31,54.08,918.8977,-110,-3.25,-104.0,2.5
4,2026-07-08 09:10:37,0.12,0.31,1.61,56.15,0.00,12.24,51.53,919.2708,-104,2.50,-104.0,2.5
3,2026-07-08 09:30:37,0.20,0.43,1.39,13.85,0.00,13.71,50.64,918.8700,-109,-0.25,-104.0,2.0
4,2026-07-08 09:30:37,0.12,0.31,1.10,18.38,0.00,13.38,49.60,919.1372,-104,2.00,-104.0,2.0
3,2026-07-08 09:40:37,0.20,0.35,1.53,23.53,0.00,14.47,48.17,918.8729,-110,-1.50,-103.0,3.75
4,2026-07-08 09:40:37,0.11,0.31,2.10,27.63,0.00,14.42,46.91,919.1452,-103,3.75,-103.0,3.75
3,2026-07-08 10:20:37,0.24,0.39,1.17,14.37,0.00,16.27,43.77,918.6255,-109,-2.50,-105.0,2.5
4,2026-07-08 10:20:37,0.10,0.29,1.24,28.26,0.00,16.27,42.75,918.9765,-105,2.50,-105.0,2.5
3,2026-07-08 10:40:37,0.20,0.34,1.17,23.84,0.00,15.81,46.19,918.6358,-110,-1.75,-103.0,2.75
4,2026-07-08 10:40:37,0.09,0.24,1.04,22.78,0.00,16.42,42.73,919.0186,-103,2.75,-103.0,2.75
3,2026-07-08 11:00:37,0.20,0.32,1.13,17.43,0.00,16.42,45.29,918.4619,-110,-1.25,-104.0,2.25
4,2026-07-08 11:00:37,0.08,0.19,0.87,23.32,0.00,17.98,39.22,918.9063,-104,2.25,-104.0,2.25
3,2026-07-08 11:30:37,0.24,0.34,0.96,14.14,0.00,17.00,44.26,918.1955,-109,-2.75,-103.0,2.5
4,2026-07-08 11:30:37,0.11,0.93,7.35,308.95,0.00,18.84,37.49,918.6764,-103,2.50,-103.0,2.5
3,2026-07-08 12:00:37,0.23,0.35,0.84,9.84,0.00,18.37,43.22,918.0956,-108,-1.25,-104.0,2.25
4,2026-07-08 12:00:37,0.14,1.36,10.62,327.67,0.00,19.54,35.58,918.4736,-104,2.25,-104.0,2.25
3,2026-07-08 12:20:37,0.20,0.30,0.91,23.62,0.00,17.85,43.65,917.9691,-109,-0.50,-105.0,0.5
4,2026-07-08 12:20:37,0.08,0.33,1.81,21.78,0.00,18.67,39.34,918.3829,-105,0.50,-105.0,0.5
3,2026-07-08 12:30:37,0.22,0.34,1.18,19.98,0.00,18.02,43.20,917.8648,-110,-1.75,-104.0,2.5
4,2026-07-08 12:30:37,0.43,7.48,68.95,327.67,0.00,20.15,36.05,918.3248,-104,2.50,-104.0,2.5
3,2026-07-08 12:50:37,0.24,0.32,1.06,24.05,0.00,19.15,41.19,917.7247,-109,-0.75,-104.0,1.75
4,2026-07-08 12:50:37,0.08,0.25,1.20,19.75,0.00,19.85,36.29,918.2190,-104,1.75,-104.0,1.75
3,2026-07-08 13:00:37,0.23,0.35,1.69,52.25,0.00,19.60,40.17,917.6868,-109,-1.00,-104.0,0.75
4,2026-07-08 13:00:37,0.15,1.67,14.04,327.67,0.00,20.54,35.38,918.0725,-104,0.75,-104.0,0.75
3,2026-07-08 13:10:37,0.22,0.32,0.90,25.31,0.00,18.81,42.23,917.5747,-110,-1.75,-103.0,3.25
4,2026-07-08 13:10:37,0.72,13.62,121.15,327.67,0.00,20.04,35.98,918.0031,-103,3.25,-103.0,3.25
3,2026-07-08 13:30:37,0.23,0.37,1.12,12.69,0.00,19.42,40.64,917.4045,-109,-2.75,-103.0,2.75
4,2026-07-08 13:30:37,0.38,5.71,45.20,327.67,0.00,20.94,34.32,917.8907,-103,2.75,-103.0,2.75
3,2026-07-08 13:40:37,0.29,0.42,1.31,15.69,0.00,19.69,40.21,917.3248,-110,-2.75,-103.0,2.0
4,2026-07-08 13:40:37,0.26,3.25,30.39,327.67,0.00,21.16,34.02,917.8411,-103,2.00,-103.0,2.0
3,2026-07-08 13:50:37,0.22,0.31,1.01,19.89,0.00,20.10,38.76,917.2879,-108,-0.75,-104.0,2.5
4,2026-07-08 13:50:37,0.61,9.47,73.55,327.67,0.00,20.76,33.84,917.7769,-104,2.50,-104.0,2.5
3,2026-07-08 14:10:37,0.24,0.33,0.98,20.57,0.00,20.31,39.10,917.2408,-109,-2.00,-102.0,3.75
4,2026-07-08 14:10:37,3.10,52.46,327.67,327.67,0.00,21.70,32.95,917.6959,-102,3.75,-102.0,3.75
3,2026-07-08 14:30:37,0.27,0.36,1.05,23.23,0.00,21.27,37.76,917.1249,-109,-1.25,-104.0,2.5
4,2026-07-08 14:30:37,0.09,0.60,5.01,259.27,0.00,21.59,32.28,917.6428,-104,2.50,-104.0,2.5
3,2026-07-08 14:40:37,0.23,0.34,1.24,20.48,0.00,21.89,36.20,917.1396,-110,-1.75,-105.0,2.5
4,2026-07-08 14:40:37,0.07,0.37,2.99,58.20,0.00,21.98,32.26,917.6902,-105,2.50,-105.0,2.5
3,2026-07-08 14:50:37,0.25,0.37,1.46,17.81,0.00,21.75,35.61,917.1595,-110,-1.75,-105.0,2.0
4,2026-07-08 14:50:37,0.07,0.36,1.66,15.76,0.00,22.51,31.39,917.6790,-105,2.00,-105.0,2.0
3,2026-07-08 15:00:37,0.29,0.40,1.10,20.43,0.00,21.32,37.91,917.1240,-109,-2.00,-104.0,2.5
4,2026-07-08 15:00:37,0.21,2.68,19.03,327.67,0.00,24.15,29.54,917.6337,-104,2.50,-104.0,2.5
3,2026-07-08 17:00:37,0.23,0.54,2.69,25.01,0.00,18.87,42.20,917.3374,-109,-3.25,-104.0,1.5
4,2026-07-08 17:00:37,0.62,8.10,53.34,327.67,0.00,20.75,33.49,917.8484,-104,1.50,-104.0,1.5
3,2026-07-08 17:30:37,0.24,0.35,1.03,20.40,0.00,18.97,41.34,917.2778,-109,-2.00,-103.0,3.5
4,2026-07-08 17:30:37,1.01,14.11,83.36,327.67,0.00,20.35,35.36,917.7168,-103,3.50,-103.0,3.5
4,2026-07-08 17:40:36,3.85,59.32,327.67,327.67,0.00,19.71,36.90,917.6580,-103,4.50,-103.0,4.5
3,2026-07-08 17:50:37,0.27,0.46,1.51,27.56,0.00,17.72,43.96,917.2483,-109,-2.25,-105.0,2.5
4,2026-07-08 17:50:37,1.13,15.91,95.63,327.67,0.00,18.85,37.85,917.6750,-105,2.50,-105.0,2.5
3,2026-07-08 18:30:37,0.21,0.40,1.92,26.99,0.00,17.25,44.13,917.3787,-109,-1.00,-105.0,2.5
4,2026-07-08 18:30:37,0.15,1.56,8.87,242.39,0.00,18.34,38.44,917.8668,-105,2.50,-105.0,2.5
3,2026-07-08 18:40:37,0.20,0.38,1.44,20.98,0.00,17.09,43.92,917.3965,-110,-2.75,-104.0,2.0
4,2026-07-08 18:40:37,0.21,2.09,11.26,219.75,0.00,18.46,37.97,917.8321,-104,2.00,-104.0,2.0
4,2026-07-08 18:50:36,2.70,42.39,257.24,327.67,0.00,18.36,38.89,917.8160,-106,2.00,-106.0,2.0
3,2026-07-08 19:10:37,0.20,0.32,1.33,20.10,0.00,17.03,44.32,917.4762,-110,-3.50,-103.0,3.75
4,2026-07-08 19:10:37,2.30,34.92,217.57,327.67,0.00,18.07,38.77,917.9087,-103,3.75,-103.0,3.75
4,2026-07-08 19:40:36,3.00,46.39,281.13,327.67,0.00,17.68,39.51,917.8743,-104,3.25,-104.0,3.25
4,2026-07-08 20:00:36,1.75,26.43,160.02,327.67,0.00,16.71,40.53,917.8851,-104,4.25,-104.0,4.25
4,2026-07-08 20:10:36,1.12,16.88,103.12,327.67,0.00,16.05,41.81,917.9563,-102,4.75,-102.0,4.75
4,2026-07-08 21:10:36,1.89,29.67,180.24,327.67,0.00,14.57,44.42,918.0668,-103,5.00,-103.0,5.0
4,2026-07-08 21:20:36,1.78,28.70,179.63,327.67,0.00,14.50,43.57,918.0966,-104,4.25,-104.0,4.25
3,2026-07-08 21:40:37,0.14,0.23,0.79,13.74,0.00,13.76,47.70,917.7543,-110,-2.25,-105.0,2.5
4,2026-07-08 21:40:37,2.06,34.37,217.40,327.67,0.00,14.08,45.12,918.1771,-105,2.50,-105.0,2.5
4,2026-07-08 21:50:36,0.74,10.67,64.16,327.67,0.00,13.80,45.37,918.2473,-105,3.00,-105.0,3.0
3,2026-07-08 23:20:37,0.11,0.21,1.02,21.21,0.00,12.46,50.07,917.9902,-110,-2.00,-103.0,3.25
4,2026-07-08 23:20:37,1.01,16.13,114.83,327.67,0.00,12.49,47.73,918.4431,-103,3.25,-103.0,3.25
3,2026-07-08 23:30:37,0.11,0.19,0.70,17.28,0.00,12.16,50.46,918.0784,-110,-3.00,-105.0,1.75
4,2026-07-08 23:30:37,0.34,4.33,28.72,327.67,0.00,12.23,48.46,918.5048,-105,1.75,-105.0,1.75
3,2026-07-09 01:10:37,0.13,0.22,0.67,14.42,0.00,11.29,53.26,918.7318,-110,-3.00,-104.0,1.75
4,2026-07-09 01:10:37,0.12,0.62,2.79,93.84,0.00,11.43,51.40,919.0098,-104,1.75,-104.0,1.75
3,2026-07-09 02:10:37,0.13,0.27,0.94,17.46,0.00,12.07,50.28,918.9784,-110,-2.75,-103.0,2.5
4,2026-07-09 02:10:37,0.16,1.19,6.44,148.44,0.00,10.69,53.32,919.3084,-103,2.50,-103.0,2.5
3,2026-07-09 02:30:37,0.16,0.27,1.15,26.96,0.00,11.01,53.25,918.8725,-110,-3.50,-105.0,3.0
4,2026-07-09 02:30:37,0.19,1.46,10.29,152.31,0.00,10.71,52.61,919.2867,-105,3.00,-105.0,3.0
3,2026-07-09 02:50:37,0.15,0.27,0.93,23.82,0.00,10.13,56.64,919.0898,-109,-1.00,-105.0,2.75
4,2026-07-09 02:50:37,0.35,3.57,26.66,327.67,0.00,10.37,53.49,919.3563,-105,2.75,-105.0,2.75
4,2026-07-09 03:30:36,0.19,1.54,11.16,324.49,0.00,10.18,54.03,919.5895,-104,4.00,-104.0,4.0
3,2026-07-09 06:10:37,0.15,0.27,0.65,23.30,0.00,9.16,60.51,919.0815,-110,-2.25,-104.0,3.25
4,2026-07-09 06:10:37,0.13,0.27,0.81,22.10,0.00,10.28,55.28,919.3168,-104,3.25,-104.0,3.25
3,2026-07-09 06:30:37,0.14,0.29,0.58,8.91,0.00,9.62,58.99,919.1541,-110,-3.00,-103.0,3.0
4,2026-07-09 06:30:37,0.15,0.31,1.10,24.87,0.00,9.40,58.46,919.5992,-103,3.00,-103.0,3.0
4,2026-07-09 06:40:36,0.14,0.26,0.53,10.43,0.00,9.48,58.17,919.5856,-103,4.75,-103.0,4.75
3,2026-07-09 06:50:37,0.16,0.33,0.80,14.50,0.00,10.12,57.33,919.1772,-110,-2.25,-103.0,3.5
4,2026-07-09 06:50:37,0.15,0.32,0.94,16.87,0.00,9.93,56.58,919.5956,-103,3.50,-103.0,3.5
3,2026-07-09 07:40:37,0.17,0.28,0.78,20.15,0.00,10.95,55.09,919.1749,-110,-2.75,-102.0,3.75
4,2026-07-09 07:40:37,0.12,0.26,1.47,32.85,0.00,13.24,47.34,919.5359,-102,3.75,-102.0,3.75
3,2026-07-09 08:30:36,0.25,0.41,1.18,25.24,0.00,14.07,48.92,919.2697,-110,-3.00,-104.0,2.5
4,2026-07-09 08:30:36,0.11,0.25,0.71,17.01,0.00,14.87,43.54,919.5683,-104,2.50,-104.0,2.5
3,2026-07-09 08:40:37,0.24,0.35,1.00,30.73,0.00,13.95,47.84,919.2552,-109,-1.50,-102.0,3.5
4,2026-07-09 08:40:37,0.11,0.25,1.11,28.37,0.00,15.21,42.78,919.5751,-102,3.50,-102.0,3.5
3,2026-07-09 09:00:37,0.24,0.34,0.91,19.06,0.00,14.87,45.59,919.2039,-109,-1.50,-102.0,3.0
4,2026-07-09 09:00:37,0.10,0.22,0.81,10.73,0.00,16.44,40.17,919.5713,-102,3.00,-102.0,3.0
3,2026-07-09 09:10:36,0.29,0.41,1.30,30.42,0.00,15.52,44.93,919.2461,-109,-0.75,-102.0,4.0
4,2026-07-09 09:10:36,0.10,0.27,1.35,32.50,0.00,16.50,40.48,919.6126,-102,4.00,-102.0,4.0
3,2026-07-09 10:00:36,0.29,0.45,1.46,26.41,0.00,17.74,41.17,919.3572,-109,-0.25,-103.0,3.0
4,2026-07-09 10:00:36,0.07,0.19,0.49,10.54,0.00,17.57,37.70,919.7098,-103,3.00,-103.0,3.0
3,2026-07-09 10:10:36,0.26,0.40,1.28,23.47,0.00,17.93,41.40,919.2676,-109,-1.75,-103.0,3.75
4,2026-07-09 10:10:36,0.07,0.22,0.79,25.19,0.00,17.68,37.84,919.6572,-103,3.75,-103.0,3.75
3,2026-07-09 10:20:36,0.30,0.44,1.22,25.34,0.00,17.99,40.94,919.2262,-109,-1.50,-102.0,3.0
4,2026-07-09 10:20:36,0.07,0.19,0.94,25.26,0.00,18.44,37.16,919.6153,-102,3.00,-102.0,3.0
3,2026-07-09 10:30:36,0.34,0.50,1.48,25.73,0.00,17.92,41.47,919.2120,-109,-1.75,-103.0,3.0
4,2026-07-09 10:30:36,0.07,0.20,1.14,25.97,0.00,18.89,36.35,919.6113,-103,3.00,-103.0,3.0
3,2026-07-09 10:50:36,0.25,0.36,1.35,21.15,0.00,16.95,44.48,919.3115,-109,-1.00,-104.0,3.5
4,2026-07-09 10:50:36,0.08,0.24,1.41,34.95,0.00,19.71,35.64,919.6361,-104,3.50,-104.0,3.5
3,2026-07-09 11:20:37,0.21,0.30,0.86,20.51,0.00,17.70,42.57,919.2046,-110,-3.25,-104.0,2.75
4,2026-07-09 11:20:37,0.07,0.18,1.03,24.98,0.00,19.99,35.09,919.5661,-104,2.75,-104.0,2.75
3,2026-07-09 11:40:36,0.29,0.43,0.78,15.05,0.00,17.58,43.89,919.1009,-110,-3.25,-104.0,2.5
4,2026-07-09 11:40:36,0.07,0.22,0.79,13.07,0.00,19.28,36.43,919.4257,-104,2.50,-104.0,2.5
3,2026-07-09 12:10:37,0.24,0.39,1.16,23.29,0.00,16.84,45.14,919.0787,-110,-4.00,-102.0,3.0
4,2026-07-09 12:10:37,0.08,0.23,1.10,23.53,0.00,18.07,39.56,919.4426,-102,3.00,-102.0,3.0
3,2026-07-09 12:20:36,0.21,0.32,1.10,43.05,0.00,17.61,45.58,919.0963,-109,-1.75,-102.0,4.0
4,2026-07-09 12:20:36,0.09,0.21,0.54,10.37,0.00,19.17,37.73,919.4449,-102,4.00,-102.0,4.0
3,2026-07-09 13:00:36,0.22,0.34,0.73,19.37,0.00,18.98,42.07,919.0259,-109,-1.25,-102.0,4.25
4,2026-07-09 13:00:36,0.07,0.19,0.72,9.37,0.00,20.33,35.82,919.3763,-102,4.25,-102.0,4.25
3,2026-07-09 13:10:36,0.24,0.36,0.98,24.67,0.00,20.01,40.63,919.0121,-110,-2.50,-104.0,1.25
4,2026-07-09 13:10:36,0.08,0.22,0.88,24.28,0.00,21.13,34.18,919.3640,-104,1.25,-104.0,1.25
3,2026-07-09 13:20:36,0.23,0.33,1.05,21.02,0.00,20.62,38.87,918.9187,-110,-2.75,-105.0,2.25
4,2026-07-09 13:20:36,0.08,0.20,0.79,23.98,0.00,19.96,36.34,919.2894,-105,2.25,-105.0,2.25
3,2026-07-09 13:30:36,0.25,0.41,1.32,27.60,0.00,19.71,40.26,918.8727,-110,-3.00,-105.0,2.25
4,2026-07-09 13:30:36,0.07,0.20,1.54,28.76,0.00,19.67,37.09,919.3211,-105,2.25,-105.0,2.25
3,2026-07-09 13:40:36,0.28,0.41,1.21,26.59,0.00,19.43,41.90,918.9060,-110,-3.25,-102.0,3.5
4,2026-07-09 13:40:36,0.08,0.18,0.27,2.88,0.00,19.79,37.28,919.3175,-102,3.50,-102.0,3.5
3,2026-07-09 13:50:36,0.29,0.41,0.85,17.60,0.00,19.58,40.97,918.8390,-110,-2.50,-102.0,3.75
4,2026-07-09 13:50:36,0.08,0.19,0.73,10.89,0.00,20.04,36.70,919.2643,-102,3.75,-102.0,3.75
3,2026-07-09 14:10:36,0.28,0.41,2.14,30.37,0.00,19.38,41.70,918.8746,-110,-1.75,-103.0,2.0
4,2026-07-09 14:10:36,0.07,0.23,1.22,23.39,0.00,19.93,38.26,919.3049,-103,2.00,-103.0,2.0
3,2026-07-09 14:20:36,0.32,0.49,1.61,24.70,0.00,19.84,40.15,918.8445,-110,-1.75,-104.0,2.5
4,2026-07-09 14:20:36,0.08,0.24,0.67,10.36,0.00,20.23,38.40,919.2857,-104,2.50,-104.0,2.5
3,2026-07-09 14:30:36,0.27,0.39,1.45,27.28,0.00,20.41,39.19,918.8822,-110,-2.00,-104.0,1.75
4,2026-07-09 14:30:36,0.08,0.20,0.71,15.75,0.00,20.35,38.08,919.3109,-104,1.75,-104.0,1.75
3,2026-07-09 14:40:36,0.31,0.45,0.93,22.46,0.00,21.18,37.60,918.9390,-110,-1.50,-104.0,2.5
4,2026-07-09 14:40:36,0.07,0.19,0.94,17.31,0.00,21.17,35.64,919.3283,-104,2.50,-104.0,2.5
3,2026-07-09 14:50:37,0.32,0.45,1.12,26.97,0.00,21.75,37.20,918.9092,-109,-1.50,-105.0,0.75
4,2026-07-09 14:50:37,0.06,0.17,0.84,20.95,0.00,22.05,33.33,919.3165,-105,0.75,-105.0,0.75
3,2026-07-09 15:00:37,0.30,0.48,1.65,21.08,0.00,21.66,37.24,918.9153,-110,-2.00,-105.0,0.75
4,2026-07-09 15:00:37,0.07,0.18,0.60,15.14,0.00,22.42,32.78,919.3391,-105,0.75,-105.0,0.75
3,2026-07-09 15:10:37,0.27,0.39,1.00,15.66,0.00,21.90,35.37,918.8966,-109,-1.00,-105.0,1.25
4,2026-07-09 15:10:37,0.07,0.17,0.50,10.64,0.00,22.86,31.02,919.3317,-105,1.25,-105.0,1.25
3,2026-07-09 15:20:37,0.32,0.44,1.25,25.03,0.00,22.83,34.12,918.9420,-110,-1.75,-104.0,1.5
4,2026-07-09 15:20:37,0.07,0.15,0.27,5.47,0.00,23.02,30.08,919.3410,-104,1.50,-104.0,1.5
3,2026-07-09 15:30:36,0.34,0.44,1.04,28.86,0.00,23.08,33.80,919.0295,-110,-1.75,-104.0,2.75
4,2026-07-09 15:30:36,0.07,0.17,0.43,10.08,0.00,22.40,29.86,919.3909,-104,2.75,-104.0,2.75
3,2026-07-09 15:40:36,0.41,0.53,0.95,18.94,0.00,23.41,32.28,919.0884,-110,-1.50,-102.0,2.25
4,2026-07-09 15:40:36,0.07,0.16,0.95,25.44,0.00,22.01,31.14,919.4626,-102,2.25,-102.0,2.25
3,2026-07-09 15:50:36,0.40,0.51,0.83,12.89,0.00,22.79,32.01,919.0568,-110,-1.50,-105.0,1.25
4,2026-07-09 15:50:36,0.09,0.19,0.47,11.94,0.00,21.25,32.48,919.4912,-105,1.25,-105.0,1.25
3,2026-07-09 16:00:36,0.27,0.39,0.85,21.28,0.00,21.56,35.15,919.0479,-110,-1.75,-105.0,1.25
4,2026-07-09 16:00:36,0.07,0.20,0.77,15.62,0.00,19.88,35.61,919.5163,-105,1.25,-105.0,1.25
3,2026-07-09 16:10:36,0.35,0.49,1.43,26.51,0.00,21.00,37.40,919.0526,-110,-1.75,-105.0,0.25
4,2026-07-09 16:10:36,0.08,0.19,0.78,18.28,0.00,19.60,35.67,919.5011,-105,0.25,-105.0,0.25
3,2026-07-09 16:20:36,0.29,0.45,1.04,9.09,0.00,20.95,36.43,918.9894,-110,-1.50,-103.0,1.0
4,2026-07-09 16:20:36,0.07,0.17,0.34,10.03,0.00,20.00,34.73,919.4325,-103,1.00,-103.0,1.0
3,2026-07-09 16:40:36,0.28,0.40,1.09,23.56,0.00,21.83,33.61,919.0308,-110,-2.25,-103.0,2.25
4,2026-07-09 16:40:36,0.09,0.19,1.11,26.42,0.00,20.60,34.50,919.5013,-103,2.25,-103.0,2.25
3,2026-07-09 16:50:36,0.30,0.41,0.97,25.66,0.00,22.77,31.60,919.0083,-110,-2.50,-104.0,1.5
4,2026-07-09 16:50:36,0.08,0.17,0.57,23.96,0.00,22.82,31.15,919.4558,-104,1.50,-104.0,1.5
3,2026-07-09 17:00:36,0.32,0.43,0.93,16.46,0.00,24.42,29.39,918.9952,-110,-2.25,-104.0,1.5
4,2026-07-09 17:00:36,0.09,0.27,1.05,25.34,0.00,23.49,30.29,919.4116,-104,1.50,-104.0,1.5
3,2026-07-09 17:10:36,0.46,0.55,1.30,24.73,0.00,25.68,26.96,918.9544,-110,-3.00,-106.0,0.25
4,2026-07-09 17:10:36,0.07,0.19,1.05,27.09,0.00,24.10,29.21,919.4121,-106,0.25,-106.0,0.25
3,2026-07-09 17:20:36,0.38,0.46,0.94,25.52,0.00,24.88,29.10,918.8524,-110,-1.75,-104.0,1.25
4,2026-07-09 17:20:36,0.08,0.19,0.70,30.35,0.00,24.57,26.71,919.3242,-104,1.25,-104.0,1.25
3,2026-07-09 17:30:36,0.39,0.51,1.14,18.27,0.00,24.45,29.18,918.8354,-110,-1.25,-104.0,1.75
4,2026-07-09 17:30:36,0.06,0.17,0.71,19.70,0.00,24.34,27.22,919.3235,-104,1.75,-104.0,1.75
3,2026-07-09 17:40:36,0.36,0.52,1.28,23.74,0.00,24.12,29.69,918.7958,-110,-1.50,-104.0,1.25
4,2026-07-09 17:40:36,0.08,0.21,0.78,17.99,0.00,22.92,27.90,919.2802,-104,1.25,-104.0,1.25
3,2026-07-09 17:50:36,0.31,0.40,0.89,26.63,0.00,23.15,30.94,918.7246,-110,-1.50,-106.0,1.25
4,2026-07-09 17:50:36,0.07,0.18,0.52,11.23,0.00,21.99,29.42,919.2132,-106,1.25,-106.0,1.25
3,2026-07-09 18:00:36,0.33,0.43,0.76,10.06,0.00,22.30,33.84,918.6447,-110,-2.00,-103.0,2.5
4,2026-07-09 18:00:36,0.08,0.25,1.16,25.67,0.00,22.26,29.26,919.1590,-103,2.50,-103.0,2.5
3,2026-07-09 18:10:36,0.36,0.47,1.03,18.45,0.00,22.06,33.04,918.6268,-110,-2.25,-105.0,0.5
4,2026-07-09 18:10:36,0.08,0.17,0.41,6.39,0.00,23.08,27.95,919.1503,-105,0.50,-105.0,0.5
3,2026-07-09 18:20:36,0.34,0.45,0.83,13.95,0.00,22.36,30.83,918.6121,-109,-1.75,-105.0,0.5
4,2026-07-09 18:20:36,0.07,0.15,0.35,9.91,0.00,23.20,26.40,919.1120,-105,0.50,-105.0,0.5
3,2026-07-09 18:30:36,0.35,0.48,0.71,6.67,0.00,23.66,28.41,918.6095,-110,-2.50,-104.0,1.75
4,2026-07-09 18:30:36,0.07,0.18,0.42,5.44,0.00,23.95,25.66,919.0805,-104,1.75,-104.0,1.75
3,2026-07-09 18:40:36,0.42,0.56,1.36,27.97,0.00,26.46,25.21,918.6033,-110,-2.50,-105.0,0.75
4,2026-07-09 18:40:36,0.06,0.14,0.35,10.76,0.00,24.42,23.08,919.0376,-105,0.75,-105.0,0.75
3,2026-07-09 18:50:36,0.49,0.61,1.38,31.33,0.00,27.17,25.70,918.5455,-110,-2.75,-104.0,2.0
4,2026-07-09 18:50:36,0.06,0.12,0.35,9.78,0.00,26.07,23.62,918.9920,-104,2.00,-104.0,2.0
3,2026-07-09 19:00:36,0.44,0.56,1.53,25.39,0.00,26.00,26.28,918.4676,-109,-1.25,-104.0,2.0
4,2026-07-09 19:00:36,0.06,0.15,0.34,9.42,0.00,25.50,23.37,918.9999,-104,2.00,-104.0,2.0
3,2026-07-09 19:10:36,0.42,0.55,0.78,7.12,0.00,24.92,27.41,918.4645,-110,-1.25,-106.0,1.0
4,2026-07-09 19:10:36,0.06,0.15,0.46,15.08,0.00,24.24,25.20,918.9614,-106,1.00,-106.0,1.0
3,2026-07-09 19:50:36,0.32,0.43,0.74,17.15,0.00,22.17,33.15,918.3200,-110,-1.50,-106.0,0.5
4,2026-07-09 19:50:36,0.07,0.20,0.75,23.89,0.00,21.66,30.05,918.8710,-106,0.50,-106.0,0.5
3,2026-07-09 20:50:36,0.24,0.36,1.42,28.23,0.00,18.84,39.42,918.4667,-109,-0.25,-105.0,2.25
4,2026-07-09 20:50:36,0.09,0.23,1.25,18.21,0.00,18.11,39.75,918.9788,-105,2.25,-105.0,2.25
3,2026-07-09 21:00:36,0.20,0.33,1.27,27.99,0.00,18.53,41.01,918.5461,-109,-1.50,-104.0,1.5
4,2026-07-09 21:00:36,0.08,0.22,0.83,10.83,0.00,17.92,40.21,919.0330,-104,1.50,-104.0,1.5
3,2026-07-09 21:40:36,0.19,0.34,1.47,42.46,0.00,17.89,44.60,918.8447,-109,-1.00,-106.0,0.25
4,2026-07-09 21:40:36,0.11,0.49,3.74,69.00,0.00,17.36,42.79,919.2405,-106,0.25,-106.0,0.25
3,2026-07-09 22:00:36,0.20,0.29,0.75,14.71,0.00,17.56,45.67,919.0144,-109,0.25,-104.0,0.75
4,2026-07-09 22:00:36,0.11,0.28,1.44,22.89,0.00,16.93,46.54,919.2974,-104,0.75,-104.0,0.75
3,2026-07-09 22:10:36,0.24,0.38,1.39,30.13,0.00,17.68,45.99,919.1190,-109,0.25,-100.0,4.5
4,2026-07-09 22:10:36,0.10,0.21,1.04,23.98,0.00,16.73,48.16,919.4016,-100,4.50,-100.0,4.5
3,2026-07-09 22:20:36,0.21,0.34,0.86,10.53,0.00,17.46,44.90,919.2095,-108,0.75,-100.0,3.75
4,2026-07-09 22:20:36,0.11,0.31,1.12,17.21,0.00,16.50,49.64,919.5380,-100,3.75,-100.0,3.75
3,2026-07-09 22:30:36,0.20,0.33,0.97,22.85,0.00,17.61,43.83,919.2333,-109,-1.25,-103.0,2.75
4,2026-07-09 22:30:36,0.11,0.26,1.41,35.24,0.00,16.75,46.50,919.7235,-103,2.75,-103.0,2.75
3,2026-07-09 22:40:36,0.18,0.28,0.75,13.81,0.00,17.45,46.45,919.2300,-110,-1.75,-101.0,3.25
4,2026-07-09 22:40:36,0.11,0.24,0.79,24.71,0.00,16.30,49.90,919.6941,-101,3.25,-101.0,3.25
3,2026-07-09 22:50:36,0.22,0.40,0.91,16.15,0.00,17.16,48.09,919.2490,-109,-0.25,-100.0,3.25
4,2026-07-09 22:50:36,0.09,0.24,1.03,24.60,0.00,16.00,51.35,919.7284,-100,3.25,-100.0,3.25
3,2026-07-09 23:00:36,0.22,0.42,1.41,24.75,0.00,17.04,48.84,919.3774,-110,-0.75,-100.0,3.25
4,2026-07-09 23:00:36,0.10,0.27,0.94,18.37,0.00,15.97,52.98,919.8208,-100,3.25,-100.0,3.25
3,2026-07-09 23:10:36,0.22,0.39,1.43,22.87,0.00,17.17,47.85,919.4946,-109,-0.50,-102.0,3.5
4,2026-07-09 23:10:36,0.11,0.31,1.19,19.50,0.00,16.42,52.37,919.9009,-102,3.50,-102.0,3.5
3,2026-07-09 23:20:36,0.22,0.40,1.74,30.29,0.00,17.23,48.88,919.5664,-109,0.00,-104.0,3.25
4,2026-07-09 23:20:36,0.11,0.27,0.89,16.93,0.00,16.06,55.40,920.0548,-104,3.25,-104.0,3.25
3,2026-07-09 23:30:36,0.20,0.38,1.91,23.87,0.00,16.51,53.22,919.6796,-109,-0.75,-102.0,4.25
4,2026-07-09 23:30:36,0.12,0.29,0.83,10.77,0.00,15.62,55.01,920.1507,-102,4.25,-102.0,4.25
3,2026-07-09 23:40:36,0.20,0.38,2.18,58.75,0.00,16.13,55.38,919.7730,-109,-0.75,-101.0,3.5
4,2026-07-09 23:40:36,0.10,0.30,1.44,22.13,0.00,15.69,56.16,920.2112,-101,3.50,-101.0,3.5
3,2026-07-10 00:10:36,0.16,0.35,1.75,22.33,0.00,16.19,54.34,920.0371,-109,-0.50,-100.0,4.75
4,2026-07-10 00:10:36,0.12,0.38,2.15,32.78,0.00,15.64,54.86,920.4425,-100,4.75,-100.0,4.75
3,2026-07-10 00:20:36,0.15,0.29,0.99,14.14,0.00,16.31,53.38,920.0830,-109,0.25,-102.0,3.5
4,2026-07-10 00:20:36,0.09,0.22,0.95,22.81,0.00,15.19,55.96,920.4532,-102,3.50,-102.0,3.5
3,2026-07-10 00:30:36,0.18,0.39,1.91,27.78,0.00,16.27,54.47,920.1793,-108,0.75,-100.0,4.75
4,2026-07-10 00:30:36,0.13,0.34,1.67,25.04,0.00,15.54,57.99,920.6226,-100,4.75,-100.0,4.75
4,2026-07-10 00:40:36,0.13,0.38,2.04,26.03,0.00,15.05,58.27,920.6269,-101,6.00,-101.0,6.0
3,2026-07-10 00:50:36,0.16,0.41,1.53,24.99,0.00,15.30,60.01,920.2078,-108,1.00,-102.0,3.25
4,2026-07-10 00:50:36,0.15,0.48,2.40,35.03,0.00,15.42,59.20,920.5699,-102,3.25,-102.0,3.25
3,2026-07-10 01:00:36,0.19,0.43,1.62,20.03,0.00,15.30,60.96,920.2441,-110,0.00,-103.0,4.0
4,2026-07-10 01:00:36,0.14,0.37,1.52,33.44,0.00,14.86,59.49,920.6306,-103,4.00,-103.0,4.0
3,2026-07-10 01:20:36,0.15,0.30,1.50,21.49,0.00,15.11,60.88,920.4489,-109,-0.25,-101.0,4.75
4,2026-07-10 01:20:36,0.08,0.20,0.78,15.59,0.00,14.59,60.03,920.8098,-101,4.75,-101.0,4.75
3,2026-07-10 01:30:36,0.16,0.30,1.64,20.01,0.00,15.01,59.88,920.5268,-108,0.75,-101.0,3.75
4,2026-07-10 01:30:36,0.08,0.26,2.02,33.54,0.00,14.10,61.69,920.9045,-101,3.75,-101.0,3.75
4,2026-07-10 01:50:36,0.16,1.01,10.16,103.25,0.82,13.72,62.46,921.0940,-105,3.75,-105.0,3.75
3,2026-07-10 02:00:36,0.11,0.27,0.94,19.35,0.00,13.88,63.15,920.8723,-109,-0.25,-103.0,1.25
4,2026-07-10 02:00:36,0.10,0.44,4.38,38.97,1.72,13.56,63.10,921.2114,-103,1.25,-103.0,1.25
4,2026-07-10 02:10:36,0.10,0.33,1.93,33.66,0.49,13.80,62.83,921.4264,-104,3.00,-104.0,3.0
3,2026-07-10 02:30:36,0.15,0.31,1.45,29.53,0.00,14.47,61.32,921.1961,-109,-0.50,-101.0,4.5
4,2026-07-10 02:30:36,0.08,0.24,0.98,14.31,0.00,13.16,65.10,921.4799,-101,4.50,-101.0,4.5
3,2026-07-10 04:10:36,0.15,0.35,1.07,18.67,0.00,13.81,62.64,921.5598,-108,0.25,-102.0,4.0
4,2026-07-10 04:10:36,0.15,1.62,13.51,147.37,1.03,12.38,67.29,921.8697,-102,4.00,-102.0,4.0
3,2026-07-10 07:20:36,0.14,0.35,1.17,12.84,0.00,13.56,67.70,922.6703,-108,1.00,-105.0,1.75
4,2026-07-10 07:20:36,0.10,0.31,6.60,327.67,0.00,13.15,67.02,923.1683,-105,1.75,-105.0,1.75
3,2026-07-10 07:30:36,0.17,0.35,0.82,13.84,0.00,13.51,68.33,922.6816,-109,0.75,-103.0,2.0
4,2026-07-10 07:30:36,0.11,0.33,2.11,26.03,0.00,13.03,68.29,923.2428,-103,2.00,-103.0,2.0
3,2026-07-10 07:40:36,0.18,0.37,0.89,14.83,0.00,13.41,68.59,922.7397,-109,0.25,-101.0,4.75
4,2026-07-10 07:40:36,0.09,0.27,0.93,12.04,0.00,13.13,67.64,923.3078,-101,4.75,-101.0,4.75
3,2026-07-10 11:20:36,0.15,0.26,0.83,12.80,0.00,14.84,65.29,923.0608,-109,0.25,-103.0,3.25
4,2026-07-10 11:20:36,0.09,0.18,0.68,9.37,0.00,14.07,66.32,923.4602,-103,3.25,-103.0,3.25
4,2026-07-10 11:30:36,0.09,0.29,1.29,25.06,0.00,13.78,67.00,923.4332,-104,3.50,-104.0,3.5
3,2026-07-10 11:50:36,0.17,0.28,0.76,14.00,0.00,14.89,64.70,923.1648,-109,0.75,-104.0,0.75
4,2026-07-10 11:50:36,0.10,0.23,0.52,13.29,0.00,13.97,66.22,923.5566,-104,0.75,-104.0,0.75
3,2026-07-10 12:10:36,0.21,0.34,0.99,22.04,0.00,15.24,64.35,923.2324,-109,0.50,-103.0,3.5
4,2026-07-10 12:10:36,0.10,0.26,1.00,15.87,0.00,14.51,64.41,923.7029,-103,3.50,-103.0,3.5
3,2026-07-10 12:50:36,0.20,0.33,0.76,13.50,0.00,15.77,62.43,923.4542,-109,-0.25,-105.0,1.5
4,2026-07-10 12:50:36,0.10,0.21,0.71,13.25,0.00,14.91,63.49,923.8664,-105,1.50,-105.0,1.5
3,2026-07-10 13:10:36,0.21,0.40,1.16,11.25,0.00,16.66,59.85,923.4545,-109,0.00,-104.0,3.25
4,2026-07-10 13:10:36,0.12,0.27,0.56,11.19,0.00,15.55,62.44,923.9317,-104,3.25,-104.0,3.25
3,2026-07-10 13:20:36,0.21,0.36,0.72,9.02,0.00,17.12,58.72,923.5000,-109,-0.25,-104.0,1.5
4,2026-07-10 13:20:36,0.13,0.27,0.87,10.79,0.00,15.89,61.64,923.9486,-104,1.50,-104.0,1.5
3,2026-07-10 14:30:36,0.25,0.43,1.65,22.94,0.00,18.67,55.43,923.3900,-108,1.00,-103.0,2.0
4,2026-07-10 14:30:36,0.13,0.28,0.94,19.83,0.00,16.72,59.54,923.8068,-103,2.00,-103.0,2.0
3,2026-07-10 14:40:36,0.27,0.42,1.23,24.48,0.00,19.26,54.00,923.3754,-109,1.25,-104.0,2.0
4,2026-07-10 14:40:36,0.15,0.32,0.95,16.33,0.00,17.12,58.28,923.8072,-104,2.00,-104.0,2.0
3,2026-07-10 14:50:36,0.29,0.48,1.74,19.95,0.00,19.68,53.63,923.3569,-109,0.75,-104.0,2.0
4,2026-07-10 14:50:36,0.16,0.35,1.17,26.12,0.00,17.94,55.63,923.7781,-104,2.00,-104.0,2.0
3,2026-07-10 15:00:36,0.37,0.56,1.34,16.16,0.00,20.07,52.57,923.2953,-108,0.50,-105.0,1.75
4,2026-07-10 15:00:36,0.16,0.30,1.10,15.69,0.00,18.76,53.54,923.7726,-105,1.75,-105.0,1.75
3,2026-07-10 15:20:36,0.41,0.60,1.74,22.77,0.00,20.94,50.13,923.1611,-109,-0.50,-105.0,2.5
4,2026-07-10 15:20:36,0.16,0.33,0.72,9.61,0.00,19.70,50.58,923.6174,-105,2.50,-105.0,2.5
3,2026-07-10 16:40:36,0.42,0.56,1.38,35.54,0.00,22.27,47.18,922.7550,-109,0.50,-104.0,2.75
4,2026-07-10 16:40:36,0.16,0.29,0.84,19.80,0.00,19.60,50.55,923.2224,-104,2.75,-104.0,2.75
3,2026-07-10 17:20:36,0.41,0.59,1.30,19.93,0.00,22.55,46.58,922.6907,-109,0.25,-105.0,1.75
4,2026-07-10 17:20:36,0.20,0.33,0.51,7.04,0.00,20.47,48.30,923.1814,-105,1.75,-105.0,1.75
3,2026-07-10 17:40:36,0.36,0.51,0.99,12.89,0.00,21.51,49.40,922.6022,-108,0.25,-105.0,1.25
4,2026-07-10 17:40:36,0.18,0.29,0.72,14.93,0.00,20.21,48.91,923.0873,-105,1.25,-105.0,1.25
3,2026-07-10 18:00:36,0.42,0.54,1.00,14.45,0.00,20.87,49.86,922.5252,-110,-1.00,-104.0,3.0
4,2026-07-10 18:00:36,0.18,0.29,0.70,12.84,0.00,19.78,49.66,922.9845,-104,3.00,-104.0,3.0
3,2026-07-10 18:20:36,0.35,0.48,1.41,22.97,0.00,20.99,49.23,922.5462,-108,0.00,-104.0,1.5
4,2026-07-10 18:20:36,0.18,0.28,0.66,9.49,0.00,19.25,51.26,922.8810,-104,1.50,-104.0,1.5
3,2026-07-10 18:30:36,0.38,0.49,0.69,8.37,0.00,20.63,50.19,922.5310,-108,1.00,-102.0,3.5
4,2026-07-10 18:30:36,0.20,0.29,0.57,7.78,0.00,19.02,52.07,922.8736,-102,3.50,-102.0,3.5
3,2026-07-10 18:50:36,0.42,0.62,1.66,19.27,0.00,20.54,50.26,922.4984,-110,-0.25,-104.0,1.0
4,2026-07-10 18:50:36,0.24,0.38,1.49,29.87,0.00,18.75,53.86,922.9404,-104,1.00,-104.0,1.0
3,2026-07-10 19:00:36,0.45,0.59,1.63,24.57,0.00,20.90,49.06,922.5143,-110,-1.00,-104.0,3.25
4,2026-07-10 19:00:36,0.26,0.38,1.30,17.54,0.00,19.03,53.21,922.9790,-104,3.25,-104.0,3.25
3,2026-07-10 19:30:36,0.41,0.58,1.73,59.32,0.00,20.79,50.84,922.4024,-109,-0.75,-104.0,1.5
4,2026-07-10 19:30:36,0.30,0.41,1.25,26.03,0.00,19.98,50.50,922.8913,-104,1.50,-104.0,1.5
3,2026-07-10 19:40:36,0.44,0.57,1.21,35.49,0.00,21.65,49.83,922.3744,-109,0.50,-104.0,3.0
4,2026-07-10 19:40:36,0.30,0.43,1.18,31.13,0.00,20.29,49.53,922.8631,-104,3.00,-104.0,3.0
3,2026-07-10 20:00:36,0.53,0.66,1.24,20.87,0.00,23.73,43.37,922.2976,-110,-0.75,-104.0,1.0
4,2026-07-10 20:00:36,0.33,0.54,1.69,23.86,0.00,22.68,44.57,922.7487,-104,1.00,-104.0,1.0
3,2026-07-10 20:10:36,0.58,0.74,1.38,23.51,0.00,23.49,45.03,922.2310,-110,-0.25,-104.0,3.25
4,2026-07-10 20:10:36,0.32,0.46,1.00,15.66,0.00,21.95,46.22,922.6853,-104,3.25,-104.0,3.25
3,2026-07-10 20:40:36,0.61,0.77,1.56,22.24,0.00,22.20,47.35,922.2067,-110,-1.00,-105.0,1.5
4,2026-07-10 20:40:36,0.32,0.44,1.13,15.67,0.00,21.65,47.25,922.6328,-105,1.50,-105.0,1.5
3,2026-07-10 20:50:36,0.68,0.87,1.37,21.49,0.00,22.93,44.47,922.2261,-110,-1.25,-105.0,1.5
4,2026-07-10 20:50:36,0.30,0.44,1.28,15.35,0.00,22.10,46.50,922.6646,-105,1.50,-105.0,1.5
3,2026-07-10 21:00:36,0.69,0.88,1.38,15.47,0.00,22.62,45.92,922.1672,-110,-1.25,-105.0,1.75
4,2026-07-10 21:00:36,0.32,0.45,1.36,22.76,0.00,22.11,47.50,922.6705,-105,1.75,-105.0,1.75
3,2026-07-10 21:10:36,0.62,0.77,1.41,21.37,0.00,22.61,46.18,922.1337,-110,-1.00,-105.0,1.25
4,2026-07-10 21:10:36,0.34,0.52,1.31,20.05,0.00,22.17,46.61,922.6047,-105,1.25,-105.0,1.25
3,2026-07-10 21:20:36,0.70,0.86,1.86,42.84,0.00,22.51,45.92,922.0770,-109,-0.50,-104.0,2.5
4,2026-07-10 21:20:36,0.33,0.51,1.21,10.50,0.00,22.04,47.22,922.5429,-104,2.50,-104.0,2.5
3,2026-07-10 21:30:36,0.70,0.90,2.01,43.96,0.00,22.36,46.41,922.0840,-109,-0.25,-104.0,1.5
4,2026-07-10 21:30:36,0.44,0.61,1.22,26.42,1.77,21.60,48.91,922.5655,-104,1.50,-104.0,1.5
3,2026-07-10 21:50:36,0.60,0.79,1.53,14.88,0.00,21.00,52.73,922.1515,-109,0.00,-104.0,1.5
4,2026-07-10 21:50:36,0.62,0.89,1.74,28.72,0.00,19.37,53.20,922.6190,-104,1.50,-104.0,1.5
3,2026-07-10 22:10:36,0.63,0.80,1.27,10.29,0.00,20.51,51.55,922.1489,-110,-1.50,-103.0,1.5
4,2026-07-10 22:10:36,0.67,0.88,1.55,26.98,0.02,18.48,57.02,922.6628,-103,1.50,-103.0,1.5
3,2026-07-10 22:40:36,0.59,0.75,2.08,33.26,0.00,18.23,58.72,922.0508,-109,0.00,-105.0,2.25
4,2026-07-10 22:40:36,0.68,0.91,1.65,12.84,0.00,17.48,60.71,922.5827,-105,2.25,-105.0,2.25
3,2026-07-10 22:50:36,0.63,0.82,1.83,31.90,0.00,17.29,63.15,922.1128,-109,-0.25,-104.0,1.5
4,2026-07-10 22:50:36,0.95,1.41,4.69,33.33,0.00,16.97,62.12,922.5985,-104,1.50,-104.0,1.5
3,2026-07-10 23:00:36,0.69,0.95,1.84,18.45,0.00,16.90,63.52,922.1781,-109,0.50,-104.0,0.75
4,2026-07-10 23:00:36,1.01,1.29,2.97,28.00,2.38,16.58,63.18,922.6917,-104,0.75,-104.0,0.75
3,2026-07-10 23:10:36,0.77,1.10,2.43,20.54,0.00,16.39,64.13,922.2453,-109,0.75,-105.0,2.0
4,2026-07-10 23:10:36,0.74,1.02,2.35,26.16,1.27,16.33,63.52,922.7388,-105,2.00,-105.0,2.0
3,2026-07-10 23:50:36,1.28,1.67,3.16,23.18,0.00,15.36,65.44,922.2960,-110,-1.25,-104.0,1.25
4,2026-07-10 23:50:36,1.31,1.67,2.51,23.80,0.00,15.01,67.04,922.7839,-104,1.25,-104.0,1.25
3,2026-07-11 00:30:36,1.98,2.53,3.87,47.27,0.00,13.19,73.11,922.2333,-109,0.25,-104.0,2.5
4,2026-07-11 00:30:36,1.53,1.96,2.88,16.88,0.00,13.86,70.05,922.7075,-104,2.50,-104.0,2.5
3,2026-07-11 00:40:36,2.34,3.00,4.51,25.12,0.00,12.95,72.32,922.1958,-109,-0.75,-104.0,2.5
4,2026-07-11 00:40:36,1.51,1.90,3.15,26.16,0.00,13.81,70.38,922.6636,-104,2.50,-104.0,2.5
3,2026-07-11 01:00:36,3.44,4.27,5.74,22.33,0.00,12.36,71.60,922.2390,-109,-1.50,-103.0,2.75
4,2026-07-11 01:00:36,1.96,2.39,3.43,16.57,0.12,13.00,72.21,922.7182,-103,2.75,-103.0,2.75
3,2026-07-11 03:00:36,5.07,6.48,8.31,27.87,0.00,10.03,75.75,921.9519,-109,-1.25,-104.0,2.0
4,2026-07-11 03:00:36,4.58,5.64,7.71,30.23,7.84,10.28,77.67,922.2920,-104,2.00,-104.0,2.0
3,2026-07-11 03:10:36,4.78,6.23,7.98,30.39,0.00,9.90,77.45,922.0119,-109,-1.25,-104.0,1.75
4,2026-07-11 03:10:36,4.81,5.90,7.48,20.56,2.85,10.53,76.26,922.3794,-104,1.75,-104.0,1.75
3,2026-07-11 03:20:36,4.90,6.39,8.76,28.14,0.00,10.14,77.96,922.0139,-109,-1.50,-105.0,1.5
4,2026-07-11 03:20:36,4.02,4.89,5.76,15.21,0.12,10.39,77.14,922.4284,-105,1.50,-105.0,1.5
3,2026-07-11 04:00:36,5.22,6.98,8.35,28.69,0.00,10.28,75.56,922.2010,-109,-1.25,-104.0,1.5
4,2026-07-11 04:00:36,5.63,7.10,8.99,27.96,4.97,10.50,77.62,922.6199,-104,1.50,-104.0,1.5
3,2026-07-11 04:10:36,4.26,5.59,7.17,22.72,0.00,10.73,74.41,922.1687,-110,-1.75,-105.0,1.75
4,2026-07-11 04:10:36,5.01,6.23,7.86,24.41,6.92,10.64,76.24,922.6562,-105,1.75,-105.0,1.75
3,2026-07-11 07:00:36,6.57,8.08,9.42,26.16,0.00,11.01,71.53,921.4542,-110,-1.50,-101.0,5.0
4,2026-07-11 07:00:36,6.05,6.84,7.34,23.88,0.00,11.34,67.94,921.6798,-101,5.00,-101.0,5.0
3,2026-07-11 08:20:36,8.86,10.81,12.68,30.96,0.00,12.96,64.52,921.4606,-109,-1.25,-103.0,3.75
4,2026-07-11 08:20:36,8.21,9.51,10.31,32.27,0.05,13.16,61.48,921.7773,-103,3.75,-103.0,3.75
3,2026-07-11 08:30:36,8.83,10.65,11.63,29.21,0.00,13.54,63.52,921.4750,-110,-2.25,-104.0,3.0
4,2026-07-11 08:30:36,8.98,10.28,11.28,29.23,0.25,14.04,58.29,921.7844,-104,3.00,-104.0,3.0
3,2026-07-11 08:40:36,9.26,11.06,12.44,30.97,0.00,14.47,59.57,921.4083,-110,-2.50,-103.0,3.5
4,2026-07-11 08:40:36,9.96,11.44,12.28,36.45,0.77,14.54,55.21,921.7148,-103,3.50,-103.0,3.5
3,2026-07-11 08:50:36,9.46,11.25,12.36,26.12,0.00,15.65,56.45,921.3911,-110,-4.25,-105.0,2.5
4,2026-07-11 08:50:36,8.29,9.48,10.23,26.40,0.70,16.39,52.85,921.5939,-105,2.50,-105.0,2.5
3,2026-07-11 09:10:36,9.10,10.67,11.44,29.41,0.00,16.80,52.71,921.3152,-109,-2.50,-102.0,3.25
4,2026-07-11 09:10:36,8.55,9.75,10.53,30.35,0.00,14.89,55.97,921.5733,-102,3.25,-102.0,3.25
3,2026-07-11 10:20:36,5.95,6.85,7.90,22.78,0.00,18.04,51.76,921.0899,-110,-1.75,-103.0,3.5
4,2026-07-11 10:20:36,6.18,7.05,7.93,32.70,0.00,19.98,45.34,921.3805,-103,3.50,-103.0,3.5
3,2026-07-11 10:30:36,5.44,6.28,7.47,30.05,0.00,19.06,50.27,921.0513,-109,-0.50,-102.0,4.0
4,2026-07-11 10:30:36,6.04,6.90,7.72,26.10,0.05,20.77,43.70,921.3297,-102,4.00,-102.0,4.0
3,2026-07-11 10:40:36,5.16,5.94,7.11,27.50,0.00,19.82,48.23,920.9276,-109,-1.75,-102.0,4.0
4,2026-07-11 10:40:36,5.88,6.77,7.50,17.43,0.01,21.28,42.79,921.2246,-102,4.00,-102.0,4.0
3,2026-07-11 10:50:36,4.61,5.28,5.95,23.12,0.00,20.04,48.60,920.8595,-109,-0.75,-102.0,3.25
4,2026-07-11 10:50:36,4.96,6.10,13.07,110.26,0.00,21.35,43.36,921.0985,-102,3.25,-102.0,3.25
3,2026-07-11 11:00:36,4.84,5.54,6.24,25.03,0.00,19.72,49.52,920.7425,-110,-2.50,-101.0,4.0
4,2026-07-11 11:00:36,4.26,4.90,7.31,107.26,0.16,21.79,43.20,921.0128,-101,4.00,-101.0,4.0
3,2026-07-11 11:10:36,5.33,6.12,6.99,22.58,0.00,19.82,49.84,920.6331,-110,-4.00,-102.0,3.0
4,2026-07-11 11:10:36,4.73,5.50,7.02,24.46,0.00,22.46,41.81,920.8728,-102,3.00,-102.0,3.0
3,2026-07-11 11:20:36,4.92,5.64,6.62,26.54,0.00,20.34,49.28,920.4976,-109,-1.75,-103.0,3.0
4,2026-07-11 11:20:36,4.78,6.24,16.78,213.60,0.00,22.75,41.24,920.7754,-103,3.00,-103.0,3.0
3,2026-07-11 11:40:36,6.32,7.26,8.33,29.86,0.00,21.14,46.94,920.2685,-110,-1.50,-103.0,3.5
4,2026-07-11 11:40:36,5.39,6.12,6.88,24.14,0.00,22.99,40.77,920.5826,-103,3.50,-103.0,3.5
3,2026-07-11 11:50:36,5.82,6.68,7.68,28.83,0.00,21.81,45.12,920.1659,-110,-1.75,-104.0,2.75
4,2026-07-11 11:50:36,6.21,7.14,8.06,24.88,0.00,22.61,41.20,920.5182,-104,2.75,-104.0,2.75
3,2026-07-11 12:30:36,5.96,6.83,7.85,28.74,0.00,24.21,40.79,919.7974,-110,-1.75,-105.0,2.0
4,2026-07-11 12:30:36,5.65,6.46,7.26,17.61,0.00,24.70,36.85,920.1680,-105,2.00,-105.0,2.0
3,2026-07-11 12:50:36,6.70,7.64,8.91,27.72,0.00,24.18,41.80,919.6930,-110,-3.00,-104.0,1.75
4,2026-07-11 12:50:36,6.56,7.53,8.28,25.68,0.00,24.95,36.49,919.9997,-104,1.75,-104.0,1.75
3,2026-07-11 13:00:36,6.91,7.89,8.66,27.17,0.00,24.76,40.83,919.6203,-110,-1.00,-103.0,2.25
4,2026-07-11 13:00:36,6.86,7.87,8.73,26.18,0.00,25.66,35.66,919.9774,-103,2.25,-103.0,2.25
3,2026-07-11 13:10:36,6.91,7.93,8.64,21.86,0.00,25.27,39.45,919.5386,-111,-2.75,-103.0,2.0
4,2026-07-11 13:10:36,6.25,8.06,17.39,327.67,0.00,25.40,36.12,919.8779,-103,2.00,-103.0,2.0
3,2026-07-11 14:00:36,6.87,7.77,8.22,16.09,0.00,26.21,37.99,919.1641,-110,-2.50,-102.0,4.0
4,2026-07-11 14:00:36,6.06,8.18,18.63,199.41,0.00,26.45,34.65,919.4214,-102,4.00,-102.0,4.0
4,2026-07-11 14:10:35,6.21,7.63,15.20,270.35,0.00,26.96,33.31,919.3404,-102,5.75,-102.0,5.75
3,2026-07-11 14:20:36,7.21,8.13,9.87,30.19,0.00,26.44,37.40,918.9909,-110,-3.00,-103.0,3.0
4,2026-07-11 14:20:36,6.49,9.12,24.57,327.67,0.00,27.00,33.30,919.2522,-103,3.00,-103.0,3.0
3,2026-07-11 14:40:36,7.56,8.53,9.42,26.43,0.00,26.79,36.53,918.8617,-110,-3.50,-104.0,3.25
4,2026-07-11 14:40:36,6.70,11.67,48.96,327.67,0.00,27.10,32.97,919.1236,-104,3.25,-104.0,3.25
3,2026-07-11 14:50:36,7.82,8.82,9.35,17.49,0.00,27.80,34.49,918.7461,-109,-0.75,-102.0,3.25
4,2026-07-11 14:50:36,6.78,11.28,39.98,327.67,0.00,27.20,33.33,919.0250,-102,3.25,-102.0,3.25
4,2026-07-11 15:10:36,6.99,10.03,32.05,327.67,0.00,28.30,31.52,918.8772,-102,5.00,-102.0,5.0
3,2026-07-11 15:20:36,8.02,9.02,9.83,19.99,0.00,27.62,35.38,918.4281,-109,-1.50,-103.0,3.75
4,2026-07-11 15:20:36,6.89,7.95,10.24,65.59,0.00,28.47,30.88,918.8104,-103,3.75,-103.0,3.75
3,2026-07-11 15:30:36,8.25,9.39,10.82,33.18,0.00,27.84,35.14,918.3530,-111,-3.50,-103.0,3.5
4,2026-07-11 15:30:36,7.46,10.26,24.46,327.67,0.00,28.01,31.32,918.7257,-103,3.50,-103.0,3.5
3,2026-07-11 15:40:36,8.91,10.06,11.32,27.76,0.00,28.81,32.72,918.2576,-110,-3.25,-102.0,3.75
4,2026-07-11 15:40:36,7.32,8.67,12.70,170.30,0.00,28.24,30.76,918.6353,-102,3.75,-102.0,3.75
3,2026-07-11 15:50:36,8.37,9.43,10.50,29.11,0.00,29.14,33.53,918.1773,-110,-2.50,-103.0,3.5
4,2026-07-11 15:50:36,7.77,10.34,23.53,327.67,0.00,29.02,30.05,918.5287,-103,3.50,-103.0,3.5
3,2026-07-11 16:00:36,7.85,8.76,9.56,20.53,0.00,28.31,36.03,918.0140,-110,-2.75,-104.0,3.0
4,2026-07-11 16:00:36,7.56,8.72,10.98,59.85,0.00,29.48,29.56,918.4384,-104,3.00,-104.0,3.0
3,2026-07-11 16:10:36,7.73,8.61,9.94,37.99,0.00,27.74,37.28,917.9055,-110,-2.25,-104.0,3.25
4,2026-07-11 16:10:36,7.53,13.03,49.92,327.67,0.00,29.42,30.03,918.3195,-104,3.25,-104.0,3.25
4,2026-07-11 16:40:36,13.51,140.76,327.67,327.67,0.00,29.19,31.25,917.9133,-103,5.00,-103.0,5.0
4,2026-07-11 17:10:35,13.62,127.56,327.67,327.67,0.00,28.61,32.30,917.6914,-104,4.00,-104.0,4.0
4,2026-07-11 17:40:35,19.09,210.52,327.67,327.67,0.00,27.80,33.90,917.5335,-103,4.50,-103.0,4.5
3,2026-07-11 18:30:36,5.88,6.82,10.08,38.63,0.00,24.22,42.32,916.8593,-109,-1.75,-104.0,1.75
4,2026-07-11 18:30:36,20.69,229.48,327.67,327.67,0.00,26.51,35.21,917.1927,-104,1.75,-104.0,1.75
3,2026-07-11 19:00:36,5.44,6.35,8.56,30.48,0.00,23.50,42.29,916.8640,-109,-0.25,-105.0,1.0
4,2026-07-11 19:00:36,26.04,296.52,327.67,327.67,0.00,25.20,36.66,917.2172,-105,1.00,-105.0,1.0
4,2026-07-11 19:20:36,23.79,255.14,327.67,327.67,0.00,24.26,38.01,917.3473,-103,5.25,-103.0,5.25
3,2026-07-11 19:30:36,5.00,5.84,8.09,28.79,0.00,22.88,41.83,916.8264,-110,-3.50,-102.0,3.25
4,2026-07-11 19:30:36,15.95,146.15,327.67,327.67,0.00,24.12,37.12,917.3770,-102,3.25,-102.0,3.25
4,2026-07-11 19:40:35,16.86,158.65,327.67,327.67,0.00,23.67,37.36,917.4302,-103,4.50,-103.0,4.5
4,2026-07-11 19:50:35,15.64,135.08,327.67,327.67,0.00,23.68,36.67,917.4456,-103,5.00,-103.0,5.0
3,2026-07-11 20:10:36,5.33,6.80,13.11,42.74,0.00,23.44,37.47,917.0355,-110,-2.00,-104.0,3.0
4,2026-07-11 20:10:36,21.20,209.26,327.67,327.67,0.00,22.69,37.84,917.5773,-104,3.00,-104.0,3.0
4,2026-07-11 20:50:35,19.83,161.14,327.67,327.67,0.00,21.75,36.98,917.8280,-102,5.75,-102.0,5.75
4,2026-07-11 21:20:35,17.39,141.50,327.67,327.67,0.00,20.96,37.97,917.8295,-101,5.50,-101.0,5.5
3,2026-07-11 22:10:36,3.71,4.73,8.55,29.09,0.00,18.52,45.28,917.7213,-110,-5.00,-104.0,2.0
4,2026-07-11 22:10:36,23.34,230.33,327.67,327.67,0.00,18.79,41.72,918.2995,-104,2.00,-104.0,2.0
3,2026-07-11 22:20:36,3.74,4.83,9.64,44.48,0.00,18.62,44.53,917.7882,-111,-5.25,-102.0,3.0
4,2026-07-11 22:20:36,16.45,153.68,327.67,327.67,0.00,18.37,42.68,918.3752,-102,3.00,-102.0,3.0
4,2026-07-11 22:30:35,22.89,249.76,327.67,327.67,0.00,17.96,43.62,918.5401,-103,3.25,-103.0,3.25
4,2026-07-11 22:40:35,16.17,158.70,327.67,327.67,0.00,17.71,43.76,918.5626,-106,3.00,-106.0,3.0
4,2026-07-11 23:50:35,12.85,148.00,327.67,327.67,0.00,15.49,48.61,918.9875,-105,3.25,-105.0,3.25
4,2026-07-12 00:10:35,11.12,122.55,327.67,327.67,0.00,15.03,49.44,919.0879,-106,2.75,-106.0,2.75
3,2026-07-12 01:00:36,2.34,3.06,5.33,26.27,0.00,14.01,54.21,919.1897,-109,-1.75,-102.0,3.5
4,2026-07-12 01:00:36,8.50,92.74,327.67,327.67,0.00,13.95,52.46,919.5734,-102,3.50,-102.0,3.5
3,2026-07-12 01:20:36,2.11,2.68,4.98,36.01,0.00,13.58,55.45,919.4225,-109,-2.00,-103.0,2.25
4,2026-07-12 01:20:36,14.36,194.56,327.67,327.67,0.00,13.32,54.30,919.6986,-103,2.25,-103.0,2.25
3,2026-07-12 01:40:36,2.01,2.55,4.15,28.00,0.00,13.49,55.30,919.5944,-110,-4.50,-103.0,2.75
4,2026-07-12 01:40:36,6.49,69.78,327.67,327.67,0.00,13.06,54.92,920.0163,-103,2.75,-103.0,2.75
4,2026-07-12 02:00:35,6.48,73.56,327.67,327.67,0.00,13.23,54.13,920.0555,-104,4.25,-104.0,4.25
3,2026-07-12 03:00:36,1.87,2.32,4.11,20.24,0.00,11.81,59.17,920.1608,-110,-3.50,-104.0,2.5
4,2026-07-12 03:00:36,4.95,52.98,292.87,327.67,0.00,12.16,56.58,920.3982,-104,2.50,-104.0,2.5
3,2026-07-12 03:30:36,1.94,2.42,3.85,16.16,0.00,11.83,58.54,920.3398,-108,-0.25,-104.0,3.5
4,2026-07-12 03:30:36,3.50,23.85,122.49,327.67,0.00,11.58,57.75,920.6162,-104,3.50,-104.0,3.5
3,2026-07-12 04:20:36,1.93,2.47,3.74,22.11,0.00,10.53,62.50,920.6015,-109,-2.25,-105.0,3.0
4,2026-07-12 04:20:36,2.37,9.13,41.63,222.49,0.00,11.78,57.11,920.7652,-105,3.00,-105.0,3.0
3,2026-07-12 07:20:36,2.04,2.46,3.55,21.87,0.00,12.20,57.09,921.1425,-110,-2.00,-103.0,2.25
4,2026-07-12 07:20:36,2.54,11.09,52.34,290.27,0.00,13.43,51.68,921.3090,-103,2.25,-103.0,2.25
3,2026-07-12 07:30:35,2.13,2.61,3.77,30.53,0.00,12.72,55.46,921.2216,-109,-1.25,-102.0,2.75
4,2026-07-12 07:30:35,2.16,5.11,18.27,176.01,0.00,13.65,51.12,921.4659,-102,2.75,-102.0,2.75
3,2026-07-12 07:40:36,2.12,2.61,3.94,20.21,0.00,13.38,53.68,921.2836,-110,-3.50,-103.0,2.5
4,2026-07-12 07:40:36,2.02,2.41,3.71,24.06,0.00,13.33,52.12,921.6269,-103,2.50,-103.0,2.5
3,2026-07-12 08:00:36,2.03,2.48,4.98,28.99,0.00,13.07,55.30,921.4586,-108,-0.50,-102.0,4.0
4,2026-07-12 08:00:36,2.21,4.90,18.44,304.02,0.00,14.06,51.36,921.6828,-102,4.00,-102.0,4.0
3,2026-07-12 08:30:35,2.17,2.66,4.63,54.30,0.00,14.88,50.10,921.4758,-109,-1.00,-104.0,2.5
4,2026-07-12 08:30:35,1.98,2.40,3.67,21.36,0.00,15.88,46.82,921.7536,-104,2.50,-104.0,2.5
3,2026-07-12 08:50:36,2.07,2.52,4.08,23.75,0.00,14.22,52.38,921.5821,-110,-2.00,-103.0,3.25
4,2026-07-12 08:50:36,2.12,2.55,3.63,23.36,0.00,15.75,47.79,921.8741,-103,3.25,-103.0,3.25
3,2026-07-12 09:00:35,2.08,2.47,3.74,25.05,0.00,15.71,48.95,921.5234,-109,-1.50,-104.0,2.0
4,2026-07-12 09:00:35,2.06,2.47,3.89,24.03,0.00,14.28,50.56,922.0254,-104,2.00,-104.0,2.0
3,2026-07-12 09:10:35,2.09,2.55,4.53,22.59,0.00,15.12,51.53,921.6580,-109,-1.50,-104.0,2.25
4,2026-07-12 09:10:35,2.29,5.53,18.93,227.80,0.00,16.42,45.72,921.9433,-104,2.25,-104.0,2.25
3,2026-07-12 09:30:36,1.89,2.24,2.82,16.96,0.00,14.52,52.20,921.5481,-109,-0.75,-105.0,3.0
4,2026-07-12 09:30:36,1.97,3.03,8.12,98.35,0.00,16.23,46.44,921.9681,-105,3.00,-105.0,3.0
3,2026-07-12 10:30:36,2.08,2.49,4.57,40.82,0.00,17.70,46.46,921.5357,-110,-2.75,-103.0,2.5
4,2026-07-12 10:30:36,1.89,2.28,3.51,26.20,0.00,19.01,40.70,921.8588,-103,2.50,-103.0,2.5
3,2026-07-12 10:40:36,2.03,2.44,4.57,24.03,0.00,17.65,46.84,921.5031,-110,-2.00,-102.0,3.5
4,2026-07-12 10:40:36,1.96,2.42,3.75,43.69,0.00,19.27,39.87,921.8665,-102,3.50,-102.0,3.5
3,2026-07-12 10:50:36,2.12,2.58,4.56,23.33,0.00,17.87,46.05,921.4584,-109,-0.50,-102.0,2.75
4,2026-07-12 10:50:36,2.08,3.29,8.11,239.95,0.00,19.36,39.98,921.8097,-102,2.75,-102.0,2.75
3,2026-07-12 11:00:36,1.99,2.39,4.35,22.56,0.00,17.74,46.47,921.4335,-109,-1.25,-103.0,2.5
4,2026-07-12 11:00:36,2.08,2.80,6.06,88.62,0.00,20.15,38.81,921.7866,-103,2.50,-103.0,2.5
3,2026-07-12 11:10:35,1.96,2.28,3.18,21.70,0.00,18.19,45.86,921.3579,-109,-1.75,-105.0,2.25
4,2026-07-12 11:10:35,2.06,2.67,4.43,55.85,0.00,20.17,38.13,921.7582,-105,2.25,-105.0,2.25
3,2026-07-12 11:20:35,1.98,2.33,4.11,41.94,0.00,18.09,46.20,921.3271,-109,-2.00,-103.0,3.5
4,2026-07-12 11:20:35,1.96,2.35,3.75,25.31,0.00,20.44,38.18,921.7201,-103,3.50,-103.0,3.5
3,2026-07-12 11:30:35,2.17,2.57,3.68,15.82,0.00,18.84,44.48,921.2226,-110,-3.00,-102.0,4.25
4,2026-07-12 11:30:35,2.09,2.49,4.27,41.94,0.00,20.41,37.33,921.6515,-102,4.25,-102.0,4.25
3,2026-07-12 11:40:35,2.12,2.48,3.77,20.51,0.00,18.60,44.60,921.2229,-109,-0.75,-104.0,3.75
4,2026-07-12 11:40:35,2.18,4.32,13.92,317.69,0.00,20.98,36.80,921.6012,-104,3.75,-104.0,3.75
3,2026-07-12 11:50:35,2.23,2.63,3.92,19.42,0.00,18.49,44.85,921.1843,-109,-2.50,-104.0,2.75
4,2026-07-12 11:50:35,2.37,4.57,16.16,212.14,0.00,21.40,35.92,921.5757,-104,2.75,-104.0,2.75
3,2026-07-12 12:00:35,2.22,2.62,3.88,22.74,0.00,19.01,44.28,921.1413,-109,-1.75,-104.0,1.25
4,2026-07-12 12:00:35,2.55,4.93,16.78,162.81,0.00,20.99,36.36,921.5471,-104,1.25,-104.0,1.25
3,2026-07-12 12:10:35,2.19,2.60,4.32,20.46,0.00,19.25,44.27,921.0916,-109,-2.25,-101.0,4.75
4,2026-07-12 12:10:35,2.70,8.10,34.06,327.67,0.00,21.34,35.83,921.4627,-101,4.75,-101.0,4.75
3,2026-07-12 12:20:35,2.30,2.67,4.14,23.40,0.00,19.31,44.44,921.1148,-110,-3.25,-104.0,3.0
4,2026-07-12 12:20:35,3.04,11.49,54.19,327.67,0.00,21.35,35.68,921.4586,-104,3.00,-104.0,3.0
3,2026-07-12 12:30:35,2.24,2.62,4.32,26.41,0.00,19.28,44.26,921.0637,-109,-1.75,-102.0,3.5
4,2026-07-12 12:30:35,2.75,8.19,35.59,327.67,0.00,21.58,35.54,921.4349,-102,3.50,-102.0,3.5
3,2026-07-12 12:40:35,2.18,2.54,4.25,27.44,0.00,19.18,44.79,921.0414,-109,-1.25,-103.0,3.0
4,2026-07-12 12:40:35,3.13,14.35,77.05,327.67,0.00,21.72,35.61,921.4052,-103,3.00,-103.0,3.0
3,2026-07-12 13:00:35,2.24,2.64,4.48,17.51,0.00,19.62,44.22,921.0253,-109,-0.75,-103.0,3.25
4,2026-07-12 13:00:35,3.29,15.36,72.00,327.67,0.00,22.12,34.89,921.3931,-103,3.25,-103.0,3.25
4,2026-07-12 13:20:35,3.79,22.17,107.81,327.67,0.00,22.06,35.42,921.3836,-103,4.75,-103.0,4.75
3,2026-07-12 13:30:35,2.23,2.65,4.57,21.16,0.00,20.59,42.94,921.0536,-110,-3.00,-101.0,4.5
4,2026-07-12 13:30:35,2.73,8.18,33.77,327.67,0.00,22.24,34.59,921.4538,-101,4.50,-101.0,4.5
3,2026-07-12 13:50:35,2.09,2.49,4.07,29.69,0.00,20.48,42.92,921.0059,-110,-1.75,-103.0,2.75
4,2026-07-12 13:50:35,4.22,30.20,145.25,327.67,0.00,22.96,34.10,921.3654,-103,2.75,-103.0,2.75
3,2026-07-12 14:20:35,2.05,2.47,4.02,19.76,0.00,21.06,42.44,920.8905,-110,-2.25,-103.0,2.75
4,2026-07-12 14:20:35,4.36,29.74,132.37,327.67,0.00,23.25,33.94,921.3496,-103,2.75,-103.0,2.75
3,2026-07-12 14:30:35,2.01,2.39,4.43,60.91,0.00,21.16,42.66,920.8351,-110,-1.25,-103.0,3.0
4,2026-07-12 14:30:35,4.88,37.32,174.22,327.67,0.00,23.36,34.02,921.3160,-103,3.00,-103.0,3.0
3,2026-07-12 14:40:35,2.01,2.40,4.12,17.89,0.00,21.09,42.73,920.8288,-109,-2.25,-103.0,2.25
4,2026-07-12 14:40:35,3.22,15.48,65.77,327.67,0.00,22.99,34.78,921.3780,-103,2.25,-103.0,2.25
3,2026-07-12 14:50:35,2.02,2.37,3.92,20.77,0.00,21.52,42.16,920.8907,-110,-3.00,-102.0,4.25
4,2026-07-12 14:50:35,5.14,42.34,209.40,327.67,0.00,23.93,33.47,921.3538,-102,4.25,-102.0,4.25
3,2026-07-12 15:00:35,2.05,2.40,4.10,22.83,0.00,21.64,42.04,920.8922,-109,-2.50,-104.0,2.25
4,2026-07-12 15:00:35,3.50,18.22,76.40,327.67,0.00,24.08,32.74,921.4061,-104,2.25,-104.0,2.25
3,2026-07-12 15:10:35,2.04,2.42,4.41,20.19,0.00,21.83,41.14,920.8797,-109,-1.25,-103.0,3.75
4,2026-07-12 15:10:35,2.25,3.07,8.09,100.37,0.00,23.66,33.55,921.4201,-103,3.75,-103.0,3.75
3,2026-07-12 15:20:35,1.80,2.16,3.45,19.27,0.00,22.00,41.35,920.9085,-110,-1.00,-103.0,4.0
4,2026-07-12 15:20:35,3.99,23.97,103.35,327.67,0.00,24.68,31.42,921.4112,-103,4.00,-103.0,4.0
3,2026-07-12 15:30:35,1.85,2.27,4.01,19.39,0.00,21.93,41.81,920.8998,-110,-1.75,-104.0,1.75
4,2026-07-12 15:30:35,5.88,48.78,215.74,327.67,0.00,24.46,32.69,921.3228,-104,1.75,-104.0,1.75
3,2026-07-12 15:40:35,1.87,2.19,4.09,26.85,0.00,21.80,42.04,920.8656,-109,-1.50,-103.0,2.75
4,2026-07-12 15:40:35,7.05,66.99,309.83,327.67,0.00,24.57,32.72,921.3054,-103,2.75,-103.0,2.75
3,2026-07-12 15:50:35,1.93,2.34,4.80,21.49,0.00,21.89,41.24,920.8547,-110,-3.00,-102.0,2.5
4,2026-07-12 15:50:35,5.00,38.25,176.41,327.67,0.00,24.37,32.63,921.2764,-102,2.50,-102.0,2.5
3,2026-07-12 16:00:35,1.83,2.29,4.48,24.37,0.00,22.75,40.54,920.8534,-110,-3.25,-104.0,1.75
4,2026-07-12 16:00:35,2.18,4.65,13.39,110.73,0.00,24.37,32.01,921.3210,-104,1.75,-104.0,1.75
3,2026-07-12 16:20:35,1.82,2.31,4.53,29.36,0.00,22.33,40.48,920.6676,-110,-1.75,-103.0,4.0
4,2026-07-12 16:20:35,2.52,9.77,36.67,327.67,0.00,25.23,30.84,921.1482,-103,4.00,-103.0,4.0
3,2026-07-12 16:30:35,1.84,2.26,4.40,29.26,0.00,22.74,40.58,920.6224,-109,-0.25,-103.0,3.75
4,2026-07-12 16:30:35,2.95,16.22,68.41,327.67,0.00,25.10,31.19,921.1163,-103,3.75,-103.0,3.75
3,2026-07-12 16:40:35,1.71,2.14,5.08,20.32,0.00,22.69,40.27,920.5890,-110,-2.50,-102.0,4.5
4,2026-07-12 16:40:35,2.04,4.58,14.23,327.67,0.00,25.05,30.84,921.1100,-102,4.50,-102.0,4.5
3,2026-07-12 16:50:35,1.77,2.19,4.45,41.25,0.00,22.54,40.34,920.5649,-111,-4.25,-103.0,2.5
4,2026-07-12 16:50:35,4.15,29.73,128.39,327.67,0.00,25.49,31.15,920.9784,-103,2.50,-103.0,2.5
3,2026-07-12 17:00:35,1.80,2.24,4.61,25.40,0.00,22.66,40.80,920.5243,-109,-2.00,-102.0,4.25
4,2026-07-12 17:00:35,10.46,108.59,327.67,327.67,0.00,24.83,31.88,920.8894,-102,4.25,-102.0,4.25
3,2026-07-12 17:20:35,1.71,2.20,4.98,30.69,0.00,22.32,40.99,920.4252,-110,-1.75,-104.0,2.75
4,2026-07-12 17:20:35,5.50,44.88,190.65,327.67,0.00,24.85,32.08,920.9033,-104,2.75,-104.0,2.75
3,2026-07-12 17:40:35,1.76,2.21,4.99,22.56,0.00,22.74,39.66,920.4437,-110,-3.00,-104.0,3.5
4,2026-07-12 17:40:35,3.58,25.16,114.63,327.67,0.00,24.87,31.30,920.8738,-104,3.50,-104.0,3.5
3,2026-07-12 17:50:35,1.86,2.47,6.21,85.90,0.00,23.08,39.11,920.4173,-110,-1.50,-104.0,2.75
4,2026-07-12 17:50:35,2.01,5.35,17.82,304.79,0.00,25.06,31.66,920.8135,-104,2.75,-104.0,2.75
3,2026-07-12 18:00:35,1.80,2.42,6.35,69.34,0.00,23.14,38.73,920.3746,-109,-0.25,-104.0,2.75
4,2026-07-12 18:00:35,2.56,11.93,49.06,327.67,0.00,24.62,32.14,920.7947,-104,2.75,-104.0,2.75
3,2026-07-12 18:20:35,1.75,2.35,5.35,24.24,0.00,22.37,39.49,920.4723,-109,-0.75,-102.0,3.75
4,2026-07-12 18:20:35,2.94,15.25,62.28,327.67,0.00,24.56,31.74,920.9158,-102,3.75,-102.0,3.75
3,2026-07-12 18:30:35,1.83,2.44,5.88,40.15,0.00,22.58,38.84,920.5502,-109,-0.75,-103.0,2.25
4,2026-07-12 18:30:35,2.41,11.00,43.01,327.67,0.00,24.44,32.46,920.9534,-103,2.25,-103.0,2.25
4,2026-07-12 18:40:35,4.96,41.94,186.77,327.67,0.00,24.42,32.52,921.0018,-104,3.75,-104.0,3.75
3,2026-07-12 18:50:35,1.77,2.47,6.84,75.08,0.00,22.37,38.85,920.6147,-110,-2.00,-102.0,3.25
4,2026-07-12 18:50:35,1.78,3.15,9.17,66.44,0.00,23.92,32.54,921.0451,-102,3.25,-102.0,3.25
4,2026-07-12 19:10:35,17.52,212.50,327.67,327.67,0.00,23.43,33.57,920.8654,-104,4.25,-104.0,4.25
3,2026-07-12 19:30:35,1.70,2.50,7.00,59.01,0.00,21.12,40.63,920.6058,-110,-4.50,-103.0,1.75
4,2026-07-12 19:30:35,17.00,203.57,327.67,327.67,0.00,22.14,35.14,920.9639,-103,1.75,-103.0,1.75
3,2026-07-12 19:40:35,1.64,2.49,7.41,32.08,0.00,20.85,40.98,920.5780,-111,-5.75,-102.0,4.5
4,2026-07-12 19:40:35,13.28,148.80,327.67,327.67,0.00,21.45,36.30,920.9971,-102,4.50,-102.0,4.5
3,2026-07-12 19:50:35,1.57,3.69,31.70,327.67,0.00,20.61,41.15,920.6617,-110,-1.25,-103.0,4.0
4,2026-07-12 19:50:35,12.13,131.54,327.67,327.67,0.00,21.27,36.51,921.0652,-103,4.00,-103.0,4.0
3,2026-07-12 20:20:35,1.43,2.85,12.43,52.35,0.00,20.26,40.32,920.7095,-109,-1.75,-100.0,3.75
4,2026-07-12 20:20:35,14.01,153.92,327.67,327.67,0.00,20.29,37.35,921.1763,-100,3.75,-100.0,3.75
4,2026-07-12 20:50:35,12.87,144.51,327.67,327.67,0.00,19.31,38.72,921.4770,-104,4.00,-104.0,4.0
3,2026-07-12 21:00:35,1.26,2.23,8.83,37.89,0.00,18.34,42.77,920.9944,-110,-4.25,-102.0,3.25
4,2026-07-12 21:00:35,7.69,80.64,327.67,327.67,0.00,18.69,40.14,921.5388,-102,3.25,-102.0,3.25
4,2026-07-12 21:30:35,10.49,116.35,327.67,327.67,0.00,17.78,41.42,921.8872,-105,3.75,-105.0,3.75
3,2026-07-12 21:40:35,1.25,1.87,5.43,23.18,0.00,17.04,45.04,921.5266,-109,-3.50,-103.0,3.25
4,2026-07-12 21:40:35,10.27,116.08,327.67,327.67,0.00,16.72,43.18,922.0136,-103,3.25,-103.0,3.25
3,2026-07-12 23:00:35,1.16,1.60,3.46,27.42,0.00,13.98,51.17,922.4987,-109,-3.75,-103.0,2.75
4,2026-07-12 23:00:35,2.92,22.05,101.37,327.67,0.00,14.53,47.75,922.9251,-103,2.75,-103.0,2.75
3,2026-07-12 23:30:35,1.16,1.69,4.61,23.71,0.00,13.10,54.14,922.8970,-109,-1.75,-103.0,3.75
4,2026-07-12 23:30:35,8.20,98.23,327.67,327.67,0.00,13.94,49.25,923.1365,-103,3.75,-103.0,3.75
3,2026-07-12 23:40:35,1.23,1.75,5.65,33.75,0.00,13.46,52.67,923.0607,-108,-0.75,-103.0,4.0
4,2026-07-12 23:40:35,4.60,47.95,239.10,327.67,0.00,13.93,49.45,923.3454,-103,4.00,-103.0,4.0
3,2026-07-13 00:40:35,1.19,1.52,3.64,24.39,0.00,12.76,54.37,923.6631,-110,-2.75,-104.0,3.25
4,2026-07-13 00:40:35,4.03,44.33,241.97,327.67,0.00,13.24,51.33,924.0364,-104,3.25,-104.0,3.25
3,2026-07-13 01:10:35,1.12,1.47,2.92,24.45,0.00,12.39,55.76,924.0160,-109,-2.00,-104.0,3.0
4,2026-07-13 01:10:35,1.86,13.22,76.84,327.67,0.00,12.75,53.20,924.3461,-104,3.00,-104.0,3.0
3,2026-07-13 01:30:35,1.10,1.43,2.84,19.14,0.00,12.16,56.68,924.0836,-110,-3.50,-102.0,3.25
4,2026-07-13 01:30:35,3.03,31.97,182.29,327.67,0.00,12.46,53.70,924.5570,-102,3.25,-102.0,3.25
3,2026-07-13 02:10:35,1.13,1.60,4.06,43.74,0.00,10.85,62.75,924.5513,-109,-3.50,-103.0,2.75
4,2026-07-13 02:10:35,4.41,56.01,327.67,327.67,0.00,11.46,56.54,924.7054,-103,2.75,-103.0,2.75
3,2026-07-13 02:30:35,1.02,1.32,2.02,20.37,0.00,11.23,59.45,924.6376,-108,-0.25,-103.0,1.25
4,2026-07-13 02:30:35,1.35,4.41,20.46,230.24,0.00,11.64,55.90,925.0408,-103,1.25,-103.0,1.25
3,2026-07-13 02:40:35,1.05,1.38,2.69,26.95,0.00,10.98,60.39,924.8000,-108,-0.50,-102.0,2.75
4,2026-07-13 02:40:35,3.39,39.58,232.27,327.67,0.00,11.50,56.40,924.9815,-102,2.75,-102.0,2.75
3,2026-07-13 02:50:35,1.09,1.48,2.81,22.79,0.00,10.80,61.44,924.9760,-109,-2.25,-103.0,3.25
4,2026-07-13 02:50:35,2.56,26.09,152.22,327.67,0.00,11.36,57.53,925.0374,-103,3.25,-103.0,3.25
3,2026-07-13 03:00:35,1.16,1.44,2.55,25.53,0.00,12.03,56.67,924.8835,-108,-1.50,-104.0,3.0
4,2026-07-13 03:00:35,1.20,1.75,3.76,60.72,0.00,11.17,58.32,925.2483,-104,3.00,-104.0,3.0
3,2026-07-13 03:10:35,1.12,1.44,2.48,24.34,0.00,11.67,57.75,924.8922,-108,-1.00,-102.0,3.0
4,2026-07-13 03:10:35,1.32,3.01,11.69,175.87,0.00,11.88,55.18,925.2091,-102,3.00,-102.0,3.0
3,2026-07-13 03:20:35,1.07,1.43,2.91,35.12,0.00,11.53,58.15,924.8760,-109,-2.50,-103.0,3.25
4,2026-07-13 03:20:35,1.80,11.78,58.35,322.41,0.00,11.64,55.82,925.1203,-103,3.25,-103.0,3.25
3,2026-07-13 03:40:35,1.07,1.36,2.79,22.03,0.00,10.97,59.92,924.9610,-108,-1.25,-104.0,2.5
4,2026-07-13 03:40:35,1.75,11.57,64.63,327.67,0.00,11.38,56.92,925.1427,-104,2.50,-104.0,2.5
3,2026-07-13 03:50:35,1.06,1.35,2.15,13.47,0.00,10.57,61.17,924.9534,-109,-1.50,-103.0,3.25
4,2026-07-13 03:50:35,1.22,1.94,4.62,56.21,0.00,11.41,56.60,925.2571,-103,3.25,-103.0,3.25
3,2026-07-13 04:00:35,1.11,1.39,2.33,27.85,0.00,10.83,60.21,924.9700,-109,-0.50,-102.0,3.5
4,2026-07-13 04:00:35,1.20,2.09,7.53,129.66,0.00,10.26,60.60,925.4089,-102,3.50,-102.0,3.5
3,2026-07-13 04:10:35,1.11,1.52,3.94,29.84,0.00,9.87,64.02,925.1704,-108,-2.00,-105.0,2.5
4,2026-07-13 04:10:35,1.32,4.55,19.45,159.75,0.00,10.83,59.22,925.3756,-105,2.50,-105.0,2.5
3,2026-07-13 04:20:35,1.09,1.42,2.81,17.91,0.00,10.52,61.48,925.1235,-109,-1.00,-102.0,2.75
4,2026-07-13 04:20:35,1.18,1.52,2.93,26.99,0.00,10.72,59.54,925.6009,-102,2.75,-102.0,2.75
3,2026-07-13 04:30:35,0.93,1.18,1.85,13.75,0.00,9.86,64.06,925.2370,-109,-1.75,-102.0,3.5
4,2026-07-13 04:30:35,1.17,2.75,10.64,167.93,0.00,10.77,58.70,925.4674,-102,3.50,-102.0,3.5
3,2026-07-13 04:40:35,0.97,1.27,1.95,15.14,0.00,10.48,61.75,925.2375,-109,-2.00,-103.0,3.25
4,2026-07-13 04:40:35,1.22,4.69,24.17,327.67,0.00,10.86,58.68,925.4922,-103,3.25,-103.0,3.25
3,2026-07-13 04:50:35,1.02,1.31,2.17,20.34,0.00,10.52,61.46,925.4063,-108,0.25,-103.0,3.25
4,2026-07-13 04:50:35,1.07,1.66,4.89,172.89,0.00,10.99,58.26,925.6005,-103,3.25,-103.0,3.25
3,2026-07-13 05:00:35,1.04,1.31,3.88,165.37,0.00,10.87,59.96,925.3519,-109,-1.50,-103.0,3.5
4,2026-07-13 05:00:35,1.14,1.83,5.67,132.54,0.00,11.01,57.84,925.6885,-103,3.50,-103.0,3.5
3,2026-07-13 05:20:35,0.94,1.18,2.22,21.54,0.00,9.93,63.27,925.4573,-109,-2.25,-103.0,2.5
4,2026-07-13 05:20:35,1.69,13.33,73.57,327.67,0.00,10.40,59.80,925.6033,-103,2.50,-103.0,2.5
3,2026-07-13 06:00:35,1.01,1.29,2.36,27.47,0.00,10.15,62.89,925.7004,-109,-2.00,-102.0,3.75
4,2026-07-13 06:00:35,1.59,10.05,52.55,327.67,0.00,10.99,58.83,925.9381,-102,3.75,-102.0,3.75
3,2026-07-13 06:10:35,1.03,1.29,2.14,20.62,0.00,11.02,60.14,925.8006,-109,-2.50,-104.0,2.5
4,2026-07-13 06:10:35,1.38,8.03,40.29,309.63,0.00,11.57,57.18,926.0552,-104,2.50,-104.0,2.5
3,2026-07-13 06:20:35,1.06,1.32,1.92,23.13,0.00,11.14,59.35,925.9087,-108,-1.00,-102.0,4.5
4,2026-07-13 06:20:35,1.41,7.03,33.68,327.67,0.00,11.13,57.42,926.1333,-102,4.50,-102.0,4.5
3,2026-07-13 06:50:35,1.04,1.33,2.66,22.75,0.00,11.08,60.01,926.0329,-109,-0.75,-102.0,3.5
4,2026-07-13 06:50:35,1.01,1.24,2.21,20.31,0.00,11.06,57.99,926.4517,-102,3.50,-102.0,3.5
3,2026-07-13 07:00:35,0.98,1.25,2.11,20.13,0.00,10.32,62.73,926.2344,-109,-1.75,-103.0,3.25
4,2026-07-13 07:00:35,1.51,8.09,40.13,304.02,0.00,11.20,57.30,926.3862,-103,3.25,-103.0,3.25
3,2026-07-13 07:10:35,0.91,1.17,1.59,9.16,0.00,11.32,59.46,926.1591,-108,-0.75,-104.0,3.5
4,2026-07-13 07:10:35,0.98,1.24,1.95,25.09,0.00,11.56,56.75,926.5010,-104,3.50,-104.0,3.5
3,2026-07-13 07:30:35,0.85,1.06,1.82,30.51,0.00,10.64,61.97,926.3892,-109,-1.50,-103.0,3.75
4,2026-07-13 07:30:35,0.94,2.15,7.68,90.91,0.00,11.55,56.82,926.5715,-103,3.75,-103.0,3.75
3,2026-07-13 07:40:35,0.89,1.14,2.10,22.53,0.00,11.19,60.12,926.3494,-108,0.00,-103.0,3.5
4,2026-07-13 07:40:35,0.93,1.39,3.04,64.61,0.00,11.35,57.60,926.7003,-103,3.50,-103.0,3.5
3,2026-07-13 07:50:35,0.89,1.11,2.05,23.43,0.00,10.98,61.61,926.4168,-107,0.25,-102.0,3.25
4,2026-07-13 07:50:35,0.86,1.33,2.96,58.10,0.56,12.42,55.12,926.6947,-102,3.25,-102.0,3.25
3,2026-07-13 08:00:35,1.02,1.36,2.35,22.68,0.02,12.05,59.26,926.4922,-108,-1.50,-103.0,3.5
4,2026-07-13 08:00:35,0.88,1.13,1.59,15.14,0.23,12.73,54.21,926.7225,-103,3.50,-103.0,3.5
3,2026-07-13 08:10:35,1.04,1.35,2.23,22.28,0.17,12.43,57.99,926.6083,-109,-2.00,-102.0,4.0
4,2026-07-13 08:10:35,0.96,1.37,3.40,86.76,0.00,12.83,54.74,926.8129,-102,4.00,-102.0,4.0
3,2026-07-13 08:20:35,0.93,1.20,1.92,18.78,0.78,13.46,54.52,926.4941,-109,-1.75,-101.0,3.75
4,2026-07-13 08:20:35,0.99,1.25,1.72,11.45,0.00,14.43,50.09,926.8881,-101,3.75,-101.0,3.75
3,2026-07-13 08:40:35,0.98,1.16,1.56,12.64,3.65,12.96,55.62,926.6439,-108,-0.75,-103.0,3.75
4,2026-07-13 08:40:35,0.98,1.38,2.80,56.41,0.63,15.42,47.48,926.9142,-103,3.75,-103.0,3.75
3,2026-07-13 09:00:35,1.03,1.25,1.81,14.46,2.56,13.74,54.28,926.7254,-109,-0.75,-103.0,2.5
4,2026-07-13 09:00:35,1.03,1.48,3.28,64.54,0.17,14.34,49.66,927.1879,-103,2.50,-103.0,2.5
3,2026-07-13 09:10:35,1.10,1.36,2.41,24.16,6.16,14.61,52.26,926.7546,-109,-2.00,-103.0,3.0
4,2026-07-13 09:10:35,0.97,1.22,1.84,16.12,1.29,16.11,45.63,927.1317,-103,3.00,-103.0,3.0
3,2026-07-13 09:30:35,1.14,1.39,2.58,27.18,4.96,15.86,49.01,926.9476,-110,-2.25,-102.0,3.5
4,2026-07-13 09:30:35,1.20,1.51,2.51,21.98,2.64,17.16,43.47,927.2544,-102,3.50,-102.0,3.5
3,2026-07-13 09:40:35,1.37,1.69,2.73,19.22,7.51,16.77,46.96,927.0227,-109,-1.50,-102.0,4.0
4,2026-07-13 09:40:35,1.12,1.39,2.19,16.99,2.72,16.34,44.58,927.4034,-102,4.00,-102.0,4.0
3,2026-07-13 09:50:35,1.49,1.80,2.76,23.61,12.67,17.74,44.93,927.0768,-109,-1.75,-103.0,2.75
4,2026-07-13 09:50:35,1.20,1.48,2.99,24.44,0.73,17.33,42.78,927.4133,-103,2.75,-103.0,2.75
3,2026-07-13 10:10:35,1.57,1.94,4.76,26.71,22.28,18.53,43.10,927.1598,-109,-1.75,-103.0,2.25
4,2026-07-13 10:10:35,1.36,1.67,3.59,30.47,5.24,17.02,43.26,927.4386,-103,2.25,-103.0,2.25
3,2026-07-13 10:50:35,1.39,1.66,3.16,43.05,8.84,16.97,46.67,927.0599,-109,-0.50,-105.0,1.5
4,2026-07-13 10:50:35,1.41,1.79,3.23,26.67,4.30,18.21,40.85,927.4088,-105,1.50,-105.0,1.5
3,2026-07-13 11:20:35,1.49,1.78,2.97,21.23,8.11,18.51,43.85,926.8698,-109,-2.50,-103.0,3.0
4,2026-07-13 11:20:35,1.45,1.83,3.21,23.48,9.72,18.49,40.87,927.3960,-103,3.00,-103.0,3.0
3,2026-07-13 11:30:35,1.60,1.89,3.00,21.08,8.82,18.95,43.70,926.8998,-109,-1.00,-104.0,3.75
4,2026-07-13 11:30:35,1.49,1.76,2.49,22.29,13.04,20.26,36.89,927.3399,-104,3.75,-104.0,3.75
3,2026-07-13 11:50:35,1.42,1.66,2.17,14.53,19.88,19.23,43.46,926.9805,-109,-1.00,-104.0,2.25
4,2026-07-13 11:50:35,1.52,1.84,2.72,23.13,14.92,20.14,37.47,927.3715,-104,2.25,-104.0,2.25
3,2026-07-13 12:00:35,1.44,1.72,2.71,21.70,19.70,18.99,43.65,926.8508,-108,0.00,-103.0,2.0
4,2026-07-13 12:00:35,1.46,1.77,3.37,29.92,19.61,21.12,35.41,927.3669,-103,2.00,-103.0,2.0
3,2026-07-13 12:10:35,1.67,1.93,2.94,19.72,13.82,19.83,41.74,926.8267,-109,-1.25,-103.0,3.75
4,2026-07-13 12:10:35,1.61,1.99,3.16,53.96,16.46,21.08,34.84,927.3857,-103,3.75,-103.0,3.75
3,2026-07-13 12:20:35,1.61,1.90,2.85,19.14,15.91,20.35,41.47,926.8518,-108,0.50,-103.0,3.75
4,2026-07-13 12:20:35,1.63,2.19,4.64,71.96,13.07,21.70,34.51,927.3314,-103,3.75,-103.0,3.75
3,2026-07-13 12:30:35,1.53,1.81,3.20,32.54,12.17,19.86,41.47,926.8351,-109,-1.00,-103.0,3.25
4,2026-07-13 12:30:35,1.66,2.31,5.68,91.90,15.35,22.12,33.37,927.2328,-103,3.25,-103.0,3.25
3,2026-07-13 12:40:35,1.66,1.96,3.22,15.73,11.91,21.47,38.46,926.8718,-110,-1.00,-105.0,2.25
4,2026-07-13 12:40:35,1.77,2.47,5.74,78.38,11.04,21.54,34.09,927.2233,-105,2.25,-105.0,2.25
3,2026-07-13 12:50:35,1.51,1.80,2.85,18.37,10.93,20.78,40.17,926.8368,-110,-3.00,-104.0,2.5
4,2026-07-13 12:50:35,1.66,2.05,3.35,39.40,15.62,21.99,33.51,927.2500,-104,2.50,-104.0,2.5
3,2026-07-13 13:20:35,1.69,2.03,3.27,19.59,14.63,21.36,39.45,926.7234,-108,-0.50,-103.0,3.5
4,2026-07-13 13:20:35,1.69,2.23,4.19,28.02,10.09,22.65,32.18,927.1412,-103,3.50,-103.0,3.5
3,2026-07-13 13:30:35,1.65,1.99,3.16,21.40,19.78,21.70,39.09,926.6585,-109,-1.75,-103.0,2.5
4,2026-07-13 13:30:35,2.03,7.73,36.77,327.67,15.89,22.99,31.91,927.0781,-103,2.50,-103.0,2.5
3,2026-07-13 13:40:35,1.73,2.07,3.21,19.36,17.87,22.26,37.54,926.6372,-109,-1.75,-103.0,3.0
4,2026-07-13 13:40:35,1.74,2.62,6.62,156.05,25.20,22.95,31.52,927.0842,-103,3.00,-103.0,3.0
3,2026-07-13 13:50:35,1.70,2.04,3.74,25.70,19.97,22.30,37.66,926.5410,-109,-2.25,-103.0,1.25
4,2026-07-13 13:50:35,1.57,2.21,5.48,121.13,30.12,23.40,31.23,927.0378,-103,1.25,-103.0,1.25
3,2026-07-13 14:00:35,1.69,2.00,3.60,21.57,19.54,22.75,36.73,926.4069,-110,-2.00,-104.0,2.75
4,2026-07-13 14:00:35,2.00,5.90,23.52,327.67,30.67,24.09,29.84,926.9074,-104,2.75,-104.0,2.75
3,2026-07-13 14:20:35,1.67,2.00,3.82,21.14,24.72,23.68,35.68,926.3417,-109,-1.50,-103.0,3.0
4,2026-07-13 14:20:35,1.67,2.18,4.59,33.33,27.79,24.73,28.71,926.7840,-103,3.00,-103.0,3.0
3,2026-07-13 14:30:35,1.73,2.09,4.02,24.57,36.16,23.43,35.81,926.3054,-110,-1.75,-101.0,4.25
4,2026-07-13 14:30:35,1.70,2.77,7.45,152.19,29.38,25.01,28.48,926.7621,-101,4.25,-101.0,4.25
3,2026-07-13 14:40:35,1.89,2.32,5.49,34.36,33.20,24.61,34.06,926.2598,-110,-3.25,-104.0,3.0
4,2026-07-13 14:40:35,1.65,2.00,4.15,26.65,30.27,26.03,27.07,926.7120,-104,3.00,-104.0,3.0
3,2026-07-13 15:00:35,1.62,2.02,3.73,22.52,35.31,24.23,35.37,926.0210,-109,-1.25,-103.0,4.25
4,2026-07-13 15:00:35,2.72,17.91,86.79,327.67,43.94,27.00,26.13,926.4935,-103,4.25,-103.0,4.25
3,2026-07-13 15:20:35,1.98,2.51,7.14,41.45,38.94,24.18,33.18,925.7284,-109,-1.25,-103.0,3.25
4,2026-07-13 15:20:35,2.07,6.99,27.44,327.67,51.47,23.80,30.38,926.2602,-103,3.25,-103.0,3.25
3,2026-07-13 15:30:35,1.80,2.23,5.30,26.13,46.32,24.58,34.42,925.7379,-110,-1.25,-103.0,1.5
4,2026-07-13 15:30:35,3.31,21.26,106.61,327.67,49.82,22.98,31.87,926.1326,-103,1.50,-103.0,1.5
3,2026-07-13 15:40:35,1.99,2.52,6.29,45.98,39.78,26.14,30.57,925.7689,-109,-1.75,-105.0,1.25
4,2026-07-13 15:40:35,1.57,2.01,4.58,25.57,50.27,24.16,30.12,926.1775,-105,1.25,-105.0,1.25
3,2026-07-13 15:50:35,2.00,2.58,7.64,39.89,35.15,28.02,27.72,925.7066,-110,-2.00,-104.0,2.0
4,2026-07-13 15:50:35,1.52,1.98,5.73,34.69,50.41,27.44,25.68,926.1414,-104,2.00,-104.0,2.0
3,2026-07-13 16:00:35,2.11,2.70,6.89,30.26,42.42,28.48,27.41,925.5988,-110,-2.50,-104.0,1.25
4,2026-07-13 16:00:35,1.55,1.96,4.56,26.69,46.54,29.29,23.69,926.0850,-104,1.25,-104.0,1.25
3,2026-07-13 16:10:35,2.04,2.64,7.29,45.46,46.65,29.01,26.22,925.5728,-108,-1.00,-106.0,1.75
4,2026-07-13 16:10:35,1.59,2.26,7.80,158.02,39.58,29.53,23.06,926.0029,-106,1.75,-106.0,1.75
3,2026-07-13 16:20:35,2.19,2.84,8.66,87.53,43.31,28.45,26.80,925.5023,-110,-1.25,-104.0,1.25
4,2026-07-13 16:20:35,1.54,2.12,6.49,50.80,40.89,28.23,24.45,925.9140,-104,1.25,-104.0,1.25
3,2026-07-13 16:30:35,2.20,2.80,6.35,42.87,42.26,29.65,25.36,925.4638,-110,-1.50,-104.0,2.75
4,2026-07-13 16:30:35,1.55,2.12,6.21,47.39,40.29,28.08,24.46,925.8858,-104,2.75,-104.0,2.75
3,2026-07-13 16:40:35,2.26,2.95,7.09,83.41,42.08,29.72,25.79,925.4202,-110,-1.75,-104.0,2.75
4,2026-07-13 16:40:35,1.56,2.01,5.42,51.88,47.48,28.35,24.30,925.8350,-104,2.75,-104.0,2.75
3,2026-07-13 16:50:35,2.22,2.89,7.77,47.88,47.63,30.20,25.56,925.3377,-110,-3.00,-104.0,2.25
4,2026-07-13 16:50:35,1.54,1.95,5.17,165.41,48.89,28.20,24.25,925.7516,-104,2.25,-104.0,2.25
3,2026-07-13 17:00:35,2.33,2.95,6.27,35.48,48.06,30.55,25.17,925.2829,-109,-2.00,-104.0,2.5
4,2026-07-13 17:00:35,1.51,2.02,4.63,28.43,44.55,26.61,26.51,925.6861,-104,2.50,-104.0,2.5
3,2026-07-13 17:10:35,2.11,2.71,5.51,34.76,48.41,29.59,27.62,925.1437,-110,-2.50,-103.0,3.0
4,2026-07-13 17:10:35,1.44,1.84,3.41,20.94,46.20,27.87,24.91,925.6534,-103,3.00,-103.0,3.0
3,2026-07-13 17:20:35,2.22,2.74,5.90,39.11,52.83,28.94,27.83,925.0961,-109,-2.00,-104.0,2.25
4,2026-07-13 17:20:35,1.49,1.89,4.18,37.94,48.94,28.18,24.61,925.6035,-104,2.25,-104.0,2.25
4,2026-07-13 17:30:35,1.41,1.80,5.04,30.11,52.89,28.36,24.50,925.5426,-105,4.00,-105.0,4.0
3,2026-07-13 17:40:35,2.00,2.57,7.71,95.32,53.73,29.89,24.89,924.9249,-109,-1.00,-104.0,3.0
4,2026-07-13 17:40:35,1.38,1.89,6.93,41.68,56.44,28.63,23.73,925.3631,-104,3.00,-104.0,3.0
3,2026-07-13 17:50:35,1.94,2.53,6.22,36.13,55.27,30.83,22.38,924.9265,-109,-2.50,-102.0,2.5
4,2026-07-13 17:50:35,1.33,1.81,4.93,40.37,59.70,29.37,22.99,925.3236,-102,2.50,-102.0,2.5
3,2026-07-13 18:00:35,1.40,1.98,7.13,51.61,57.84,28.82,25.68,924.8898,-108,0.00,-105.0,1.75
4,2026-07-13 18:00:35,1.31,1.69,5.79,42.70,53.75,28.75,23.81,925.2998,-105,1.75,-105.0,1.75
3,2026-07-13 18:10:35,1.22,1.76,5.55,51.31,49.88,27.35,26.56,924.8766,-109,-1.25,-104.0,0.75
4,2026-07-13 18:10:35,1.28,1.73,4.77,30.82,54.34,28.46,23.60,925.2738,-104,0.75,-104.0,0.75
3,2026-07-13 18:20:35,1.11,1.73,5.74,54.10,47.92,25.76,28.86,924.7145,-110,-1.00,-103.0,3.75
4,2026-07-13 18:20:35,4.85,48.97,313.77,327.67,53.37,29.41,21.69,925.2794,-103,3.75,-103.0,3.75
3,2026-07-13 18:50:35,1.16,1.64,4.68,28.15,43.33,24.69,30.16,924.7332,-107,0.50,-105.0,1.0
4,2026-07-13 18:50:35,1.30,4.43,25.14,129.91,62.56,27.75,23.35,925.2362,-105,1.00,-105.0,1.0
3,2026-07-13 19:20:35,1.08,1.67,6.37,66.77,37.63,25.72,28.11,924.7402,-109,-1.25,-104.0,1.5
4,2026-07-13 19:20:35,3.90,38.05,180.45,327.67,50.91,28.23,22.88,925.2238,-104,1.50,-104.0,1.5
3,2026-07-13 19:30:35,1.11,1.76,7.22,40.89,36.11,24.52,29.10,924.6478,-109,-1.75,-105.0,2.0
4,2026-07-13 19:30:35,19.74,227.57,327.67,327.67,42.71,27.52,22.92,924.9831,-105,2.00,-105.0,2.0
4,2026-07-13 19:50:35,34.03,327.67,327.67,327.67,31.83,24.56,26.17,924.8928,-102,4.00,-102.0,4.0
4,2026-07-13 20:00:35,53.89,327.67,327.67,327.67,38.80,24.21,26.46,924.8188,-101,4.25,-101.0,4.25
3,2026-07-13 20:10:35,0.81,1.37,4.40,35.58,34.77,23.93,29.07,924.5514,-109,-2.00,-105.0,2.5
4,2026-07-13 20:10:35,36.30,327.67,327.67,327.67,39.52,23.43,27.31,924.8355,-105,2.50,-105.0,2.5
4,2026-07-13 20:20:35,54.39,327.67,327.67,327.67,38.59,23.27,27.51,924.9403,-102,4.00,-102.0,4.0
4,2026-07-13 20:30:35,56.42,327.67,327.67,327.67,37.90,22.92,28.01,925.0182,-103,4.50,-103.0,4.5
4,2026-07-13 20:40:35,61.66,327.67,327.67,327.67,42.67,22.53,28.51,925.0638,-103,3.50,-103.0,3.5
4,2026-07-13 20:50:35,59.90,327.67,327.67,327.67,44.60,21.66,29.74,925.1128,-103,3.50,-103.0,3.5
4,2026-07-13 21:00:35,50.57,327.67,327.67,327.67,42.89,21.01,30.77,925.2336,-105,2.25,-105.0,2.25
4,2026-07-13 21:10:35,46.06,327.67,327.67,327.67,39.11,20.68,31.41,925.2631,-107,1.00,-107.0,1.0
4,2026-07-13 21:20:35,43.17,327.67,327.67,327.67,31.57,19.76,32.59,925.3545,-104,4.00,-104.0,4.0
4,2026-07-13 21:50:35,39.48,327.67,327.67,327.67,30.76,17.41,36.74,925.8155,-104,2.75,-104.0,2.75
4,2026-07-13 22:00:35,32.28,327.67,327.67,327.67,38.44,17.28,36.73,926.0356,-104,2.75,-104.0,2.75
4,2026-07-13 22:10:35,26.52,327.67,327.67,327.67,29.34,17.12,37.41,926.0714,-103,4.00,-103.0,4.0
4,2026-07-13 22:20:35,24.63,310.51,327.67,327.67,27.41,16.98,37.75,926.2060,-104,3.25,-104.0,3.25
4,2026-07-13 22:50:35,18.44,237.00,327.67,327.67,34.28,16.09,40.57,926.9393,-106,2.50,-106.0,2.5
4,2026-07-13 23:00:35,19.45,251.84,327.67,327.67,31.33,15.88,41.38,927.1090,-105,3.25,-105.0,3.25
3,2026-07-14 00:10:35,0.24,0.62,3.56,28.82,42.32,13.52,49.88,927.6102,-109,-2.00,-102.0,3.25
4,2026-07-14 00:10:35,17.78,246.68,327.67,327.67,42.42,13.85,47.22,927.9801,-102,3.25,-102.0,3.25
4,2026-07-14 00:50:35,9.07,128.29,327.67,327.67,38.65,13.26,48.84,928.5022,-104,4.50,-104.0,4.5
4,2026-07-14 01:00:35,10.26,145.56,327.67,327.67,41.80,12.98,49.44,928.6472,-104,2.75,-104.0,2.75
3,2026-07-14 01:10:35,0.23,0.55,1.57,13.59,41.12,12.51,53.03,928.4140,-110,-4.00,-102.0,3.75
4,2026-07-14 01:10:35,8.59,121.21,327.67,327.67,42.55,13.14,49.47,928.6738,-102,3.75,-102.0,3.75
3,2026-07-14 01:20:35,0.25,0.52,2.82,43.62,42.33,12.73,52.49,928.4438,-110,-4.25,-103.0,3.75
4,2026-07-14 01:20:35,8.13,113.03,327.67,327.67,51.47,12.96,49.73,928.7957,-103,3.75,-103.0,3.75
3,2026-07-14 01:40:35,0.28,0.58,2.60,46.43,43.89,12.44,53.48,928.7219,-109,-2.75,-105.0,2.25
4,2026-07-14 01:40:35,3.32,44.35,219.21,327.67,99.58,12.99,49.95,929.1497,-105,2.25,-105.0,2.25
3,2026-07-14 01:50:35,0.20,0.45,2.00,23.62,42.08,12.46,53.60,928.8265,-109,-2.00,-104.0,2.0
4,2026-07-14 01:50:35,4.04,54.21,266.75,327.67,67.96,13.07,49.66,929.1418,-104,2.00,-104.0,2.0
3,2026-07-14 02:10:35,0.18,0.37,1.49,23.33,42.99,12.03,54.67,929.0469,-108,-0.50,-103.0,2.0
4,2026-07-14 02:10:35,4.91,71.00,327.67,327.67,101.43,12.57,51.17,929.3497,-103,2.00,-103.0,2.0
3,2026-07-14 02:30:35,0.20,0.51,4.08,43.34,42.92,11.59,56.72,929.2216,-109,-3.25,-104.0,2.5
4,2026-07-14 02:30:35,4.47,64.49,327.67,327.67,148.60,11.96,53.35,929.4908,-104,2.50,-104.0,2.5
3,2026-07-14 02:40:35,0.17,0.35,2.14,19.56,42.55,11.22,57.95,929.3600,-108,-1.00,-103.0,2.5
4,2026-07-14 02:40:35,3.32,46.15,242.14,327.67,159.16,12.14,52.88,929.6058,-103,2.50,-103.0,2.5
3,2026-07-14 02:50:35,0.16,0.38,1.64,25.43,42.99,11.97,55.28,929.3160,-110,-2.75,-104.0,2.5
4,2026-07-14 02:50:35,0.53,5.89,29.93,327.67,191.16,12.29,52.66,929.7511,-104,2.50,-104.0,2.5
3,2026-07-14 04:10:35,0.19,0.37,2.64,30.76,35.41,11.19,58.11,929.8022,-109,-2.00,-104.0,1.75
4,2026-07-14 04:10:35,0.35,3.41,19.17,327.67,72.25,11.85,54.42,930.0998,-104,1.75,-104.0,1.75
3,2026-07-14 04:20:35,0.20,0.40,2.08,22.25,35.74,11.65,55.87,929.6428,-109,-2.00,-102.0,3.0
4,2026-07-14 04:20:35,0.12,0.28,1.20,23.43,52.83,11.76,53.76,930.1919,-102,3.00,-102.0,3.0
3,2026-07-14 04:40:35,0.23,0.40,1.22,17.37,34.71,12.01,54.56,929.7382,-107,0.00,-104.0,3.75
4,2026-07-14 04:40:35,1.23,17.40,91.58,327.67,39.02,11.40,54.36,930.1137,-104,3.75,-104.0,3.75
3,2026-07-14 05:00:35,0.20,0.36,1.28,25.78,34.07,10.47,59.51,929.9725,-108,-0.75,-103.0,3.5
4,2026-07-14 05:00:35,0.14,0.48,2.60,27.48,52.03,11.22,55.18,930.2410,-103,3.50,-103.0,3.5
3,2026-07-14 05:20:35,0.24,0.46,2.18,34.01,35.25,10.55,59.46,929.8439,-108,-1.00,-102.0,2.5
4,2026-07-14 05:20:35,0.35,3.35,18.62,180.93,53.79,11.25,55.04,930.1039,-102,2.50,-102.0,2.5
3,2026-07-14 05:30:35,0.23,0.43,1.38,30.96,34.28,11.19,57.37,929.7704,-108,-0.75,-102.0,1.75
4,2026-07-14 05:30:35,0.19,1.28,6.53,327.67,64.41,11.18,55.61,930.2013,-102,1.75,-102.0,1.75
3,2026-07-14 06:00:35,0.23,0.40,1.19,18.27,33.17,11.30,56.48,929.8754,-109,-2.25,-102.0,4.0
4,2026-07-14 06:00:35,0.38,3.65,22.56,327.67,47.36,10.98,55.60,930.3223,-102,4.00,-102.0,4.0
3,2026-07-14 06:20:35,0.20,0.35,0.68,9.72,31.51,10.48,59.87,930.0865,-109,-1.50,-102.0,3.5
4,2026-07-14 06:20:35,1.67,25.34,145.28,327.67,37.22,10.36,58.15,930.2910,-102,3.50,-102.0,3.5
3,2026-07-14 06:40:35,0.23,0.37,1.09,14.76,31.19,11.49,56.94,929.9455,-108,-1.50,-102.0,4.25
4,2026-07-14 06:40:35,0.20,1.47,7.68,327.67,36.84,11.43,54.93,930.4350,-102,4.25,-102.0,4.25
3,2026-07-14 06:50:35,0.27,0.53,2.20,24.18,28.26,11.51,58.23,929.8729,-108,-1.75,-103.0,3.5
4,2026-07-14 06:50:35,1.25,18.43,101.67,327.67,37.37,12.07,53.16,930.1840,-103,3.50,-103.0,3.5
3,2026-07-14 07:40:35,0.28,0.39,0.92,19.27,22.94,13.55,51.95,930.0971,-108,-0.75,-103.0,2.75
4,2026-07-14 07:40:35,0.21,1.72,7.76,138.99,39.75,13.92,49.23,930.5190,-103,2.75,-103.0,2.75
3,2026-07-14 07:50:35,0.33,0.55,1.62,21.27,21.79,13.57,52.45,929.9560,-109,-1.50,-102.0,2.5
4,2026-07-14 07:50:35,0.15,0.64,3.01,48.78,57.56,12.90,51.24,930.5387,-102,2.50,-102.0,2.5
3,2026-07-14 08:20:35,0.40,0.60,2.12,25.33,21.33,14.80,48.70,930.0301,-109,-2.75,-104.0,3.75
4,2026-07-14 08:20:35,0.21,1.42,6.80,145.54,40.18,12.90,51.39,930.4066,-104,3.75,-104.0,3.75
4,2026-07-14 08:30:35,0.11,0.27,1.26,22.34,50.11,13.17,50.73,930.4038,-103,4.25,-103.0,4.25
3,2026-07-14 08:40:35,0.45,0.63,1.46,29.45,17.77,16.68,44.57,930.0924,-109,-1.50,-103.0,2.75
4,2026-07-14 08:40:35,0.14,0.51,2.81,31.21,36.81,14.55,47.61,930.4239,-103,2.75,-103.0,2.75
3,2026-07-14 09:20:35,0.44,0.60,1.85,34.31,11.56,17.80,41.77,929.7665,-108,-1.25,-104.0,2.75
4,2026-07-14 09:20:35,0.11,0.29,1.65,32.26,33.56,16.88,42.00,930.2071,-104,2.75,-104.0,2.75
3,2026-07-14 09:30:35,0.55,0.81,2.90,31.79,12.03,18.52,40.40,929.6958,-109,-2.75,-104.0,2.25
4,2026-07-14 09:30:35,0.11,0.32,1.57,32.65,33.83,17.12,40.82,930.1720,-104,2.25,-104.0,2.25
3,2026-07-14 09:40:35,0.57,0.80,2.81,34.37,10.55,19.18,39.36,929.6376,-109,-2.00,-103.0,4.5
4,2026-07-14 09:40:35,0.12,0.34,2.40,28.57,34.47,17.10,41.34,930.0576,-103,4.50,-103.0,4.5
3,2026-07-14 09:50:35,0.58,1.04,5.79,48.62,11.09,19.77,37.63,929.5776,-108,-1.75,-104.0,3.75
4,2026-07-14 09:50:35,0.13,0.57,2.60,19.87,24.27,17.43,40.88,930.0238,-104,3.75,-104.0,3.75
3,2026-07-14 10:00:35,0.55,0.82,3.30,33.03,9.60,19.73,38.73,929.4896,-109,-1.25,-102.0,3.75
4,2026-07-14 10:00:35,0.15,0.47,2.16,37.63,28.46,17.63,40.50,929.9020,-102,3.75,-102.0,3.75
3,2026-07-14 10:10:35,0.50,0.75,3.60,52.97,8.39,19.65,38.90,929.3831,-108,-2.25,-103.0,3.5
4,2026-07-14 10:10:35,0.13,0.44,2.15,35.96,40.72,18.36,38.91,929.7658,-103,3.50,-103.0,3.5
3,2026-07-14 10:20:35,0.56,0.82,2.00,25.66,8.40,20.46,37.26,929.2573,-108,-1.25,-104.0,2.25
4,2026-07-14 10:20:35,0.13,0.40,3.22,28.72,46.42,18.93,37.48,929.6751,-104,2.25,-104.0,2.25
4,2026-07-14 10:30:35,0.12,0.34,1.80,27.39,38.46,19.62,36.49,929.5578,-104,3.50,-104.0,3.5
3,2026-07-14 10:50:35,0.50,0.67,1.61,31.19,6.05,21.78,35.30,928.8807,-109,-0.50,-102.0,3.75
4,2026-07-14 10:50:35,0.43,4.12,22.28,327.67,22.78,19.54,36.82,929.3657,-102,3.75,-102.0,3.75
3,2026-07-14 11:00:35,0.43,0.61,1.58,22.34,6.45,20.91,37.67,928.7298,-109,-1.75,-104.0,2.75
4,2026-07-14 11:00:35,0.19,0.75,3.49,187.63,27.50,19.51,36.48,929.2020,-104,2.75,-104.0,2.75
3,2026-07-14 11:10:35,0.47,0.64,2.09,25.96,5.89,22.04,35.56,928.6153,-109,-1.50,-102.0,3.5
4,2026-07-14 11:10:35,0.26,1.76,8.59,201.77,26.09,20.52,35.30,929.0644,-102,3.50,-102.0,3.5
3,2026-07-14 11:20:35,0.45,0.72,3.56,41.36,5.68,21.13,36.03,928.5433,-108,-1.00,-102.0,3.5
4,2026-07-14 11:20:35,1.42,15.64,80.56,327.67,13.10,20.68,34.49,928.9728,-102,3.50,-102.0,3.5
3,2026-07-14 11:30:35,0.43,0.81,5.04,71.60,6.75,21.40,35.47,928.4027,-109,-1.75,-103.0,2.0
4,2026-07-14 11:30:35,0.14,0.36,1.96,26.96,26.01,19.81,36.02,928.9174,-103,2.00,-103.0,2.0
3,2026-07-14 11:40:35,0.41,0.72,4.36,34.33,6.18,19.99,39.03,928.3448,-109,-1.00,-103.0,2.25
4,2026-07-14 11:40:35,0.16,0.49,2.77,26.55,8.95,19.91,35.33,928.7718,-103,2.25,-103.0,2.25
3,2026-07-14 11:50:35,0.48,0.87,6.40,59.19,6.32,19.93,39.47,928.1235,-110,-2.25,-102.0,4.5
4,2026-07-14 11:50:35,1.45,17.06,81.60,327.67,6.11,20.03,36.42,928.6021,-102,4.50,-102.0,4.5
3,2026-07-14 12:00:35,0.47,0.80,3.36,29.05,5.15,20.39,38.31,927.9309,-109,-1.25,-104.0,2.5
4,2026-07-14 12:00:35,0.18,0.95,6.33,92.84,22.88,19.81,36.63,928.4596,-104,2.50,-104.0,2.5
3,2026-07-14 12:30:35,0.45,0.72,3.31,31.23,5.31,20.20,39.33,927.6738,-110,-1.75,-104.0,3.25
4,2026-07-14 12:30:35,0.15,0.42,2.47,30.62,4.81,20.02,35.87,928.2090,-104,3.25,-104.0,3.25
3,2026-07-14 12:40:35,0.47,0.80,3.04,33.05,6.54,21.31,38.46,927.5908,-110,-3.50,-104.0,2.25
4,2026-07-14 12:40:35,0.16,0.48,2.94,27.91,5.20,21.29,34.02,928.0907,-104,2.25,-104.0,2.25
3,2026-07-14 13:00:35,0.48,0.79,3.65,29.96,4.46,23.49,33.61,927.4068,-109,-1.50,-103.0,3.75
4,2026-07-14 13:00:35,0.16,0.47,2.94,26.52,5.72,21.39,34.23,927.8716,-103,3.75,-103.0,3.75
3,2026-07-14 13:10:35,0.58,0.89,3.42,43.40,5.07,23.10,33.89,927.2508,-110,-2.00,-103.0,3.5
4,2026-07-14 13:10:35,0.15,0.37,2.40,26.74,1.05,21.37,33.58,927.7497,-103,3.50,-103.0,3.5
3,2026-07-14 13:20:35,0.57,0.92,2.71,30.19,5.30,22.28,33.99,927.0828,-109,-1.50,-104.0,2.5
4,2026-07-14 13:20:35,0.17,0.47,2.20,26.82,11.77,21.30,33.54,927.5235,-104,2.50,-104.0,2.5
3,2026-07-14 13:30:35,0.46,0.71,2.66,39.97,6.87,22.43,35.59,926.9273,-109,-1.25,-103.0,3.5
4,2026-07-14 13:30:35,0.17,0.46,2.75,41.77,10.85,21.89,32.88,927.4252,-103,3.50,-103.0,3.5
3,2026-07-14 13:40:35,0.54,0.83,3.06,32.20,5.82,23.35,33.78,926.8456,-109,-1.25,-102.0,4.5
4,2026-07-14 13:40:35,0.17,0.46,4.03,28.46,9.69,21.52,33.58,927.2939,-102,4.50,-102.0,4.5
3,2026-07-14 13:50:35,0.50,0.80,2.51,26.78,4.53,23.91,31.88,926.5178,-108,-0.75,-103.0,3.0
4,2026-07-14 13:50:35,0.15,0.47,2.37,53.84,12.59,22.82,31.71,927.0948,-103,3.00,-103.0,3.0
3,2026-07-14 14:00:35,0.53,0.86,3.71,31.74,5.46,25.05,30.38,926.3610,-109,-0.75,-102.0,4.0
4,2026-07-14 14:00:35,0.15,0.39,2.10,48.25,14.64,24.98,28.38,926.8379,-102,4.00,-102.0,4.0
3,2026-07-14 14:10:35,0.52,0.83,2.35,26.77,6.52,25.84,29.85,926.2753,-109,-2.25,-103.0,3.0
4,2026-07-14 14:10:35,0.16,0.44,2.81,39.81,8.93,25.38,27.75,926.7232,-103,3.00,-103.0,3.0
3,2026-07-14 14:20:35,0.51,0.83,3.82,43.74,4.32,25.16,30.67,926.0986,-109,-2.00,-104.0,3.25
4,2026-07-14 14:20:35,0.17,0.41,2.17,29.98,4.65,24.74,28.56,926.5589,-104,3.25,-104.0,3.25
3,2026-07-14 14:30:35,0.63,1.03,4.19,61.31,5.31,24.84,30.98,925.9728,-109,-1.75,-103.0,2.0
4,2026-07-14 14:30:35,0.16,0.34,2.39,25.67,17.19,24.92,27.49,926.5292,-103,2.00,-103.0,2.0
3,2026-07-14 14:40:35,0.60,0.88,3.08,28.59,5.67,23.16,33.69,925.9724,-108,-0.75,-103.0,2.0
4,2026-07-14 14:40:35,0.17,0.51,3.60,36.21,16.69,24.28,28.34,926.4173,-103,2.00,-103.0,2.0
3,2026-07-14 14:50:35,0.57,1.11,4.64,31.43,5.78,23.84,31.86,925.8637,-108,-0.75,-103.0,3.25
4,2026-07-14 14:50:35,0.17,0.46,2.90,27.38,7.71,23.56,30.08,926.3934,-103,3.25,-103.0,3.25
3,2026-07-14 15:00:35,0.65,1.31,6.16,49.57,5.37,23.50,32.72,925.8041,-109,-2.25,-104.0,3.0
4,2026-07-14 15:00:35,0.17,0.58,4.87,61.96,11.24,23.94,29.01,926.2617,-104,3.00,-104.0,3.0
3,2026-07-14 15:10:35,0.59,1.05,4.43,31.36,5.41,24.32,32.41,925.7688,-109,-1.50,-103.0,2.25
4,2026-07-14 15:10:35,0.20,0.74,4.72,81.77,7.00,23.98,29.30,926.1862,-103,2.25,-103.0,2.25
3,2026-07-14 15:20:35,0.54,1.36,6.88,35.19,5.04,22.42,35.48,925.2469,-110,-2.75,-104.0,2.5
4,2026-07-14 15:20:35,0.18,0.55,3.21,27.83,5.35,23.91,29.81,926.1332,-104,2.50,-104.0,2.5
3,2026-07-14 15:30:35,0.61,1.13,4.91,53.76,5.12,22.91,35.45,925.3262,-108,-1.25,-102.0,2.75
4,2026-07-14 15:30:35,0.20,0.74,6.49,44.53,9.49,24.98,28.02,925.7519,-102,2.75,-102.0,2.75
3,2026-07-14 15:40:35,0.51,1.04,5.76,37.52,5.75,24.44,30.98,925.1682,-108,-1.00,-104.0,2.25
4,2026-07-14 15:40:35,0.19,0.66,3.48,31.97,12.60,24.66,28.49,925.7013,-104,2.25,-104.0,2.25
3,2026-07-14 15:50:35,0.57,1.14,5.05,32.44,4.99,24.30,31.44,924.9757,-109,-1.75,-104.0,3.0
4,2026-07-14 15:50:35,0.20,0.62,2.76,26.61,10.40,25.69,27.22,925.5864,-104,3.00,-104.0,3.0
3,2026-07-14 16:00:35,0.66,1.47,7.18,48.07,5.77,23.83,32.22,925.0453,-109,-0.75,-103.0,3.25
4,2026-07-14 16:00:35,0.16,0.36,2.00,25.41,10.04,24.68,28.92,925.4005,-103,3.25,-103.0,3.25
3,2026-07-14 16:10:35,0.54,1.19,5.01,32.55,4.23,22.35,35.05,924.6334,-108,-0.25,-103.0,3.25
4,2026-07-14 16:10:35,0.16,0.36,2.17,28.57,10.32,23.06,31.69,925.3998,-103,3.25,-103.0,3.25
3,2026-07-14 16:20:35,0.48,1.06,4.97,28.04,5.01,21.60,36.69,924.5740,-109,-1.50,-103.0,3.5
4,2026-07-14 16:20:35,0.27,1.54,12.75,116.04,15.11,24.35,28.66,925.2560,-103,3.50,-103.0,3.5
3,2026-07-14 17:00:35,0.56,1.48,8.00,57.95,4.70,20.59,37.14,924.2253,-109,-0.75,-103.0,3.5
4,2026-07-14 17:00:35,1.84,21.25,124.46,327.67,16.87,23.30,28.49,924.6318,-103,3.50,-103.0,3.5
3,2026-07-14 17:20:35,0.53,1.35,10.66,48.09,5.05,21.88,33.81,924.0631,-108,0.00,-104.0,1.25
4,2026-07-14 17:20:35,0.28,1.30,12.75,132.68,9.01,23.96,28.70,924.6427,-104,1.25,-104.0,1.25
3,2026-07-14 17:40:35,0.65,1.69,10.84,53.26,4.63,22.59,31.92,923.6684,-108,-0.50,-105.0,1.5
4,2026-07-14 17:40:35,0.29,1.42,12.88,67.56,15.20,22.73,29.38,924.2715,-105,1.50,-105.0,1.5
3,2026-07-14 17:50:35,0.61,1.73,10.94,47.82,5.11,22.45,31.22,923.7032,-109,-2.00,-104.0,0.25
4,2026-07-14 17:50:35,0.26,1.09,9.17,49.72,15.21,23.09,28.66,924.2834,-104,0.25,-104.0,0.25
3,2026-07-14 18:00:35,0.60,1.65,12.66,76.17,4.70,23.58,30.53,923.8760,-109,-0.75,-104.0,2.0
4,2026-07-14 18:00:35,0.27,1.17,8.93,50.87,7.33,23.48,28.53,924.1686,-104,2.00,-104.0,2.0
3,2026-07-14 18:20:35,0.69,1.87,13.94,83.32,3.48,23.43,30.20,923.5144,-108,-1.00,-105.0,-0.25
4,2026-07-14 18:20:35,0.27,0.97,6.09,68.63,13.95,22.97,29.57,924.0602,-105,-0.25,-105.0,-0.25
3,2026-07-14 18:30:35,0.65,1.59,9.92,60.85,4.45,22.71,33.20,923.3485,-109,-2.50,-105.0,1.25
4,2026-07-14 18:30:35,0.31,1.49,11.82,200.24,12.95,21.93,31.31,923.8697,-105,1.25,-105.0,1.25
3,2026-07-14 19:00:35,0.59,1.57,10.09,41.84,4.74,21.40,34.49,923.2085,-108,-1.25,-103.0,1.75
4,2026-07-14 19:00:35,0.39,2.20,18.30,105.56,13.86,22.01,30.31,923.7116,-103,1.75,-103.0,1.75
3,2026-07-14 19:20:35,0.48,1.44,7.15,29.73,5.22,18.99,39.48,922.6978,-107,0.75,-101.0,4.0
4,2026-07-14 19:20:35,3.59,40.08,195.35,327.67,8.35,21.01,32.01,923.4270,-101,4.00,-101.0,4.0
4,2026-07-14 19:30:34,3.24,37.84,181.94,327.67,9.53,20.07,33.78,923.2870,-105,3.50,-105.0,3.5
4,2026-07-14 19:40:34,9.43,117.70,327.67,327.67,8.69,19.82,34.16,923.2716,-103,4.50,-103.0,4.5
3,2026-07-14 19:50:35,0.51,1.63,11.71,74.22,5.63,18.91,38.00,922.8832,-108,0.00,-104.0,1.25
4,2026-07-14 19:50:35,5.65,68.01,327.67,327.67,9.54,19.44,35.08,923.2392,-104,1.25,-104.0,1.25
3,2026-07-14 20:00:35,0.49,1.57,10.94,62.55,4.57,18.64,38.84,922.7213,-109,-2.25,-103.0,2.5
4,2026-07-14 20:00:35,2.70,30.22,141.79,327.67,12.44,19.19,35.84,923.0996,-103,2.50,-103.0,2.5
3,2026-07-14 20:10:35,0.49,1.62,9.69,102.39,5.10,18.24,40.09,922.6813,-109,-2.75,-101.0,3.75
4,2026-07-14 20:10:35,0.38,1.91,10.43,58.59,10.18,19.35,35.41,923.2028,-101,3.75,-101.0,3.75
4,2026-07-14 20:20:34,12.03,163.74,327.67,327.67,10.54,19.18,35.36,923.1465,-103,4.25,-103.0,4.25
4,2026-07-14 20:30:34,11.31,145.29,327.67,327.67,12.76,17.95,37.58,923.1018,-101,5.25,-101.0,5.25
4,2026-07-14 22:00:34,4.43,55.52,264.40,327.67,19.02,16.37,42.10,922.6584,-103,2.75,-103.0,2.75
4,2026-07-14 22:20:34,11.04,146.28,327.67,327.67,16.21,15.45,45.45,922.6243,-104,3.75,-104.0,3.75
4,2026-07-14 22:50:34,19.36,288.65,327.67,327.67,30.93,14.77,46.96,922.3775,-104,3.25,-104.0,3.25
3,2026-07-14 23:20:35,0.38,1.75,16.02,116.91,6.13,14.50,50.44,921.4492,-107,0.50,-103.0,3.0
4,2026-07-14 23:20:35,5.12,74.95,327.67,327.67,19.69,14.59,48.62,922.0942,-103,3.00,-103.0,3.0
4,2026-07-14 23:40:34,3.38,47.83,264.48,327.67,13.76,14.10,49.63,922.0696,-105,1.75,-105.0,1.75
3,2026-07-15 00:20:35,0.37,1.88,14.69,77.94,4.92,13.93,51.86,921.9481,-110,-3.25,-104.0,0.75
4,2026-07-15 00:20:35,3.88,59.06,315.27,327.67,12.52,13.16,52.41,922.4249,-104,0.75,-104.0,0.75
3,2026-07-15 00:30:35,0.35,1.96,16.02,97.54,3.88,13.43,53.29,921.9348,-109,-0.75,-103.0,1.0
4,2026-07-15 00:30:35,1.66,23.07,122.14,327.67,24.22,13.01,52.95,922.3730,-103,1.00,-103.0,1.0
3,2026-07-15 01:40:35,0.43,2.50,20.62,135.48,4.37,12.87,55.08,921.3887,-108,-0.75,-102.0,4.0
4,2026-07-15 01:40:35,7.48,116.07,327.67,327.67,6.07,13.15,51.91,921.8625,-102,4.00,-102.0,4.0
3,2026-07-15 02:00:35,0.42,2.25,16.63,70.41,4.33,11.89,59.06,921.4524,-109,-3.50,-103.0,2.0
4,2026-07-15 02:00:35,0.74,6.78,37.20,268.23,23.20,12.82,53.54,921.7807,-103,2.00,-103.0,2.0
3,2026-07-15 02:30:35,0.45,2.17,21.49,327.67,3.27,12.11,57.45,921.2566,-108,-1.00,-102.0,2.75
4,2026-07-15 02:30:35,3.00,45.03,254.91,327.67,4.24,12.24,55.02,921.6514,-102,2.75,-102.0,2.75
4,2026-07-15 02:40:34,6.98,114.60,327.67,327.67,12.76,11.93,55.97,921.5773,-103,5.00,-103.0,5.0
4,2026-07-15 02:50:34,3.96,61.40,327.67,327.67,8.01,11.71,56.70,921.5443,-103,4.25,-103.0,4.25
3,2026-07-15 03:40:35,0.44,2.15,16.09,65.01,3.76,11.41,61.22,921.2880,-110,-2.50,-103.0,3.5
4,2026-07-15 03:40:35,7.29,118.08,327.67,327.67,13.10,12.24,54.83,921.5504,-103,3.50,-103.0,3.5
4,2026-07-15 03:50:34,6.71,111.29,327.67,327.67,3.91,12.18,55.28,921.5973,-104,2.00,-104.0,2.0
3,2026-07-15 04:00:35,0.53,2.89,22.45,103.20,3.39,11.42,61.45,921.2980,-109,-3.25,-101.0,2.5
4,2026-07-15 04:00:35,10.31,172.03,327.67,327.67,25.19,11.98,55.21,921.5282,-101,2.50,-101.0,2.5
4,2026-07-15 04:20:34,8.55,138.63,327.67,327.67,54.17,11.96,54.95,921.3699,-103,3.25,-103.0,3.25
3,2026-07-15 04:30:35,0.53,2.56,16.30,57.23,2.98,11.27,60.57,920.9498,-110,-4.25,-104.0,1.0
4,2026-07-15 04:30:35,7.38,116.22,327.67,327.67,40.17,12.10,54.17,921.2770,-104,1.00,-104.0,1.0
4,2026-07-15 04:50:34,14.71,250.65,327.67,327.67,26.93,11.67,55.94,921.1466,-102,4.25,-102.0,4.25
4,2026-07-15 05:00:34,14.10,232.99,327.67,327.67,9.37,11.45,56.71,921.2414,-103,4.75,-103.0,4.75
4,2026-07-15 05:30:34,12.69,215.55,327.67,327.67,11.52,11.47,56.40,921.4034,-104,4.00,-104.0,4.0
3,2026-07-15 05:50:35,0.46,1.82,11.95,53.59,1.38,11.33,59.16,921.2825,-110,-4.50,-102.0,3.5
4,2026-07-15 05:50:35,12.08,203.83,327.67,327.67,14.85,11.54,56.25,921.4046,-102,3.50,-102.0,3.5
3,2026-07-15 06:10:34,0.54,3.75,29.66,146.54,1.48,11.50,59.06,921.2646,-109,-0.75,-103.0,2.75
4,2026-07-15 06:10:34,10.83,183.93,327.67,327.67,31.12,11.79,55.50,921.4993,-103,2.75,-103.0,2.75
3,2026-07-15 06:20:35,0.52,2.50,18.81,61.56,1.24,11.53,59.93,921.2613,-106,1.00,-103.0,2.0
4,2026-07-15 06:20:35,10.62,182.07,327.67,327.67,16.61,11.86,55.48,921.4647,-103,2.00,-103.0,2.0
4,2026-07-15 06:30:34,11.70,196.45,327.67,327.67,15.48,11.97,55.01,921.5197,-103,3.75,-103.0,3.75
3,2026-07-15 06:40:35,0.53,2.28,18.39,110.01,0.93,12.50,56.06,921.4996,-106,1.75,-104.0,1.25
4,2026-07-15 06:40:35,9.01,150.80,327.67,327.67,10.31,11.94,55.56,921.7687,-104,1.25,-104.0,1.25
3,2026-07-15 07:00:35,0.51,2.48,19.62,85.07,1.24,12.08,57.83,921.5513,-107,1.00,-104.0,1.5
4,2026-07-15 07:00:35,3.98,62.86,327.67,327.67,4.10,12.42,53.91,921.9769,-104,1.50,-104.0,1.5
3,2026-07-15 07:20:35,0.44,1.88,14.97,75.63,1.58,12.46,56.56,921.6168,-110,-4.00,-102.0,3.75
4,2026-07-15 07:20:35,2.49,37.94,202.68,327.67,7.04,12.56,54.12,922.0487,-102,3.75,-102.0,3.75
4,2026-07-15 08:00:34,2.93,46.50,268.91,327.67,1.26,13.53,51.27,922.0144,-102,5.25,-102.0,5.25
4,2026-07-15 08:10:34,9.26,151.26,327.67,327.67,3.23,13.87,50.79,921.8207,-102,4.50,-102.0,4.5
3,2026-07-15 08:50:34,0.46,2.80,28.82,139.62,0.83,14.77,51.46,921.5172,-110,-3.00,-102.0,4.0
4,2026-07-15 08:50:34,2.96,44.13,301.68,327.67,0.22,13.47,51.61,921.9653,-102,4.00,-102.0,4.0
3,2026-07-15 09:00:34,0.53,3.75,40.13,119.01,0.74,14.07,53.66,921.6126,-109,-0.50,-103.0,3.75
4,2026-07-15 09:00:34,3.24,48.41,309.56,327.67,8.32,13.25,52.60,922.0108,-103,3.75,-103.0,3.75
4,2026-07-15 09:10:34,1.04,14.23,98.40,274.55,6.99,12.99,53.46,922.0777,-104,4.00,-104.0,4.0
4,2026-07-15 09:20:34,1.04,13.62,90.09,327.67,9.96,13.21,53.55,922.1483,-103,3.00,-103.0,3.0
3,2026-07-15 09:40:34,0.52,4.23,39.34,116.49,0.78,15.28,51.82,921.7250,-109,-3.00,-104.0,3.0
4,2026-07-15 09:40:34,2.61,37.03,232.31,327.67,15.02,14.07,51.24,921.9272,-104,3.00,-104.0,3.0
3,2026-07-15 09:50:34,0.55,3.74,35.46,97.72,0.26,16.32,48.37,921.6885,-109,-2.00,-104.0,2.25
4,2026-07-15 09:50:34,0.54,7.16,62.72,159.33,5.49,14.70,50.41,922.1469,-104,2.25,-104.0,2.25
3,2026-07-15 10:00:34,0.57,4.11,43.35,190.45,0.15,17.78,45.42,921.5965,-110,-3.25,-101.0,4.25
4,2026-07-15 10:00:34,0.56,7.25,60.94,169.95,5.27,16.05,46.83,922.0201,-101,4.25,-101.0,4.25
3,2026-07-15 10:10:34,0.75,5.59,59.94,327.67,0.42,18.98,42.35,921.5153,-108,-1.00,-102.0,3.75
4,2026-07-15 10:10:34,0.40,5.09,52.76,171.74,5.55,16.91,44.65,921.9431,-102,3.75,-102.0,3.75
3,2026-07-15 10:50:34,0.80,5.51,55.99,144.12,0.30,20.06,39.46,921.2658,-109,-0.50,-103.0,3.0
4,2026-07-15 10:50:34,0.39,4.86,45.71,188.95,13.43,18.52,39.76,921.7909,-103,3.00,-103.0,3.0
3,2026-07-15 11:00:34,0.70,4.85,43.40,116.09,0.28,19.85,40.60,921.3724,-108,-1.50,-102.0,3.75
4,2026-07-15 11:00:34,0.43,5.46,50.81,153.00,1.00,18.74,40.20,921.7016,-102,3.75,-102.0,3.75
3,2026-07-15 11:20:34,0.71,4.63,39.60,111.92,0.12,22.08,37.66,921.4062,-108,0.75,-104.0,2.0
4,2026-07-15 11:20:34,0.48,6.23,61.29,142.34,1.39,21.66,35.19,921.8214,-104,2.00,-104.0,2.0
3,2026-07-15 12:00:34,0.82,3.58,29.25,134.37,0.02,24.22,32.94,920.9249,-108,0.25,-104.0,3.25
4,2026-07-15 12:00:34,0.45,5.42,48.85,211.76,0.54,22.62,33.61,921.4259,-104,3.25,-104.0,3.25
3,2026-07-15 12:10:34,0.80,3.88,35.39,194.98,0.05,23.99,33.61,920.8414,-108,-0.25,-103.0,3.25
4,2026-07-15 12:10:34,0.34,3.62,36.25,136.19,0.62,21.54,35.04,921.3143,-103,3.25,-103.0,3.25
3,2026-07-15 12:20:34,0.73,3.87,30.35,132.61,0.04,24.24,32.83,920.9201,-109,-2.00,-105.0,2.5
4,2026-07-15 12:20:34,0.31,3.42,29.51,103.90,2.14,22.32,33.95,921.2942,-105,2.50,-105.0,2.5
3,2026-07-15 13:00:34,0.62,2.38,18.21,70.75,0.00,22.62,36.23,920.7243,-109,-0.50,-104.0,2.25
4,2026-07-15 13:00:34,0.25,2.24,19.50,90.48,0.36,23.27,31.68,921.1692,-104,2.25,-104.0,2.25
3,2026-07-15 13:20:34,0.60,2.30,17.25,59.63,0.00,24.51,32.86,920.6318,-110,-2.50,-102.0,3.5
4,2026-07-15 13:20:34,0.23,2.02,15.70,83.64,1.23,24.05,30.89,921.1097,-102,3.50,-102.0,3.5
3,2026-07-15 13:30:34,0.61,2.19,18.22,323.58,0.00,25.24,32.41,920.6117,-109,-2.00,-102.0,4.25
4,2026-07-15 13:30:34,0.20,1.64,16.41,327.67,0.84,25.40,28.24,921.0697,-102,4.25,-102.0,4.25
3,2026-07-15 13:40:34,0.58,1.89,15.05,105.83,0.00,26.38,29.96,920.5916,-109,-2.00,-103.0,2.5
4,2026-07-15 13:40:34,0.16,1.15,11.39,60.97,0.95,26.29,27.91,921.0877,-103,2.50,-103.0,2.5
3,2026-07-15 13:50:34,0.74,2.00,12.74,57.56,0.08,26.26,30.45,920.4686,-109,-2.25,-103.0,3.0
4,2026-07-15 13:50:34,0.21,1.39,12.89,79.73,0.27,27.59,25.10,920.9731,-103,3.00,-103.0,3.0
3,2026-07-15 14:00:34,0.64,1.79,17.34,327.67,0.12,25.77,29.47,920.3432,-109,-2.25,-105.0,1.25
4,2026-07-15 14:00:34,0.16,1.10,8.76,43.71,0.22,27.60,25.92,920.8994,-105,1.25,-105.0,1.25
3,2026-07-15 14:10:34,0.56,1.95,11.61,72.59,0.01,23.61,32.26,920.1885,-109,-2.25,-102.0,3.25
4,2026-07-15 14:10:34,0.59,6.07,38.66,327.67,1.13,27.15,24.52,920.8004,-102,3.25,-102.0,3.25
4,2026-07-15 14:20:34,1.66,22.59,152.41,327.67,0.41,22.47,28.75,920.5957,-101,3.75,-101.0,3.75
4,2026-07-15 14:40:34,2.98,36.38,205.52,327.67,0.17,20.86,28.83,920.3654,-104,1.50,-104.0,1.5
3,2026-07-15 16:50:34,0.52,1.05,3.82,29.35,0.00,25.33,26.16,919.9381,-110,-1.75,-102.0,-0.25
4,2026-07-15 16:50:34,6.11,69.38,327.67,327.67,0.06,22.80,27.08,920.2798,-102,-0.25,-102.0,-0.25
4,2026-07-15 17:40:34,1.34,14.20,74.29,327.67,0.90,22.75,26.78,920.0744,-102,3.25,-102.0,3.25
4,2026-07-15 17:50:34,2.72,28.49,133.44,327.67,0.45,23.02,26.61,920.0158,-99,4.00,-99.0,4.0
4,2026-07-15 18:30:34,3.66,42.26,208.34,327.67,0.32,22.89,24.43,919.7059,-102,1.00,-102.0,1.0
3,2026-07-15 18:40:34,0.69,1.30,5.29,37.25,1.58,25.27,23.48,919.3895,-108,-0.75,-101.0,3.5
4,2026-07-15 18:40:34,5.80,69.65,327.67,327.67,0.35,22.27,24.89,919.6099,-101,3.50,-101.0,3.5
3,2026-07-15 19:00:34,0.63,1.20,6.21,42.19,1.58,24.80,23.59,919.2268,-109,-1.75,-101.0,1.0
4,2026-07-15 19:00:34,8.85,106.89,327.67,327.67,0.42,22.39,24.54,919.4905,-101,1.00,-101.0,1.0
3,2026-07-15 19:50:34,0.47,1.22,7.08,37.41,1.52,22.75,26.77,918.8878,-110,-3.50,-103.0,1.75
4,2026-07-15 19:50:34,9.73,116.38,327.67,327.67,2.76,21.13,24.42,919.4892,-103,1.75,-103.0,1.75
3,2026-07-15 20:30:34,0.58,0.96,4.93,41.25,1.92,23.66,23.75,919.2083,-109,-3.00,-104.0,1.0
4,2026-07-15 20:30:34,8.22,92.80,327.67,327.67,3.98,22.19,22.52,919.5558,-104,1.00,-104.0,1.0
3,2026-07-15 21:50:34,0.29,0.47,3.07,48.27,3.71,18.73,31.77,919.6902,-108,-0.50,-106.0,1.0
4,2026-07-15 21:50:34,0.55,4.94,25.20,327.67,1.52,19.56,26.78,920.1877,-106,1.00,-106.0,1.0
4,2026-07-15 22:00:34,9.01,108.16,327.67,327.67,3.77,18.20,31.10,920.2361,-104,3.50,-104.0,3.5
4,2026-07-15 22:40:34,24.01,307.85,327.67,327.67,3.07,15.80,37.18,920.6936,-106,1.25,-106.0,1.25
4,2026-07-15 23:20:34,25.90,327.67,327.67,327.67,2.71,15.13,38.94,921.5985,-106,0.75,-106.0,0.75
4,2026-07-16 00:10:34,6.51,76.96,327.67,327.67,2.92,14.72,40.18,922.8828,-103,3.25,-103.0,3.25
3,2026-07-16 00:20:34,0.41,0.78,3.49,39.85,6.14,14.19,45.18,922.5544,-109,-2.25,-104.0,0.75
4,2026-07-16 00:20:34,0.74,5.42,24.54,327.67,0.42,14.79,40.19,923.5553,-104,0.75,-104.0,0.75
4,2026-07-16 00:30:34,3.57,41.83,256.88,327.67,4.24,14.59,41.07,924.0043,-104,0.75,-104.0,0.75
3,2026-07-16 00:50:34,0.37,0.72,3.58,32.26,6.37,14.36,46.12,923.6559,-108,-0.25,-103.0,2.75
4,2026-07-16 00:50:34,0.25,0.77,8.12,216.09,4.42,12.80,49.13,924.0183,-103,2.75,-103.0,2.75
3,2026-07-16 01:10:34,0.28,0.61,3.72,50.92,6.23,13.89,50.12,923.8576,-109,-2.75,-103.0,3.75
4,2026-07-16 01:10:34,0.23,0.58,2.26,24.47,5.76,12.69,54.70,924.3632,-103,3.75,-103.0,3.75
3,2026-07-16 01:20:34,0.28,0.63,2.94,25.95,6.20,13.40,53.16,924.1930,-110,-1.25,-101.0,1.25
4,2026-07-16 01:20:34,0.19,0.45,2.09,24.59,4.93,12.29,55.60,924.5557,-101,1.25,-101.0,1.25
3,2026-07-16 01:40:34,0.32,0.63,3.33,46.66,6.38,13.75,48.54,924.7370,-109,-0.75,-101.0,4.25
4,2026-07-16 01:40:34,0.21,0.52,3.12,39.64,4.86,12.24,57.21,925.0029,-101,4.25,-101.0,4.25
3,2026-07-16 01:50:34,0.30,0.57,2.71,33.17,5.51,12.98,52.31,924.8978,-108,-1.00,-101.0,4.5
4,2026-07-16 01:50:34,0.24,0.54,2.96,30.46,5.00,11.84,60.29,925.2763,-101,4.50,-101.0,4.5
3,2026-07-16 02:20:34,0.30,0.56,2.46,22.69,3.42,11.24,53.82,925.1096,-109,-2.25,-104.0,2.25
4,2026-07-16 02:20:34,0.26,0.58,2.87,28.55,5.21,11.99,58.86,925.4885,-104,2.25,-104.0,2.25
3,2026-07-16 02:40:34,0.31,0.58,4.89,210.58,3.55,11.86,52.53,925.4203,-109,-1.75,-105.0,1.75
4,2026-07-16 02:40:34,0.26,0.55,2.00,28.98,4.87,11.77,53.14,925.8433,-105,1.75,-105.0,1.75
3,2026-07-16 02:50:34,0.27,0.48,2.18,22.02,3.17,11.78,53.11,925.5429,-109,-1.50,-103.0,1.5
4,2026-07-16 02:50:34,0.23,0.45,2.72,28.37,3.80,11.59,53.37,925.9182,-103,1.50,-103.0,1.5
3,2026-07-16 03:00:34,0.27,0.42,1.25,17.95,1.91,11.48,53.99,925.7012,-109,-3.00,-103.0,2.5
4,2026-07-16 03:00:34,0.21,0.41,1.34,23.23,4.07,11.16,54.29,926.0556,-103,2.50,-103.0,2.5
3,2026-07-16 03:10:34,0.29,0.47,1.58,32.51,0.50,11.68,53.77,925.8236,-109,-2.75,-103.0,3.25
4,2026-07-16 03:10:34,0.24,0.58,2.68,45.37,4.67,10.93,54.78,926.1599,-103,3.25,-103.0,3.25
3,2026-07-16 03:20:34,0.29,0.50,1.09,22.65,0.38,11.50,54.17,926.0853,-109,-2.75,-103.0,3.5
4,2026-07-16 03:20:34,0.22,0.53,2.01,34.25,41.53,10.83,55.24,926.3218,-103,3.50,-103.0,3.5
3,2026-07-16 03:30:34,0.26,0.46,1.73,31.54,0.10,11.07,55.35,926.1761,-108,-1.25,-104.0,1.5
4,2026-07-16 03:30:34,0.21,0.38,1.13,27.03,24.95,11.33,53.63,926.5152,-104,1.50,-104.0,1.5
3,2026-07-16 04:00:34,0.29,0.47,1.49,21.46,0.00,11.20,54.88,926.4419,-109,-1.25,-106.0,2.0
4,2026-07-16 04:00:34,0.20,0.33,1.39,26.38,13.89,11.10,54.37,926.7854,-106,2.00,-106.0,2.0
3,2026-07-16 04:10:34,0.28,0.45,1.15,19.86,0.00,10.86,56.16,926.5781,-109,-3.25,-103.0,3.5
4,2026-07-16 04:10:34,0.22,0.51,1.83,27.21,1.99,10.37,56.40,926.8381,-103,3.50,-103.0,3.5
3,2026-07-16 04:30:34,0.28,0.45,1.08,20.83,0.00,10.53,56.89,926.9023,-108,-2.50,-104.0,3.0
4,2026-07-16 04:30:34,0.21,0.38,1.19,16.12,50.40,10.43,56.17,927.1293,-104,3.00,-104.0,3.0
3,2026-07-16 05:30:34,0.30,0.44,1.19,21.24,0.00,10.39,57.46,927.5354,-109,-3.00,-105.0,2.5
4,2026-07-16 05:30:34,0.27,0.42,1.23,32.66,88.08,8.60,63.27,927.9210,-105,2.50,-105.0,2.5
3,2026-07-16 06:00:34,0.30,0.46,1.05,23.55,0.00,9.46,60.71,927.7975,-108,-1.50,-106.0,2.0
4,2026-07-16 06:00:34,0.24,0.39,1.22,27.35,105.77,10.68,56.19,928.0763,-106,2.00,-106.0,2.0
3,2026-07-16 06:30:34,0.38,0.56,1.39,26.98,0.00,12.22,53.14,927.8252,-109,-1.75,-102.0,2.5
4,2026-07-16 06:30:34,0.21,0.34,0.66,26.01,73.53,12.37,51.72,928.2565,-102,2.50,-102.0,2.5
3,2026-07-16 06:50:34,0.38,0.52,1.18,12.18,0.00,11.90,54.02,927.8695,-109,-2.50,-104.0,2.75
4,2026-07-16 06:50:34,0.26,0.43,0.89,11.22,90.89,11.69,53.77,928.3255,-104,2.75,-104.0,2.75
3,2026-07-16 07:10:34,0.39,0.56,1.01,13.86,0.00,12.05,54.43,927.9669,-108,-2.25,-104.0,1.75
4,2026-07-16 07:10:34,0.22,0.35,0.58,8.96,42.87,13.36,49.81,928.3268,-104,1.75,-104.0,1.75
3,2026-07-16 07:20:34,0.46,0.61,0.95,11.27,0.00,12.47,53.69,928.0048,-109,-2.25,-103.0,1.75
4,2026-07-16 07:20:34,0.21,0.33,0.76,10.30,44.75,14.41,47.07,928.3550,-103,1.75,-103.0,1.75
3,2026-07-16 07:40:34,0.40,0.54,0.95,12.99,0.00,13.16,51.87,928.0563,-109,-3.00,-102.0,2.5
4,2026-07-16 07:40:34,0.21,0.32,0.59,13.11,33.86,13.46,49.51,928.4251,-102,2.50,-102.0,2.5
3,2026-07-16 07:50:34,0.46,0.59,1.20,29.75,0.00,12.88,52.61,928.0572,-108,-1.75,-104.0,2.75
4,2026-07-16 07:50:34,0.20,0.30,0.98,19.94,41.60,12.48,52.05,928.5132,-104,2.75,-104.0,2.75
3,2026-07-16 08:00:34,0.42,0.58,1.00,12.93,0.00,12.99,52.31,928.1203,-109,-1.50,-103.0,3.75
4,2026-07-16 08:00:34,0.19,0.28,0.53,8.50,45.37,13.43,49.76,928.5444,-103,3.75,-103.0,3.75
3,2026-07-16 08:10:34,0.43,0.58,1.20,18.44,0.00,13.02,52.41,928.1679,-109,-1.50,-104.0,3.75
4,2026-07-16 08:10:34,0.19,0.30,0.65,13.74,40.51,15.62,44.35,928.4876,-104,3.75,-104.0,3.75
3,2026-07-16 08:20:34,0.41,0.54,1.02,20.48,0.00,13.76,50.30,928.2400,-109,-0.75,-103.0,3.75
4,2026-07-16 08:20:34,0.17,0.29,0.81,18.97,39.61,15.67,43.86,928.6078,-103,3.75,-103.0,3.75
3,2026-07-16 08:30:34,0.44,0.54,0.79,18.39,0.00,13.96,50.08,928.2662,-109,-1.50,-103.0,3.25
4,2026-07-16 08:30:34,0.18,0.28,1.11,25.02,37.30,16.05,43.12,928.6199,-103,3.25,-103.0,3.25
3,2026-07-16 08:50:34,0.41,0.54,1.25,21.97,0.00,14.67,48.36,928.3928,-109,-2.25,-103.0,3.75
4,2026-07-16 08:50:34,0.17,0.29,0.46,5.20,16.84,16.68,41.53,928.7851,-103,3.75,-103.0,3.75
3,2026-07-16 09:00:34,0.50,0.63,1.28,20.06,0.00,15.56,46.11,928.3409,-109,-0.50,-102.0,3.25
4,2026-07-16 09:00:34,0.16,0.23,0.88,24.32,16.64,17.04,40.63,928.7617,-102,3.25,-102.0,3.25
3,2026-07-16 09:10:34,0.43,0.52,1.10,29.79,0.00,16.84,43.33,928.2847,-108,0.00,-103.0,2.0
4,2026-07-16 09:10:34,0.16,0.26,0.63,12.04,34.05,17.57,39.66,928.7044,-103,2.00,-103.0,2.0
3,2026-07-16 09:20:34,0.45,0.55,1.03,20.96,0.00,15.48,46.90,928.2175,-108,-1.25,-104.0,2.25
4,2026-07-16 09:20:34,0.34,2.55,14.95,185.31,3.57,16.86,40.93,928.5930,-104,2.25,-104.0,2.25
3,2026-07-16 09:30:34,0.46,0.56,1.19,25.92,0.00,16.00,45.61,928.1971,-109,-2.00,-104.0,3.5
4,2026-07-16 09:30:34,0.17,0.39,0.91,21.08,2.92,17.53,39.50,928.5419,-104,3.50,-104.0,3.5
3,2026-07-16 09:40:34,0.39,0.49,0.98,20.51,0.00,17.07,43.26,928.2260,-110,-3.25,-103.0,3.0
4,2026-07-16 09:40:34,0.14,0.25,0.82,38.13,4.00,17.81,39.25,928.5845,-103,3.00,-103.0,3.0
3,2026-07-16 09:50:34,0.47,0.61,1.66,20.08,0.00,17.31,42.66,928.2065,-109,-1.50,-103.0,1.5
4,2026-07-16 09:50:34,0.14,0.25,0.90,23.63,16.54,17.63,39.22,928.6357,-103,1.50,-103.0,1.5
3,2026-07-16 10:00:34,0.55,0.70,1.04,6.18,0.00,17.76,41.73,928.1649,-109,-2.25,-104.0,1.5
4,2026-07-16 10:00:34,0.13,0.25,0.54,10.26,19.79,18.06,38.35,928.6575,-104,1.50,-104.0,1.5
3,2026-07-16 10:10:34,0.43,0.53,1.36,26.87,0.00,18.10,41.21,928.1230,-109,-1.50,-102.0,4.0
4,2026-07-16 10:10:34,0.10,0.18,0.59,14.88,14.71,18.88,36.77,928.5863,-102,4.00,-102.0,4.0
3,2026-07-16 10:20:34,0.43,0.55,1.21,20.80,0.00,17.58,42.32,927.9918,-110,-1.25,-104.0,2.0
4,2026-07-16 10:20:34,0.13,0.26,0.60,6.90,9.39,18.32,37.66,928.4546,-104,2.00,-104.0,2.0
3,2026-07-16 10:30:34,0.47,0.57,1.07,26.54,0.00,18.47,40.20,927.9444,-109,-1.25,-103.0,3.0
4,2026-07-16 10:30:34,0.11,0.18,0.36,5.62,4.69,18.84,36.70,928.4284,-103,3.00,-103.0,3.0
3,2026-07-16 10:50:34,0.47,0.58,1.18,15.07,0.00,18.96,40.35,927.8637,-109,-1.75,-105.0,2.5
4,2026-07-16 10:50:34,0.13,0.23,1.22,28.58,3.55,19.34,35.28,928.3312,-105,2.50,-105.0,2.5
3,2026-07-16 11:00:34,0.34,0.42,0.79,20.53,0.00,18.86,40.32,927.8468,-109,-2.25,-102.0,4.0
4,2026-07-16 11:00:34,0.12,0.23,0.91,22.49,10.73,19.86,34.56,928.3206,-102,4.00,-102.0,4.0
3,2026-07-16 11:10:34,0.41,0.50,1.45,24.27,0.00,19.73,37.76,927.7856,-110,-2.50,-103.0,3.0
4,2026-07-16 11:10:34,0.11,0.19,0.82,40.76,4.36,20.66,33.24,928.1713,-103,3.00,-103.0,3.0
3,2026-07-16 11:20:34,0.37,0.45,0.89,15.16,0.00,19.60,38.48,927.6556,-109,-1.50,-101.0,3.0
4,2026-07-16 11:20:34,0.13,0.27,1.09,26.34,10.40,20.54,33.25,928.0602,-101,3.00,-101.0,3.0
3,2026-07-16 11:30:34,0.37,0.43,1.09,29.17,0.00,19.63,38.87,927.5721,-109,-1.75,-102.0,4.0
4,2026-07-16 11:30:34,0.11,0.20,1.17,21.89,4.61,20.64,33.30,927.9588,-102,4.00,-102.0,4.0
3,2026-07-16 11:50:34,0.36,0.45,1.00,27.35,0.00,20.58,36.77,927.4070,-109,-3.00,-103.0,3.75
4,2026-07-16 11:50:34,0.10,0.16,0.63,22.30,0.01,21.27,31.94,927.8006,-103,3.75,-103.0,3.75
3,2026-07-16 12:00:34,0.33,0.44,1.54,28.62,0.00,21.31,35.18,927.3570,-109,-1.25,-102.0,4.25
4,2026-07-16 12:00:34,0.11,0.20,0.58,21.58,3.52,21.28,32.28,927.7722,-102,4.25,-102.0,4.25
3,2026-07-16 12:10:34,0.35,0.42,0.81,19.52,0.00,21.46,34.32,927.3023,-110,-1.50,-103.0,2.0
4,2026-07-16 12:10:34,0.11,0.18,0.60,24.80,4.68,21.10,32.49,927.7021,-103,2.00,-103.0,2.0
3,2026-07-16 12:20:34,0.34,0.42,1.09,25.72,0.00,22.62,32.76,927.2439,-110,-2.75,-102.0,3.0
4,2026-07-16 12:20:34,0.11,0.19,0.63,23.67,1.17,21.39,31.84,927.6399,-102,3.00,-102.0,3.0
3,2026-07-16 12:30:34,0.40,0.49,1.43,30.03,0.00,22.79,32.32,927.1189,-110,-3.25,-101.0,4.0
4,2026-07-16 12:30:34,0.11,0.19,0.81,26.72,0.48,21.93,31.08,927.5183,-101,4.00,-101.0,4.0
4,2026-07-16 12:40:34,0.10,0.17,0.52,23.07,0.04,22.07,30.74,927.4193,-102,4.75,-102.0,4.75
3,2026-07-16 12:50:34,0.36,0.44,0.83,15.81,0.00,23.43,31.59,926.9468,-110,-2.75,-102.0,2.75
4,2026-07-16 12:50:34,0.10,0.18,0.84,15.41,0.00,22.84,29.68,927.3559,-102,2.75,-102.0,2.75
3,2026-07-16 13:00:34,0.38,0.47,1.03,21.74,0.00,23.46,31.78,926.8713,-110,-2.75,-102.0,3.0
4,2026-07-16 13:00:34,0.10,0.14,0.35,15.81,0.00,23.30,28.81,927.2752,-102,3.00,-102.0,3.0
3,2026-07-16 13:10:34,0.36,0.46,1.11,18.11,0.00,24.22,31.36,926.7651,-109,-2.25,-103.0,2.0
4,2026-07-16 13:10:34,0.10,0.18,0.38,8.89,0.00,23.62,28.69,927.1785,-103,2.00,-103.0,2.0
3,2026-07-16 13:20:34,0.39,0.49,1.31,22.17,0.00,23.68,32.36,926.6336,-110,-3.00,-103.0,3.25
4,2026-07-16 13:20:34,0.10,0.17,1.17,22.42,0.00,23.94,28.77,927.0465,-103,3.25,-103.0,3.25
3,2026-07-16 13:30:34,0.41,0.52,1.34,34.68,0.00,24.43,32.13,926.5516,-109,-1.75,-103.0,3.25
4,2026-07-16 13:30:34,0.11,0.21,0.69,16.26,0.00,23.80,28.28,926.9514,-103,3.25,-103.0,3.25
3,2026-07-16 13:40:34,0.47,0.55,1.14,25.69,0.00,23.69,32.64,926.5416,-110,-3.50,-103.0,2.75
4,2026-07-16 13:40:34,0.12,0.26,1.44,56.17,0.21,24.33,27.87,926.8937,-103,2.75,-103.0,2.75
3,2026-07-16 13:50:34,0.38,0.45,1.12,23.87,0.00,24.25,31.60,926.4340,-110,-3.00,-102.0,3.0
4,2026-07-16 13:50:34,0.10,0.18,0.63,9.07,0.00,23.20,30.47,926.8472,-102,3.00,-102.0,3.0
3,2026-07-16 14:00:34,0.40,0.48,0.83,14.80,0.00,24.49,31.72,926.3452,-110,-3.25,-105.0,2.0
4,2026-07-16 14:00:34,0.10,0.15,0.75,15.18,0.00,23.76,28.76,926.7511,-105,2.00,-105.0,2.0
3,2026-07-16 14:10:34,0.41,0.53,1.36,16.68,0.00,24.34,32.29,926.2362,-109,-0.75,-103.0,2.5
4,2026-07-16 14:10:34,0.38,3.31,19.09,327.67,0.00,24.30,28.03,926.6246,-103,2.50,-103.0,2.5
3,2026-07-16 14:20:34,0.33,0.41,1.10,19.33,0.00,24.22,32.18,926.1019,-110,-2.50,-104.0,1.5
4,2026-07-16 14:20:34,0.12,0.30,1.77,25.49,0.00,24.57,27.51,926.5066,-104,1.50,-104.0,1.5
3,2026-07-16 14:40:34,0.40,0.48,1.32,22.65,0.00,23.67,34.82,925.8860,-110,-3.50,-105.0,1.75
4,2026-07-16 14:40:34,1.06,11.04,55.56,327.67,0.01,25.61,25.57,926.3304,-105,1.75,-105.0,1.75
4,2026-07-16 14:50:34,2.52,27.43,138.83,327.67,0.00,24.59,27.87,926.2173,-104,3.75,-104.0,3.75
3,2026-07-16 15:10:34,0.47,0.56,1.64,24.57,0.00,23.83,33.42,925.5299,-110,-2.25,-104.0,1.75
4,2026-07-16 15:10:34,1.09,10.27,41.86,327.67,1.14,25.27,26.17,926.0526,-104,1.75,-104.0,1.75
3,2026-07-16 15:20:34,0.42,0.49,0.84,13.20,0.00,23.77,32.98,925.3592,-109,-1.00,-105.0,1.75
4,2026-07-16 15:20:34,1.90,19.91,88.56,327.67,0.81,24.82,26.64,925.8720,-105,1.75,-105.0,1.75
3,2026-07-16 15:40:34,0.37,0.50,1.14,12.55,0.00,23.33,33.65,925.1313,-110,-3.75,-101.0,4.25
4,2026-07-16 15:40:34,3.71,38.74,177.36,327.67,0.00,24.43,27.43,925.6676,-101,4.25,-101.0,4.25
3,2026-07-16 15:50:34,0.44,0.60,2.07,26.88,0.00,23.33,34.03,925.1062,-109,-1.00,-104.0,2.0
4,2026-07-16 15:50:34,9.15,99.03,327.67,327.67,0.63,25.35,26.68,925.5306,-104,2.00,-104.0,2.0
3,2026-07-16 16:00:34,0.44,0.62,1.78,24.57,0.00,23.55,33.69,925.0002,-109,-0.75,-102.0,3.75
4,2026-07-16 16:00:34,6.31,65.27,274.06,327.67,0.00,25.42,26.09,925.4948,-102,3.75,-102.0,3.75
3,2026-07-16 16:10:34,0.37,0.47,1.33,21.64,0.00,23.97,32.83,924.9344,-109,-0.75,-102.0,4.25
4,2026-07-16 16:10:34,2.67,26.52,108.49,327.67,0.29,24.89,26.11,925.4487,-102,4.25,-102.0,4.25
3,2026-07-16 16:30:34,0.40,0.52,1.45,27.11,0.00,24.40,32.30,924.8108,-109,-0.50,-103.0,4.0
4,2026-07-16 16:30:34,3.06,31.51,127.96,327.67,0.00,26.10,24.79,925.3818,-103,4.00,-103.0,4.0
3,2026-07-16 16:40:34,0.46,0.64,2.40,24.90,0.00,24.21,33.11,924.7141,-108,-1.50,-105.0,1.25
4,2026-07-16 16:40:34,2.24,22.80,98.85,327.67,0.00,25.55,24.74,925.3049,-105,1.25,-105.0,1.25
3,2026-07-16 16:50:34,0.44,0.59,1.36,22.58,0.00,24.46,31.68,924.5855,-109,-1.00,-102.0,2.75
4,2026-07-16 16:50:34,4.82,48.62,198.64,327.67,0.00,26.77,24.05,925.0392,-102,2.75,-102.0,2.75
3,2026-07-16 17:00:34,0.49,0.67,1.42,19.04,0.00,24.67,31.43,924.4734,-109,-1.00,-104.0,2.5
4,2026-07-16 17:00:34,0.16,0.83,5.00,112.94,0.00,24.89,25.04,924.9757,-104,2.50,-104.0,2.5
3,2026-07-16 17:10:34,0.40,0.55,1.37,31.45,0.00,24.60,30.55,924.4185,-109,-0.50,-102.0,4.0
4,2026-07-16 17:10:34,1.45,13.72,58.27,327.67,0.00,26.56,22.80,924.9015,-102,4.00,-102.0,4.0
3,2026-07-16 17:20:34,0.48,0.70,2.01,18.97,0.00,24.55,31.41,924.3790,-110,-1.25,-102.0,1.25
4,2026-07-16 17:20:34,2.10,19.32,77.15,327.67,0.00,26.59,23.56,924.8527,-102,1.25,-102.0,1.25
3,2026-07-16 17:30:34,0.48,0.72,2.90,28.96,0.00,24.74,31.53,924.2870,-108,0.25,-102.0,1.75
4,2026-07-16 17:30:34,3.64,36.15,138.87,327.67,0.00,27.01,23.18,924.7869,-102,1.75,-102.0,1.75
3,2026-07-16 17:40:34,0.48,0.70,1.66,21.65,0.00,24.96,30.70,924.2675,-109,-3.00,-103.0,2.25
4,2026-07-16 17:40:34,0.17,0.85,3.28,88.85,0.00,27.23,22.16,924.8182,-103,2.25,-103.0,2.25
3,2026-07-16 17:50:34,0.48,0.71,2.19,23.43,0.00,25.22,28.93,924.2900,-110,-0.75,-104.0,1.25
4,2026-07-16 17:50:34,1.52,13.62,54.40,327.67,0.00,27.70,21.72,924.7428,-104,1.25,-104.0,1.25
3,2026-07-16 18:00:34,0.57,0.96,3.50,33.95,0.00,25.84,29.15,924.1624,-110,-1.50,-104.0,1.75
4,2026-07-16 18:00:34,1.35,12.05,49.19,327.67,0.00,26.99,22.18,924.7128,-104,1.75,-104.0,1.75
3,2026-07-16 18:10:34,0.56,1.06,3.91,28.02,0.00,25.36,29.36,924.2177,-110,-3.25,-102.0,1.5
4,2026-07-16 18:10:34,0.19,0.86,3.60,77.64,0.00,27.30,22.36,924.7237,-102,1.50,-102.0,1.5
3,2026-07-16 18:20:34,0.57,1.13,4.15,38.34,0.00,23.70,30.84,924.0997,-110,-2.25,-105.0,1.5
4,2026-07-16 18:20:34,6.22,63.08,262.37,327.67,0.00,27.19,22.14,924.6415,-105,1.50,-105.0,1.5
3,2026-07-16 18:30:34,0.57,1.14,4.15,29.71,0.00,22.28,33.84,924.1145,-108,0.25,-105.0,1.5
4,2026-07-16 18:30:34,1.72,15.64,64.59,327.67,0.00,26.45,23.29,924.6018,-105,1.50,-105.0,1.5
3,2026-07-16 18:40:34,0.49,1.17,5.95,55.70,0.00,22.48,32.89,924.0370,-111,-1.50,-104.0,2.0
4,2026-07-16 18:40:34,0.28,1.45,4.56,57.28,0.00,25.25,24.89,924.5544,-104,2.00,-104.0,2.0
3,2026-07-16 18:50:34,0.56,1.28,5.53,41.13,0.00,22.22,33.38,923.9989,-109,-2.50,-103.0,2.0
4,2026-07-16 18:50:34,2.11,19.82,77.53,327.67,0.00,24.40,25.43,924.4847,-103,2.00,-103.0,2.0
4,2026-07-16 19:00:34,2.50,23.46,96.46,327.67,0.00,23.43,27.38,924.4039,-104,3.25,-104.0,3.25
3,2026-07-16 19:10:34,0.57,1.19,4.44,32.76,0.00,22.55,34.23,923.9140,-108,-1.25,-104.0,2.0
4,2026-07-16 19:10:34,7.26,72.50,300.88,327.67,0.00,23.36,27.64,924.3146,-104,2.00,-104.0,2.0
3,2026-07-16 19:20:34,0.51,0.93,4.14,34.77,0.00,23.95,31.95,923.8907,-109,-1.75,-102.0,3.25
4,2026-07-16 19:20:34,1.89,17.47,67.68,327.67,0.00,24.70,26.30,924.2959,-102,3.25,-102.0,3.25
3,2026-07-16 19:30:34,0.54,0.93,2.88,46.57,0.00,25.01,29.68,923.8709,-108,-0.75,-102.0,2.5
4,2026-07-16 19:30:34,0.28,1.86,7.27,226.36,0.00,25.05,24.97,924.2957,-102,2.50,-102.0,2.5
3,2026-07-16 19:40:34,0.51,0.87,2.66,22.46,0.00,24.27,30.36,923.7962,-110,-3.75,-105.0,2.0
4,2026-07-16 19:40:34,1.54,14.27,60.34,327.67,0.00,26.14,24.17,924.1947,-105,2.00,-105.0,2.0
3,2026-07-16 20:00:34,0.59,1.26,4.57,30.26,0.00,22.76,33.28,923.5626,-110,-3.25,-104.0,2.5
4,2026-07-16 20:00:34,6.21,63.44,268.76,327.67,0.00,23.46,28.09,924.0308,-104,2.50,-104.0,2.5
3,2026-07-16 20:20:34,0.61,1.36,5.92,30.95,0.00,21.50,34.54,923.6053,-109,-2.25,-103.0,3.0
4,2026-07-16 20:20:34,4.68,49.35,212.34,327.67,0.00,21.87,29.77,924.1157,-103,3.00,-103.0,3.0
3,2026-07-16 20:30:34,0.73,1.74,9.05,62.89,0.00,20.83,35.62,923.5317,-109,-1.00,-101.0,3.75
4,2026-07-16 20:30:34,5.18,56.05,235.43,327.67,0.00,21.43,30.27,924.0653,-101,3.75,-101.0,3.75
3,2026-07-16 20:40:34,0.51,1.13,5.94,33.13,0.00,21.89,34.04,923.5478,-110,-2.25,-102.0,3.0
4,2026-07-16 20:40:34,1.90,17.80,74.31,327.67,0.00,22.16,28.93,924.1129,-102,3.00,-102.0,3.0
3,2026-07-16 20:50:34,0.54,1.60,8.94,40.71,0.00,21.94,33.65,923.5578,-109,-1.25,-102.0,4.25
4,2026-07-16 20:50:34,5.37,55.36,238.78,327.67,0.00,22.09,29.26,924.0754,-102,4.25,-102.0,4.25
3,2026-07-16 21:00:34,0.54,1.41,7.46,47.29,0.00,21.99,33.17,923.5454,-109,-2.00,-103.0,4.5
4,2026-07-16 21:00:34,2.33,23.51,102.42,327.67,0.00,22.52,28.71,924.0919,-103,4.50,-103.0,4.5
3,2026-07-16 21:10:34,0.52,1.14,5.48,62.97,0.00,20.87,33.59,923.5010,-110,-3.25,-102.0,4.0
4,2026-07-16 21:10:34,4.25,43.55,187.30,327.67,0.00,21.83,28.82,924.0529,-102,4.00,-102.0,4.0
3,2026-07-16 21:20:34,0.48,1.02,4.79,29.38,0.00,19.82,35.61,923.4830,-109,-2.25,-102.0,3.5
4,2026-07-16 21:20:34,2.33,22.99,95.22,327.67,0.00,20.87,29.88,924.0322,-102,3.50,-102.0,3.5
4,2026-07-16 21:30:34,3.86,38.66,160.25,327.67,0.00,20.19,30.99,923.9807,-103,3.50,-103.0,3.5
4,2026-07-16 21:50:34,4.39,45.36,188.87,327.67,0.00,17.87,34.66,923.8141,-102,4.00,-102.0,4.0
4,2026-07-16 22:10:34,2.62,27.18,123.33,327.67,0.00,16.87,35.92,923.8448,-103,4.75,-103.0,4.75
4,2026-07-16 22:30:34,5.19,57.09,258.74,327.67,0.00,16.51,36.17,923.8890,-104,3.50,-104.0,3.5
3,2026-07-16 23:10:34,0.27,0.55,3.67,27.22,0.00,15.71,40.05,923.3343,-109,-1.75,-104.0,1.25
4,2026-07-16 23:10:34,7.20,80.81,327.67,327.67,0.00,15.68,37.04,923.8246,-104,1.25,-104.0,1.25
3,2026-07-16 23:30:34,0.29,0.46,1.77,22.92,0.00,15.58,39.55,923.3354,-108,-0.75,-103.0,2.0
4,2026-07-16 23:30:34,7.93,93.71,327.67,327.67,0.00,15.28,37.85,923.7319,-103,2.00,-103.0,2.0
4,2026-07-16 23:50:34,18.91,240.29,327.67,327.67,0.00,14.58,38.92,923.7387,-104,2.25,-104.0,2.25
3,2026-07-17 00:00:34,0.31,0.48,2.01,26.46,0.00,14.78,40.95,923.4284,-110,-2.75,-103.0,2.0
4,2026-07-17 00:00:34,20.76,275.72,327.67,327.67,0.00,14.38,39.73,923.7016,-103,2.00,-103.0,2.0
4,2026-07-17 00:10:34,14.50,186.41,327.67,327.67,0.00,14.23,39.33,923.6962,-105,2.25,-105.0,2.25
3,2026-07-17 00:30:34,0.31,0.58,2.93,25.81,0.00,13.50,44.74,923.4300,-110,-4.25,-105.0,1.5
4,2026-07-17 00:30:34,17.28,231.57,327.67,327.67,0.00,13.77,40.85,923.7926,-105,1.50,-105.0,1.5
4,2026-07-17 00:40:34,7.05,90.69,327.67,327.67,0.00,13.52,41.66,923.8860,-104,3.50,-104.0,3.5
3,2026-07-17 01:00:34,0.31,0.46,1.64,35.48,0.00,13.47,44.42,923.3942,-110,-1.75,-104.0,2.5
4,2026-07-17 01:00:34,8.28,105.50,327.67,327.67,0.00,13.15,42.95,923.8926,-104,2.50,-104.0,2.5
3,2026-07-17 01:30:34,0.32,0.54,2.49,32.35,0.00,12.34,48.15,923.2960,-109,-2.50,-104.0,2.0
4,2026-07-17 01:30:34,5.56,70.63,327.67,327.67,0.00,12.68,43.98,923.7415,-104,2.00,-104.0,2.0
4,2026-07-17 02:00:34,2.29,26.82,126.17,327.67,1.81,12.23,45.28,923.5610,-104,2.75,-104.0,2.75
3,2026-07-17 02:20:34,0.34,0.50,1.98,28.74,0.00,12.88,45.45,923.0161,-109,-1.50,-103.0,2.25
4,2026-07-17 02:20:34,10.20,136.37,327.67,327.67,0.00,12.29,44.66,923.4414,-103,2.25,-103.0,2.25
4,2026-07-17 02:30:34,9.86,130.25,327.67,327.67,0.00,12.10,45.18,923.3267,-103,3.00,-103.0,3.0
3,2026-07-17 02:40:34,0.36,0.61,2.21,27.40,0.00,12.59,46.63,922.8546,-108,-0.75,-104.0,3.0
4,2026-07-17 02:40:34,11.17,153.58,327.67,327.67,0.00,11.99,45.63,923.2724,-104,3.00,-104.0,3.0
3,2026-07-17 02:50:34,0.34,0.57,2.73,30.85,0.00,12.23,47.87,922.8108,-110,-3.25,-102.0,2.5
4,2026-07-17 02:50:34,8.63,113.51,327.67,327.67,0.00,11.91,45.79,923.1849,-102,2.50,-102.0,2.5
3,2026-07-17 03:00:34,0.35,0.68,2.47,28.58,0.00,11.78,49.46,922.8059,-111,-6.25,-103.0,3.0
4,2026-07-17 03:00:34,11.11,156.21,327.67,327.67,0.00,11.64,47.09,923.0721,-103,3.00,-103.0,3.0
4,2026-07-17 03:10:34,9.14,130.56,327.67,327.67,0.00,11.48,47.59,923.1489,-103,4.00,-103.0,4.0
3,2026-07-17 04:00:34,0.33,0.63,3.71,35.99,0.00,10.88,51.77,922.5110,-109,-1.75,-102.0,2.75
4,2026-07-17 04:00:34,2.53,32.52,167.07,327.67,0.00,11.85,46.89,922.8466,-102,2.75,-102.0,2.75
3,2026-07-17 04:10:34,0.35,0.57,2.07,26.62,0.00,11.64,49.09,922.3376,-111,-4.00,-103.0,2.0
4,2026-07-17 04:10:34,4.59,62.03,322.63,327.67,0.00,11.73,46.75,922.8476,-103,2.00,-103.0,2.0
3,2026-07-17 04:20:34,0.31,0.52,1.89,23.13,0.00,10.95,51.35,922.4155,-109,-1.00,-102.0,3.25
4,2026-07-17 04:20:34,7.55,112.20,327.67,327.67,4.56,11.63,47.64,922.6338,-102,3.25,-102.0,3.25
3,2026-07-17 04:30:34,0.40,0.72,3.06,24.81,0.00,11.34,50.33,922.2511,-109,-2.75,-102.0,2.25
4,2026-07-17 04:30:34,2.04,27.92,147.11,327.67,3.05,11.37,47.79,922.7627,-102,2.25,-102.0,2.25
3,2026-07-17 04:40:34,0.38,0.69,3.54,42.67,0.00,10.69,52.22,922.2518,-109,-1.25,-102.0,4.25
4,2026-07-17 04:40:34,5.64,81.98,327.67,327.67,16.65,11.33,48.13,922.5975,-102,4.25,-102.0,4.25
3,2026-07-17 05:00:34,0.34,0.53,2.15,27.78,0.00,10.17,53.70,922.5168,-111,-4.00,-104.0,3.0
4,2026-07-17 05:00:34,0.34,2.23,10.13,293.41,2.58,11.18,49.16,922.8268,-104,3.00,-104.0,3.0
3,2026-07-17 05:30:34,0.34,0.58,2.39,26.02,0.00,10.85,51.17,922.4956,-109,-1.00,-103.0,3.75
4,2026-07-17 05:30:34,1.77,22.75,121.92,327.67,22.11,10.63,49.63,922.8122,-103,3.75,-103.0,3.75
3,2026-07-17 06:00:34,0.38,0.63,2.46,34.92,0.00,10.58,52.85,922.4435,-109,-2.25,-102.0,3.75
4,2026-07-17 06:00:34,0.22,0.49,7.60,327.67,14.97,12.48,45.27,922.7743,-102,3.75,-102.0,3.75
3,2026-07-17 06:40:34,0.43,0.65,2.35,24.97,0.00,13.06,45.50,922.2911,-110,-2.75,-103.0,3.0
4,2026-07-17 06:40:34,1.13,12.98,65.76,327.67,0.00,13.98,41.64,922.5158,-103,3.00,-103.0,3.0
3,2026-07-17 06:50:34,0.41,0.58,1.21,14.06,0.00,13.68,43.86,922.1678,-109,-0.75,-102.0,2.5
4,2026-07-17 06:50:34,1.12,13.70,69.10,327.67,6.37,14.57,40.08,922.4977,-102,2.50,-102.0,2.5
3,2026-07-17 07:00:34,0.42,0.59,0.95,6.61,0.00,12.75,46.18,922.2129,-109,-1.75,-102.0,2.0
4,2026-07-17 07:00:34,0.52,4.96,27.15,327.67,4.33,14.22,41.51,922.5555,-102,2.00,-102.0,2.0
3,2026-07-17 07:10:34,0.47,0.66,1.84,25.08,0.00,12.68,46.58,922.1831,-109,-2.75,-102.0,2.75
4,2026-07-17 07:10:34,0.85,9.76,49.15,310.60,3.06,14.83,40.39,922.4686,-102,2.75,-102.0,2.75
3,2026-07-17 07:20:34,0.56,0.75,1.60,22.13,0.00,13.41,44.98,921.9837,-109,-2.50,-101.0,3.75
4,2026-07-17 07:20:34,0.22,0.50,1.53,35.22,26.77,13.92,42.41,922.4878,-101,3.75,-101.0,3.75
3,2026-07-17 07:30:34,0.41,0.55,1.40,22.36,0.00,14.01,43.21,922.0166,-109,-1.75,-103.0,2.75
4,2026-07-17 07:30:34,0.64,6.62,30.23,327.67,55.28,15.66,38.78,922.3434,-103,2.75,-103.0,2.75
3,2026-07-17 07:40:34,0.44,0.73,2.73,21.39,0.00,13.69,44.87,921.9412,-109,-3.00,-103.0,2.5
4,2026-07-17 07:40:34,0.22,0.41,1.79,25.91,53.41,14.93,39.46,922.3830,-103,2.50,-103.0,2.5
3,2026-07-17 07:50:34,0.43,0.59,1.68,25.23,0.00,12.87,46.11,921.9811,-109,-2.50,-102.0,2.25
4,2026-07-17 07:50:34,0.94,9.14,44.79,327.67,46.86,13.47,42.22,922.2797,-102,2.25,-102.0,2.25
3,2026-07-17 08:00:34,0.44,0.57,1.04,15.98,0.00,14.05,42.82,921.9408,-109,-1.50,-101.0,4.0
4,2026-07-17 08:00:34,0.23,0.67,2.92,38.50,60.69,13.86,41.43,922.2955,-101,4.00,-101.0,4.0
3,2026-07-17 08:10:34,0.45,0.64,1.96,31.99,0.00,14.35,42.19,921.9196,-109,-2.25,-101.0,3.25
4,2026-07-17 08:10:34,0.72,6.67,28.95,327.67,42.26,14.23,40.49,922.2305,-101,3.25,-101.0,3.25
3,2026-07-17 08:20:34,0.52,0.85,3.51,33.06,0.00,14.63,42.58,921.8665,-109,-1.50,-102.0,2.75
4,2026-07-17 08:20:34,0.40,2.76,13.03,161.12,9.73,14.67,39.19,922.2408,-102,2.75,-102.0,2.75
3,2026-07-17 08:30:34,0.47,0.88,3.83,60.49,0.00,14.17,44.92,921.8023,-109,-3.00,-102.0,3.5
4,2026-07-17 08:30:34,0.31,1.39,6.08,83.19,26.07,14.90,38.72,922.1308,-102,3.50,-102.0,3.5
3,2026-07-17 08:40:34,0.41,0.68,3.38,37.69,0.00,14.03,45.24,921.7149,-109,-2.00,-104.0,2.5
4,2026-07-17 08:40:34,0.38,2.40,11.03,327.67,1.85,14.45,41.07,922.0120,-104,2.50,-104.0,2.5
3,2026-07-17 08:50:34,0.39,0.61,2.00,24.53,0.00,14.20,44.34,921.6681,-110,-2.25,-102.0,4.25
4,2026-07-17 08:50:34,1.55,18.03,85.48,327.67,1.46,14.89,39.70,921.9972,-102,4.25,-102.0,4.25
3,2026-07-17 09:00:34,0.46,0.82,3.30,35.90,0.00,14.17,45.02,921.7625,-110,-2.25,-101.0,3.25
4,2026-07-17 09:00:34,0.38,2.63,12.29,327.67,0.00,15.05,40.13,922.0363,-101,3.25,-101.0,3.25
3,2026-07-17 09:10:34,0.46,0.70,2.46,29.82,0.00,15.38,41.79,921.7450,-109,-1.75,-102.0,2.75
4,2026-07-17 09:10:34,0.22,0.46,1.95,25.22,5.84,15.16,40.31,922.1192,-102,2.75,-102.0,2.75
3,2026-07-17 09:20:34,0.43,0.58,1.53,25.19,0.00,16.66,38.18,921.6176,-108,-0.25,-103.0,2.25
4,2026-07-17 09:20:34,0.21,0.39,1.77,27.00,3.37,15.66,39.15,922.0512,-103,2.25,-103.0,2.25
3,2026-07-17 09:40:34,0.43,0.68,2.24,23.72,0.00,15.44,41.77,921.3488,-109,-0.50,-103.0,2.75
4,2026-07-17 09:40:34,0.21,0.39,7.79,327.67,8.05,15.73,37.98,921.8375,-103,2.75,-103.0,2.75
3,2026-07-17 09:50:34,0.43,0.70,2.55,32.94,0.00,15.23,43.12,921.3120,-109,-1.50,-104.0,2.75
4,2026-07-17 09:50:34,0.21,0.45,1.74,47.17,29.46,15.35,39.93,921.7553,-104,2.75,-104.0,2.75
3,2026-07-17 10:00:34,0.53,0.78,3.02,46.10,0.00,15.70,42.22,921.3135,-109,-2.25,-102.0,3.5
4,2026-07-17 10:00:34,0.20,0.33,1.61,24.62,0.73,14.45,41.86,921.7136,-102,3.50,-102.0,3.5
3,2026-07-17 10:10:34,0.44,0.70,2.08,21.93,0.00,15.79,41.46,921.3363,-109,-2.25,-103.0,3.0
4,2026-07-17 10:10:34,0.20,0.40,1.91,29.23,10.07,14.38,42.30,921.7028,-103,3.00,-103.0,3.0
3,2026-07-17 10:20:34,0.51,0.70,2.69,50.33,0.00,16.26,40.55,921.3101,-110,-3.50,-102.0,4.5
4,2026-07-17 10:20:34,0.20,0.37,1.32,30.30,2.76,15.19,40.57,921.7031,-102,4.50,-102.0,4.5
3,2026-07-17 10:40:34,0.53,0.70,1.69,21.56,0.00,16.72,39.08,921.2831,-110,-2.75,-102.0,4.0
4,2026-07-17 10:40:34,0.22,0.38,0.84,19.58,4.55,17.43,34.70,921.6106,-102,4.00,-102.0,4.0
3,2026-07-17 11:00:34,0.51,0.68,1.29,9.86,0.00,18.93,34.77,921.1703,-109,-2.00,-102.0,3.25
4,2026-07-17 11:00:34,0.22,0.38,1.09,15.51,0.00,17.55,34.44,921.5506,-102,3.25,-102.0,3.25
3,2026-07-17 11:10:34,0.53,0.66,1.63,28.82,0.00,20.96,31.56,921.0882,-110,-2.25,-101.0,3.75
4,2026-07-17 11:10:34,0.23,0.46,1.91,75.02,0.00,17.92,33.51,921.4330,-101,3.75,-101.0,3.75
3,2026-07-17 11:20:34,0.63,0.85,2.89,29.06,0.00,22.22,29.73,921.1103,-109,-1.50,-101.0,3.25
4,2026-07-17 11:20:34,0.22,0.38,1.11,23.06,0.57,17.76,33.85,921.3773,-101,3.25,-101.0,3.25
3,2026-07-17 11:30:34,0.48,0.75,2.06,21.78,0.00,22.61,30.40,921.1002,-109,-1.75,-102.0,2.75
4,2026-07-17 11:30:34,0.22,0.36,0.85,16.26,9.99,18.24,33.31,921.3900,-102,2.75,-102.0,2.75
3,2026-07-17 11:40:34,0.46,0.64,1.60,16.18,0.00,23.34,28.57,920.9614,-109,-2.25,-103.0,3.5
4,2026-07-17 11:40:34,0.22,0.37,1.67,22.56,13.42,18.05,35.48,921.3151,-103,3.50,-103.0,3.5
3,2026-07-17 11:50:34,0.63,0.83,2.52,30.37,0.00,23.19,27.84,920.8574,-109,-2.50,-103.0,2.75
4,2026-07-17 11:50:34,0.22,0.39,1.31,21.74,8.36,18.33,35.01,921.2932,-103,2.75,-103.0,2.75
3,2026-07-17 12:20:34,0.56,0.68,1.73,28.77,0.00,22.52,28.32,920.4585,-109,-1.25,-104.0,2.5
4,2026-07-17 12:20:34,0.21,0.36,0.89,21.04,9.35,19.72,29.81,920.8811,-104,2.50,-104.0,2.5
3,2026-07-17 12:30:34,0.55,0.73,1.69,15.85,0.00,22.21,30.39,920.3740,-109,-2.25,-104.0,2.0
4,2026-07-17 12:30:34,0.22,0.36,0.95,25.37,29.85,20.35,29.00,920.7445,-104,2.00,-104.0,2.0
3,2026-07-17 12:40:34,0.55,0.73,2.69,37.44,0.00,22.01,30.80,920.3696,-109,-1.75,-103.0,1.75
4,2026-07-17 12:40:34,0.22,0.38,1.05,19.68,17.99,19.79,30.70,920.7718,-103,1.75,-103.0,1.75
3,2026-07-17 13:00:34,0.57,0.73,1.93,38.22,0.00,21.65,32.56,920.2063,-110,-1.75,-104.0,2.25
4,2026-07-17 13:00:34,0.24,0.36,1.09,23.70,26.32,21.16,28.92,920.5636,-104,2.25,-104.0,2.25
3,2026-07-17 13:20:34,0.52,0.66,2.02,23.94,0.00,23.84,29.82,920.0817,-109,-3.75,-102.0,3.5
4,2026-07-17 13:20:34,0.25,0.38,1.30,24.83,26.45,21.76,28.18,920.4563,-102,3.50,-102.0,3.5
3,2026-07-17 13:30:34,0.60,0.72,1.95,31.32,0.00,22.99,29.09,919.9413,-109,-1.75,-101.0,3.0
4,2026-07-17 13:30:34,0.24,0.35,1.90,30.32,33.21,22.22,27.90,920.3303,-101,3.00,-101.0,3.0
3,2026-07-17 13:40:34,0.58,0.76,2.72,72.15,0.00,22.38,30.57,919.9110,-110,-4.25,-104.0,2.75
4,2026-07-17 13:40:34,0.26,0.42,1.41,24.16,46.46,21.87,28.49,920.3382,-104,2.75,-104.0,2.75
3,2026-07-17 13:50:34,0.64,0.82,2.61,38.33,0.00,22.75,31.11,919.9054,-110,-4.25,-104.0,2.25
4,2026-07-17 13:50:34,0.27,0.44,1.27,19.79,159.90,21.35,28.77,920.3151,-104,2.25,-104.0,2.25
3,2026-07-17 14:00:34,0.57,0.72,1.72,24.36,0.00,24.23,29.71,919.9278,-110,-2.25,-103.0,2.0
4,2026-07-17 14:00:34,0.26,0.41,1.44,21.89,52.11,21.78,29.16,920.3067,-103,2.00,-103.0,2.0
3,2026-07-17 14:10:34,0.64,0.80,1.91,27.17,0.00,24.02,30.73,919.7926,-110,-3.50,-105.0,1.0
4,2026-07-17 14:10:34,0.25,0.42,1.81,24.75,65.55,24.31,25.98,920.2020,-105,1.00,-105.0,1.0
3,2026-07-17 14:40:34,0.66,0.82,12.43,327.67,0.00,22.34,32.44,919.4398,-110,-0.75,-103.0,3.0
4,2026-07-17 14:40:34,0.30,0.59,2.03,50.73,41.92,23.19,27.43,919.8159,-103,3.00,-103.0,3.0
4,2026-07-17 14:50:33,0.32,0.59,2.19,85.03,37.81,23.25,27.41,919.7878,-103,4.25,-103.0,4.25
3,2026-07-17 15:00:34,0.69,0.86,1.90,31.22,0.00,23.70,30.34,919.2682,-109,-2.00,-102.0,3.25
4,2026-07-17 15:00:34,0.33,0.48,1.48,24.39,28.49,22.63,28.26,919.6844,-102,3.25,-102.0,3.25
3,2026-07-17 15:10:34,0.81,1.02,2.29,30.40,0.00,22.84,31.76,919.0987,-110,-4.00,-103.0,3.0
4,2026-07-17 15:10:34,0.44,1.67,6.75,143.90,31.07,22.46,28.44,919.4978,-103,3.00,-103.0,3.0
3,2026-07-17 15:30:34,0.80,1.00,2.25,31.58,0.00,27.30,26.54,918.9115,-111,-4.25,-102.0,3.5
4,2026-07-17 15:30:34,0.34,0.52,1.56,27.78,48.91,24.63,26.03,919.3139,-102,3.50,-102.0,3.5
3,2026-07-17 15:40:34,0.89,1.11,2.31,36.24,0.00,28.01,25.08,918.8823,-110,-2.50,-101.0,3.75
4,2026-07-17 15:40:34,0.38,0.53,1.67,35.82,22.25,25.40,25.44,919.2631,-101,3.75,-101.0,3.75
3,2026-07-17 15:50:34,0.93,1.09,2.46,30.17,0.00,26.43,26.38,918.7042,-110,-2.75,-102.0,2.25
4,2026-07-17 15:50:34,0.39,0.57,1.43,22.67,8.90,25.43,24.85,919.1444,-102,2.25,-102.0,2.25
3,2026-07-17 16:00:34,1.00,1.25,3.07,30.65,0.00,26.20,28.18,918.6741,-111,-4.25,-103.0,3.0
4,2026-07-17 16:00:34,0.42,0.63,1.81,23.45,5.16,25.82,24.59,919.0423,-103,3.00,-103.0,3.0
3,2026-07-17 16:10:34,1.14,1.44,3.60,34.48,0.00,28.67,24.82,918.6131,-110,-3.25,-103.0,2.0
4,2026-07-17 16:10:34,0.49,0.67,1.67,20.26,0.00,25.68,25.26,919.0484,-103,2.00,-103.0,2.0
3,2026-07-17 16:20:34,1.21,1.54,4.17,37.72,0.00,27.24,28.23,918.4297,-109,-0.75,-102.0,3.0
4,2026-07-17 16:20:34,0.60,1.09,3.75,116.45,4.20,27.79,22.64,918.9266,-102,3.00,-102.0,3.0
3,2026-07-17 16:30:34,1.20,1.60,3.50,26.55,0.00,27.41,28.74,918.2976,-109,-1.75,-102.0,2.75
4,2026-07-17 16:30:34,0.74,2.21,9.30,201.71,2.45,27.65,23.39,918.8042,-102,2.75,-102.0,2.75
3,2026-07-17 16:50:34,1.00,1.37,4.54,40.18,0.00,23.07,33.97,917.9101,-109,-0.75,-101.0,4.0
4,2026-07-17 16:50:34,4.64,47.39,222.10,327.67,0.00,26.58,25.44,918.5134,-101,4.00,-101.0,4.0
3,2026-07-17 17:00:34,1.13,1.57,4.29,21.86,0.00,22.54,34.99,917.8384,-108,1.00,-102.0,3.25
4,2026-07-17 17:00:34,3.92,38.96,195.50,327.67,4.74,25.01,26.94,918.3875,-102,3.25,-102.0,3.25
3,2026-07-17 17:10:34,1.17,1.64,4.73,28.42,0.00,22.73,35.12,917.8214,-108,1.00,-103.0,1.25
4,2026-07-17 17:10:34,4.15,40.03,175.81,327.67,17.62,24.67,27.48,918.3431,-103,1.25,-103.0,1.25
4,2026-07-17 17:20:33,1.44,9.53,40.29,327.67,3.83,24.43,27.59,918.3088,-102,4.50,-102.0,4.5
3,2026-07-17 17:30:34,0.89,1.38,4.08,25.51,0.00,21.27,36.25,917.6157,-109,-0.75,-101.0,2.0
4,2026-07-17 17:30:34,1.26,9.11,49.26,327.67,2.47,22.60,31.96,918.3169,-101,2.00,-101.0,2.0
3,2026-07-17 17:40:34,0.86,1.57,4.89,29.02,0.00,20.87,36.67,917.5271,-107,1.50,-102.0,2.75
4,2026-07-17 17:40:34,0.54,1.05,3.70,35.46,5.29,21.50,35.24,918.3328,-102,2.75,-102.0,2.75
3,2026-07-17 17:50:34,0.86,1.88,7.49,36.91,0.00,20.66,36.83,917.5435,-108,0.00,-103.0,1.5
4,2026-07-17 17:50:34,2.03,17.32,86.06,327.67,9.44,21.99,32.83,918.3784,-103,1.50,-103.0,1.5
3,2026-07-17 18:00:34,0.83,1.48,6.66,53.98,0.00,20.22,37.46,917.5903,-109,-0.25,-104.0,0.75
4,2026-07-17 18:00:34,1.34,9.42,42.98,327.67,0.33,21.70,31.67,918.2913,-104,0.75,-104.0,0.75
4,2026-07-17 18:10:33,0.65,1.54,7.78,49.21,0.36,21.63,32.18,918.3487,-104,2.50,-104.0,2.5
3,2026-07-17 18:30:34,0.80,1.28,3.79,61.97,0.00,19.19,39.31,917.6408,-109,-1.50,-102.0,3.25
4,2026-07-17 18:30:34,0.70,3.12,21.16,327.67,10.46,20.34,35.67,918.2846,-102,3.25,-102.0,3.25
3,2026-07-17 18:40:34,0.78,1.37,4.60,34.64,0.00,19.08,39.88,917.8394,-109,-0.25,-103.0,1.0
4,2026-07-17 18:40:34,0.50,1.38,5.82,27.03,7.38,18.88,38.84,918.3801,-103,1.00,-103.0,1.0
4,2026-07-17 18:50:33,0.57,1.62,9.64,45.28,0.00,18.78,39.38,918.5016,-104,2.75,-104.0,2.75
3,2026-07-17 19:00:34,0.80,1.37,4.64,26.36,0.00,19.60,38.14,918.1066,-109,-0.50,-104.0,1.25
4,2026-07-17 19:00:34,0.59,1.76,7.89,42.77,0.00,18.80,38.80,918.5544,-104,1.25,-104.0,1.25
4,2026-07-17 19:10:33,0.61,2.21,11.92,115.86,0.00,19.71,35.87,918.5653,-104,1.00,-104.0,1.0
4,2026-07-17 19:20:33,0.54,2.67,17.68,123.52,0.00,18.67,38.63,918.6778,-105,1.50,-105.0,1.5
3,2026-07-17 19:30:34,0.71,1.33,4.83,42.25,0.00,20.48,36.80,918.4818,-109,-0.25,-102.0,2.5
4,2026-07-17 19:30:34,0.56,2.42,18.29,147.72,0.00,18.46,39.48,918.8616,-102,2.50,-102.0,2.5
4,2026-07-17 19:50:33,0.65,4.14,27.38,156.51,0.00,17.72,42.65,918.9453,-103,3.50,-103.0,3.5
3,2026-07-17 20:00:34,0.57,0.92,3.46,77.73,0.00,18.85,43.01,918.6451,-110,-1.75,-103.0,2.0
4,2026-07-17 20:00:34,0.44,2.18,13.63,258.30,0.00,17.23,44.34,918.9946,-103,2.00,-103.0,2.0
3,2026-07-17 20:10:34,0.62,1.07,3.32,33.34,0.00,18.36,44.40,918.7210,-109,-0.75,-103.0,2.0
4,2026-07-17 20:10:34,0.40,1.64,7.59,92.33,0.00,17.14,44.78,919.0816,-103,2.00,-103.0,2.0
3,2026-07-17 20:20:34,0.59,1.07,3.49,22.76,0.00,18.07,45.07,918.7239,-110,-1.75,-101.0,3.0
4,2026-07-17 20:20:34,0.67,4.80,28.74,295.93,0.00,17.08,46.13,919.1345,-101,3.00,-101.0,3.0
3,2026-07-17 20:30:34,0.55,1.06,3.65,22.63,0.00,17.82,47.20,918.7889,-109,-0.75,-102.0,3.5
4,2026-07-17 20:30:34,0.41,2.13,11.51,258.47,0.00,16.82,47.54,919.2235,-102,3.50,-102.0,3.5
3,2026-07-17 20:40:34,0.56,1.06,3.85,29.94,0.00,17.56,47.52,918.9009,-110,-3.25,-104.0,2.0
4,2026-07-17 20:40:34,0.30,1.24,5.59,99.52,0.00,16.48,48.81,919.3287,-104,2.00,-104.0,2.0
3,2026-07-17 20:50:34,0.46,0.75,2.32,19.15,0.00,17.42,49.34,918.9772,-109,-2.25,-103.0,2.75
4,2026-07-17 20:50:34,0.23,0.47,1.72,18.26,0.00,16.27,50.34,919.3784,-103,2.75,-103.0,2.75
3,2026-07-17 21:00:34,0.46,0.79,3.78,34.20,0.00,17.94,47.52,919.1240,-109,-0.75,-105.0,2.25
4,2026-07-17 21:00:34,0.31,1.04,5.88,157.82,0.00,16.40,48.82,919.4816,-105,2.25,-105.0,2.25
3,2026-07-17 21:10:34,0.51,0.87,3.08,24.73,0.00,18.25,46.36,919.1800,-109,-1.75,-104.0,2.5
4,2026-07-17 21:10:34,0.26,0.50,2.54,24.53,0.00,16.64,48.44,919.6102,-104,2.50,-104.0,2.5
3,2026-07-17 21:20:34,0.57,0.99,3.55,56.39,0.00,17.90,46.02,919.2763,-110,-1.50,-103.0,3.0
4,2026-07-17 21:20:34,0.26,0.51,1.71,19.69,0.00,16.41,50.03,919.7107,-103,3.00,-103.0,3.0
3,2026-07-17 21:40:34,0.49,0.75,3.20,45.70,0.00,17.36,49.59,919.4824,-109,-1.50,-104.0,2.25
4,2026-07-17 21:40:34,0.29,0.73,2.41,26.18,0.00,15.69,52.05,919.8841,-104,2.25,-104.0,2.25
3,2026-07-17 22:00:34,0.48,0.82,3.74,37.80,0.00,17.32,47.33,919.4711,-109,-1.25,-104.0,2.0
4,2026-07-17 22:00:34,0.27,0.51,2.59,29.20,0.00,15.46,53.37,919.9198,-104,2.00,-104.0,2.0
3,2026-07-17 22:10:34,0.47,0.73,2.41,22.17,0.00,16.20,53.73,919.4869,-110,-1.25,-104.0,3.0
4,2026-07-17 22:10:34,0.30,0.70,4.17,33.53,0.00,15.57,52.65,919.9657,-104,3.00,-104.0,3.0
3,2026-07-17 22:20:34,0.53,0.84,3.23,39.01,0.00,16.20,52.86,919.7481,-109,-2.00,-103.0,3.5
4,2026-07-17 22:20:34,0.29,0.55,2.60,37.91,0.00,15.40,52.98,920.1620,-103,3.50,-103.0,3.5
3,2026-07-17 22:40:34,0.52,0.89,3.82,54.52,0.00,16.54,49.25,919.8488,-110,-2.75,-104.0,2.0
4,2026-07-17 22:40:34,0.37,0.72,4.47,51.41,0.00,15.73,47.71,920.2901,-104,2.00,-104.0,2.0
3,2026-07-17 22:50:34,0.52,0.90,3.10,25.57,0.00,16.72,45.31,919.8502,-110,-2.75,-104.0,2.75
4,2026-07-17 22:50:34,0.40,0.78,4.09,36.82,0.00,15.99,45.56,920.3312,-104,2.75,-104.0,2.75
3,2026-07-17 23:00:34,0.54,0.87,3.41,54.92,0.00,16.37,45.84,920.0542,-110,-2.25,-103.0,1.5
4,2026-07-17 23:00:34,0.41,0.73,1.83,29.22,0.00,15.73,45.04,920.5118,-103,1.50,-103.0,1.5
3,2026-07-17 23:10:34,0.52,0.88,2.77,32.68,0.00,15.77,49.53,920.2014,-109,-1.25,-103.0,3.25
4,2026-07-17 23:10:34,0.40,0.72,2.00,17.51,1.58,15.49,45.07,920.6610,-103,3.25,-103.0,3.25
3,2026-07-17 23:40:34,0.48,0.75,1.96,23.08,0.00,15.03,49.09,920.3240,-110,-2.00,-102.0,2.5
4,2026-07-17 23:40:34,0.47,0.86,3.39,65.59,17.33,14.91,46.40,920.8407,-102,2.50,-102.0,2.5
3,2026-07-17 23:50:34,0.52,0.85,3.20,24.76,0.00,14.90,49.94,920.4511,-109,-1.25,-103.0,3.5
4,2026-07-17 23:50:34,0.42,0.72,2.53,35.91,16.77,14.98,46.20,920.9754,-103,3.50,-103.0,3.5
3,2026-07-18 00:00:34,0.51,0.81,2.39,30.53,0.00,14.39,51.40,920.5317,-110,-1.75,-103.0,1.25
4,2026-07-18 00:00:34,0.51,0.81,2.48,35.69,21.64,14.85,46.72,921.0649,-103,1.25,-103.0,1.25
3,2026-07-18 00:10:34,0.50,0.81,3.84,56.44,0.00,14.08,53.55,920.6708,-109,-0.50,-104.0,2.75
4,2026-07-18 00:10:34,0.44,0.80,2.88,38.60,17.00,14.47,48.69,921.1891,-104,2.75,-104.0,2.75
3,2026-07-18 00:20:34,0.51,0.85,3.38,23.66,0.00,13.52,58.29,920.8240,-109,-1.50,-104.0,3.5
4,2026-07-18 00:20:34,0.50,0.89,2.85,37.91,22.29,14.08,50.66,921.2073,-104,3.50,-104.0,3.5
3,2026-07-18 00:30:34,0.56,0.93,4.08,59.06,0.00,12.36,63.41,920.9541,-109,-1.75,-103.0,3.25
4,2026-07-18 00:30:34,0.56,1.33,4.76,40.20,41.15,12.95,57.21,921.3201,-103,3.25,-103.0,3.25
3,2026-07-18 00:50:34,0.54,0.85,3.88,38.86,0.00,12.77,60.39,921.2843,-109,-1.50,-103.0,3.25
4,2026-07-18 00:50:34,0.47,0.82,2.51,25.69,50.64,12.01,62.07,921.6834,-103,3.25,-103.0,3.25
3,2026-07-18 01:00:34,0.49,0.73,2.76,22.81,0.00,12.31,62.72,921.4380,-109,-1.25,-102.0,3.5
4,2026-07-18 01:00:34,0.43,0.69,1.88,32.19,56.96,12.33,59.08,921.8831,-102,3.50,-102.0,3.5
4,2026-07-18 01:10:33,0.40,0.66,1.95,24.74,46.66,12.40,59.26,921.9507,-101,5.50,-101.0,5.5
3,2026-07-18 01:30:34,0.46,0.71,1.53,25.69,0.00,13.12,57.63,921.6484,-108,-0.25,-103.0,2.75
4,2026-07-18 01:30:34,0.41,0.61,1.72,26.90,32.52,12.44,58.34,922.1008,-103,2.75,-103.0,2.75
3,2026-07-18 01:50:34,0.47,0.65,1.69,14.63,0.00,12.46,59.92,921.9504,-109,-2.00,-102.0,3.75
4,2026-07-18 01:50:34,0.41,0.59,1.83,32.43,18.31,12.43,58.26,922.3941,-102,3.75,-102.0,3.75
3,2026-07-18 02:00:34,0.44,0.66,1.60,30.56,0.00,12.74,58.89,921.9954,-109,-1.25,-102.0,3.75
4,2026-07-18 02:00:34,0.38,0.57,1.26,13.70,23.20,12.46,57.79,922.4714,-102,3.75,-102.0,3.75
3,2026-07-18 02:10:34,0.46,0.67,1.37,16.74,0.00,11.75,64.08,922.1613,-109,-0.25,-103.0,2.0
4,2026-07-18 02:10:34,0.39,0.59,1.35,23.60,7.56,12.40,57.11,922.5631,-103,2.00,-103.0,2.0
3,2026-07-18 02:30:34,0.46,0.65,1.49,38.80,0.00,12.43,59.52,922.3936,-109,-1.50,-102.0,3.25
4,2026-07-18 02:30:34,0.39,0.57,1.30,18.91,15.83,11.98,58.87,922.8346,-102,3.25,-102.0,3.25
3,2026-07-18 02:40:34,0.41,0.54,0.77,8.39,0.00,12.20,60.05,922.5132,-109,-1.00,-102.0,3.25
4,2026-07-18 02:40:34,0.44,0.65,1.18,18.88,8.88,12.11,57.69,922.9014,-102,3.25,-102.0,3.25
3,2026-07-18 02:50:34,0.37,0.53,1.36,23.33,0.00,11.76,61.46,922.6400,-109,-1.50,-102.0,2.5
4,2026-07-18 02:50:34,0.40,0.63,1.33,26.13,5.17,11.84,58.58,922.9867,-102,2.50,-102.0,2.5
3,2026-07-18 03:10:34,0.43,0.67,2.26,26.94,0.00,12.60,58.44,922.8790,-108,-0.25,-101.0,3.5
4,2026-07-18 03:10:34,0.33,0.49,1.20,19.27,7.15,11.95,58.37,923.2251,-101,3.50,-101.0,3.5
3,2026-07-18 03:20:34,0.41,0.64,2.48,35.93,0.00,11.17,64.54,923.0739,-108,-1.50,-101.0,4.75
4,2026-07-18 03:20:34,0.34,0.56,1.87,27.57,8.41,11.80,60.15,923.2638,-101,4.75,-101.0,4.75
3,2026-07-18 05:20:33,0.32,0.48,0.86,16.41,0.00,11.61,60.38,924.2199,-108,-0.75,-101.0,4.0
4,2026-07-18 05:20:33,0.22,0.37,0.84,19.81,27.60,10.90,61.29,924.6251,-101,4.00,-101.0,4.0
3,2026-07-18 07:20:33,0.23,0.33,0.78,18.63,0.00,11.01,61.41,925.4891,-109,-1.50,-101.0,5.0
4,2026-07-18 07:20:33,0.74,12.84,111.03,327.67,63.50,11.55,57.66,925.6577,-101,5.00,-101.0,5.0
3,2026-07-18 08:10:33,0.34,0.40,0.90,24.94,0.00,14.02,53.13,925.9499,-110,-2.25,-102.0,3.25
4,2026-07-18 08:10:33,0.11,0.48,3.05,48.39,45.19,15.13,48.75,926.2728,-102,3.25,-102.0,3.25
3,2026-07-18 08:20:33,0.37,0.47,0.75,7.99,0.00,13.90,53.37,926.0636,-109,-1.25,-103.0,3.75
4,2026-07-18 08:20:33,0.24,2.81,19.63,155.87,40.40,15.88,46.27,926.3948,-103,3.75,-103.0,3.75
3,2026-07-18 08:30:33,0.39,0.50,1.07,23.26,0.00,14.57,51.30,926.1250,-109,-1.25,-101.0,3.75
4,2026-07-18 08:30:33,0.42,6.02,50.71,327.67,40.75,15.98,45.91,926.4570,-101,3.75,-101.0,3.75
3,2026-07-18 08:40:33,0.44,0.52,0.92,16.95,0.00,15.92,48.08,926.1452,-109,-2.00,-102.0,3.25
4,2026-07-18 08:40:33,0.83,13.49,91.61,327.67,51.95,15.65,46.60,926.5321,-102,3.25,-102.0,3.25
3,2026-07-18 08:50:33,0.43,0.50,1.27,26.47,0.00,15.78,49.49,926.2017,-110,-3.50,-102.0,4.5
4,2026-07-18 08:50:33,1.25,20.56,135.54,327.67,47.48,14.92,48.39,926.5247,-102,4.50,-102.0,4.5
3,2026-07-18 09:00:33,0.40,0.48,1.09,23.53,0.00,16.14,48.16,926.2562,-109,-1.50,-101.0,2.5
4,2026-07-18 09:00:33,0.26,2.69,17.91,327.67,13.68,16.21,46.64,926.5802,-101,2.50,-101.0,2.5
3,2026-07-18 09:10:33,0.49,0.60,1.32,31.57,0.00,17.62,44.93,926.2193,-108,-0.75,-103.0,3.5
4,2026-07-18 09:10:33,0.13,0.74,4.21,171.04,6.98,16.70,43.92,926.6808,-103,3.50,-103.0,3.5
3,2026-07-18 09:20:33,0.47,0.59,1.63,24.19,0.00,16.62,47.56,926.3644,-108,0.00,-101.0,3.0
4,2026-07-18 09:20:33,0.29,2.58,16.60,282.35,0.00,16.68,44.99,926.6689,-101,3.00,-101.0,3.0
3,2026-07-18 09:30:33,0.51,0.60,1.18,23.60,0.00,18.38,43.57,926.3050,-108,-0.25,-102.0,4.5
4,2026-07-18 09:30:33,0.10,0.20,1.24,22.14,6.71,17.65,42.52,926.8034,-102,4.50,-102.0,4.5
3,2026-07-18 09:40:33,0.46,0.58,1.91,27.66,0.00,17.80,44.99,926.3865,-108,-1.00,-102.0,2.75
4,2026-07-18 09:40:33,0.10,0.21,0.60,24.27,2.67,17.30,42.74,926.8271,-102,2.75,-102.0,2.75
3,2026-07-18 09:50:33,0.58,0.67,1.17,27.47,0.00,19.21,40.98,926.4997,-109,-0.75,-103.0,2.75
4,2026-07-18 09:50:33,0.10,0.20,0.88,26.61,0.00,17.38,42.72,926.9199,-103,2.75,-103.0,2.75
3,2026-07-18 10:00:33,0.49,0.59,1.15,17.19,0.00,19.44,41.36,926.5438,-108,-0.25,-103.0,2.75
4,2026-07-18 10:00:33,0.10,0.20,1.37,26.39,0.00,17.49,42.88,926.9439,-103,2.75,-103.0,2.75
3,2026-07-18 10:10:33,0.41,0.52,1.45,24.58,0.00,19.97,40.46,926.5889,-109,-0.50,-102.0,3.25
4,2026-07-18 10:10:33,0.10,0.19,0.69,24.75,0.00,17.77,43.11,927.0605,-102,3.25,-102.0,3.25
3,2026-07-18 10:20:33,0.54,0.66,1.87,26.09,0.00,20.09,39.86,926.6196,-109,-2.00,-102.0,3.0
4,2026-07-18 10:20:33,0.10,0.16,0.29,10.20,0.00,18.85,40.04,927.0788,-102,3.00,-102.0,3.0
3,2026-07-18 10:30:33,0.46,0.56,1.08,17.26,0.00,19.97,39.73,926.6238,-109,-1.75,-103.0,1.75
4,2026-07-18 10:30:33,0.09,0.15,0.79,28.36,0.00,18.85,40.14,927.1866,-103,1.75,-103.0,1.75
3,2026-07-18 10:40:33,0.53,0.65,1.14,19.79,0.00,20.48,39.61,926.6184,-108,-0.50,-101.0,5.0
4,2026-07-18 10:40:33,0.09,0.15,0.98,26.10,0.00,19.46,38.67,927.1593,-101,5.00,-101.0,5.0
3,2026-07-18 10:50:33,0.47,0.57,1.09,22.67,0.00,19.90,40.01,926.6884,-109,-2.25,-103.0,4.0
4,2026-07-18 10:50:33,0.12,0.46,2.48,141.27,0.00,20.98,35.51,927.1163,-103,4.00,-103.0,4.0
3,2026-07-18 11:00:33,0.50,0.60,1.16,29.29,0.00,20.31,39.56,926.7791,-109,-1.25,-103.0,3.0
4,2026-07-18 11:00:33,0.10,0.15,0.52,23.83,0.00,20.87,35.14,927.2253,-103,3.00,-103.0,3.0
3,2026-07-18 11:10:33,0.45,0.52,0.86,21.76,0.00,20.88,38.19,926.8349,-109,-1.00,-103.0,3.75
4,2026-07-18 11:10:33,0.10,0.19,0.73,15.59,0.00,21.08,34.68,927.2563,-103,3.75,-103.0,3.75
3,2026-07-18 11:20:33,0.40,0.48,0.69,14.69,0.00,21.68,36.52,926.8716,-109,-3.25,-103.0,3.25
4,2026-07-18 11:20:33,0.09,0.14,0.55,23.51,0.00,20.44,36.04,927.2758,-103,3.25,-103.0,3.25
3,2026-07-18 11:30:33,0.50,0.61,1.30,23.33,0.00,21.33,37.24,926.8512,-109,-1.75,-101.0,4.5
4,2026-07-18 11:30:33,0.10,0.19,1.01,26.40,0.00,20.03,37.17,927.2612,-101,4.50,-101.0,4.5
3,2026-07-18 11:50:33,0.53,0.63,1.36,37.30,0.00,21.86,37.06,926.7711,-109,-2.25,-103.0,3.5
4,2026-07-18 11:50:33,0.10,0.19,1.05,15.77,0.00,21.71,33.31,927.1693,-103,3.50,-103.0,3.5
3,2026-07-18 12:00:33,0.44,0.52,1.39,41.15,0.00,22.43,36.11,926.6976,-110,-2.50,-102.0,3.75
4,2026-07-18 12:00:33,0.08,0.18,0.91,20.74,0.00,21.74,33.18,927.1256,-102,3.75,-102.0,3.75
3,2026-07-18 12:10:33,0.42,0.50,0.71,16.75,0.00,22.60,35.24,926.5583,-109,-1.75,-102.0,4.25
4,2026-07-18 12:10:33,0.09,0.16,0.40,9.30,0.00,22.02,32.22,926.9980,-102,4.25,-102.0,4.25
3,2026-07-18 12:20:33,0.46,0.55,1.02,17.00,0.00,23.18,34.30,926.4890,-109,-1.50,-103.0,3.0
4,2026-07-18 12:20:33,0.08,0.15,0.44,10.39,0.00,22.47,31.58,926.9509,-103,3.00,-103.0,3.0
3,2026-07-18 12:40:33,0.51,0.58,1.50,29.46,0.00,23.01,35.54,926.5341,-109,-1.75,-103.0,2.5
4,2026-07-18 12:40:33,0.10,0.17,0.87,24.20,0.00,23.19,30.71,926.9460,-103,2.50,-103.0,2.5
3,2026-07-18 12:50:33,0.54,0.65,1.14,12.68,0.00,22.63,36.48,926.5755,-109,-1.25,-102.0,4.25
4,2026-07-18 12:50:33,0.10,0.21,1.18,27.07,0.00,22.72,31.28,926.9866,-102,4.25,-102.0,4.25
3,2026-07-18 13:00:33,0.46,0.56,1.41,24.47,0.00,22.91,35.62,926.6237,-109,-1.50,-103.0,3.0
4,2026-07-18 13:00:33,0.11,0.19,1.44,36.83,0.00,23.91,29.36,927.0808,-103,3.00,-103.0,3.0
3,2026-07-18 13:10:33,0.44,0.54,1.13,19.42,0.00,24.03,33.55,926.6272,-110,-3.50,-103.0,3.5
4,2026-07-18 13:10:33,0.10,0.22,0.74,22.50,0.00,25.46,27.49,927.0601,-103,3.50,-103.0,3.5
3,2026-07-18 13:20:33,0.47,0.53,1.03,24.08,0.00,23.76,34.44,926.5976,-110,-2.75,-104.0,3.0
4,2026-07-18 13:20:33,0.09,0.18,0.73,21.72,0.00,23.75,30.62,926.9481,-104,3.00,-104.0,3.0
3,2026-07-18 13:30:33,0.47,0.54,1.38,36.31,0.00,24.20,33.68,926.5268,-110,-2.75,-102.0,2.5
4,2026-07-18 13:30:33,0.09,0.20,1.03,22.45,0.00,22.31,32.28,926.8855,-102,2.50,-102.0,2.5
3,2026-07-18 13:40:33,0.44,0.51,1.03,30.39,0.00,23.58,35.43,926.4967,-110,-2.25,-104.0,2.75
4,2026-07-18 13:40:33,0.09,0.18,0.89,28.14,0.00,23.41,30.95,926.9504,-104,2.75,-104.0,2.75
3,2026-07-18 14:10:33,0.53,0.64,1.21,17.32,0.00,25.29,31.50,926.4361,-110,-2.75,-103.0,2.25
4,2026-07-18 14:10:33,0.09,0.16,1.29,21.61,0.00,24.80,28.42,926.8145,-103,2.25,-103.0,2.25
3,2026-07-18 14:20:33,0.49,0.59,1.35,22.11,0.00,25.18,32.97,926.3570,-110,-2.25,-103.0,3.5
4,2026-07-18 14:20:33,0.08,0.17,0.87,19.97,0.00,26.49,26.36,926.7734,-103,3.50,-103.0,3.5
3,2026-07-18 14:30:33,0.43,0.51,1.46,26.72,0.00,25.13,31.30,926.2736,-110,-2.75,-103.0,3.75
4,2026-07-18 14:30:33,0.08,0.13,0.40,17.36,0.00,26.69,26.12,926.7231,-103,3.75,-103.0,3.75
3,2026-07-18 14:40:33,0.47,0.57,1.08,20.09,0.00,24.80,33.57,926.2905,-110,-3.25,-101.0,3.5
4,2026-07-18 14:40:33,0.09,0.31,1.60,37.46,0.00,26.30,26.21,926.7630,-101,3.50,-101.0,3.5
3,2026-07-18 15:00:33,0.50,0.61,0.90,11.05,0.00,23.67,35.65,926.2372,-110,-3.25,-103.0,2.75
4,2026-07-18 15:00:33,0.30,3.08,17.16,285.25,0.00,25.16,28.19,926.6856,-103,2.75,-103.0,2.75
3,2026-07-18 15:10:33,0.45,0.55,1.37,24.31,0.00,23.62,35.08,926.1439,-111,-4.25,-104.0,2.25
4,2026-07-18 15:10:33,0.47,5.78,30.13,327.67,0.00,25.57,27.53,926.6841,-104,2.25,-104.0,2.25
3,2026-07-18 15:20:33,0.59,0.69,1.99,36.25,0.00,24.73,32.17,926.0646,-110,-2.25,-102.0,4.0
4,2026-07-18 15:20:33,0.16,1.24,7.10,134.57,0.00,25.64,26.71,926.6498,-102,4.00,-102.0,4.0
3,2026-07-18 15:30:33,0.53,0.65,1.57,29.11,0.00,24.93,33.34,925.9812,-108,0.25,-102.0,3.0
4,2026-07-18 15:30:33,0.08,0.17,1.20,29.98,0.00,27.79,24.06,926.5543,-102,3.00,-102.0,3.0
3,2026-07-18 15:40:33,0.41,0.48,1.00,26.53,0.00,24.81,33.05,925.9607,-108,0.25,-103.0,4.0
4,2026-07-18 15:40:33,0.07,0.15,1.11,15.63,0.00,29.03,22.89,926.5131,-103,4.00,-103.0,4.0
3,2026-07-18 15:50:33,0.47,0.62,1.95,47.44,0.00,24.24,34.17,925.8861,-110,-2.75,-102.0,4.0
4,2026-07-18 15:50:33,0.10,0.59,5.59,327.67,0.00,29.07,22.67,926.4626,-102,4.00,-102.0,4.0
3,2026-07-18 16:00:33,0.52,0.69,2.13,24.91,0.00,24.68,33.70,925.8980,-110,-2.25,-103.0,3.75
4,2026-07-18 16:00:33,0.66,7.61,40.28,327.67,0.00,27.64,24.52,926.3545,-103,3.75,-103.0,3.75
3,2026-07-18 16:10:33,0.48,0.59,1.77,49.15,0.00,24.88,32.80,925.8844,-109,-2.00,-102.0,3.75
4,2026-07-18 16:10:33,0.09,0.27,1.77,37.36,0.00,26.65,25.52,926.4268,-102,3.75,-102.0,3.75
3,2026-07-18 16:20:33,0.42,0.55,1.40,21.59,0.00,24.61,33.35,925.8693,-110,-2.00,-102.0,3.75
4,2026-07-18 16:20:33,0.08,0.23,2.17,28.66,0.00,27.31,24.22,926.3766,-102,3.75,-102.0,3.75
3,2026-07-18 16:30:33,0.63,0.81,9.71,327.67,0.00,24.54,33.47,925.8327,-109,-0.50,-103.0,3.75
4,2026-07-18 16:30:33,2.14,27.11,144.99,327.67,0.00,27.14,24.40,926.3214,-103,3.75,-103.0,3.75
3,2026-07-18 16:40:33,0.52,0.68,1.57,21.76,0.00,23.95,33.11,925.7772,-108,-0.25,-103.0,3.0
4,2026-07-18 16:40:33,3.33,40.56,199.72,327.67,0.00,25.84,25.16,926.2302,-103,3.00,-103.0,3.0
3,2026-07-18 16:50:33,0.62,0.82,1.84,33.77,0.00,22.28,34.90,925.6466,-110,-2.25,-103.0,3.75
4,2026-07-18 16:50:33,4.14,52.53,273.54,327.67,0.00,24.26,27.21,926.1895,-103,3.75,-103.0,3.75
3,2026-07-18 17:00:33,0.44,0.68,2.08,17.21,0.00,22.67,32.08,925.5966,-109,-1.50,-103.0,3.5
4,2026-07-18 17:00:33,0.24,1.74,9.86,327.67,0.00,25.58,24.84,926.2139,-103,3.50,-103.0,3.5
3,2026-07-18 17:20:33,0.50,0.76,2.18,24.34,0.00,24.75,28.29,925.5633,-108,-0.75,-102.0,2.25
4,2026-07-18 17:20:33,0.12,0.43,2.46,34.68,0.00,28.19,21.20,926.1871,-102,2.25,-102.0,2.25
3,2026-07-18 17:30:33,0.66,0.88,2.31,35.54,0.00,24.68,27.46,925.5710,-109,-2.50,-102.0,2.25
4,2026-07-18 17:30:33,0.11,0.44,2.64,46.42,0.00,29.21,21.41,926.1595,-102,2.25,-102.0,2.25
3,2026-07-18 17:40:33,0.65,1.02,3.31,24.80,0.00,25.48,24.94,925.6160,-109,-1.25,-102.0,3.75
4,2026-07-18 17:40:33,0.10,0.38,1.70,24.17,0.00,28.42,22.15,926.1706,-102,3.75,-102.0,3.75
4,2026-07-18 17:50:33,0.08,0.15,0.71,18.89,0.00,28.86,21.45,926.1830,-103,3.50,-103.0,3.5
3,2026-07-18 18:00:33,0.65,1.14,4.13,26.27,0.00,25.19,25.55,925.5166,-109,-0.75,-103.0,1.75
4,2026-07-18 18:00:33,0.24,1.64,8.37,138.87,0.00,30.67,18.97,926.1071,-103,1.75,-103.0,1.75
3,2026-07-18 18:10:33,0.63,1.42,6.44,43.42,0.00,25.32,26.62,925.4737,-108,1.75,-102.0,3.0
4,2026-07-18 18:10:33,0.17,0.73,3.00,55.86,0.00,28.49,18.67,926.0613,-102,3.00,-102.0,3.0
3,2026-07-18 18:30:33,0.61,1.14,5.23,38.63,0.00,21.67,32.13,925.2687,-108,-1.00,-104.0,2.25
4,2026-07-18 18:30:33,4.34,49.41,234.08,327.67,0.00,26.31,21.10,925.8493,-104,2.25,-104.0,2.25
3,2026-07-18 18:40:33,0.51,0.99,4.95,52.99,0.00,23.78,29.39,925.4096,-110,-1.50,-103.0,2.5
4,2026-07-18 18:40:33,1.02,11.05,53.71,327.67,0.00,25.72,21.49,925.9060,-103,2.50,-103.0,2.5
3,2026-07-18 18:50:33,0.53,1.02,4.40,32.89,0.00,24.14,27.53,925.3773,-109,-1.50,-104.0,0.5
4,2026-07-18 18:50:33,1.33,13.91,69.00,327.67,0.00,26.49,20.13,925.9872,-104,0.50,-104.0,0.5
3,2026-07-18 19:10:33,0.71,1.44,6.27,39.62,0.00,23.86,26.95,925.5579,-110,-2.50,-104.0,1.75
4,2026-07-18 19:10:33,1.56,16.66,76.46,327.67,0.00,26.23,20.15,926.0652,-104,1.75,-104.0,1.75
3,2026-07-18 19:20:33,0.66,1.37,5.36,33.51,0.00,23.78,27.52,925.6712,-110,-1.75,-101.0,3.25
4,2026-07-18 19:20:33,1.45,15.77,96.71,327.67,0.00,25.62,20.97,926.1769,-101,3.25,-101.0,3.25
3,2026-07-18 19:30:33,0.59,1.40,6.19,35.70,0.00,23.69,27.70,925.7891,-108,-0.75,-103.0,2.5
4,2026-07-18 19:30:33,7.01,82.47,327.67,327.67,0.00,25.42,21.28,926.2683,-103,2.50,-103.0,2.5
3,2026-07-18 19:40:33,0.57,1.31,5.05,23.98,0.00,22.38,30.32,925.8108,-109,-0.25,-103.0,1.5
4,2026-07-18 19:40:33,7.72,93.81,327.67,327.67,0.00,24.23,22.15,926.2632,-103,1.50,-103.0,1.5
3,2026-07-18 19:50:33,0.56,1.32,6.10,30.78,0.00,20.88,30.93,925.8972,-108,0.00,-104.0,2.0
4,2026-07-18 19:50:33,3.23,36.76,170.71,327.67,0.00,22.81,24.32,926.4281,-104,2.00,-104.0,2.0
4,2026-07-18 20:00:33,7.41,89.45,327.67,327.67,0.00,22.18,24.27,926.5102,-103,3.50,-103.0,3.5
4,2026-07-18 20:10:33,1.85,20.48,104.35,327.67,0.00,20.90,26.44,926.6617,-103,4.25,-103.0,4.25
4,2026-07-18 20:20:33,6.34,76.38,327.67,327.67,0.00,20.16,27.70,926.7235,-104,3.50,-104.0,3.5
4,2026-07-18 20:30:33,9.16,116.58,327.67,327.67,0.00,19.84,28.05,926.7988,-103,3.00,-103.0,3.0
4,2026-07-18 20:40:33,5.74,68.61,307.39,327.67,0.00,18.91,29.53,926.9196,-105,2.50,-105.0,2.5
3,2026-07-18 20:50:33,0.56,1.72,11.94,59.90,0.00,18.66,31.99,926.4807,-111,-5.00,-102.0,2.0
4,2026-07-18 20:50:33,7.77,95.52,327.67,327.67,0.00,18.84,29.39,927.0308,-102,2.00,-102.0,2.0
3,2026-07-18 21:10:33,0.43,0.95,4.57,29.00,0.00,17.86,34.28,926.9508,-110,-3.00,-102.0,2.5
4,2026-07-18 21:10:33,4.40,48.51,216.57,327.67,0.00,18.19,30.55,927.3157,-102,2.50,-102.0,2.5
4,2026-07-18 21:50:33,13.18,170.75,327.67,327.67,0.00,17.54,32.00,927.6144,-103,4.00,-103.0,4.0
4,2026-07-18 22:00:33,4.41,53.17,245.60,327.67,0.00,16.96,34.44,927.8443,-104,3.50,-104.0,3.5
4,2026-07-18 22:10:33,11.80,147.06,327.67,327.67,0.00,16.71,34.52,927.9494,-105,3.00,-105.0,3.0
4,2026-07-18 22:20:33,12.57,159.27,327.67,327.67,0.00,16.55,34.45,928.0014,-103,4.50,-103.0,4.5
3,2026-07-18 22:30:33,0.40,0.65,2.40,32.00,0.00,15.83,39.67,927.7858,-109,-1.75,-101.0,4.0
4,2026-07-18 22:30:33,12.52,162.37,327.67,327.67,0.00,16.21,35.74,928.1788,-101,4.00,-101.0,4.0
3,2026-07-18 22:40:33,0.45,0.81,3.78,36.15,0.00,16.20,38.42,927.8721,-108,-0.50,-102.0,3.5
4,2026-07-18 22:40:33,5.75,72.07,327.67,327.67,0.00,15.88,36.86,928.3948,-102,3.50,-102.0,3.5
3,2026-07-18 22:50:33,0.36,0.73,11.18,327.67,0.00,15.24,41.08,928.1129,-108,-0.50,-103.0,2.75
4,2026-07-18 22:50:33,8.16,103.66,327.67,327.67,0.00,15.72,37.08,928.5378,-103,2.75,-103.0,2.75
3,2026-07-18 23:00:33,0.38,0.69,3.39,27.67,0.00,15.60,40.34,928.3071,-108,-0.25,-102.0,4.25
4,2026-07-18 23:00:33,8.09,106.89,327.67,327.67,0.00,15.25,38.73,928.7332,-102,4.25,-102.0,4.25
4,2026-07-18 23:10:33,2.70,32.41,157.44,327.67,0.02,15.13,38.54,928.9064,-102,5.00,-102.0,5.0
4,2026-07-18 23:30:33,7.43,98.76,327.67,327.67,0.00,14.85,38.85,929.2629,-103,3.75,-103.0,3.75
3,2026-07-18 23:40:33,0.38,0.68,2.81,33.38,0.00,14.55,42.28,929.0474,-109,-1.25,-102.0,3.25
4,2026-07-18 23:40:33,5.94,76.64,327.67,327.67,2.86,14.85,38.64,929.3980,-102,3.25,-102.0,3.25
3,2026-07-18 23:50:33,0.38,0.63,2.54,23.88,0.00,13.97,43.56,929.2350,-110,-3.25,-102.0,3.5
4,2026-07-18 23:50:33,8.86,117.30,327.67,327.67,0.38,14.48,39.61,929.4918,-102,3.50,-102.0,3.5
3,2026-07-19 00:00:33,0.43,0.62,2.40,34.28,0.00,14.78,41.20,929.3081,-110,-3.25,-103.0,3.25
4,2026-07-19 00:00:33,9.48,126.38,327.67,327.67,7.34,14.17,40.51,929.7011,-103,3.25,-103.0,3.25
3,2026-07-19 00:10:33,0.39,0.63,2.17,29.32,0.00,14.45,41.98,929.4522,-109,-3.00,-102.0,2.5
4,2026-07-19 00:10:33,11.42,155.15,327.67,327.67,0.09,14.00,40.67,929.7952,-102,2.50,-102.0,2.5
3,2026-07-19 00:20:33,0.35,0.55,1.42,17.09,0.00,14.20,42.62,929.4955,-109,-1.75,-103.0,4.25
4,2026-07-19 00:20:33,4.81,64.56,325.04,327.67,8.45,13.90,41.16,929.8961,-103,4.25,-103.0,4.25
3,2026-07-19 00:30:33,0.33,0.52,2.02,25.25,0.00,14.10,42.69,929.6956,-109,-2.00,-103.0,2.5
4,2026-07-19 00:30:33,11.94,167.57,327.67,327.67,2.55,13.84,41.21,929.9768,-103,2.50,-103.0,2.5
3,2026-07-19 00:40:33,0.32,0.50,2.09,31.89,0.00,14.01,43.08,929.7806,-110,-3.25,-103.0,2.25
4,2026-07-19 00:40:33,8.52,120.14,327.67,327.67,19.18,13.74,41.43,930.0900,-103,2.25,-103.0,2.25
3,2026-07-19 01:00:33,0.32,0.55,1.85,20.80,0.00,12.79,47.62,930.0970,-108,-0.50,-103.0,2.0
4,2026-07-19 01:00:33,10.27,147.81,327.67,327.67,28.26,13.28,43.31,930.3956,-103,2.00,-103.0,2.0
3,2026-07-19 01:10:33,0.31,0.50,1.77,22.78,0.00,13.20,46.42,930.1628,-109,-3.25,-104.0,3.5
4,2026-07-19 01:10:33,4.11,56.77,289.02,327.67,0.88,13.24,44.42,930.5952,-104,3.50,-104.0,3.5
3,2026-07-19 01:20:33,0.31,0.51,1.61,26.20,0.00,12.47,48.69,930.3104,-108,-1.00,-102.0,3.25
4,2026-07-19 01:20:33,4.00,54.82,286.87,327.67,16.96,13.39,43.90,930.6408,-102,3.25,-102.0,3.25
3,2026-07-19 01:30:33,0.30,0.43,1.37,25.80,0.00,12.20,50.06,930.3624,-109,-1.75,-102.0,3.75
4,2026-07-19 01:30:33,1.88,23.49,118.54,327.67,22.57,13.25,44.14,930.7426,-102,3.75,-102.0,3.75
4,2026-07-19 01:40:33,3.28,45.17,248.98,327.67,12.74,13.00,45.02,930.7646,-102,4.50,-102.0,4.5
3,2026-07-19 01:50:33,0.30,0.48,1.98,25.57,0.00,12.28,49.11,930.7046,-110,-4.25,-103.0,3.0
4,2026-07-19 01:50:33,0.73,8.37,42.52,327.67,10.66,13.03,45.49,931.0165,-103,3.00,-103.0,3.0
4,2026-07-19 02:00:33,0.86,10.31,52.44,327.67,0.00,12.99,45.10,931.1598,-102,5.50,-102.0,5.5
3,2026-07-19 02:10:33,0.34,0.53,1.82,18.69,0.00,11.97,50.55,930.8914,-109,-1.00,-103.0,3.5
4,2026-07-19 02:10:33,0.56,6.42,39.35,327.67,0.03,12.29,48.85,931.3041,-103,3.50,-103.0,3.5
3,2026-07-19 02:20:33,0.28,0.47,1.61,31.06,0.00,11.59,52.00,931.0980,-108,-0.50,-101.0,4.75
4,2026-07-19 02:20:33,0.21,0.69,2.81,68.88,1.28,12.24,48.16,931.4527,-101,4.75,-101.0,4.75
3,2026-07-19 02:30:33,0.35,0.54,2.10,27.07,0.00,11.51,52.23,931.2536,-108,-0.25,-102.0,4.5
4,2026-07-19 02:30:33,0.19,0.62,2.89,35.61,7.06,12.40,47.71,931.6358,-102,4.50,-102.0,4.5
3,2026-07-19 02:40:33,0.32,0.49,1.81,20.21,0.00,11.34,53.00,931.4348,-109,-1.75,-102.0,3.5
4,2026-07-19 02:40:33,0.89,10.73,56.08,327.67,0.00,12.39,47.96,931.7253,-102,3.50,-102.0,3.5
3,2026-07-19 03:00:33,0.32,0.52,2.91,36.34,0.00,11.40,52.47,931.6844,-109,-3.50,-101.0,3.75
4,2026-07-19 03:00:33,0.18,0.36,1.00,22.30,0.16,11.46,50.89,932.0498,-101,3.75,-101.0,3.75
3,2026-07-19 03:10:33,0.33,0.49,1.41,24.78,0.00,11.12,53.57,931.8396,-109,-2.50,-102.0,3.5
4,2026-07-19 03:10:33,0.47,4.31,24.83,244.13,0.00,12.04,48.93,932.1120,-102,3.50,-102.0,3.5
3,2026-07-19 03:20:33,0.32,0.49,1.18,19.15,0.00,11.29,52.87,931.9267,-109,-1.50,-102.0,4.25
4,2026-07-19 03:20:33,0.19,0.53,2.41,25.79,4.63,12.16,48.71,932.1906,-102,4.25,-102.0,4.25
3,2026-07-19 03:30:33,0.31,0.49,1.19,23.12,0.00,11.22,53.40,931.9354,-110,-4.75,-103.0,4.0
4,2026-07-19 03:30:33,0.56,5.65,27.96,327.67,0.15,11.52,50.60,932.2740,-103,4.00,-103.0,4.0
3,2026-07-19 03:50:33,0.33,0.51,1.49,16.95,0.00,10.14,57.36,932.2811,-108,-1.00,-103.0,3.25
4,2026-07-19 03:50:33,2.24,32.67,191.84,327.67,2.13,11.72,50.29,932.3992,-103,3.25,-103.0,3.25
3,2026-07-19 04:00:33,0.33,0.52,1.75,21.40,0.00,11.10,54.24,932.2564,-109,-3.75,-102.0,4.5
4,2026-07-19 04:00:33,0.27,1.90,9.49,226.22,0.41,11.02,52.60,932.5739,-102,4.50,-102.0,4.5
3,2026-07-19 04:10:33,0.33,0.50,1.14,21.18,0.00,10.83,55.00,932.4174,-109,-1.75,-101.0,4.5
4,2026-07-19 04:10:33,0.41,4.13,24.21,313.41,6.02,10.51,55.00,932.7051,-101,4.50,-101.0,4.5
3,2026-07-19 04:20:33,0.31,0.46,0.74,13.05,0.00,10.69,55.72,932.5210,-109,-2.75,-102.0,3.5
4,2026-07-19 04:20:33,0.20,0.46,1.87,26.63,0.26,10.15,56.41,932.8841,-102,3.50,-102.0,3.5
3,2026-07-19 04:30:33,0.34,0.51,1.56,25.19,0.00,10.30,56.94,932.6892,-108,-0.25,-102.0,2.25
4,2026-07-19 04:30:33,0.34,2.59,14.43,157.10,0.00,10.67,55.46,932.9112,-102,2.25,-102.0,2.25
3,2026-07-19 04:40:33,0.35,0.56,2.02,29.11,0.00,10.37,56.86,932.7288,-109,-3.00,-103.0,2.75
4,2026-07-19 04:40:33,0.22,0.55,1.77,23.45,1.19,10.54,55.17,933.0420,-103,2.75,-103.0,2.75
3,2026-07-19 04:50:33,0.32,0.50,1.29,16.01,0.00,10.95,55.00,932.8333,-109,-2.00,-101.0,2.75
4,2026-07-19 04:50:33,0.20,0.39,1.27,24.66,11.97,10.30,56.28,933.1763,-101,2.75,-101.0,2.75
3,2026-07-19 05:00:33,0.33,0.50,1.70,21.81,0.00,10.30,56.97,932.9053,-109,-1.50,-103.0,3.75
4,2026-07-19 05:00:33,0.20,0.47,2.16,52.16,7.25,10.57,54.78,933.2819,-103,3.75,-103.0,3.75
3,2026-07-19 05:10:33,0.34,0.58,1.63,25.38,0.00,10.62,56.09,932.9121,-109,-1.50,-102.0,4.5
4,2026-07-19 05:10:33,0.21,0.51,1.76,86.04,2.04,10.43,55.36,933.3353,-102,4.50,-102.0,4.5
3,2026-07-19 05:20:33,0.30,0.46,1.43,24.14,0.00,10.28,57.09,933.0459,-108,-0.25,-102.0,4.0
4,2026-07-19 05:20:33,0.20,0.38,0.93,24.58,8.49,10.55,54.92,933.3682,-102,4.00,-102.0,4.0
3,2026-07-19 05:30:33,0.35,0.54,1.47,28.56,0.00,10.96,55.03,932.9890,-108,0.00,-102.0,2.25
4,2026-07-19 05:30:33,0.25,1.21,5.45,181.63,5.84,10.78,53.89,933.3841,-102,2.25,-102.0,2.25
3,2026-07-19 05:40:33,0.36,0.58,1.49,24.72,0.00,10.68,55.74,933.0840,-109,-2.25,-103.0,4.0
4,2026-07-19 05:40:33,0.19,0.35,1.35,18.58,2.77,10.38,55.09,933.4915,-103,4.00,-103.0,4.0
3,2026-07-19 05:50:33,0.31,0.49,1.24,16.02,0.00,10.33,56.75,933.1419,-109,-3.25,-102.0,4.5
4,2026-07-19 05:50:33,0.42,4.06,25.39,294.21,5.24,10.84,54.00,933.4328,-102,4.50,-102.0,4.5
3,2026-07-19 06:20:33,0.40,0.58,1.79,24.50,0.00,11.52,54.00,933.2139,-109,-2.25,-102.0,4.0
4,2026-07-19 06:20:33,0.76,9.91,65.57,327.67,0.09,12.56,49.34,933.5220,-102,4.00,-102.0,4.0
3,2026-07-19 06:30:33,0.43,0.64,1.35,20.38,0.00,11.35,54.68,933.2663,-109,-2.25,-101.0,4.5
4,2026-07-19 06:30:33,0.53,5.82,35.88,303.77,3.89,12.78,48.66,933.6280,-101,4.50,-101.0,4.5
3,2026-07-19 06:40:33,0.40,0.55,1.17,13.26,0.00,11.33,54.91,933.3268,-109,-1.00,-100.0,5.0
4,2026-07-19 06:40:33,1.00,13.94,85.54,327.67,1.00,13.00,48.22,933.5806,-100,5.00,-100.0,5.0
3,2026-07-19 06:50:33,0.41,0.56,1.17,18.75,0.00,11.63,53.96,933.2643,-109,-1.50,-102.0,4.25
4,2026-07-19 06:50:33,0.21,0.66,2.96,39.46,2.55,12.92,48.82,933.7141,-102,4.25,-102.0,4.25
3,2026-07-19 07:30:33,0.45,0.62,1.00,12.61,0.00,11.98,53.72,933.4360,-108,0.25,-101.0,2.0
4,2026-07-19 07:30:33,0.87,11.41,68.06,327.67,3.81,14.06,46.40,933.7496,-101,2.00,-101.0,2.0
3,2026-07-19 07:50:33,0.50,0.66,1.25,14.50,0.00,13.19,50.46,933.6207,-109,-1.25,-101.0,4.75
4,2026-07-19 07:50:33,0.60,7.09,44.89,303.18,5.61,14.48,45.48,934.0091,-101,4.75,-101.0,4.75
4,2026-07-19 08:10:33,1.09,15.22,91.40,327.67,8.32,15.10,43.78,934.0043,-101,5.75,-101.0,5.75
3,2026-07-19 08:20:33,0.46,0.61,0.98,17.55,0.00,12.62,52.12,933.7946,-108,-1.00,-102.0,3.75
4,2026-07-19 08:20:33,1.20,18.72,122.87,327.67,12.60,15.21,43.90,934.0350,-102,3.75,-102.0,3.75
3,2026-07-19 08:30:33,0.52,0.66,1.62,43.09,0.00,13.50,49.78,933.7196,-109,-1.00,-102.0,4.75
4,2026-07-19 08:30:33,0.79,10.48,61.09,327.67,15.52,15.64,42.99,934.0849,-102,4.75,-102.0,4.75
3,2026-07-19 08:50:33,0.69,0.91,2.18,21.82,0.00,13.82,49.50,933.8646,-108,0.00,-101.0,4.0
4,2026-07-19 08:50:33,0.75,10.11,66.48,327.67,37.15,15.39,43.56,934.1644,-101,4.00,-101.0,4.0
3,2026-07-19 09:00:33,0.56,0.74,1.16,8.82,0.00,14.17,48.85,933.8575,-109,-1.50,-103.0,2.75
4,2026-07-19 09:00:33,0.21,1.32,6.16,107.48,44.60,16.95,39.96,934.2282,-103,2.75,-103.0,2.75
3,2026-07-19 09:10:33,0.51,0.67,1.50,23.21,0.00,14.29,48.87,933.8024,-109,-2.25,-101.0,4.5
4,2026-07-19 09:10:33,0.51,5.46,28.96,260.30,38.59,17.27,39.33,934.1226,-101,4.50,-101.0,4.5
3,2026-07-19 09:20:33,0.49,0.67,2.41,25.88,0.00,14.93,47.86,933.8318,-109,-1.75,-103.0,3.0
4,2026-07-19 09:20:33,0.79,9.70,51.74,327.67,39.58,17.63,38.52,934.0654,-103,3.00,-103.0,3.0
3,2026-07-19 09:50:33,0.58,0.78,1.89,30.00,0.00,16.66,43.33,933.6615,-110,-3.50,-101.0,4.75
4,2026-07-19 09:50:33,1.82,24.02,123.94,327.67,15.92,18.12,37.29,934.0515,-101,4.75,-101.0,4.75
3,2026-07-19 10:00:33,0.57,0.74,1.56,26.66,0.00,16.71,43.31,933.7138,-109,-2.00,-101.0,3.25
4,2026-07-19 10:00:33,6.30,85.67,327.67,327.67,19.45,17.74,38.25,934.0146,-101,3.25,-101.0,3.25
3,2026-07-19 10:30:33,0.57,0.73,1.64,21.03,0.00,17.30,43.19,933.6988,-110,-3.50,-102.0,3.25
4,2026-07-19 10:30:33,2.19,27.11,132.13,327.67,7.83,18.88,36.50,933.9872,-102,3.25,-102.0,3.25
3,2026-07-19 10:40:33,0.53,0.68,1.00,8.91,0.00,17.36,43.11,933.6732,-110,-3.25,-101.0,3.25
4,2026-07-19 10:40:33,0.25,1.70,7.83,162.67,11.62,19.88,34.85,933.9944,-101,3.25,-101.0,3.25
3,2026-07-19 10:50:33,0.52,0.69,2.83,26.65,0.00,17.69,42.40,933.6281,-109,-3.25,-102.0,4.5
4,2026-07-19 10:50:33,0.40,3.56,19.79,327.67,30.13,20.17,34.39,933.9936,-102,4.50,-102.0,4.5
3,2026-07-19 11:00:33,0.45,0.62,1.70,24.31,0.00,18.21,41.52,933.6267,-110,-3.25,-102.0,3.0
4,2026-07-19 11:00:33,0.47,4.46,22.59,327.67,4.10,20.54,33.49,933.9400,-102,3.00,-102.0,3.0
3,2026-07-19 11:20:33,0.51,0.67,1.22,24.14,0.00,19.54,38.68,933.4496,-110,-2.75,-101.0,5.0
4,2026-07-19 11:20:33,0.61,6.26,33.74,327.67,18.05,21.38,31.87,933.7435,-101,5.00,-101.0,5.0
3,2026-07-19 11:30:33,0.59,0.77,1.28,22.42,0.00,19.70,38.69,933.4525,-109,-2.00,-101.0,3.75
4,2026-07-19 11:30:33,0.95,10.76,55.69,327.67,17.26,21.84,31.00,933.6721,-101,3.75,-101.0,3.75
3,2026-07-19 11:50:33,0.46,0.60,1.32,26.34,0.00,20.49,37.96,933.4202,-109,-1.25,-103.0,3.25
4,2026-07-19 11:50:33,0.72,7.51,40.45,327.67,15.02,21.26,32.28,933.7794,-103,3.25,-103.0,3.25
3,2026-07-19 12:00:33,0.49,0.64,1.83,22.62,0.00,20.46,37.95,933.4684,-110,-2.25,-101.0,4.75
4,2026-07-19 12:00:33,1.46,16.47,88.98,327.67,26.62,21.75,30.86,933.7433,-101,4.75,-101.0,4.75
3,2026-07-19 12:10:33,0.48,0.62,1.24,21.55,0.00,20.79,38.43,933.4102,-110,-3.00,-100.0,5.0
4,2026-07-19 12:10:33,0.41,3.88,27.69,327.67,18.15,22.14,30.42,933.7159,-100,5.00,-100.0,5.0
3,2026-07-19 12:30:33,0.45,0.55,1.55,27.36,0.00,21.00,37.44,933.2310,-110,-3.00,-101.0,4.5
4,2026-07-19 12:30:33,0.64,6.84,38.01,327.67,41.06,22.88,29.89,933.5399,-101,4.50,-101.0,4.5
3,2026-07-19 12:50:33,0.43,0.60,1.69,20.17,0.00,21.09,38.03,933.1303,-109,-1.75,-103.0,2.25
4,2026-07-19 12:50:33,0.27,2.03,10.84,189.18,10.26,23.02,30.16,933.5308,-103,2.25,-103.0,2.25
4,2026-07-19 13:00:33,0.29,2.18,10.90,327.67,2.46,23.01,29.59,933.4779,-103,4.75,-103.0,4.75
4,2026-07-19 13:10:33,0.24,1.51,7.39,83.36,9.91,23.70,28.66,933.3824,-103,4.00,-103.0,4.0
3,2026-07-19 13:20:33,0.52,0.68,1.39,20.61,0.00,22.52,34.95,932.9630,-110,-3.25,-102.0,3.75
4,2026-07-19 13:20:33,0.36,3.15,18.93,327.67,40.97,23.60,28.47,933.2890,-102,3.75,-102.0,3.75
3,2026-07-19 13:30:33,0.49,0.64,1.32,25.51,0.00,22.98,34.03,932.8925,-110,-1.75,-102.0,4.0
4,2026-07-19 13:30:33,0.88,9.19,58.89,327.67,8.61,24.14,28.01,933.2015,-102,4.00,-102.0,4.0
3,2026-07-19 13:40:33,0.50,0.64,1.49,22.29,0.00,23.43,33.43,932.7949,-110,-2.75,-102.0,3.0
4,2026-07-19 13:40:33,1.04,11.20,59.66,327.67,15.49,24.24,27.94,933.1149,-102,3.00,-102.0,3.0
3,2026-07-19 14:00:33,0.59,0.76,2.45,27.82,0.00,25.66,29.92,932.6778,-109,-2.25,-100.0,5.25
4,2026-07-19 14:00:33,0.74,6.98,37.72,327.67,0.00,24.51,27.41,932.9735,-100,5.25,-100.0,5.25
3,2026-07-19 14:10:33,0.56,0.71,1.66,21.22,0.00,25.84,30.33,932.6397,-110,-3.25,-101.0,4.25
4,2026-07-19 14:10:33,0.17,0.58,2.86,116.07,0.00,25.14,27.17,932.9488,-101,4.25,-101.0,4.25
4,2026-07-19 14:30:33,0.14,0.33,1.77,24.26,1.16,25.86,26.36,932.8265,-103,4.50,-103.0,4.5
3,2026-07-19 14:40:33,0.51,0.65,1.16,18.27,0.00,25.10,32.24,932.4075,-110,-2.25,-103.0,3.5
4,2026-07-19 14:40:33,0.18,0.90,4.24,150.27,0.00,25.94,26.37,932.7143,-103,3.50,-103.0,3.5
3,2026-07-19 14:50:33,0.54,0.68,0.94,6.43,0.00,25.52,31.68,932.3820,-110,-2.00,-101.0,4.5
4,2026-07-19 14:50:33,0.15,0.41,2.17,28.67,0.00,26.44,25.61,932.6631,-101,4.50,-101.0,4.5
4,2026-07-19 15:00:33,0.45,3.89,19.95,327.67,0.00,26.37,26.09,932.5297,-102,5.25,-102.0,5.25
4,2026-07-19 15:10:33,0.21,1.21,7.71,107.73,0.00,26.60,25.90,932.4538,-101,5.75,-101.0,5.75
3,2026-07-19 15:20:33,0.63,0.81,1.81,37.13,0.00,27.88,27.49,932.0574,-109,-1.50,-101.0,4.5
4,2026-07-19 15:20:33,1.67,18.82,101.58,327.67,0.00,27.45,24.47,932.3854,-101,4.50,-101.0,4.5
3,2026-07-19 15:40:33,0.53,0.70,2.06,27.15,0.00,28.34,27.26,931.8874,-110,-2.00,-101.0,5.0
4,2026-07-19 15:40:33,1.47,15.31,77.09,327.67,0.00,27.74,24.09,932.2469,-101,5.00,-101.0,5.0
3,2026-07-19 15:50:33,0.57,0.74,1.70,30.04,0.00,28.30,27.78,931.7554,-109,-1.50,-101.0,4.25
4,2026-07-19 15:50:33,2.29,25.28,155.07,327.67,2.22,27.77,24.18,932.0951,-101,4.25,-101.0,4.25
3,2026-07-19 16:00:33,0.47,0.56,1.41,21.46,0.00,27.96,28.82,931.6538,-110,-4.25,-102.0,3.5
4,2026-07-19 16:00:33,0.54,4.93,27.55,327.67,0.00,28.29,23.76,931.9789,-102,3.50,-102.0,3.5
3,2026-07-19 16:10:33,0.57,0.71,1.42,24.81,0.00,28.61,27.14,931.5252,-109,-3.00,-103.0,3.75
4,2026-07-19 16:10:33,0.69,7.04,59.74,327.67,2.52,28.22,24.00,931.8388,-103,3.75,-103.0,3.75
4,2026-07-19 16:20:33,0.40,3.55,23.56,327.67,0.00,28.71,23.33,931.7572,-104,3.50,-104.0,3.5
3,2026-07-19 16:50:33,0.63,0.84,1.81,19.28,0.00,27.94,29.26,931.1965,-111,-2.50,-103.0,3.25
4,2026-07-19 16:50:33,0.99,10.37,53.89,327.67,0.00,29.22,23.12,931.5465,-103,3.25,-103.0,3.25
3,2026-07-19 17:00:33,0.59,0.75,1.64,26.52,0.00,27.81,29.03,931.0967,-110,-2.75,-103.0,1.75
4,2026-07-19 17:00:33,0.87,8.46,41.20,327.67,0.00,29.22,23.16,931.4746,-103,1.75,-103.0,1.75
3,2026-07-19 17:20:33,0.60,0.81,2.09,48.26,0.00,27.90,29.07,930.9998,-110,-2.25,-102.0,3.5
4,2026-07-19 17:20:33,0.20,0.85,3.86,70.06,0.00,29.62,22.69,931.3999,-102,3.50,-102.0,3.5
3,2026-07-19 17:30:33,0.59,0.74,1.30,18.74,0.00,27.71,29.69,930.8951,-110,-3.50,-103.0,3.5
4,2026-07-19 17:30:33,0.29,1.82,8.63,175.50,0.00,29.91,22.17,931.2774,-103,3.50,-103.0,3.5
3,2026-07-19 17:50:33,0.53,0.72,1.56,29.56,0.00,27.52,30.10,930.7796,-110,-2.00,-103.0,3.0
4,2026-07-19 17:50:33,0.68,6.20,31.38,327.67,0.51,29.53,23.21,931.1789,-103,3.00,-103.0,3.0
3,2026-07-19 18:00:33,0.58,0.78,1.78,26.38,0.00,27.69,30.46,930.7006,-110,-2.50,-102.0,3.0
4,2026-07-19 18:00:33,0.85,8.16,38.35,327.67,0.00,29.17,23.31,931.1487,-102,3.00,-102.0,3.0
3,2026-07-19 18:10:33,0.56,0.74,1.49,23.90,0.00,27.03,30.43,930.6298,-109,-1.75,-101.0,4.75
4,2026-07-19 18:10:33,1.75,18.48,99.62,327.67,0.00,29.24,23.57,931.0810,-101,4.75,-101.0,4.75
3,2026-07-19 18:30:33,0.55,0.76,1.81,17.62,0.00,27.86,28.28,930.5557,-110,-2.50,-102.0,4.25
4,2026-07-19 18:30:33,0.39,2.92,19.32,327.67,0.00,29.22,23.26,930.9853,-102,4.25,-102.0,4.25
4,2026-07-19 18:40:33,0.51,3.83,19.74,327.67,0.00,28.93,23.60,930.9121,-103,4.75,-103.0,4.75
3,2026-07-19 18:50:33,0.52,0.65,1.69,30.31,0.00,29.05,26.46,930.4118,-110,-4.50,-104.0,2.25
4,2026-07-19 18:50:33,2.09,19.32,95.44,327.67,0.00,29.44,22.56,930.7951,-104,2.25,-104.0,2.25
3,2026-07-19 19:00:33,0.57,0.74,1.54,26.34,0.00,28.31,27.91,930.3598,-109,-2.00,-104.0,3.5
4,2026-07-19 19:00:33,1.18,10.84,56.00,327.67,0.00,28.86,23.07,930.8156,-104,3.50,-104.0,3.5
3,2026-07-19 19:10:33,0.54,0.73,1.70,27.11,0.00,27.88,27.76,930.3228,-111,-4.25,-103.0,3.5
4,2026-07-19 19:10:33,1.42,13.02,64.31,327.67,0.00,28.69,23.38,930.7477,-103,3.50,-103.0,3.5
3,2026-07-19 19:20:33,0.56,0.80,1.90,31.88,0.00,27.46,29.15,930.2435,-111,-3.25,-103.0,3.25
4,2026-07-19 19:20:33,0.92,8.31,40.48,327.67,0.00,29.07,22.96,930.7070,-103,3.25,-103.0,3.25
3,2026-07-19 19:30:33,0.54,0.75,2.64,32.01,0.00,27.06,27.87,930.2221,-110,-3.25,-101.0,4.75
4,2026-07-19 19:30:33,1.66,16.59,83.01,327.67,0.00,28.26,23.53,930.6606,-101,4.75,-101.0,4.75
3,2026-07-19 19:40:33,0.63,0.86,10.72,327.67,0.00,28.72,25.43,930.2333,-110,-2.75,-102.0,2.0
4,2026-07-19 19:40:33,4.07,42.15,198.62,327.67,0.00,27.76,23.72,930.6187,-102,2.00,-102.0,2.0
3,2026-07-19 19:50:33,0.60,0.86,2.65,39.86,0.00,29.51,24.69,930.2243,-111,-2.75,-101.0,3.5
4,2026-07-19 19:50:33,3.51,35.70,157.46,327.67,0.00,27.43,24.21,930.6239,-101,3.50,-101.0,3.5
3,2026-07-19 20:00:33,0.62,0.99,3.26,38.50,0.00,29.84,24.05,930.2055,-111,-4.75,-104.0,3.0
4,2026-07-19 20:00:33,4.31,43.16,191.29,327.67,0.00,27.47,24.09,930.5875,-104,3.00,-104.0,3.0
4,2026-07-19 20:10:33,0.75,6.87,37.08,327.67,0.00,27.01,24.74,930.5765,-101,5.50,-101.0,5.5
4,2026-07-19 20:20:33,3.71,37.88,178.06,327.67,0.00,26.52,25.21,930.6020,-100,6.25,-100.0,6.25
3,2026-07-19 20:30:33,0.74,0.98,2.13,21.34,0.00,28.64,24.60,930.1910,-110,-3.00,-102.0,4.0
4,2026-07-19 20:30:33,6.20,64.65,299.37,327.67,0.00,26.33,25.05,930.6396,-102,4.00,-102.0,4.0
3,2026-07-19 20:40:33,0.73,0.97,3.46,38.87,0.00,29.41,23.08,930.1956,-110,-3.50,-101.0,3.75
4,2026-07-19 20:40:33,6.46,66.71,302.84,327.67,0.00,26.05,24.96,930.6656,-101,3.75,-101.0,3.75
4,2026-07-19 20:50:33,6.38,67.35,306.29,327.67,0.00,25.41,25.70,930.6350,-100,5.75,-100.0,5.75
3,2026-07-19 21:00:33,0.81,1.08,3.27,59.32,0.00,28.96,22.83,930.2307,-111,-4.75,-101.0,4.25
4,2026-07-19 21:00:33,6.34,63.82,268.08,327.67,0.00,25.51,25.21,930.6641,-101,4.25,-101.0,4.25
4,2026-07-19 21:10:33,2.92,28.37,122.92,327.67,0.00,25.16,25.57,930.7296,-101,5.25,-101.0,5.25
3,2026-07-19 21:30:33,0.74,0.96,3.05,31.12,0.00,26.86,25.55,930.3433,-110,-3.25,-103.0,2.25
4,2026-07-19 21:30:33,3.90,41.30,194.88,327.67,0.00,23.95,27.31,930.8136,-103,2.25,-103.0,2.25
3,2026-07-19 21:40:33,0.74,0.96,2.38,27.93,0.00,24.20,28.58,930.2726,-111,-4.75,-101.0,4.5
4,2026-07-19 21:40:33,4.00,44.89,208.74,327.67,0.00,21.70,30.74,930.8398,-101,4.50,-101.0,4.5
4,2026-07-19 21:50:33,7.48,89.38,327.67,327.67,0.00,20.69,32.10,930.8802,-102,4.75,-102.0,4.75
3,2026-07-19 22:00:33,0.60,0.85,1.83,23.53,0.00,21.02,33.38,930.3338,-111,-4.25,-101.0,3.25
4,2026-07-19 22:00:33,9.16,106.41,327.67,327.67,0.00,20.46,32.27,930.9361,-101,3.25,-101.0,3.25
3,2026-07-19 22:10:33,0.52,0.77,2.32,31.50,0.00,20.56,34.32,930.4042,-109,-0.25,-102.0,3.5
4,2026-07-19 22:10:33,11.81,147.25,327.67,327.67,0.00,20.07,33.23,930.9832,-102,3.50,-102.0,3.5
4,2026-07-19 22:40:33,11.23,141.98,327.67,327.67,0.00,19.35,34.22,931.0559,-104,3.75,-104.0,3.75
3,2026-07-19 23:00:33,0.48,0.68,2.02,28.12,0.00,19.34,35.51,930.7488,-110,-4.00,-103.0,3.25
4,2026-07-19 23:00:33,9.84,123.40,327.67,327.67,0.00,19.07,34.53,931.2589,-103,3.25,-103.0,3.25
3,2026-07-19 23:10:33,0.48,0.71,2.78,28.08,0.00,19.32,35.38,930.7588,-110,-3.00,-104.0,2.5
4,2026-07-19 23:10:33,8.33,105.97,327.67,327.67,0.00,18.84,34.86,931.2559,-104,2.50,-104.0,2.5
3,2026-07-19 23:20:33,0.45,0.74,2.91,33.62,0.00,18.57,37.35,930.8789,-110,-1.25,-103.0,3.25
4,2026-07-19 23:20:33,8.77,111.75,327.67,327.67,0.00,18.58,35.45,931.3117,-103,3.25,-103.0,3.25
4,2026-07-19 23:30:33,7.20,91.64,327.67,327.67,0.00,18.19,36.12,931.3770,-104,3.00,-104.0,3.0
3,2026-07-19 23:40:33,0.38,0.59,1.94,23.65,0.00,18.16,37.92,931.0284,-111,-5.75,-102.0,3.75
4,2026-07-19 23:40:33,8.79,112.71,327.67,327.67,0.00,17.96,36.65,931.3826,-102,3.75,-102.0,3.75
4,2026-07-19 23:50:33,10.96,143.80,327.67,327.67,0.00,17.70,37.07,931.3778,-102,5.25,-102.0,5.25
3,2026-07-20 00:00:33,0.44,0.67,3.03,31.56,0.00,17.84,38.39,931.1052,-109,-2.00,-103.0,2.0
4,2026-07-20 00:00:33,12.17,159.26,327.67,327.67,0.00,17.67,37.11,931.3676,-103,2.00,-103.0,2.0
3,2026-07-20 00:10:33,0.44,0.63,2.48,28.14,0.00,17.67,38.73,931.1027,-109,-2.50,-102.0,2.5
4,2026-07-20 00:10:33,10.00,133.30,327.67,327.67,0.00,17.54,37.32,931.4971,-102,2.50,-102.0,2.5
3,2026-07-20 00:20:33,0.41,0.64,2.59,24.07,0.00,17.03,40.22,931.2315,-110,-3.00,-102.0,3.75
4,2026-07-20 00:20:33,18.00,252.36,327.67,327.67,0.00,17.06,38.31,931.5229,-102,3.75,-102.0,3.75
3,2026-07-20 00:40:33,0.50,0.74,4.41,44.12,0.00,16.94,40.48,931.3543,-108,-0.75,-102.0,3.5
4,2026-07-20 00:40:33,3.07,38.25,200.25,327.67,0.00,17.01,39.01,931.7521,-102,3.50,-102.0,3.5
3,2026-07-20 01:00:33,0.39,0.60,2.43,59.22,0.00,16.23,42.37,931.4442,-110,-4.25,-102.0,3.0
4,2026-07-20 01:00:33,7.03,95.57,327.67,327.67,0.00,16.81,39.48,931.6766,-102,3.00,-102.0,3.0
3,2026-07-20 01:10:33,0.40,0.65,2.80,29.45,0.03,16.29,42.15,931.4941,-110,-3.25,-103.0,3.0
4,2026-07-20 01:10:33,5.46,80.15,327.67,327.67,0.00,16.66,39.96,931.7601,-103,3.00,-103.0,3.0
3,2026-07-20 01:20:33,0.44,0.71,2.88,46.11,0.03,16.06,42.83,931.5714,-110,-3.25,-103.0,3.25
4,2026-07-20 01:20:33,0.96,12.19,65.74,327.67,0.00,16.41,40.97,931.8332,-103,3.25,-103.0,3.25
3,2026-07-20 01:30:33,0.33,0.54,2.07,19.58,0.25,15.82,43.50,931.6348,-110,-2.00,-103.0,3.0
4,2026-07-20 01:30:33,2.88,39.15,211.89,327.67,0.33,16.60,40.56,931.8849,-103,3.00,-103.0,3.0
3,2026-07-20 01:50:33,0.41,0.67,2.98,25.78,0.08,15.81,43.69,931.7010,-110,-2.75,-104.0,2.25
4,2026-07-20 01:50:33,3.57,48.32,251.90,327.67,16.32,16.10,41.74,931.8944,-104,2.25,-104.0,2.25
3,2026-07-20 02:00:33,0.39,0.57,1.37,16.31,0.00,15.92,43.24,931.6828,-110,-2.75,-104.0,2.0
4,2026-07-20 02:00:33,2.99,40.01,208.44,327.67,21.71,15.99,41.69,931.9124,-104,2.00,-104.0,2.0
3,2026-07-20 02:30:33,0.42,0.65,3.22,36.73,0.07,14.90,46.14,931.5564,-110,-2.75,-103.0,3.5
4,2026-07-20 02:30:33,9.28,142.11,327.67,327.67,0.43,15.53,43.10,931.7014,-103,3.50,-103.0,3.5
3,2026-07-20 02:40:33,0.40,0.65,2.21,37.41,0.00,14.65,47.05,931.5005,-109,-2.75,-102.0,2.5
4,2026-07-20 02:40:33,4.69,71.30,327.67,327.67,0.00,15.58,43.04,931.7236,-102,2.50,-102.0,2.5
4,2026-07-20 02:50:33,3.64,56.62,327.67,327.67,6.45,15.27,44.15,931.6978,-103,4.25,-103.0,4.25
3,2026-07-20 03:10:33,0.35,0.57,2.51,27.89,0.00,14.18,48.49,931.4809,-109,-1.50,-102.0,3.25
4,2026-07-20 03:10:33,1.93,29.35,169.13,327.67,0.00,14.52,46.88,931.7945,-102,3.25,-102.0,3.25
3,2026-07-20 03:20:33,0.37,0.59,1.86,26.40,0.00,14.13,48.63,931.5299,-110,-3.75,-103.0,3.0
4,2026-07-20 03:20:33,4.69,74.80,327.67,327.67,0.00,14.92,45.33,931.7851,-103,3.00,-103.0,3.0
3,2026-07-20 03:30:33,0.33,0.57,2.12,24.76,0.00,14.24,48.34,931.4906,-109,-2.25,-102.0,2.5
4,2026-07-20 03:30:33,3.23,51.59,305.97,327.67,1.69,14.66,45.95,931.8102,-102,2.50,-102.0,2.5
3,2026-07-20 03:50:33,0.38,0.61,2.80,24.74,0.17,13.58,50.31,931.5554,-110,-4.75,-103.0,3.0
4,2026-07-20 03:50:33,4.44,71.78,327.67,327.67,0.00,14.56,46.25,931.7367,-103,3.00,-103.0,3.0
3,2026-07-20 04:10:33,0.39,0.64,3.27,31.06,0.01,13.32,52.40,931.5662,-110,-2.50,-102.0,3.75
4,2026-07-20 04:10:33,0.50,5.39,28.54,327.67,0.00,13.59,49.31,931.8361,-102,3.75,-102.0,3.75
3,2026-07-20 04:20:33,0.41,0.68,3.37,111.16,0.00,12.68,54.42,931.5384,-109,-1.75,-102.0,3.75
4,2026-07-20 04:20:33,0.38,3.45,17.99,304.18,0.00,12.58,53.19,931.8406,-102,3.75,-102.0,3.75
3,2026-07-20 04:40:33,0.37,0.61,2.66,27.18,0.00,12.76,52.89,931.4569,-109,-3.00,-104.0,2.25
4,2026-07-20 04:40:33,1.23,18.04,103.68,327.67,1.28,13.03,51.74,931.7590,-104,2.25,-104.0,2.25
3,2026-07-20 04:50:33,0.35,0.59,2.64,26.32,0.00,13.38,50.98,931.4149,-109,-3.50,-103.0,3.25
4,2026-07-20 04:50:33,0.21,0.41,1.62,29.64,0.00,11.61,55.77,931.8140,-103,3.25,-103.0,3.25
3,2026-07-20 05:10:33,0.40,0.69,3.51,47.87,0.00,12.88,52.74,931.3073,-110,-3.00,-101.0,2.75
4,2026-07-20 05:10:33,4.89,80.75,327.67,327.67,0.00,13.95,48.22,931.5492,-101,2.75,-101.0,2.75
3,2026-07-20 05:20:33,0.39,0.69,3.53,41.90,0.00,12.32,54.72,931.4292,-110,-2.50,-103.0,3.0
4,2026-07-20 05:20:33,1.61,24.81,153.29,327.67,0.32,12.91,52.16,931.6386,-103,3.00,-103.0,3.0
3,2026-07-20 05:30:33,0.36,0.65,3.28,36.37,0.00,12.42,54.20,931.3951,-109,-3.25,-103.0,3.0
4,2026-07-20 05:30:33,0.21,0.46,2.21,24.41,0.00,10.98,58.17,931.8120,-103,3.00,-103.0,3.0
3,2026-07-20 05:50:33,0.39,0.64,2.47,35.34,0.00,12.75,53.20,931.1818,-109,-1.75,-101.0,3.0
4,2026-07-20 05:50:33,0.25,0.60,1.97,16.49,0.00,11.11,57.38,931.6650,-101,3.00,-101.0,3.0
3,2026-07-20 06:00:33,0.36,0.60,3.06,26.92,0.00,13.31,52.07,931.2113,-110,-3.25,-101.0,4.5
4,2026-07-20 06:00:33,1.22,17.40,105.69,327.67,0.00,13.28,51.52,931.5176,-101,4.50,-101.0,4.5
3,2026-07-20 06:10:33,0.49,0.79,3.12,42.94,0.00,14.65,48.42,931.2504,-110,-2.75,-101.0,4.0
4,2026-07-20 06:10:33,1.32,19.64,124.60,327.67,0.00,15.01,46.43,931.4509,-101,4.00,-101.0,4.0
3,2026-07-20 06:20:33,0.49,0.76,3.45,37.06,0.00,14.71,48.29,931.1948,-111,-3.75,-101.0,4.25
4,2026-07-20 06:20:33,0.64,8.22,48.20,327.67,0.00,15.53,45.09,931.5082,-101,4.25,-101.0,4.25
3,2026-07-20 06:30:33,0.54,0.80,2.75,31.75,0.00,14.97,47.97,931.2050,-109,-3.00,-101.0,4.75
4,2026-07-20 06:30:33,2.61,42.00,284.87,327.67,0.00,16.12,43.84,931.5439,-101,4.75,-101.0,4.75
3,2026-07-20 06:50:33,0.51,0.77,2.91,35.07,0.00,14.82,48.63,931.1272,-109,-1.50,-102.0,3.25
4,2026-07-20 06:50:33,0.20,0.44,1.48,16.91,0.00,15.66,45.69,931.5720,-102,3.25,-102.0,3.25
3,2026-07-20 07:10:33,0.43,0.65,2.35,26.34,0.00,14.16,51.41,931.0082,-109,-1.75,-101.0,4.0
4,2026-07-20 07:10:33,0.20,0.44,1.64,25.27,0.00,15.59,46.54,931.3921,-101,4.00,-101.0,4.0
3,2026-07-20 07:30:33,0.47,0.70,2.96,21.05,0.00,14.62,50.31,930.8972,-109,-1.25,-101.0,3.75
4,2026-07-20 07:30:33,0.29,2.17,14.36,191.91,0.00,17.22,42.24,931.2416,-101,3.75,-101.0,3.75
3,2026-07-20 07:40:33,0.51,0.71,2.55,28.45,0.00,15.07,49.66,930.9295,-109,-2.75,-104.0,3.5
4,2026-07-20 07:40:33,0.20,0.42,1.44,19.09,0.00,16.60,43.95,931.3530,-104,3.50,-104.0,3.5
3,2026-07-20 07:50:33,0.52,0.80,1.95,18.20,0.00,15.15,48.74,930.8054,-109,-0.50,-101.0,3.25
4,2026-07-20 07:50:33,0.18,0.40,2.16,32.21,0.00,15.04,48.12,931.3841,-101,3.25,-101.0,3.25
3,2026-07-20 08:00:33,0.54,0.78,2.41,22.05,0.00,15.04,49.34,930.7226,-109,-3.00,-101.0,3.0
4,2026-07-20 08:00:33,0.18,0.42,1.75,18.98,0.00,16.35,44.94,931.2457,-101,3.00,-101.0,3.0
3,2026-07-20 08:30:33,0.48,0.70,1.74,17.02,0.00,16.35,46.79,930.7670,-109,-3.50,-102.0,3.75
4,2026-07-20 08:30:33,0.42,4.54,24.34,327.67,0.00,18.49,40.34,931.2832,-102,3.75,-102.0,3.75
3,2026-07-20 08:40:33,0.52,0.79,2.70,30.77,0.00,16.92,45.98,930.7204,-109,-1.50,-102.0,4.5
4,2026-07-20 08:40:33,0.70,8.75,48.45,327.67,0.00,18.14,40.99,931.2431,-102,4.50,-102.0,4.5
3,2026-07-20 09:00:33,0.57,0.77,2.19,20.65,0.00,17.89,43.97,930.8373,-109,-1.50,-102.0,3.75
4,2026-07-20 09:00:33,2.06,28.48,149.84,327.67,0.00,19.28,38.35,931.1192,-102,3.75,-102.0,3.75
3,2026-07-20 09:10:33,0.57,0.73,1.67,25.52,0.00,18.16,43.49,930.9295,-109,-2.75,-102.0,3.25
4,2026-07-20 09:10:33,0.75,9.44,55.15,327.67,0.00,19.77,38.02,931.2376,-102,3.25,-102.0,3.25
3,2026-07-20 09:20:33,0.59,0.80,1.63,14.67,0.00,18.95,41.67,930.8601,-109,-2.00,-102.0,4.25
4,2026-07-20 09:20:33,0.64,6.77,35.10,327.67,0.00,19.87,37.33,931.3141,-102,4.25,-102.0,4.25
3,2026-07-20 10:00:33,0.51,0.74,3.14,41.23,0.00,19.51,41.50,930.7433,-109,-1.25,-102.0,3.5
4,2026-07-20 10:00:33,0.16,0.48,2.63,42.40,0.00,20.99,35.78,931.1411,-102,3.50,-102.0,3.5
3,2026-07-20 10:10:33,0.54,0.72,3.04,42.29,0.00,19.68,41.67,930.6302,-110,-1.75,-102.0,3.5
4,2026-07-20 10:10:33,0.13,0.36,1.96,26.13,0.00,20.98,35.97,931.0940,-102,3.50,-102.0,3.5
3,2026-07-20 10:20:33,0.55,0.79,2.96,32.32,0.00,20.27,40.27,930.4830,-108,-0.75,-101.0,5.0
4,2026-07-20 10:20:33,0.13,0.37,2.21,31.34,0.00,21.68,34.70,930.9166,-101,5.00,-101.0,5.0
3,2026-07-20 10:30:33,0.55,0.78,2.08,26.25,0.00,20.62,40.15,930.4094,-110,-2.00,-102.0,4.25
4,2026-07-20 10:30:33,0.16,0.46,3.57,50.85,0.00,22.45,33.23,930.7751,-102,4.25,-102.0,4.25
3,2026-07-20 10:40:33,0.59,0.90,3.07,29.15,0.00,20.86,39.29,930.3354,-108,-1.50,-101.0,4.5
4,2026-07-20 10:40:33,0.14,0.38,2.46,23.37,0.00,22.66,32.99,930.6938,-101,4.50,-101.0,4.5
3,2026-07-20 11:10:33,0.59,0.82,2.99,27.92,0.00,22.09,37.66,930.1219,-109,-3.25,-104.0,2.25
4,2026-07-20 11:10:33,0.13,0.31,1.94,47.26,0.00,22.41,33.46,930.5286,-104,2.25,-104.0,2.25
3,2026-07-20 11:30:33,0.53,0.76,2.36,31.13,0.00,22.64,37.44,929.9293,-109,-1.75,-101.0,4.5
4,2026-07-20 11:30:33,0.16,0.40,2.62,27.68,0.00,24.25,30.67,930.2758,-101,4.50,-101.0,4.5
3,2026-07-20 11:40:33,0.61,0.92,4.33,36.17,0.00,23.56,36.14,929.8523,-109,-3.25,-101.0,3.75
4,2026-07-20 11:40:33,0.11,0.25,1.50,18.52,0.00,22.71,34.03,930.2463,-101,3.75,-101.0,3.75
3,2026-07-20 11:50:33,0.54,0.78,2.87,33.16,0.00,23.67,35.37,929.7652,-110,-3.50,-102.0,4.75
4,2026-07-20 11:50:33,0.12,0.33,2.02,25.69,0.00,23.77,32.05,930.1570,-102,4.75,-102.0,4.75
3,2026-07-20 12:00:33,0.65,0.96,4.96,44.70,0.00,23.26,35.54,929.6851,-109,-1.75,-103.0,3.75
4,2026-07-20 12:00:33,0.12,0.32,1.29,19.87,0.00,23.00,33.51,930.0428,-103,3.75,-103.0,3.75
4,2026-07-20 12:10:32,0.15,0.54,2.27,57.08,0.00,23.94,32.38,929.9244,-103,5.50,-103.0,5.5
3,2026-07-20 12:40:33,0.53,0.71,2.40,24.00,0.00,24.22,34.65,929.3537,-110,-3.50,-101.0,3.25
4,2026-07-20 12:40:33,0.12,0.28,2.08,23.25,0.00,24.13,31.96,929.7181,-101,3.25,-101.0,3.25
4,2026-07-20 13:20:33,0.18,1.08,7.18,82.42,0.00,23.62,32.55,929.2780,-103,5.00,-103.0,5.0
3,2026-07-20 13:30:33,0.68,0.95,3.41,37.97,0.00,23.79,35.61,928.8814,-111,-3.75,-100.0,4.25
4,2026-07-20 13:30:33,0.55,6.19,37.94,327.67,0.00,23.70,32.42,929.1748,-100,4.25,-100.0,4.25
3,2026-07-20 13:40:33,0.62,0.85,3.52,36.46,0.00,26.33,31.64,928.7711,-110,-2.50,-101.0,4.5
4,2026-07-20 13:40:33,0.37,3.76,26.34,327.67,0.00,25.22,30.79,929.1231,-101,4.50,-101.0,4.5
3,2026-07-20 14:10:33,0.64,0.87,3.43,51.12,0.00,28.27,30.48,928.3594,-110,-2.50,-102.0,4.25
4,2026-07-20 14:10:33,0.25,2.05,13.86,321.63,0.00,27.38,28.05,928.7162,-102,4.25,-102.0,4.25
4,2026-07-20 14:20:32,0.14,0.68,4.23,100.97,0.00,27.60,27.99,928.5551,-103,4.50,-103.0,4.5
3,2026-07-20 14:30:33,0.52,0.71,3.49,27.38,0.00,27.02,32.58,928.0451,-110,-3.00,-105.0,2.5
4,2026-07-20 14:30:33,0.19,1.50,9.07,191.13,0.00,28.26,26.95,928.3836,-105,2.50,-105.0,2.5
3,2026-07-20 14:40:33,0.65,0.91,3.53,55.50,0.00,27.65,31.10,927.8325,-110,-3.75,-104.0,2.75
4,2026-07-20 14:40:33,0.38,3.56,19.95,235.98,0.00,28.08,26.99,928.2703,-104,2.75,-104.0,2.75
3,2026-07-20 14:50:33,0.60,0.85,3.56,33.77,0.00,28.81,29.93,927.6912,-109,-1.75,-100.0,5.0
4,2026-07-20 14:50:33,0.38,3.61,20.96,327.67,0.00,28.46,26.22,928.1501,-100,5.00,-100.0,5.0
3,2026-07-20 15:00:33,0.51,0.70,2.40,47.02,0.00,28.22,31.25,927.5084,-110,-3.50,-103.0,4.25
4,2026-07-20 15:00:33,0.41,3.88,24.42,327.67,0.00,28.94,25.60,927.9682,-103,4.25,-103.0,4.25
3,2026-07-20 15:10:33,0.56,0.82,3.21,27.60,0.00,28.49,31.24,927.3920,-109,-2.50,-101.0,4.25
4,2026-07-20 15:10:33,0.12,0.37,3.52,102.30,0.00,29.46,25.25,927.8370,-101,4.25,-101.0,4.25
3,2026-07-20 15:20:33,0.51,0.76,3.59,33.31,0.00,28.16,32.39,927.2107,-109,-1.00,-103.0,3.5
4,2026-07-20 15:20:33,0.11,0.24,1.99,27.32,0.00,29.69,24.73,927.7153,-103,3.50,-103.0,3.5
3,2026-07-20 15:30:33,0.39,0.66,4.13,91.69,0.00,27.82,32.38,927.0629,-110,-4.00,-102.0,4.5
4,2026-07-20 15:30:33,0.10,0.33,2.22,25.32,0.00,30.35,24.39,927.5554,-102,4.50,-102.0,4.5
4,2026-07-20 15:40:32,0.66,6.72,34.32,327.67,0.00,30.71,24.32,927.3757,-104,3.50,-104.0,3.5
3,2026-07-20 15:50:33,0.47,0.96,5.46,48.09,0.00,27.39,33.30,926.7145,-109,-1.25,-104.0,3.25
4,2026-07-20 15:50:33,2.56,30.42,153.16,327.67,0.00,30.40,24.13,927.2339,-104,3.25,-104.0,3.25
3,2026-07-20 16:00:33,0.44,0.81,3.41,29.27,0.00,27.82,33.09,926.6247,-110,-2.50,-102.0,3.75
4,2026-07-20 16:00:33,2.18,24.18,126.92,327.67,0.00,30.47,23.78,927.1386,-102,3.75,-102.0,3.75
3,2026-07-20 16:10:33,0.51,1.35,7.17,39.83,0.00,27.18,33.74,926.4672,-109,-1.75,-103.0,2.75
4,2026-07-20 16:10:33,0.96,10.62,56.73,327.67,0.00,31.09,23.33,927.0601,-103,2.75,-103.0,2.75
4,2026-07-20 16:30:32,18.53,257.23,327.67,327.67,0.00,30.21,24.49,926.8005,-102,5.25,-102.0,5.25
3,2026-07-20 16:40:33,0.47,1.22,5.45,41.24,0.00,26.21,34.77,926.2421,-110,-2.00,-104.0,2.0
4,2026-07-20 16:40:33,41.10,327.67,327.67,327.67,0.00,30.14,25.72,926.5397,-104,2.00,-104.0,2.0
3,2026-07-20 16:50:33,0.38,1.15,6.34,36.44,0.00,26.53,34.19,926.1329,-109,-0.75,-102.0,2.0
4,2026-07-20 16:50:33,35.29,327.67,327.67,327.67,0.00,29.47,26.28,926.4130,-102,2.00,-102.0,2.0
4,2026-07-20 17:00:32,35.43,327.67,327.67,327.67,0.00,28.87,26.83,926.3516,-103,4.75,-103.0,4.75
4,2026-07-20 17:10:32,36.05,327.67,327.67,327.67,0.00,28.84,27.40,926.2107,-103,3.50,-103.0,3.5
4,2026-07-20 17:20:32,43.48,327.67,327.67,327.67,0.00,28.56,27.97,926.0654,-106,2.75,-106.0,2.75
3,2026-07-20 17:30:33,0.44,1.10,5.58,28.06,0.00,25.51,35.53,925.7570,-108,-1.75,-105.0,0.25
4,2026-07-20 17:30:33,48.54,327.67,327.67,327.67,0.92,28.21,28.08,926.0610,-105,0.25,-105.0,0.25
3,2026-07-20 18:00:33,0.48,1.41,7.61,58.59,0.00,26.31,33.61,925.4130,-109,-2.00,-103.0,3.5
4,2026-07-20 18:00:33,34.12,327.67,327.67,327.67,0.00,28.53,27.11,925.7302,-103,3.50,-103.0,3.5
4,2026-07-20 18:10:32,34.42,327.67,327.67,327.67,0.00,28.50,26.73,925.6031,-102,3.50,-102.0,3.5
4,2026-07-20 19:10:32,36.02,327.67,327.67,327.67,0.00,27.62,26.88,925.3413,-103,4.00,-103.0,4.0
3,2026-07-20 19:50:33,0.51,1.65,7.64,34.61,0.00,25.05,34.07,925.0253,-108,-1.50,-104.0,2.0
4,2026-07-20 19:50:33,43.62,327.67,327.67,327.67,0.00,26.19,29.18,925.1604,-104,2.00,-104.0,2.0
4,2026-07-20 20:10:32,50.73,327.67,327.67,327.67,0.00,25.52,29.79,925.1166,-104,2.50,-104.0,2.5
4,2026-07-20 20:40:32,45.85,327.67,327.67,327.67,0.00,24.40,30.88,925.1942,-103,2.50,-103.0,2.5
4,2026-07-20 21:00:32,37.34,327.67,327.67,327.67,0.00,23.71,33.57,925.1672,-104,2.75,-104.0,2.75
4,2026-07-20 21:10:32,46.77,327.67,327.67,327.67,0.00,22.93,34.82,925.2066,-104,3.25,-104.0,3.25
4,2026-07-20 21:20:32,49.01,327.67,327.67,327.67,0.00,22.67,35.22,925.2350,-103,4.00,-103.0,4.0
4,2026-07-20 21:30:32,30.47,327.67,327.67,327.67,0.00,22.50,35.04,925.5454,-104,3.25,-104.0,3.25
4,2026-07-20 21:40:32,5.81,69.09,317.83,327.67,0.00,21.17,37.12,925.7680,-103,4.75,-103.0,4.75
3,2026-07-20 21:50:33,0.37,0.71,2.77,23.01,0.00,19.10,44.24,924.9030,-109,-1.75,-104.0,2.75
4,2026-07-20 21:50:33,7.97,95.17,327.67,327.67,0.00,20.49,38.06,925.8129,-104,2.75,-104.0,2.75
4,2026-07-20 22:10:32,13.74,171.15,327.67,327.67,0.00,19.81,39.04,925.6528,-102,3.50,-102.0,3.5
3,2026-07-20 22:20:33,0.25,0.48,1.98,18.66,0.00,18.62,45.32,925.0519,-109,-0.75,-105.0,2.0
4,2026-07-20 22:20:33,7.80,95.34,327.67,327.67,0.00,19.67,39.07,925.7641,-105,2.00,-105.0,2.0
3,2026-07-20 22:40:33,0.30,0.53,2.45,17.88,0.00,17.58,46.41,925.1772,-108,-0.25,-103.0,3.0
4,2026-07-20 22:40:33,6.13,78.09,327.67,327.67,0.00,18.58,41.53,925.8987,-103,3.00,-103.0,3.0
3,2026-07-20 23:00:33,0.36,0.55,1.36,15.12,0.00,17.30,46.01,925.2229,-108,-0.25,-103.0,2.75
4,2026-07-20 23:00:33,25.53,327.67,327.67,327.67,0.00,17.87,42.77,925.7577,-103,2.75,-103.0,2.75
4,2026-07-20 23:10:32,29.18,327.67,327.67,327.67,0.00,17.73,42.50,925.6947,-103,4.50,-103.0,4.5
4,2026-07-20 23:20:32,25.18,327.67,327.67,327.67,0.00,17.55,42.78,925.6993,-103,4.75,-103.0,4.75
4,2026-07-20 23:30:32,26.74,327.67,327.67,327.67,0.00,17.54,42.45,925.7021,-105,2.75,-105.0,2.75
4,2026-07-20 23:40:32,28.74,327.67,327.67,327.67,0.00,17.42,42.71,925.7833,-103,4.25,-103.0,4.25
4,2026-07-20 23:50:32,24.59,326.46,327.67,327.67,0.00,17.24,42.80,925.8993,-103,4.75,-103.0,4.75
3,2026-07-21 00:10:33,0.46,0.89,3.68,29.71,0.00,17.05,45.71,925.3613,-110,-2.75,-104.0,2.0
4,2026-07-21 00:10:33,13.75,180.17,327.67,327.67,1.07,17.22,42.29,925.9512,-104,2.00,-104.0,2.0
4,2026-07-21 00:30:32,19.01,254.18,327.67,327.67,0.00,16.70,44.16,926.0581,-104,4.25,-104.0,4.25
4,2026-07-21 00:40:32,17.01,233.95,327.67,327.67,0.00,16.47,44.58,926.0864,-104,3.75,-104.0,3.75
4,2026-07-21 00:50:32,13.39,181.13,327.67,327.67,0.33,16.39,45.06,926.1434,-102,5.25,-102.0,5.25
4,2026-07-21 01:00:32,16.18,221.74,327.67,327.67,0.25,16.17,45.65,926.0985,-105,3.50,-105.0,3.5
4,2026-07-21 01:20:32,15.24,212.38,327.67,327.67,0.00,15.90,46.06,926.1762,-104,4.00,-104.0,4.0
3,2026-07-21 01:40:33,0.44,0.78,2.58,43.23,0.00,15.06,51.56,925.7096,-110,-4.75,-102.0,3.25
4,2026-07-21 01:40:33,12.18,174.00,327.67,327.67,5.47,15.57,47.29,926.2662,-102,3.25,-102.0,3.25
4,2026-07-21 01:50:32,17.73,259.30,327.67,327.67,8.39,15.10,49.12,926.1906,-103,4.75,-103.0,4.75
3,2026-07-21 02:10:33,0.35,0.57,1.24,9.41,0.00,14.53,52.96,925.8084,-109,-1.75,-101.0,3.5
4,2026-07-21 02:10:33,15.89,237.14,327.67,327.67,0.00,14.88,49.48,926.2074,-101,3.50,-101.0,3.5
4,2026-07-21 02:40:32,14.54,220.17,327.67,327.67,0.00,14.62,49.48,926.1330,-103,4.00,-103.0,4.0
4,2026-07-21 02:50:32,22.68,327.67,327.67,327.67,0.00,14.55,49.80,926.0625,-104,4.75,-104.0,4.75
3,2026-07-21 03:00:33,0.35,0.59,2.67,29.11,0.00,14.31,53.17,925.8166,-109,-2.75,-103.0,1.75
4,2026-07-21 03:00:33,21.28,327.67,327.67,327.67,0.00,14.30,50.60,926.0249,-103,1.75,-103.0,1.75
3,2026-07-21 03:10:33,0.35,0.57,2.44,35.02,0.00,14.34,53.05,925.8273,-110,-2.50,-103.0,3.0
4,2026-07-21 03:10:33,16.03,250.44,327.67,327.67,0.00,14.32,50.54,926.1070,-103,3.00,-103.0,3.0
4,2026-07-21 03:20:32,12.19,186.68,327.67,327.67,0.11,14.15,51.10,926.2420,-104,4.25,-104.0,4.25
4,2026-07-21 03:30:32,14.46,227.77,327.67,327.67,8.95,14.15,51.31,926.2472,-102,5.50,-102.0,5.5
3,2026-07-21 03:40:33,0.37,0.77,4.01,32.56,0.00,13.69,55.24,925.9660,-110,-3.50,-103.0,3.75
4,2026-07-21 03:40:33,9.78,151.72,327.67,327.67,6.57,13.98,51.98,926.3305,-103,3.75,-103.0,3.75
4,2026-07-21 03:50:32,9.76,152.60,327.67,327.67,1.87,13.97,52.11,926.3606,-104,3.75,-104.0,3.75
3,2026-07-21 04:10:33,0.35,0.58,1.50,24.96,0.00,13.12,57.19,926.2160,-109,-3.75,-102.0,2.5
4,2026-07-21 04:10:33,12.16,197.43,327.67,327.67,4.24,13.57,53.35,926.4580,-102,2.50,-102.0,2.5
3,2026-07-21 04:20:33,0.34,0.55,1.32,12.27,0.00,13.52,55.95,926.1608,-109,-3.25,-101.0,3.5
4,2026-07-21 04:20:33,8.80,146.25,327.67,327.67,2.88,13.41,54.08,926.4568,-101,3.50,-101.0,3.5
4,2026-07-21 05:00:32,4.18,66.11,327.67,327.67,15.87,13.70,52.50,926.6206,-105,3.25,-105.0,3.25
3,2026-07-21 06:00:33,0.39,0.59,1.56,30.83,0.00,14.03,53.61,926.0244,-109,-2.50,-105.0,2.75
4,2026-07-21 06:00:33,9.87,159.90,327.67,327.67,0.11,13.83,52.18,926.0990,-105,2.75,-105.0,2.75
3,2026-07-21 06:10:33,0.41,0.64,2.19,27.26,0.00,14.85,51.44,925.8885,-109,-1.50,-102.0,3.5
4,2026-07-21 06:10:33,11.22,181.56,327.67,327.67,5.26,14.26,51.11,926.0180,-102,3.50,-102.0,3.5
4,2026-07-21 06:20:32,2.43,39.56,231.33,327.67,0.38,14.25,51.17,926.3327,-103,4.75,-103.0,4.75
3,2026-07-21 06:40:32,0.30,0.51,1.18,11.49,0.00,12.51,58.78,925.9353,-110,-4.75,-102.0,3.5
4,2026-07-21 06:40:32,0.78,9.82,53.90,327.67,1.19,13.77,52.59,926.5228,-102,3.50,-102.0,3.5
3,2026-07-21 06:50:32,0.31,0.47,0.91,18.49,0.00,12.56,58.85,926.0232,-109,-2.50,-102.0,4.5
4,2026-07-21 06:50:32,0.19,0.73,4.09,109.25,16.52,13.62,53.09,926.6557,-102,4.50,-102.0,4.5
4,2026-07-21 07:10:32,0.16,0.72,3.10,99.67,15.92,14.00,52.65,926.6018,-103,4.00,-103.0,4.0
4,2026-07-21 07:20:32,5.52,92.14,327.67,327.67,21.13,13.92,52.96,926.3683,-103,5.25,-103.0,5.25
4,2026-07-21 07:30:32,6.52,103.00,327.67,327.67,17.92,14.11,52.22,926.5020,-104,4.50,-104.0,4.5
3,2026-07-21 07:50:32,0.51,0.77,2.00,39.56,0.00,14.38,53.59,926.2023,-111,-6.75,-102.0,3.5
4,2026-07-21 07:50:32,5.86,92.77,327.67,327.67,8.00,14.31,51.36,926.4721,-102,3.50,-102.0,3.5
3,2026-07-21 08:20:32,0.48,0.65,1.32,15.48,0.00,16.97,47.06,926.1673,-109,-0.50,-102.0,3.0
4,2026-07-21 08:20:32,7.43,108.76,327.67,327.67,12.32,16.49,46.50,926.5528,-102,3.00,-102.0,3.0
3,2026-07-21 08:40:32,0.52,0.72,1.87,26.00,0.00,17.24,47.47,926.2280,-109,0.25,-102.0,4.0
4,2026-07-21 08:40:32,10.69,153.08,327.67,327.67,5.03,17.28,45.52,926.6222,-102,4.00,-102.0,4.0
3,2026-07-21 09:00:32,0.55,0.84,2.10,28.21,0.00,18.80,44.59,926.1473,-109,-2.00,-104.0,3.25
4,2026-07-21 09:00:32,12.53,176.87,327.67,327.67,10.89,17.35,45.91,926.4466,-104,3.25,-104.0,3.25
3,2026-07-21 09:30:32,0.54,0.72,1.29,11.67,0.00,20.78,40.88,926.2154,-109,-3.00,-102.0,4.0
4,2026-07-21 09:30:32,7.39,92.44,327.67,327.67,17.07,19.72,41.13,926.6509,-102,4.00,-102.0,4.0
3,2026-07-21 10:00:32,0.58,0.87,2.30,31.51,0.00,21.52,40.43,926.3250,-109,-3.00,-104.0,2.25
4,2026-07-21 10:00:32,2.82,31.40,143.11,327.67,26.92,21.34,38.17,926.7162,-104,2.25,-104.0,2.25
3,2026-07-21 10:10:32,0.58,0.87,2.54,33.54,0.00,21.76,39.87,926.3307,-110,-1.75,-101.0,4.75
4,2026-07-21 10:10:32,6.58,79.13,327.67,327.67,10.51,20.86,38.86,926.7255,-101,4.75,-101.0,4.75
4,2026-07-21 10:20:32,1.42,15.62,73.34,327.67,4.22,21.17,38.82,926.8213,-105,3.25,-105.0,3.25
3,2026-07-21 10:30:32,0.59,0.92,3.96,34.74,0.00,22.30,38.50,926.3513,-108,-1.25,-105.0,2.75
4,2026-07-21 10:30:32,0.27,2.13,9.81,327.67,0.57,21.69,37.52,926.8283,-105,2.75,-105.0,2.75
3,2026-07-21 10:40:32,0.56,0.85,3.12,30.05,0.00,22.87,37.72,926.3441,-110,-3.25,-103.0,1.5
4,2026-07-21 10:40:32,0.12,0.59,3.23,33.19,1.71,22.40,36.40,926.8222,-103,1.50,-103.0,1.5
3,2026-07-21 10:50:32,0.61,1.03,4.76,64.02,0.00,23.20,37.84,926.3402,-108,-0.50,-103.0,3.75
4,2026-07-21 10:50:32,0.09,0.33,1.58,29.94,1.17,23.10,34.47,926.8469,-103,3.75,-103.0,3.75
3,2026-07-21 11:00:32,0.60,1.15,3.67,56.47,0.00,24.15,35.16,926.2545,-110,-3.25,-103.0,3.25
4,2026-07-21 11:00:32,0.09,0.36,2.07,28.80,0.22,23.76,32.95,926.7255,-103,3.25,-103.0,3.25
3,2026-07-21 11:10:32,0.62,1.08,3.19,53.04,0.00,24.47,35.03,926.1914,-110,-2.50,-102.0,3.25
4,2026-07-21 11:10:32,0.08,0.34,2.58,30.24,1.13,23.49,33.69,926.6919,-102,3.25,-102.0,3.25
3,2026-07-21 11:20:32,0.64,1.05,4.57,36.54,0.00,23.76,36.60,926.0536,-110,-2.75,-104.0,3.0
4,2026-07-21 11:20:32,0.09,0.38,1.99,19.12,0.00,22.57,35.08,926.6078,-104,3.00,-104.0,3.0
3,2026-07-21 11:30:32,0.65,1.02,4.70,40.24,0.00,24.43,34.29,925.9952,-108,0.00,-103.0,1.5
4,2026-07-21 11:30:32,0.12,0.78,7.93,327.67,0.00,22.73,34.63,926.5140,-103,1.50,-103.0,1.5
3,2026-07-21 11:40:32,0.59,1.00,2.52,26.31,0.00,24.26,34.03,926.0167,-109,-1.75,-102.0,3.0
4,2026-07-21 11:40:32,0.08,0.34,1.88,26.27,0.90,23.39,33.20,926.5273,-102,3.00,-102.0,3.0
3,2026-07-21 12:00:32,0.52,0.84,3.26,45.72,0.00,25.20,33.04,926.1142,-109,-2.25,-104.0,1.75
4,2026-07-21 12:00:32,0.07,0.29,2.29,20.38,0.00,25.57,29.80,926.5956,-104,1.75,-104.0,1.75
3,2026-07-21 12:10:32,0.55,0.83,2.48,35.92,0.00,25.47,33.46,926.1922,-108,-2.00,-101.0,4.25
4,2026-07-21 12:10:32,0.08,0.40,2.02,29.22,0.00,26.61,28.69,926.5864,-101,4.25,-101.0,4.25
3,2026-07-21 12:20:32,0.60,0.85,3.96,38.71,0.00,26.34,31.86,926.2656,-109,-0.75,-102.0,4.25
4,2026-07-21 12:20:32,0.07,0.31,2.27,29.30,0.00,25.98,29.04,926.5916,-102,4.25,-102.0,4.25
3,2026-07-21 12:30:32,0.64,1.01,4.17,38.27,0.00,26.76,31.26,926.2821,-109,-1.75,-103.0,3.25
4,2026-07-21 12:30:32,0.07,0.30,1.95,26.76,0.00,25.88,29.40,926.6324,-103,3.25,-103.0,3.25
3,2026-07-21 12:40:32,0.65,1.04,4.46,45.73,0.00,26.91,30.56,926.2132,-110,-2.00,-103.0,3.75
4,2026-07-21 12:40:32,0.11,0.60,3.70,35.42,0.00,26.40,28.24,926.5934,-103,3.75,-103.0,3.75
3,2026-07-21 12:50:32,0.58,0.94,2.63,38.64,0.00,27.43,29.26,926.1462,-109,-1.25,-103.0,3.0
4,2026-07-21 12:50:32,0.10,0.43,2.15,29.51,1.62,26.59,27.83,926.5210,-103,3.00,-103.0,3.0
3,2026-07-21 13:00:32,0.56,1.04,3.33,33.68,0.00,27.50,29.57,926.0544,-108,-0.50,-103.0,3.5
4,2026-07-21 13:00:32,0.08,0.40,3.91,34.31,0.00,27.81,26.05,926.4730,-103,3.50,-103.0,3.5
3,2026-07-21 13:10:32,0.66,1.11,3.67,32.86,0.00,27.68,29.22,925.9697,-110,-3.25,-102.0,3.75
4,2026-07-21 13:10:32,0.07,0.34,3.27,35.18,0.75,29.55,24.38,926.4014,-102,3.75,-102.0,3.75
3,2026-07-21 13:20:32,0.62,0.92,3.41,44.08,0.00,27.94,28.39,925.9729,-109,-3.50,-102.0,4.25
4,2026-07-21 13:20:32,0.08,0.38,2.87,26.90,0.00,28.83,24.86,926.4256,-102,4.25,-102.0,4.25
3,2026-07-21 13:30:32,0.57,0.85,3.09,33.06,0.00,29.08,26.76,925.9990,-110,-4.00,-103.0,4.0
4,2026-07-21 13:30:32,0.09,0.41,2.60,34.99,0.00,27.82,26.40,926.4361,-103,4.00,-103.0,4.0
3,2026-07-21 13:40:32,0.60,0.85,3.48,38.52,0.00,30.06,24.92,925.9482,-110,-4.25,-102.0,3.75
4,2026-07-21 13:40:32,0.07,0.29,1.31,23.75,0.00,28.12,25.04,926.4342,-102,3.75,-102.0,3.75
3,2026-07-21 13:50:32,0.57,0.83,3.00,42.30,0.00,29.18,26.71,925.9109,-110,-3.50,-103.0,2.75
4,2026-07-21 13:50:32,0.07,0.27,1.58,39.04,0.00,29.43,23.22,926.3715,-103,2.75,-103.0,2.75
4,2026-07-21 14:00:32,0.08,0.39,2.23,37.32,0.00,29.52,24.27,926.2808,-101,5.00,-101.0,5.0
3,2026-07-21 14:10:32,0.45,0.62,3.19,52.82,0.00,28.25,28.10,925.7085,-110,-3.25,-103.0,3.0
4,2026-07-21 14:10:32,0.06,0.26,1.52,26.79,0.00,28.61,25.12,926.2140,-103,3.00,-103.0,3.0
3,2026-07-21 14:20:32,0.53,0.68,1.80,38.50,0.00,27.92,28.57,925.7086,-110,-4.00,-104.0,2.0
4,2026-07-21 14:20:32,0.07,0.36,2.07,28.78,0.00,28.90,24.44,926.1414,-104,2.00,-104.0,2.0
3,2026-07-21 14:50:32,0.51,0.65,1.82,29.52,0.00,27.28,29.61,925.4485,-110,-1.25,-103.0,3.25
4,2026-07-21 14:50:32,0.08,0.56,3.18,71.97,0.00,29.88,22.73,925.9963,-103,3.25,-103.0,3.25
4,2026-07-21 15:00:32,0.09,0.50,2.29,68.42,0.00,30.09,21.89,925.9368,-103,4.25,-103.0,4.25
3,2026-07-21 15:10:32,0.43,0.52,0.98,22.89,0.00,27.51,28.84,925.3454,-110,-3.25,-103.0,2.75
4,2026-07-21 15:10:32,0.05,0.18,1.83,35.76,0.02,31.01,20.02,925.9035,-103,2.75,-103.0,2.75
3,2026-07-21 15:20:32,0.46,0.57,1.78,27.53,0.00,27.64,28.81,925.3581,-109,-2.00,-103.0,3.25
4,2026-07-21 15:20:32,0.66,6.28,32.53,327.67,1.43,29.24,24.70,925.7243,-103,3.25,-103.0,3.25
4,2026-07-21 15:30:32,0.22,1.71,9.73,71.92,0.44,27.42,26.24,925.6925,-103,4.00,-103.0,4.0
3,2026-07-21 15:50:32,0.41,0.51,1.38,26.59,0.00,27.71,28.88,925.2837,-109,-2.25,-103.0,3.5
4,2026-07-21 15:50:32,4.16,41.66,163.09,327.67,0.00,28.84,22.61,925.7596,-103,3.50,-103.0,3.5
3,2026-07-21 16:00:32,0.38,0.49,1.01,23.53,0.00,27.60,28.63,925.2846,-109,-1.75,-104.0,2.25
4,2026-07-21 16:00:32,4.44,43.70,186.49,327.67,0.00,29.82,21.67,925.6892,-104,2.25,-104.0,2.25
3,2026-07-21 16:10:32,0.40,0.51,1.55,24.26,0.00,27.20,28.84,925.2320,-108,-0.75,-104.0,2.5
4,2026-07-21 16:10:32,5.08,48.78,191.61,327.67,0.91,29.20,21.97,925.6522,-104,2.50,-104.0,2.5
3,2026-07-21 16:20:32,0.35,0.43,1.43,25.52,0.00,27.38,28.26,925.2091,-109,-2.25,-104.0,2.0
4,2026-07-21 16:20:32,3.69,34.41,141.84,327.67,0.00,29.30,21.73,925.6712,-104,2.00,-104.0,2.0
3,2026-07-21 16:30:32,0.33,0.46,1.76,23.45,0.00,27.29,28.48,925.1608,-109,-2.50,-102.0,2.75
4,2026-07-21 16:30:32,13.53,133.30,327.67,327.67,0.84,29.79,21.01,925.5236,-102,2.75,-102.0,2.75
3,2026-07-21 16:40:32,0.43,0.55,1.26,20.35,0.00,27.31,28.15,925.0458,-109,-1.00,-102.0,3.5
4,2026-07-21 16:40:32,5.24,49.00,190.69,327.67,4.62,29.28,21.22,925.5113,-102,3.50,-102.0,3.5
3,2026-07-21 16:50:32,0.50,0.67,1.93,28.43,0.00,27.44,28.30,925.0229,-109,-1.25,-103.0,3.0
4,2026-07-21 16:50:32,5.67,60.13,255.75,327.67,0.42,29.36,20.90,925.4585,-103,3.00,-103.0,3.0
3,2026-07-21 17:00:32,0.47,0.57,1.51,32.25,0.00,27.07,28.57,924.9991,-109,-0.75,-101.0,4.0
4,2026-07-21 17:00:32,12.89,125.79,327.67,327.67,7.77,29.54,20.86,925.4150,-101,4.00,-101.0,4.0
4,2026-07-21 17:10:32,14.18,137.57,327.67,327.67,1.06,29.15,21.11,925.3345,-104,2.75,-104.0,2.75
3,2026-07-21 17:20:32,0.44,0.55,1.06,16.88,0.00,26.93,28.91,924.8692,-110,-3.00,-103.0,2.75
4,2026-07-21 17:20:32,14.92,143.23,327.67,327.67,2.94,29.03,21.26,925.2667,-103,2.75,-103.0,2.75
3,2026-07-21 17:30:32,0.45,0.59,1.87,24.83,0.00,26.81,28.99,924.7775,-109,-2.50,-104.0,2.0
4,2026-07-21 17:30:32,20.27,197.90,327.67,327.67,0.64,28.93,21.92,925.1335,-104,2.00,-104.0,2.0
4,2026-07-21 17:40:32,13.15,122.62,327.67,327.67,11.52,28.79,21.54,925.1606,-103,4.25,-103.0,4.25
3,2026-07-21 17:50:32,0.46,0.61,2.62,49.83,0.00,26.87,27.93,924.6665,-109,-1.00,-102.0,2.5
4,2026-07-21 17:50:32,12.27,114.99,327.67,327.67,1.48,28.96,20.67,925.0674,-102,2.50,-102.0,2.5
4,2026-07-21 18:10:32,23.45,226.13,327.67,327.67,0.30,28.70,21.92,924.9068,-103,4.25,-103.0,4.25
4,2026-07-21 18:30:32,13.66,122.93,327.67,327.67,0.60,28.25,22.25,924.8805,-102,4.00,-102.0,4.0
4,2026-07-21 18:40:32,25.12,242.99,327.67,327.67,1.00,28.22,21.86,924.8008,-102,4.00,-102.0,4.0
3,2026-07-21 18:50:32,0.32,0.44,1.50,38.77,0.00,25.75,28.69,924.4143,-109,-1.25,-102.0,3.5
4,2026-07-21 18:50:32,25.20,243.66,327.67,327.67,3.36,27.88,22.38,924.7640,-102,3.50,-102.0,3.5
3,2026-07-21 19:00:32,0.32,0.45,1.82,22.10,0.00,25.84,27.81,924.4286,-109,-2.00,-102.0,2.0
4,2026-07-21 19:00:32,34.70,327.67,327.67,327.67,12.76,27.42,21.58,924.7127,-102,2.00,-102.0,2.0
4,2026-07-21 19:10:32,31.09,300.11,327.67,327.67,1.88,27.37,21.55,924.8278,-103,3.75,-103.0,3.75
4,2026-07-21 19:20:32,35.61,327.67,327.67,327.67,0.73,27.13,22.66,924.7448,-105,1.25,-105.0,1.25
4,2026-07-21 19:40:32,35.72,327.67,327.67,327.67,0.00,26.33,24.42,924.7364,-103,3.75,-103.0,3.75
4,2026-07-21 19:50:32,47.05,327.67,327.67,327.67,0.00,25.47,24.61,924.6854,-104,2.00,-104.0,2.0
4,2026-07-21 20:00:32,34.72,327.67,327.67,327.67,0.00,25.52,24.43,924.6096,-103,4.00,-103.0,4.0
3,2026-07-21 20:20:32,0.47,0.72,2.81,25.31,0.00,23.91,28.55,924.1932,-109,-3.00,-104.0,2.75
4,2026-07-21 20:20:32,26.68,266.55,327.67,327.67,0.02,24.43,24.79,924.5722,-104,2.75,-104.0,2.75
4,2026-07-21 20:30:32,21.74,216.35,327.67,327.67,0.85,24.40,24.67,924.5613,-105,2.75,-105.0,2.75
4,2026-07-21 20:40:32,23.81,238.11,327.67,327.67,0.00,23.85,25.54,924.5777,-102,3.75,-102.0,3.75
3,2026-07-21 21:00:32,0.47,0.75,2.67,31.27,0.00,23.08,30.82,924.3256,-109,-2.00,-101.0,4.0
4,2026-07-21 21:00:32,37.72,327.67,327.67,327.67,0.01,22.78,28.23,924.7070,-101,4.00,-101.0,4.0
4,2026-07-21 21:10:32,34.91,327.67,327.67,327.67,0.00,22.35,28.54,924.7697,-103,4.00,-103.0,4.0
3,2026-07-21 21:20:32,0.66,1.09,5.29,46.15,0.00,23.52,28.70,924.4212,-110,-1.75,-102.0,4.0
4,2026-07-21 21:20:32,39.76,327.67,327.67,327.67,0.18,22.00,28.53,924.8318,-102,4.00,-102.0,4.0
3,2026-07-21 21:30:32,0.76,1.27,5.74,72.66,0.00,23.10,28.64,924.5077,-110,-4.25,-101.0,3.5
4,2026-07-21 21:30:32,27.48,304.23,327.67,327.67,1.89,21.38,29.23,924.9220,-101,3.50,-101.0,3.5
4,2026-07-21 21:40:32,26.22,305.71,327.67,327.67,0.00,19.82,31.74,924.9787,-102,4.50,-102.0,4.5
4,2026-07-21 21:50:32,28.26,327.67,327.67,327.67,0.28,19.35,32.32,924.9783,-104,3.00,-104.0,3.0
4,2026-07-21 22:00:32,22.33,256.69,327.67,327.67,0.06,19.12,32.66,925.0518,-104,4.50,-104.0,4.5
4,2026-07-21 22:10:32,28.58,327.67,327.67,327.67,0.00,18.76,33.95,925.0246,-105,3.25,-105.0,3.25
3,2026-07-21 22:20:32,0.40,0.68,2.74,34.68,0.00,18.90,35.61,924.6186,-110,-4.25,-104.0,2.75
4,2026-07-21 22:20:32,18.07,217.22,327.67,327.67,0.18,18.52,34.34,925.1543,-104,2.75,-104.0,2.75
4,2026-07-21 22:40:32,1.06,11.02,53.74,327.67,1.18,18.30,34.33,925.4955,-104,2.75,-104.0,2.75
4,2026-07-21 22:50:32,1.02,10.30,48.97,327.67,0.00,18.14,34.97,925.5903,-104,4.75,-104.0,4.75
4,2026-07-21 23:10:32,2.86,30.84,139.52,327.67,0.00,17.89,35.83,925.6747,-103,3.25,-103.0,3.25
3,2026-07-21 23:20:32,0.35,0.61,4.59,53.58,0.00,16.99,39.83,925.2560,-110,-3.50,-104.0,2.5
4,2026-07-21 23:20:32,1.56,17.05,79.79,327.67,0.00,17.68,36.44,925.8542,-104,2.50,-104.0,2.5
3,2026-07-21 23:30:32,0.26,0.49,3.02,26.30,0.00,16.38,41.31,925.3923,-110,-4.00,-102.0,3.0
4,2026-07-21 23:30:32,1.30,13.85,65.04,327.67,0.00,17.48,36.64,925.8770,-102,3.00,-102.0,3.0
4,2026-07-21 23:40:32,1.15,12.47,57.72,327.67,0.00,17.25,37.02,925.9620,-103,3.50,-103.0,3.5
4,2026-07-21 23:50:32,0.31,3.12,16.39,229.28,0.00,17.32,36.99,926.0836,-103,2.75,-103.0,2.75
4,2026-07-22 00:10:32,10.41,124.18,327.67,327.67,0.00,16.74,38.59,926.0374,-104,3.25,-104.0,3.25
4,2026-07-22 00:30:32,3.75,44.33,211.67,327.67,0.00,16.51,38.75,926.1959,-105,2.50,-105.0,2.5
4,2026-07-22 00:40:32,2.54,29.48,143.01,327.67,0.00,16.34,39.76,926.2876,-103,4.00,-103.0,4.0
4,2026-07-22 00:50:32,2.39,28.47,135.14,327.67,2.67,16.26,39.67,926.2397,-103,3.25,-103.0,3.25
4,2026-07-22 01:00:32,0.71,8.60,44.58,327.67,0.00,15.44,42.34,926.4224,-102,4.25,-102.0,4.25
3,2026-07-22 01:10:32,0.21,0.43,2.31,25.71,0.00,14.01,48.94,925.9400,-110,-2.50,-101.0,3.0
4,2026-07-22 01:10:32,3.19,40.54,202.22,327.67,0.30,15.39,42.41,926.3684,-101,3.00,-101.0,3.0
3,2026-07-22 01:20:32,0.21,0.44,2.61,21.13,0.00,13.92,48.71,925.9555,-109,-2.75,-101.0,3.0
4,2026-07-22 01:20:32,2.59,32.11,158.88,327.67,0.00,15.45,42.51,926.3904,-101,3.00,-101.0,3.0
4,2026-07-22 01:30:32,5.49,70.38,327.67,327.67,0.00,14.96,43.44,926.3277,-102,5.00,-102.0,5.0
3,2026-07-22 01:40:32,0.25,0.50,3.42,36.02,0.00,13.79,49.36,926.0189,-109,-3.00,-102.0,3.25
4,2026-07-22 01:40:32,4.22,53.53,297.76,327.67,0.00,14.70,44.04,926.4108,-102,3.25,-102.0,3.25
3,2026-07-22 01:50:32,0.31,0.63,3.93,45.72,0.00,13.80,49.02,926.1321,-109,-3.00,-104.0,3.25
4,2026-07-22 01:50:32,8.38,113.79,327.67,327.67,3.80,14.40,45.14,926.4259,-104,3.25,-104.0,3.25
3,2026-07-22 02:00:32,0.25,0.58,4.52,29.75,0.00,13.85,49.10,925.9972,-109,-3.50,-102.0,3.75
4,2026-07-22 02:00:32,7.90,105.67,327.67,327.67,4.04,14.24,45.22,926.3726,-102,3.75,-102.0,3.75
4,2026-07-22 02:10:32,10.34,142.09,327.67,327.67,0.00,13.88,46.83,926.3090,-104,4.00,-104.0,4.0
3,2026-07-22 02:30:32,0.33,0.71,3.50,44.11,0.00,13.56,49.84,925.9019,-109,-2.25,-104.0,2.0
4,2026-07-22 02:30:32,8.59,118.80,327.67,327.67,0.06,13.91,46.07,926.2752,-104,2.00,-104.0,2.0
3,2026-07-22 02:40:32,0.27,0.63,3.91,69.28,0.00,12.78,52.55,925.8209,-109,-2.00,-102.0,2.75
4,2026-07-22 02:40:32,15.00,220.26,327.67,327.67,0.00,13.57,47.38,926.1413,-102,2.75,-102.0,2.75
4,2026-07-22 03:00:32,8.40,123.20,327.67,327.67,4.73,13.10,49.21,926.2526,-103,4.25,-103.0,4.25
3,2026-07-22 03:10:32,0.25,0.55,3.86,56.65,0.00,12.46,53.75,925.9435,-109,-2.50,-103.0,3.5
4,2026-07-22 03:10:32,8.01,123.22,327.67,327.67,1.65,12.47,51.49,926.2653,-103,3.50,-103.0,3.5
3,2026-07-22 03:20:32,0.23,0.56,2.95,25.58,0.00,12.18,54.72,926.0721,-109,-1.00,-102.0,2.75
4,2026-07-22 03:20:32,5.52,81.01,327.67,327.67,2.42,12.43,51.60,926.3158,-102,2.75,-102.0,2.75
3,2026-07-22 03:40:32,0.21,0.43,2.20,20.65,0.00,12.37,53.54,926.0338,-109,-1.50,-102.0,2.0
4,2026-07-22 03:40:32,1.31,18.00,95.28,327.67,0.00,12.89,50.11,926.4564,-102,2.00,-102.0,2.0
3,2026-07-22 03:50:32,0.24,0.60,3.23,39.65,0.00,11.83,55.61,926.0816,-109,-2.00,-104.0,2.25
4,2026-07-22 03:50:32,2.09,32.14,183.08,327.67,1.95,12.67,50.22,926.4689,-104,2.25,-104.0,2.25
4,2026-07-22 04:00:32,3.08,46.38,251.95,327.67,0.00,12.32,51.79,926.4599,-103,4.75,-103.0,4.75
3,2026-07-22 04:20:32,0.23,0.59,3.88,42.87,0.00,12.11,54.34,926.1388,-110,-3.00,-102.0,4.0
4,2026-07-22 04:20:32,0.62,8.11,45.42,327.67,1.41,12.59,50.36,926.5064,-102,4.00,-102.0,4.0
3,2026-07-22 04:40:32,0.28,0.75,4.31,33.73,0.00,12.08,54.87,926.3595,-108,0.00,-102.0,3.0
4,2026-07-22 04:40:32,0.50,6.21,33.30,327.67,0.72,12.50,51.15,926.7443,-102,3.00,-102.0,3.0
3,2026-07-22 05:00:32,0.30,0.76,4.89,41.43,0.00,11.99,54.85,926.4355,-109,-2.00,-103.0,4.25
4,2026-07-22 05:00:32,0.17,1.77,10.48,327.67,1.42,11.26,55.77,926.9392,-103,4.25,-103.0,4.25
4,2026-07-22 05:10:32,0.26,2.87,17.61,327.67,0.00,12.37,51.71,926.9199,-102,4.75,-102.0,4.75
3,2026-07-22 05:20:32,0.22,0.52,4.35,34.72,0.00,11.30,57.27,926.6378,-109,-3.25,-102.0,4.5
4,2026-07-22 05:20:32,0.59,7.67,40.68,315.42,1.40,12.19,52.53,926.9456,-102,4.50,-102.0,4.5
3,2026-07-22 05:30:32,0.24,0.62,4.69,66.02,0.00,11.54,56.39,926.6483,-110,-4.75,-102.0,2.5
4,2026-07-22 05:30:32,0.10,0.53,4.88,83.96,3.29,11.71,53.92,927.0330,-102,2.50,-102.0,2.5
4,2026-07-22 05:40:32,0.13,0.98,5.15,45.09,1.13,12.25,52.40,926.9530,-102,5.75,-102.0,5.75
3,2026-07-22 05:50:32,0.25,0.72,6.91,33.34,0.00,10.73,59.00,926.7468,-110,-3.50,-102.0,3.0
4,2026-07-22 05:50:32,0.58,7.67,43.92,327.67,3.10,12.25,52.09,926.9499,-102,3.00,-102.0,3.0
3,2026-07-22 06:00:32,0.28,0.68,5.49,48.34,0.00,11.98,54.96,926.7173,-109,-2.50,-102.0,4.75
4,2026-07-22 06:00:32,0.45,5.49,31.49,327.67,3.46,12.31,51.89,926.9690,-102,4.75,-102.0,4.75
3,2026-07-22 06:20:32,0.33,0.63,2.45,23.49,0.00,13.16,51.57,926.8355,-109,-2.00,-101.0,4.25
4,2026-07-22 06:20:32,2.09,30.94,185.68,327.67,0.86,13.07,49.67,927.0772,-101,4.25,-101.0,4.25
3,2026-07-22 07:00:32,0.32,0.83,5.07,44.52,0.00,12.47,54.87,926.8956,-109,-2.50,-101.0,4.5
4,2026-07-22 07:00:32,0.31,3.35,18.51,324.52,6.31,13.68,48.78,927.1831,-101,4.50,-101.0,4.5
4,2026-07-22 07:10:32,0.98,12.74,69.69,327.67,14.08,13.72,48.70,927.1866,-102,4.25,-102.0,4.25
3,2026-07-22 07:50:32,0.28,0.63,3.73,27.43,0.00,13.25,51.83,926.7010,-109,-2.00,-101.0,3.75
4,2026-07-22 07:50:32,0.84,10.18,50.10,327.67,11.66,13.25,49.81,926.9588,-101,3.75,-101.0,3.75
3,2026-07-22 08:00:32,0.39,0.98,6.57,35.82,0.00,14.00,50.83,926.5448,-109,-3.00,-101.0,4.75
4,2026-07-22 08:00:32,0.15,0.85,5.07,44.59,10.63,13.83,48.14,927.0558,-101,4.75,-101.0,4.75
3,2026-07-22 08:20:32,0.46,1.15,7.16,70.71,0.00,13.81,50.74,926.4216,-109,-3.25,-102.0,3.75
4,2026-07-22 08:20:32,0.19,1.35,9.35,166.69,11.94,13.96,47.86,926.8475,-102,3.75,-102.0,3.75
3,2026-07-22 08:30:32,0.35,0.83,5.29,39.63,0.00,12.79,53.92,926.3574,-109,-2.00,-101.0,4.0
4,2026-07-22 08:30:32,1.04,12.93,67.98,327.67,11.33,13.11,49.83,926.6371,-101,4.00,-101.0,4.0
4,2026-07-22 08:40:32,0.42,4.33,25.51,327.67,12.40,12.74,50.76,926.5719,-101,6.00,-101.0,6.0
3,2026-07-22 08:50:32,0.35,0.74,5.26,51.91,0.00,13.08,53.21,926.3101,-110,-4.00,-101.0,5.0
4,2026-07-22 08:50:32,2.77,37.96,186.84,327.67,14.32,12.54,51.55,926.5051,-101,5.00,-101.0,5.0
3,2026-07-22 09:00:32,0.39,0.81,4.34,35.66,0.00,13.74,50.78,926.2268,-109,-2.50,-102.0,3.0
4,2026-07-22 09:00:32,1.89,25.78,138.18,327.67,24.13,12.09,52.44,926.5860,-102,3.00,-102.0,3.0
3,2026-07-22 09:10:32,0.33,0.80,7.23,126.54,0.00,12.73,54.34,926.2867,-110,-3.25,-102.0,4.5
4,2026-07-22 09:10:32,0.19,0.71,4.38,34.84,14.38,12.42,51.60,926.6725,-102,4.50,-102.0,4.5
4,2026-07-22 09:20:32,0.15,0.51,2.88,33.45,34.72,12.87,50.67,926.6588,-102,4.50,-102.0,4.5
3,2026-07-22 09:40:32,0.34,0.83,5.89,50.78,0.00,15.07,48.86,926.3297,-109,-2.50,-101.0,4.75
4,2026-07-22 09:40:32,0.31,2.70,15.50,231.14,4.08,14.36,47.30,926.6224,-101,4.75,-101.0,4.75
3,2026-07-22 09:50:32,0.50,1.13,8.60,67.47,0.00,17.18,44.04,926.2060,-109,-2.50,-103.0,3.5
4,2026-07-22 09:50:32,0.14,0.67,3.64,44.85,0.00,15.80,44.11,926.6250,-103,3.50,-103.0,3.5
3,2026-07-22 10:00:32,0.47,1.06,7.52,37.07,0.00,16.81,44.04,926.1602,-109,-3.25,-102.0,4.5
4,2026-07-22 10:00:32,0.16,0.79,6.59,46.66,26.65,16.40,42.55,926.4876,-102,4.50,-102.0,4.5
3,2026-07-22 10:10:32,0.42,0.97,7.40,40.48,0.00,16.39,45.40,926.1181,-109,-2.75,-102.0,4.25
4,2026-07-22 10:10:32,0.13,0.82,6.78,37.19,27.95,16.63,41.82,926.4193,-102,4.25,-102.0,4.25
3,2026-07-22 10:20:32,0.49,1.03,6.27,38.85,0.00,16.10,45.76,926.0370,-109,-2.00,-102.0,2.25
4,2026-07-22 10:20:32,0.16,0.74,5.49,60.80,1.58,15.96,42.88,926.4006,-102,2.25,-102.0,2.25
3,2026-07-22 11:00:32,0.54,1.17,6.03,48.26,0.00,18.11,41.86,925.9747,-109,-3.25,-101.0,4.75
4,2026-07-22 11:00:32,0.30,2.04,11.96,192.86,3.52,16.98,42.01,926.2985,-101,4.75,-101.0,4.75
3,2026-07-22 11:10:32,0.45,1.01,5.13,39.78,0.00,17.25,43.32,925.9666,-109,-2.25,-102.0,3.75
4,2026-07-22 11:10:32,3.56,42.83,204.62,327.67,28.20,16.74,42.57,926.1730,-102,3.75,-102.0,3.75
3,2026-07-22 12:10:32,0.41,1.08,6.25,48.31,0.00,16.51,45.83,925.9548,-110,-4.75,-102.0,4.25
4,2026-07-22 12:10:32,0.16,0.68,4.81,43.24,4.49,15.65,46.07,926.2763,-102,4.25,-102.0,4.25
3,2026-07-22 12:50:32,0.38,0.82,4.34,25.83,0.00,14.97,51.70,925.6504,-109,-2.75,-102.0,4.25
4,2026-07-22 12:50:32,0.15,0.52,2.57,28.04,26.91,16.21,45.64,926.0711,-102,4.25,-102.0,4.25
3,2026-07-22 13:30:32,0.44,0.80,2.98,27.42,0.00,15.35,51.87,925.6154,-109,-3.00,-102.0,4.5
4,2026-07-22 13:30:32,0.15,0.47,2.52,41.77,5.34,16.80,44.88,925.9885,-102,4.50,-102.0,4.5
3,2026-07-22 13:40:32,0.39,0.69,2.52,37.55,0.00,15.50,51.65,925.6353,-110,-3.50,-101.0,3.75
4,2026-07-22 13:40:32,0.16,0.56,2.40,30.02,6.59,16.96,44.76,926.0098,-101,3.75,-101.0,3.75
3,2026-07-22 14:20:32,0.35,0.57,1.36,24.50,0.00,15.88,51.87,925.7164,-109,-1.75,-102.0,4.5
4,2026-07-22 14:20:32,0.25,2.01,10.51,192.17,8.13,17.32,44.56,926.0833,-102,4.50,-102.0,4.5
3,2026-07-22 14:40:32,0.42,0.76,2.70,32.64,0.00,16.13,51.23,925.8087,-109,-2.75,-104.0,3.0
4,2026-07-22 14:40:32,0.13,0.52,2.32,19.96,0.00,17.07,45.80,926.1545,-104,3.00,-104.0,3.0
3,2026-07-22 15:00:32,0.46,0.85,3.61,41.16,0.00,17.56,47.89,925.7649,-109,-3.50,-102.0,2.75
4,2026-07-22 15:00:32,0.13,0.41,2.46,28.63,3.50,18.02,43.12,926.1645,-102,2.75,-102.0,2.75
3,2026-07-22 15:10:32,0.40,0.72,1.92,21.94,0.00,17.72,47.84,925.7705,-109,-3.75,-102.0,3.75
4,2026-07-22 15:10:32,0.12,0.39,2.04,17.52,1.97,18.85,40.78,926.1183,-102,3.75,-102.0,3.75
3,2026-07-22 15:20:32,0.41,0.74,3.44,27.94,0.00,18.55,45.23,925.7193,-109,-2.00,-101.0,4.25
4,2026-07-22 15:20:32,0.10,0.40,2.84,29.60,3.15,19.45,39.53,926.0513,-101,4.25,-101.0,4.25
3,2026-07-22 15:40:32,0.47,0.81,3.15,28.65,0.00,19.46,43.79,925.5830,-110,-2.75,-101.0,4.0
4,2026-07-22 15:40:32,0.11,0.35,1.43,17.84,0.16,20.49,37.90,925.9800,-101,4.00,-101.0,4.0
3,2026-07-22 15:50:32,0.55,0.91,2.92,26.58,0.00,18.96,45.12,925.5103,-110,-3.25,-102.0,4.5
4,2026-07-22 15:50:32,0.11,0.39,2.63,29.47,0.00,21.36,36.00,925.9111,-102,4.50,-102.0,4.5
3,2026-07-22 16:10:32,0.51,0.79,3.24,28.11,0.00,21.85,39.29,925.4924,-109,-1.75,-103.0,3.0
4,2026-07-22 16:10:32,0.16,1.01,6.16,119.47,0.00,21.59,35.04,925.7811,-103,3.00,-103.0,3.0
4,2026-07-22 16:20:32,0.11,0.43,2.23,34.50,0.00,20.54,37.11,925.7469,-102,4.50,-102.0,4.5
3,2026-07-22 16:50:32,0.40,0.75,4.27,29.75,0.00,18.46,45.98,925.0726,-110,-4.00,-102.0,4.25
4,2026-07-22 16:50:32,0.11,0.50,2.68,35.31,0.00,22.98,33.36,925.5812,-102,4.25,-102.0,4.25
3,2026-07-22 17:10:32,0.43,0.71,3.45,32.37,0.00,20.25,42.30,925.1350,-110,-4.50,-102.0,4.25
4,2026-07-22 17:10:32,0.24,2.40,10.06,101.18,1.24,23.13,33.44,925.4341,-102,4.25,-102.0,4.25
3,2026-07-22 17:40:32,0.50,0.92,5.23,62.54,0.00,20.23,42.57,925.0294,-110,-2.75,-100.0,5.25
4,2026-07-22 17:40:32,1.61,17.61,86.68,327.67,6.96,22.42,34.38,925.3399,-100,5.25,-100.0,5.25
3,2026-07-22 18:00:32,0.44,0.72,3.81,39.78,0.00,20.00,42.62,924.8954,-109,-2.50,-100.0,4.75
4,2026-07-22 18:00:32,0.25,2.52,15.94,195.31,8.80,21.09,37.05,925.1912,-100,4.75,-100.0,4.75
3,2026-07-22 18:10:32,0.47,0.81,5.35,43.77,0.00,19.92,43.06,924.8332,-109,-3.50,-100.0,4.5
4,2026-07-22 18:10:32,0.99,10.98,54.43,327.67,1.38,21.04,37.30,925.1158,-100,4.50,-100.0,4.5
3,2026-07-22 18:30:32,0.63,1.04,5.88,50.73,0.00,21.81,39.18,924.7314,-110,-3.00,-102.0,2.75
4,2026-07-22 18:30:32,2.89,31.86,146.54,327.67,1.27,21.19,37.11,924.9780,-102,2.75,-102.0,2.75
3,2026-07-22 18:40:32,0.65,1.07,5.80,56.95,0.00,21.23,40.88,924.6838,-109,-2.25,-101.0,3.5
4,2026-07-22 18:40:32,1.22,12.89,55.50,327.67,0.72,21.58,36.28,924.9539,-101,3.50,-101.0,3.5
3,2026-07-22 19:00:32,0.46,0.80,4.34,30.18,0.00,20.56,42.24,924.5608,-109,-2.75,-101.0,4.0
4,2026-07-22 19:00:32,2.16,23.98,103.17,327.67,0.00,21.08,37.46,924.8491,-101,4.00,-101.0,4.0
3,2026-07-22 19:10:32,0.50,1.05,6.43,60.85,0.00,21.69,40.84,924.5909,-109,-2.00,-100.0,4.75
4,2026-07-22 19:10:32,5.24,58.90,256.28,327.67,0.00,22.32,35.66,924.8676,-100,4.75,-100.0,4.75
4,2026-07-22 19:20:32,5.49,59.16,258.79,327.67,0.00,23.34,33.54,924.7312,-100,5.50,-100.0,5.5
3,2026-07-22 19:40:32,0.64,1.40,9.18,59.42,0.00,20.54,42.41,924.3424,-109,-1.50,-101.0,4.5
4,2026-07-22 19:40:32,1.22,13.48,63.81,327.67,0.00,22.17,35.81,924.7018,-101,4.50,-101.0,4.5
3,2026-07-22 20:10:32,0.69,1.33,6.29,50.95,0.00,18.70,45.66,924.1838,-109,-3.50,-100.0,5.0
4,2026-07-22 20:10:32,2.56,31.15,151.92,327.67,0.00,18.55,42.80,924.6275,-100,5.00,-100.0,5.0
3,2026-07-22 20:50:32,0.66,1.71,10.22,80.29,0.00,19.55,43.40,923.9151,-110,-3.50,-100.0,4.5
4,2026-07-22 20:50:32,6.77,90.49,327.67,327.67,0.00,18.39,42.88,924.2588,-100,4.50,-100.0,4.5
4,2026-07-22 21:00:32,5.18,66.05,315.79,327.67,0.00,18.41,42.83,924.3581,-101,6.25,-101.0,6.25
3,2026-07-22 21:10:32,0.48,0.79,3.76,34.33,0.00,18.81,44.31,923.9665,-110,-4.25,-103.0,3.5
4,2026-07-22 21:10:32,1.59,19.21,99.95,327.67,0.00,18.49,42.31,924.4268,-103,3.50,-103.0,3.5
3,2026-07-22 21:50:32,0.37,0.73,5.30,44.95,0.00,17.32,47.20,923.8376,-109,-4.25,-101.0,4.5
4,2026-07-22 21:50:32,7.04,95.79,327.67,327.67,0.00,16.46,46.74,924.2523,-101,4.50,-101.0,4.5
3,2026-07-22 22:00:32,0.38,0.75,5.94,58.99,0.00,16.73,48.53,923.7886,-109,-3.00,-101.0,2.25
4,2026-07-22 22:00:32,4.63,62.05,318.70,327.67,0.00,16.19,47.59,924.1519,-101,2.25,-101.0,2.25
3,2026-07-22 22:10:32,0.36,0.82,5.75,46.44,0.00,16.65,48.54,923.9666,-109,-2.75,-102.0,4.25
4,2026-07-22 22:10:32,4.49,60.87,312.68,327.67,0.00,15.99,48.04,924.3136,-102,4.25,-102.0,4.25
3,2026-07-22 22:50:32,0.36,0.68,4.18,40.44,0.00,15.89,49.74,924.0374,-109,-4.00,-102.0,4.0
4,2026-07-22 22:50:32,4.61,65.96,327.67,327.67,0.00,14.91,50.56,924.4309,-102,4.00,-102.0,4.0
3,2026-07-22 23:00:32,0.36,0.78,4.55,33.58,0.00,15.05,52.08,924.1180,-109,-3.75,-102.0,3.5
4,2026-07-22 23:00:32,7.30,110.45,327.67,327.67,0.29,14.68,51.15,924.4182,-102,3.50,-102.0,3.5
3,2026-07-22 23:20:32,0.31,0.67,9.49,327.67,0.00,14.79,52.39,924.0737,-109,-2.50,-104.0,2.0
4,2026-07-22 23:20:32,7.70,119.37,327.67,327.67,0.00,14.16,52.25,924.3921,-104,2.00,-104.0,2.0
4,2026-07-22 23:40:32,10.05,164.80,327.67,327.67,0.00,13.73,53.56,924.2964,-103,5.25,-103.0,5.25
4,2026-07-23 00:00:32,10.82,177.05,327.67,327.67,0.00,13.66,53.37,924.2561,-103,4.75,-103.0,4.75
3,2026-07-23 00:30:32,0.30,0.69,5.34,37.01,0.00,13.45,55.74,923.8696,-110,-5.75,-104.0,3.25
4,2026-07-23 00:30:32,9.37,157.05,327.67,327.67,0.00,13.02,55.01,924.2080,-104,3.25,-104.0,3.25
3,2026-07-23 01:20:32,0.27,0.48,2.14,22.89,0.00,12.88,56.87,923.7255,-109,-2.00,-103.0,4.0
4,2026-07-23 01:20:32,4.93,84.86,327.67,327.67,64.33,12.67,55.66,923.9749,-103,4.00,-103.0,4.0
3,2026-07-23 01:40:32,0.32,0.54,2.19,26.99,0.00,11.64,60.95,923.7765,-109,-3.00,-102.0,3.75
4,2026-07-23 01:40:32,4.64,81.63,327.67,327.67,214.79,12.27,56.58,923.9518,-102,3.75,-102.0,3.75
4,2026-07-23 01:50:32,1.96,32.01,194.97,327.67,214.16,12.80,55.09,923.9972,-101,5.75,-101.0,5.75
3,2026-07-23 02:00:32,0.28,0.48,2.07,27.13,0.00,12.54,57.66,923.5571,-109,-2.25,-102.0,2.75
4,2026-07-23 02:00:32,0.31,3.68,22.41,327.67,239.18,13.05,54.10,923.9620,-102,2.75,-102.0,2.75
3,2026-07-23 02:30:32,0.24,0.48,3.26,40.41,0.00,12.06,59.26,923.5234,-110,-4.50,-102.0,2.5
4,2026-07-23 02:30:32,0.77,11.95,75.28,327.67,254.27,11.98,57.35,923.8748,-102,2.50,-102.0,2.5
3,2026-07-23 03:30:32,0.21,0.37,1.71,23.65,0.00,11.86,59.60,923.1310,-108,-2.25,-102.0,4.5
4,2026-07-23 03:30:32,0.91,15.58,104.47,327.67,189.28,11.32,59.40,923.5440,-102,4.50,-102.0,4.5
3,2026-07-23 04:10:32,0.23,0.39,2.30,27.03,0.00,10.54,64.58,922.9448,-109,-3.00,-102.0,3.0
4,2026-07-23 04:10:32,0.09,0.32,1.65,24.92,186.78,10.41,62.91,923.2162,-102,3.00,-102.0,3.0
3,2026-07-23 04:20:32,0.21,0.34,1.45,24.59,0.00,11.55,60.72,922.8641,-110,-4.25,-102.0,4.5
4,2026-07-23 04:20:32,0.08,0.25,1.86,27.53,250.27,10.38,63.22,923.1765,-102,4.50,-102.0,4.5
3,2026-07-23 04:40:32,0.31,0.50,2.51,32.93,0.00,11.78,59.91,922.6747,-109,-4.25,-102.0,4.25
4,2026-07-23 04:40:32,0.07,0.16,0.51,9.24,184.56,11.56,58.64,923.1084,-102,4.25,-102.0,4.25
4,2026-07-23 06:00:32,0.65,11.17,72.00,327.67,223.85,10.85,61.81,921.7482,-101,5.50,-101.0,5.5
4,2026-07-23 06:20:32,0.54,8.65,59.40,327.67,159.45,10.85,61.26,921.3032,-102,5.75,-102.0,5.75
4,2026-07-23 06:40:32,0.19,2.15,14.86,202.78,14.06,10.93,61.37,921.1124,-102,5.00,-102.0,5.0
3,2026-07-23 07:00:32,0.24,0.47,2.36,22.07,0.00,12.23,60.04,920.3944,-109,-2.25,-101.0,3.5
4,2026-07-23 07:00:32,0.09,0.34,1.57,28.13,24.10,11.39,60.29,920.8280,-101,3.50,-101.0,3.5
3,2026-07-23 07:20:32,0.36,0.60,3.59,63.58,0.00,11.80,62.73,919.9095,-109,-3.50,-101.0,3.75
4,2026-07-23 07:20:32,1.46,24.48,153.58,327.67,14.70,12.41,57.20,920.1396,-101,3.75,-101.0,3.75
3,2026-07-23 07:50:32,0.35,0.61,4.64,60.26,0.00,11.54,63.56,919.1772,-108,-1.50,-102.0,4.75
4,2026-07-23 07:50:32,0.89,14.53,83.12,327.67,33.25,12.08,58.36,919.5236,-102,4.75,-102.0,4.75
3,2026-07-23 08:00:32,0.26,0.59,3.94,34.47,0.00,11.80,62.02,919.0377,-109,-3.00,-103.0,4.0
4,2026-07-23 08:00:32,0.09,0.38,3.66,58.34,54.12,12.04,59.08,919.4883,-103,4.00,-103.0,4.0
3,2026-07-23 08:10:32,0.24,0.48,2.73,26.61,0.00,11.96,62.21,918.8930,-109,-2.75,-102.0,2.75
4,2026-07-23 08:10:32,0.11,0.43,3.29,42.99,83.68,11.19,61.24,919.3451,-102,2.75,-102.0,2.75
3,2026-07-23 08:20:32,0.29,0.56,4.84,55.59,0.00,12.20,61.31,918.5723,-109,-2.50,-102.0,4.0
4,2026-07-23 08:20:32,0.11,0.72,4.66,29.61,78.67,11.77,59.15,919.0368,-102,4.00,-102.0,4.0
3,2026-07-23 08:30:32,0.29,0.58,2.94,38.80,0.00,12.27,60.41,918.4189,-108,-1.50,-103.0,4.5
4,2026-07-23 08:30:32,0.12,0.86,7.50,139.21,74.92,12.00,58.74,918.8054,-103,4.50,-103.0,4.5
3,2026-07-23 08:40:32,0.29,0.57,3.22,31.45,0.00,13.07,57.86,918.0364,-109,-1.50,-103.0,2.5
4,2026-07-23 08:40:32,0.09,0.41,4.86,28.68,72.67,12.09,58.34,918.7011,-103,2.50,-103.0,2.5
3,2026-07-23 09:00:32,0.27,0.53,3.44,27.91,0.00,12.64,59.78,917.4755,-108,-1.25,-103.0,1.75
4,2026-07-23 09:00:32,1.53,24.20,145.14,327.67,39.51,12.99,55.72,918.0031,-103,1.75,-103.0,1.75
3,2026-07-23 09:30:32,0.30,0.61,4.98,32.82,0.00,13.43,57.65,916.9143,-109,-2.00,-103.0,1.75
4,2026-07-23 09:30:32,0.09,0.51,4.90,49.16,49.15,12.75,56.22,917.3446,-103,1.75,-103.0,1.75
3,2026-07-23 09:40:32,0.36,0.76,6.50,61.71,0.00,14.02,54.99,916.6746,-109,-2.00,-102.0,3.0
4,2026-07-23 09:40:32,0.09,0.56,5.59,43.71,30.31,13.59,54.07,916.9868,-102,3.00,-102.0,3.0
3,2026-07-23 09:50:32,0.38,0.82,6.35,61.32,0.00,14.63,53.94,916.4765,-109,-2.50,-101.0,3.25
4,2026-07-23 09:50:32,0.10,0.59,4.86,35.36,23.69,13.97,53.21,916.8568,-101,3.25,-101.0,3.25
3,2026-07-23 10:10:32,0.31,0.68,5.29,38.26,0.00,14.56,54.37,915.8652,-109,-2.75,-100.0,4.25
4,2026-07-23 10:10:32,0.11,0.77,7.30,52.04,33.43,14.50,52.25,916.2500,-100,4.25,-100.0,4.25
3,2026-07-23 10:20:32,0.36,0.69,4.54,48.16,0.00,14.73,54.99,915.7626,-109,-2.25,-102.0,3.25
4,2026-07-23 10:20:32,4.24,66.29,327.67,327.67,39.26,14.63,52.22,916.0166,-102,3.25,-102.0,3.25
3,2026-07-23 10:30:32,0.43,0.83,6.76,75.58,0.00,15.34,53.30,915.7024,-109,-1.75,-102.0,4.0
4,2026-07-23 10:30:32,0.12,0.85,10.16,46.69,33.14,14.46,52.74,916.0646,-102,4.00,-102.0,4.0
3,2026-07-23 10:40:32,0.42,0.76,5.08,40.05,0.00,16.50,49.83,915.4805,-109,-3.00,-101.0,4.25
4,2026-07-23 10:40:32,0.11,0.81,7.26,67.35,21.94,15.40,50.28,915.9224,-101,4.25,-101.0,4.25
3,2026-07-23 10:50:32,0.47,1.17,10.77,61.91,0.00,17.17,48.31,915.2261,-109,-3.50,-102.0,2.5
4,2026-07-23 10:50:32,0.41,4.89,35.50,327.67,46.89,15.60,49.75,915.7538,-102,2.50,-102.0,2.5
3,2026-07-23 11:00:32,0.51,1.13,9.25,49.42,0.00,17.13,48.50,915.0937,-108,-2.50,-101.0,4.0
4,2026-07-23 11:00:32,0.26,2.99,19.87,119.72,33.84,16.83,47.30,915.4546,-101,4.00,-101.0,4.0
3,2026-07-23 11:10:32,0.44,1.32,15.97,327.67,0.00,17.07,48.83,914.7465,-109,-2.25,-101.0,4.5
4,2026-07-23 11:10:32,0.15,1.45,15.36,169.46,35.16,17.11,46.20,915.2306,-101,4.50,-101.0,4.5
3,2026-07-23 11:20:32,0.48,1.51,16.53,113.21,0.00,17.42,48.01,914.5864,-108,-2.25,-101.0,4.25
4,2026-07-23 11:20:32,1.19,15.49,84.71,327.67,36.28,16.17,48.79,914.8894,-101,4.25,-101.0,4.25
3,2026-07-23 11:30:32,0.47,1.38,17.23,327.67,0.00,17.30,48.54,914.2911,-109,-2.00,-103.0,3.0
4,2026-07-23 11:30:32,0.18,2.19,18.26,208.54,54.80,16.32,48.20,914.7435,-103,3.00,-103.0,3.0
4,2026-07-23 11:40:31,0.18,2.09,23.22,124.11,35.51,16.87,46.91,914.4322,-102,4.25,-102.0,4.25
4,2026-07-23 11:50:31,0.18,1.94,21.36,158.06,73.56,17.41,45.70,914.3282,-102,5.25,-102.0,5.25
3,2026-07-23 12:00:32,0.54,1.51,11.75,54.44,0.00,18.84,46.34,913.4012,-109,-2.25,-101.0,4.0
4,2026-07-23 12:00:32,4.95,69.95,327.67,327.67,68.53,18.02,44.10,913.8982,-101,4.00,-101.0,4.0
3,2026-07-23 12:10:32,0.51,1.58,14.40,64.28,0.00,19.93,43.13,913.2657,-108,-0.50,-102.0,3.75
4,2026-07-23 12:10:32,2.57,33.21,175.71,327.67,44.65,18.30,43.50,913.7077,-102,3.75,-102.0,3.75
3,2026-07-23 12:30:32,0.59,2.07,18.57,77.57,0.00,19.75,42.14,912.7328,-109,-1.75,-101.0,3.0
4,2026-07-23 12:30:32,0.18,1.68,24.29,327.67,32.94,18.76,42.39,913.1972,-101,3.00,-101.0,3.0
3,2026-07-23 12:40:32,0.65,2.19,18.16,87.47,0.00,18.53,45.84,912.6779,-109,-1.25,-101.0,3.5
4,2026-07-23 12:40:32,0.21,1.93,16.96,61.12,20.80,18.28,43.26,913.0653,-101,3.50,-101.0,3.5
3,2026-07-23 12:50:32,0.56,1.68,13.94,60.19,0.00,19.28,44.15,912.4614,-108,-1.50,-103.0,3.5
4,2026-07-23 12:50:32,0.16,1.53,15.20,98.77,20.83,17.58,45.33,912.9140,-103,3.50,-103.0,3.5
4,2026-07-23 13:00:31,0.18,1.69,18.68,108.32,32.78,18.53,43.07,912.7592,-103,4.25,-103.0,4.25
3,2026-07-23 13:10:32,0.59,2.17,23.26,239.19,0.00,20.82,41.73,911.9164,-109,-2.00,-102.0,3.0
4,2026-07-23 13:10:32,0.19,1.81,22.16,108.27,98.07,19.24,42.13,912.5356,-102,3.00,-102.0,3.0
3,2026-07-23 13:20:32,0.72,3.29,27.68,109.54,0.00,21.97,40.00,911.7009,-108,-0.50,-104.0,1.75
4,2026-07-23 13:20:32,0.30,3.31,47.42,327.67,17.23,21.10,37.91,912.3057,-104,1.75,-104.0,1.75
4,2026-07-23 13:40:31,0.24,2.79,28.46,258.02,112.33,24.36,33.21,911.8532,-104,2.25,-104.0,2.25
3,2026-07-23 13:50:32,0.73,3.01,28.88,98.64,0.00,25.68,33.58,911.1662,-108,-1.25,-102.0,2.5
4,2026-07-23 13:50:32,0.17,1.87,20.97,139.48,4.21,23.34,34.71,911.5926,-102,2.50,-102.0,2.5
3,2026-07-23 14:10:32,0.62,2.11,18.53,281.49,0.00,24.99,35.86,910.7711,-108,-1.25,-105.0,1.0
4,2026-07-23 14:10:32,0.78,10.10,67.64,327.67,195.41,21.96,37.48,911.2778,-105,1.00,-105.0,1.0
3,2026-07-23 14:20:32,0.76,2.65,19.09,122.45,0.00,23.49,38.10,910.6121,-109,-1.25,-105.0,2.0
4,2026-07-23 14:20:32,0.66,8.15,56.58,327.67,11.27,22.19,36.76,911.1287,-105,2.00,-105.0,2.0
3,2026-07-23 14:40:32,0.65,3.20,26.10,89.38,0.00,24.45,37.39,910.1201,-110,-3.75,-102.0,2.25
4,2026-07-23 14:40:32,2.23,26.55,138.51,327.67,327.67,23.55,34.00,910.5252,-102,2.25,-102.0,2.25
4,2026-07-23 14:50:31,0.72,8.60,59.82,327.67,327.67,26.39,29.33,910.4422,-101,5.25,-101.0,5.25
4,2026-07-23 15:00:31,3.66,52.23,327.67,327.67,327.67,25.58,29.84,910.2533,-104,0.75,-104.0,0.75
4,2026-07-23 15:20:31,20.07,241.00,327.67,327.67,327.67,23.25,31.09,909.5516,-101,2.25,-101.0,2.25
4,2026-07-23 15:30:31,22.34,273.89,327.67,327.67,327.67,23.26,30.53,909.3342,-100,4.00,-100.0,4.0
4,2026-07-23 16:00:31,23.15,266.90,327.67,327.67,327.67,24.15,29.99,909.5452,-104,1.25,-104.0,1.25
3,2026-07-23 16:30:32,0.38,1.20,8.52,60.82,0.00,22.92,34.11,909.4540,-109,-1.25,-101.0,1.0
4,2026-07-23 16:30:32,9.19,98.48,327.67,327.67,327.67,22.91,30.76,909.5831,-101,1.00,-101.0,1.0
4,2026-07-23 16:40:31,7.88,88.13,327.67,327.67,327.67,22.31,32.25,910.0737,-101,4.25,-101.0,4.25
4,2026-07-23 16:50:31,12.20,140.00,327.67,327.67,327.67,21.72,33.06,910.1120,-102,3.50,-102.0,3.5
4,2026-07-23 17:00:31,12.43,146.18,327.67,327.67,327.67,21.94,32.90,910.1537,-103,3.50,-103.0,3.5
4,2026-07-23 17:30:31,6.98,75.10,296.13,327.67,327.67,22.84,30.49,909.4613,-104,2.00,-104.0,2.0
4,2026-07-23 17:40:31,15.10,168.60,327.67,327.67,327.67,23.60,30.05,909.2676,-103,2.75,-103.0,2.75
4,2026-07-23 17:50:31,10.43,109.10,327.67,327.67,327.67,24.01,28.65,908.9161,-103,0.75,-103.0,0.75
4,2026-07-23 18:10:31,11.07,106.06,327.67,327.67,327.67,26.40,25.43,908.5894,-106,1.25,-106.0,1.25
4,2026-07-23 18:20:31,5.98,55.90,209.02,327.67,327.67,26.10,24.15,908.7042,-102,3.25,-102.0,3.25
4,2026-07-23 18:30:31,8.01,86.18,327.67,327.67,327.67,23.23,27.84,908.7616,-103,2.75,-103.0,2.75
4,2026-07-23 19:20:31,0.20,2.22,18.77,150.09,327.67,25.40,27.06,908.9346,-104,3.25,-104.0,3.25
4,2026-07-23 19:30:32,1.91,21.34,121.71,327.67,327.67,26.88,24.74,908.9126,-100,6.00,-100.0,6.0
3,2026-07-23 19:40:32,1.14,6.12,42.57,201.09,0.00,25.13,32.02,908.6354,-108,1.00,-101.0,3.5
4,2026-07-23 19:40:32,1.67,16.62,109.81,327.67,327.67,26.09,25.95,908.8743,-101,3.50,-101.0,3.5
4,2026-07-23 19:50:31,0.25,2.61,15.68,118.15,327.67,23.32,33.52,908.9725,-102,4.00,-102.0,4.0
4,2026-07-23 20:00:31,0.28,3.02,22.56,191.48,0.00,24.88,28.39,909.1583,-100,4.75,-100.0,4.75
4,2026-07-23 20:10:31,30.19,327.67,327.67,327.67,0.00,23.72,27.86,908.8899,-103,4.00,-103.0,4.0
3,2026-07-23 20:20:32,0.65,1.72,8.41,49.52,0.00,22.32,32.29,908.2690,-109,-2.00,-102.0,1.5
4,2026-07-23 20:20:32,40.49,327.67,327.67,327.67,0.00,21.72,30.55,908.6682,-102,1.50,-102.0,1.5
3,2026-07-23 20:30:32,0.47,1.35,7.45,47.91,0.00,20.87,34.14,908.3392,-108,-0.75,-102.0,3.25
4,2026-07-23 20:30:32,43.69,327.67,327.67,327.67,327.67,21.09,31.50,908.7173,-102,3.25,-102.0,3.25
4,2026-07-23 20:40:31,36.26,327.67,327.67,327.67,327.67,21.06,31.73,908.8274,-105,0.75,-105.0,0.75
4,2026-07-23 20:50:31,29.38,327.67,327.67,327.67,327.67,19.83,33.24,908.7794,-103,3.00,-103.0,3.0
3,2026-07-23 21:00:32,0.82,3.47,20.42,97.01,0.00,20.85,34.45,908.3884,-109,-2.00,-103.0,2.5
4,2026-07-23 21:00:32,31.43,327.67,327.67,327.67,0.00,18.99,34.74,908.7884,-103,2.50,-103.0,2.5
4,2026-07-23 21:20:31,20.48,239.89,327.67,327.67,0.00,17.50,36.44,909.1729,-101,5.00,-101.0,5.0
4,2026-07-23 21:40:31,1.79,21.22,146.74,327.67,0.00,16.85,36.58,910.4433,-99,5.50,-99.0,5.5
4,2026-07-23 21:50:31,6.80,172.73,327.67,327.67,0.00,16.96,38.43,910.7040,-100,5.00,-100.0,5.0
4,2026-07-23 22:00:31,9.17,279.19,327.67,327.67,0.00,13.29,61.45,910.7499,-103,4.25,-103.0,4.25
3,2026-07-23 22:20:32,0.61,1.42,12.73,107.52,0.00,16.72,43.85,911.4191,-108,0.00,-99.0,5.5
4,2026-07-23 22:20:32,0.20,0.85,7.35,57.96,0.00,12.17,64.98,911.9234,-99,5.50,-99.0,5.5
3,2026-07-23 22:40:32,0.39,0.74,5.28,59.95,0.00,13.44,62.20,912.5080,-108,-1.25,-99.0,2.75
4,2026-07-23 22:40:32,0.26,0.64,4.48,148.07,0.00,10.52,67.85,912.7771,-99,2.75,-99.0,2.75
4,2026-07-23 22:50:31,0.13,0.39,3.78,75.02,0.00,10.31,68.13,912.9412,-99,5.75,-99.0,5.75
4,2026-07-23 23:00:31,0.10,0.37,5.66,58.81,0.00,9.94,69.86,913.3742,-99,5.25,-99.0,5.25
4,2026-07-23 23:10:32,0.18,0.84,8.10,86.77,0.00,9.89,73.26,913.8232,-100,3.50,-100.0,3.5
4,2026-07-23 23:20:32,0.41,2.03,12.85,91.96,0.00,9.81,74.72,914.0664,-100,4.25,-100.0,4.25
4,2026-07-23 23:30:32,0.33,1.52,15.37,327.67,0.00,9.93,74.08,914.1955,-102,4.00,-102.0,4.0
4,2026-07-23 23:40:32,0.23,1.04,6.05,65.37,0.00,10.21,73.34,914.3565,-102,3.00,-102.0,3.0
3,2026-07-24 00:00:32,0.45,1.81,10.33,62.86,0.00,11.98,71.01,914.1207,-110,-0.25,-102.0,2.0
4,2026-07-24 00:00:32,0.35,1.65,11.60,234.19,0.00,10.65,73.74,914.5588,-102,2.00,-102.0,2.0
4,2026-07-24 00:10:32,0.28,1.33,5.12,72.58,0.68,10.85,73.35,914.6584,-101,4.75,-101.0,4.75
4,2026-07-24 00:20:31,0.36,1.73,7.69,59.68,0.94,10.87,74.58,914.8249,-101,4.75,-101.0,4.75
4,2026-07-24 00:30:31,0.17,0.67,5.82,134.37,0.00,10.59,76.07,914.8795,-101,4.75,-101.0,4.75
4,2026-07-24 00:40:31,0.16,0.65,2.85,31.01,0.00,10.48,74.73,914.9761,-101,4.50,-101.0,4.5
4,2026-07-24 00:50:31,0.15,0.54,2.34,34.45,7.23,10.46,73.49,915.0125,-102,4.00,-102.0,4.0
4,2026-07-24 01:00:31,0.16,0.63,3.23,53.01,9.63,10.36,74.44,915.0930,-102,3.50,-102.0,3.5
4,2026-07-24 01:10:31,0.15,0.59,5.60,96.50,15.95,10.27,76.28,915.2304,-102,4.25,-102.0,4.25
4,2026-07-24 01:20:31,0.15,0.57,4.06,65.58,30.69,10.23,76.55,915.3280,-101,5.25,-101.0,5.25
4,2026-07-24 01:30:31,0.14,0.45,3.08,57.19,18.79,10.23,75.83,915.3476,-101,4.75,-101.0,4.75
4,2026-07-24 01:40:31,0.20,0.70,2.49,44.18,36.64,10.17,76.27,915.4884,-101,2.75,-101.0,2.75
4,2026-07-24 01:50:31,0.27,0.86,2.13,30.76,6.59,10.06,78.10,915.6068,-101,4.00,-101.0,4.0
4,2026-07-24 02:00:31,0.23,0.72,1.63,30.06,28.84,9.83,80.26,915.7754,-101,4.00,-101.0,4.0
3,2026-07-24 02:10:32,0.37,1.00,3.26,26.49,0.00,10.63,78.12,915.3583,-110,-2.50,-102.0,2.75
4,2026-07-24 02:10:32,0.20,0.59,1.53,23.83,52.84,9.82,80.35,915.8015,-102,2.75,-102.0,2.75
4,2026-07-24 02:20:31,0.18,0.49,1.85,24.46,60.09,9.83,80.45,915.9114,-101,3.75,-101.0,3.75
4,2026-07-24 02:30:31,0.18,0.58,2.55,48.60,54.83,9.81,80.61,916.0210,-101,4.50,-101.0,4.5
4,2026-07-24 02:50:31,0.21,0.65,2.76,31.91,55.44,9.54,80.60,916.3256,-101,4.75,-101.0,4.75
4,2026-07-24 03:00:31,0.23,0.79,4.06,48.61,72.38,9.56,79.95,916.3813,-103,2.25,-103.0,2.25
4,2026-07-24 03:10:31,0.17,0.63,3.44,85.89,79.61,9.32,79.76,916.4561,-102,4.00,-102.0,4.0
4,2026-07-24 03:20:31,0.13,0.42,3.87,58.96,75.11,9.06,79.32,916.6203,-100,4.50,-100.0,4.5
4,2026-07-24 03:30:31,0.14,0.49,2.25,30.47,36.64,8.86,79.46,916.6802,-102,3.50,-102.0,3.5
4,2026-07-24 03:40:31,0.11,0.40,1.12,19.15,90.96,8.89,79.11,916.7610,-102,2.00,-102.0,2.0
4,2026-07-24 03:50:31,0.08,0.27,1.64,25.01,129.16,8.68,77.83,916.7708,-102,2.50,-102.0,2.5
4,2026-07-24 04:00:31,0.07,0.19,1.09,27.46,144.22,8.49,76.97,916.7223,-102,3.75,-102.0,3.75
4,2026-07-24 04:10:31,0.08,0.16,0.73,30.48,143.03,8.73,76.14,916.8980,-101,5.00,-101.0,5.0
4,2026-07-24 04:20:31,0.09,0.27,1.58,30.64,184.76,8.74,76.81,917.0074,-103,2.25,-103.0,2.25
4,2026-07-24 04:30:31,0.07,0.17,0.64,15.29,327.67,8.72,75.85,917.0518,-102,3.25,-102.0,3.25
4,2026-07-24 04:40:31,0.09,0.22,1.13,38.98,312.04,8.84,77.31,917.1226,-103,2.75,-103.0,2.75
4,2026-07-24 05:00:31,0.09,0.21,1.21,33.19,327.67,9.15,76.52,917.2768,-103,3.50,-103.0,3.5
4,2026-07-24 05:10:31,0.09,0.24,2.07,36.41,327.67,9.16,75.83,917.3727,-102,3.50,-102.0,3.5
4,2026-07-24 05:20:31,0.08,0.21,1.89,70.63,327.67,9.12,75.23,917.3798,-103,3.75,-103.0,3.75
4,2026-07-24 05:30:31,0.10,0.28,1.13,37.07,327.67,9.09,76.02,917.3980,-102,4.25,-102.0,4.25
4,2026-07-24 05:40:31,0.09,0.24,1.69,35.24,327.67,9.18,76.04,917.3829,-102,3.50,-102.0,3.5
4,2026-07-24 05:50:31,0.08,0.23,1.43,29.25,327.67,9.37,76.55,917.4160,-102,4.00,-102.0,4.0
4,2026-07-24 06:00:31,0.08,0.20,0.81,18.09,327.67,9.52,77.32,917.4454,-102,3.50,-102.0,3.5
4,2026-07-24 06:20:31,0.07,0.14,7.22,327.67,327.67,9.43,73.28,917.4096,-102,4.75,-102.0,4.75
4,2026-07-24 06:30:31,0.05,0.10,0.48,11.97,327.67,9.35,71.45,917.3532,-101,5.50,-101.0,5.5
4,2026-07-24 06:40:31,0.06,0.12,0.39,9.69,327.67,9.20,71.66,917.4950,-102,4.25,-102.0,4.25
4,2026-07-24 06:50:31,0.05,0.12,1.31,22.63,327.67,8.68,74.38,917.5951,-102,4.25,-102.0,4.25
4,2026-07-24 07:20:31,0.06,0.12,0.19,2.56,327.67,8.92,73.74,917.7192,-104,2.00,-104.0,2.0
4,2026-07-24 07:50:31,0.05,0.13,0.40,10.30,327.67,9.46,72.88,918.0551,-101,5.50,-101.0,5.5
4,2026-07-24 08:10:31,0.07,0.17,0.73,19.98,327.67,9.29,75.19,918.1391,-102,5.00,-102.0,5.0
4,2026-07-24 08:20:31,0.07,0.19,0.71,17.63,327.67,9.53,74.29,918.2899,-100,5.75,-100.0,5.75
4,2026-07-24 08:30:31,0.06,0.14,0.44,8.23,327.67,9.77,73.69,918.4073,-103,3.25,-103.0,3.25
4,2026-07-24 08:50:31,0.06,0.18,0.55,9.17,327.67,9.70,73.85,918.5415,-103,3.00,-103.0,3.0
4,2026-07-24 09:00:31,0.07,0.20,0.42,5.79,327.67,10.12,72.91,918.6094,-103,4.00,-103.0,4.0
4,2026-07-24 09:20:31,0.07,0.16,0.67,25.08,327.67,10.74,70.70,918.6266,-101,4.00,-101.0,4.0
4,2026-07-24 09:50:31,0.06,0.15,0.92,25.89,327.67,11.73,66.97,918.7636,-101,4.75,-101.0,4.75
4,2026-07-24 10:00:31,0.07,0.18,0.88,18.25,327.67,11.41,68.29,918.7481,-103,4.25,-103.0,4.25
4,2026-07-24 10:10:31,0.06,0.16,0.40,8.60,327.67,10.69,71.05,918.8333,-103,3.50,-103.0,3.5
4,2026-07-24 10:20:31,0.05,0.13,0.54,21.25,327.67,11.01,70.80,918.7892,-102,2.50,-102.0,2.5
4,2026-07-24 10:30:31,0.06,0.15,0.74,21.75,327.67,12.38,65.63,918.9010,-102,5.75,-102.0,5.75
4,2026-07-24 10:50:31,0.07,0.16,0.45,13.56,327.67,13.33,61.55,918.8436,-101,5.50,-101.0,5.5
4,2026-07-24 11:00:31,0.08,0.21,0.87,35.89,327.67,12.82,63.17,918.8161,-100,5.75,-100.0,5.75
4,2026-07-24 11:10:31,0.08,0.23,1.03,33.65,327.67,13.14,63.02,918.7485,-102,5.00,-102.0,5.0
4,2026-07-24 11:20:31,0.06,0.27,1.14,15.86,327.67,12.67,66.31,918.7393,-101,5.75,-101.0,5.75
4,2026-07-24 11:30:31,0.07,0.21,0.92,28.93,327.67,12.91,65.92,918.7026,-101,4.25,-101.0,4.25
4,2026-07-24 11:40:31,0.05,0.21,0.86,17.86,327.67,13.16,63.98,918.6753,-102,3.75,-102.0,3.75
4,2026-07-24 11:50:31,0.07,0.32,1.67,23.23,327.67,13.15,64.68,918.7342,-101,5.00,-101.0,5.0
4,2026-07-24 12:00:31,0.09,0.28,2.24,40.19,327.67,14.14,60.20,918.7550,-102,4.00,-102.0,4.0
4,2026-07-24 12:10:31,0.08,0.29,1.72,31.18,327.67,14.47,60.87,918.7239,-100,5.75,-100.0,5.75
4,2026-07-24 12:20:31,0.07,0.21,0.89,32.95,327.67,14.81,59.48,918.7296,-101,6.00,-101.0,6.0
4,2026-07-24 12:30:31,0.13,0.58,3.47,51.52,327.67,14.67,61.22,918.6104,-100,5.50,-100.0,5.5
4,2026-07-24 12:40:31,0.12,0.40,1.36,30.86,327.67,13.70,65.03,918.7352,-104,3.75,-104.0,3.75
4,2026-07-24 12:50:31,0.08,0.34,2.32,43.46,327.67,14.58,61.95,918.7613,-103,3.75,-103.0,3.75
4,2026-07-24 13:00:31,0.08,0.31,1.99,32.87,327.67,16.04,56.99,918.8563,-100,5.75,-100.0,5.75
4,2026-07-24 13:20:31,0.10,0.62,6.13,61.19,327.67,17.27,54.69,918.7268,-100,6.50,-100.0,6.5
4,2026-07-24 13:30:31,0.07,0.21,1.18,36.82,327.67,16.68,55.81,918.7898,-101,6.00,-101.0,6.0
4,2026-07-24 13:40:31,0.07,0.25,2.28,67.44,327.67,15.57,57.14,918.8720,-100,5.75,-100.0,5.75
4,2026-07-24 13:50:31,0.07,0.23,1.36,37.28,327.67,15.12,61.03,918.8790,-100,5.25,-100.0,5.25
4,2026-07-24 14:00:31,0.06,0.24,1.24,31.11,327.67,16.58,56.96,918.9201,-100,3.75,-100.0,3.75
4,2026-07-24 14:10:31,0.05,0.12,0.90,16.85,327.67,17.90,48.57,919.0085,-103,3.50,-103.0,3.5
4,2026-07-24 14:20:31,0.04,0.13,0.60,20.14,327.67,18.11,47.83,919.0921,-102,4.00,-102.0,4.0
4,2026-07-24 14:30:31,0.04,0.11,1.07,23.52,327.67,18.29,45.92,919.1304,-104,2.75,-104.0,2.75
4,2026-07-24 14:40:31,0.07,0.54,5.68,87.49,327.67,19.31,44.90,919.0344,-104,2.25,-104.0,2.25
4,2026-07-24 14:50:31,0.11,1.32,16.96,210.47,327.67,20.40,43.16,919.0513,-105,0.75,-105.0,0.75
4,2026-07-24 15:00:31,0.31,5.13,61.23,327.67,327.67,18.94,45.97,918.9192,-104,3.00,-104.0,3.0
4,2026-07-24 15:10:31,0.37,6.14,67.76,327.67,327.67,19.46,45.36,918.8488,-102,3.75,-102.0,3.75
4,2026-07-24 15:20:31,0.69,7.92,78.88,327.67,327.67,18.92,44.06,918.8919,-101,2.75,-101.0,2.75
4,2026-07-24 15:30:31,0.08,0.24,1.38,41.47,327.67,21.32,39.12,918.9810,-104,2.75,-104.0,2.75
4,2026-07-24 15:40:31,0.14,1.74,16.88,327.67,327.67,20.93,37.89,918.9765,-104,2.75,-104.0,2.75
4,2026-07-24 15:50:31,0.19,1.99,23.71,316.34,327.67,18.76,40.83,919.0894,-100,4.50,-100.0,4.5
4,2026-07-24 16:00:31,0.76,12.84,136.14,327.67,327.67,17.31,43.66,919.1377,-103,4.00,-103.0,4.0
4,2026-07-24 16:10:31,0.51,8.93,94.00,327.67,327.67,16.49,44.87,919.3363,-102,2.50,-102.0,2.5
4,2026-07-24 16:20:31,2.81,51.14,327.67,327.67,327.67,16.70,47.52,919.3424,-99,5.75,-99.0,5.75
4,2026-07-24 16:30:31,1.21,22.12,211.34,327.67,327.67,15.89,50.78,919.4922,-104,4.25,-104.0,4.25
4,2026-07-24 16:50:31,1.86,34.31,295.95,327.67,327.67,17.58,44.34,919.5956,-101,5.00,-101.0,5.0
4,2026-07-24 17:00:31,2.19,42.55,327.67,327.67,327.67,15.63,48.05,919.5669,-101,5.50,-101.0,5.5
4,2026-07-24 17:10:31,1.41,26.87,294.15,327.67,327.67,15.83,44.70,919.8217,-103,4.00,-103.0,4.0
4,2026-07-24 17:20:31,8.59,225.98,327.67,327.67,327.67,15.26,49.50,920.0024,-101,4.75,-101.0,4.75
4,2026-07-24 17:30:31,1.88,34.77,298.75,327.67,327.67,15.02,49.82,920.2044,-104,3.25,-104.0,3.25
4,2026-07-24 17:40:31,1.84,32.24,294.72,327.67,327.67,15.05,51.23,920.1592,-103,4.50,-103.0,4.5
4,2026-07-24 17:50:31,1.74,33.41,266.28,327.67,327.67,15.79,49.39,920.3681,-104,3.75,-104.0,3.75
4,2026-07-24 18:00:31,1.46,26.15,229.67,327.67,327.67,14.34,54.76,920.4639,-100,5.50,-100.0,5.5
4,2026-07-24 18:10:31,0.20,1.75,16.93,327.67,327.67,14.67,50.20,920.6614,-102,5.25,-102.0,5.25
4,2026-07-24 18:20:31,1.56,29.19,247.37,327.67,327.67,16.00,49.02,920.7765,-103,3.25,-103.0,3.25
4,2026-07-24 18:30:31,2.16,40.63,327.67,327.67,327.67,15.46,53.32,920.7286,-102,4.50,-102.0,4.5
4,2026-07-24 18:40:31,2.04,37.16,286.68,327.67,327.67,14.82,52.17,920.8698,-101,5.00,-101.0,5.0
4,2026-07-24 18:50:31,0.70,11.18,86.35,327.67,327.67,15.29,50.42,920.9719,-100,5.00,-100.0,5.0
4,2026-07-24 19:00:31,0.13,1.32,10.55,153.32,327.67,17.22,45.88,921.1540,-103,4.50,-103.0,4.5
4,2026-07-24 19:10:31,0.71,12.14,102.07,327.67,327.67,17.84,43.38,921.1613,-105,3.25,-105.0,3.25
4,2026-07-24 19:20:31,0.75,12.77,101.55,327.67,327.67,17.38,44.76,921.2360,-101,5.25,-101.0,5.25
4,2026-07-24 19:30:31,0.32,4.64,36.59,327.67,327.67,16.14,47.29,921.2444,-102,4.50,-102.0,4.5
4,2026-07-24 19:40:31,0.06,0.29,1.60,32.68,327.67,15.97,43.70,921.4107,-101,4.75,-101.0,4.75
4,2026-07-24 19:50:31,0.10,1.01,8.91,75.38,327.67,15.56,47.03,921.5691,-102,5.25,-102.0,5.25
4,2026-07-24 20:00:31,1.09,19.19,151.12,327.67,327.67,15.92,45.20,921.5390,-104,3.25,-104.0,3.25
4,2026-07-24 20:10:31,0.10,0.67,4.89,86.98,327.67,14.87,45.69,921.6011,-104,4.00,-104.0,4.0
4,2026-07-24 20:20:31,0.63,10.91,89.62,327.67,327.67,14.68,46.92,921.6796,-102,4.00,-102.0,4.0
4,2026-07-24 20:30:31,0.09,0.75,6.09,158.74,327.67,14.31,45.27,921.8555,-102,4.75,-102.0,4.75
4,2026-07-24 20:40:31,0.09,0.41,3.71,92.11,327.67,14.88,43.58,922.0844,-102,4.50,-102.0,4.5
4,2026-07-24 20:50:31,0.16,1.43,8.68,125.34,327.67,14.58,44.74,922.2488,-103,4.50,-103.0,4.5
4,2026-07-24 21:00:31,0.07,0.44,5.32,43.68,327.67,14.54,46.96,922.4394,-105,3.50,-105.0,3.5
4,2026-07-24 21:10:31,0.17,1.81,13.04,283.50,327.67,13.62,48.40,922.6344,-102,4.50,-102.0,4.5
4,2026-07-24 21:20:31,0.12,1.20,8.03,71.34,327.67,13.41,47.80,922.8006,-105,1.50,-105.0,1.5
4,2026-07-24 21:30:31,0.16,1.82,13.73,131.99,327.67,13.14,49.84,922.9612,-102,5.50,-102.0,5.5
4,2026-07-24 21:40:31,0.06,0.25,2.37,38.96,327.67,12.80,48.48,923.1646,-101,5.50,-101.0,5.5
4,2026-07-24 21:50:31,0.16,1.19,11.00,130.32,327.67,12.85,48.90,923.2934,-101,5.75,-101.0,5.75
4,2026-07-24 22:00:31,0.07,0.27,2.52,41.18,327.67,12.41,51.42,923.4742,-102,5.25,-102.0,5.25
4,2026-07-24 22:20:31,0.13,1.44,11.84,106.62,327.67,10.23,59.85,923.7875,-102,3.50,-102.0,3.5
4,2026-07-24 22:30:31,0.13,1.57,11.32,194.57,327.67,10.24,59.64,923.9854,-102,4.25,-102.0,4.25
4,2026-07-24 22:40:31,0.06,0.38,2.56,33.25,327.67,10.38,59.16,924.0415,-102,3.75,-102.0,3.75
4,2026-07-24 22:50:31,0.08,0.36,2.76,34.91,327.67,11.39,55.82,924.1764,-103,4.75,-103.0,4.75
4,2026-07-24 23:00:31,0.07,0.24,0.74,15.22,327.67,11.26,55.76,924.2771,-101,6.50,-101.0,6.5
4,2026-07-24 23:10:31,0.06,0.24,1.25,28.67,327.67,11.22,55.48,924.3607,-100,5.00,-100.0,5.0
4,2026-07-24 23:20:31,0.06,0.21,1.27,26.23,327.67,10.91,56.51,924.5150,-100,5.50,-100.0,5.5
4,2026-07-24 23:30:31,0.14,1.54,13.70,222.38,327.67,9.36,63.98,924.6144,-103,3.00,-103.0,3.0
4,2026-07-24 23:50:31,0.08,0.58,4.06,55.11,327.67,9.20,65.05,924.7471,-100,4.50,-100.0,4.5
4,2026-07-25 00:00:31,0.13,1.47,10.34,265.14,327.67,8.89,66.62,924.8403,-102,4.00,-102.0,4.0
4,2026-07-25 00:10:31,0.05,0.35,2.45,36.73,327.67,8.93,65.98,924.9567,-100,6.50,-100.0,6.5
4,2026-07-25 00:20:31,0.07,0.30,1.68,56.32,327.67,8.95,66.41,924.9958,-101,5.50,-101.0,5.5
4,2026-07-25 00:40:31,0.07,0.33,2.09,51.46,327.67,8.86,66.70,925.0795,-102,3.75,-102.0,3.75
4,2026-07-25 00:50:31,0.06,0.19,0.71,16.03,327.67,8.94,66.83,925.1572,-103,3.75,-103.0,3.75
4,2026-07-25 01:00:31,0.05,0.12,0.58,27.11,327.67,8.66,68.17,925.2366,-101,5.75,-101.0,5.75
4,2026-07-25 01:10:31,0.05,0.19,1.17,20.05,327.67,8.54,68.81,925.3307,-100,6.00,-100.0,6.0
4,2026-07-25 01:20:31,0.05,0.17,0.49,11.67,327.67,8.36,69.48,925.4706,-102,4.75,-102.0,4.75
4,2026-07-25 01:30:31,0.06,0.14,0.56,27.82,327.67,9.07,65.76,925.5673,-102,5.75,-102.0,5.75
4,2026-07-25 01:40:31,0.05,0.11,0.39,20.20,327.67,9.79,63.14,925.6254,-98,6.75,-98.0,6.75
4,2026-07-25 01:50:31,0.07,0.16,0.55,7.75,327.67,9.86,62.80,925.6812,-102,4.00,-102.0,4.0
4,2026-07-25 02:00:31,0.07,0.20,1.05,21.11,327.67,9.81,62.86,925.7063,-101,5.25,-101.0,5.25
4,2026-07-25 02:10:31,0.05,0.17,0.68,14.70,327.67,8.92,65.04,925.6822,-103,3.75,-103.0,3.75
4,2026-07-25 02:20:31,0.08,0.33,1.66,30.23,327.67,9.47,63.01,925.7590,-101,5.00,-101.0,5.0
4,2026-07-25 02:30:31,0.08,0.58,4.01,39.99,327.67,8.47,67.23,925.7712,-100,5.50,-100.0,5.5
4,2026-07-25 02:40:31,0.07,0.17,0.79,21.05,327.67,8.55,66.81,925.8840,-101,4.75,-101.0,4.75
4,2026-07-25 02:50:31,0.09,0.21,0.81,26.46,327.67,9.42,64.51,925.9366,-100,5.25,-100.0,5.25
4,2026-07-25 03:00:31,0.08,0.34,1.75,67.65,327.67,9.36,64.38,925.9843,-102,4.25,-102.0,4.25
4,2026-07-25 03:20:31,0.10,0.38,2.05,78.61,327.67,8.88,66.24,926.1359,-103,3.75,-103.0,3.75
4,2026-07-25 03:40:31,0.08,0.23,1.67,60.22,327.67,8.76,66.76,926.2226,-101,6.00,-101.0,6.0
4,2026-07-25 03:50:31,0.07,0.31,1.58,41.58,327.67,8.78,67.08,926.1724,-101,5.25,-101.0,5.25
4,2026-07-25 04:00:31,0.07,0.27,1.23,18.81,327.67,8.22,68.75,926.1546,-100,6.00,-100.0,6.0
4,2026-07-25 04:20:31,0.07,0.30,1.75,24.79,327.67,7.68,71.14,926.0428,-102,4.25,-102.0,4.25
4,2026-07-25 04:30:31,0.06,0.21,1.32,19.47,327.67,7.65,71.48,926.0831,-102,4.25,-102.0,4.25
4,2026-07-25 04:40:31,0.06,0.19,1.03,25.67,327.67,7.71,71.79,926.1534,-100,5.50,-100.0,5.5
4,2026-07-25 04:50:31,0.05,0.17,0.69,17.94,327.67,7.58,72.47,926.1492,-100,6.00,-100.0,6.0
4,2026-07-25 05:20:31,0.06,0.14,0.53,17.79,327.67,7.87,71.36,926.2525,-103,2.75,-103.0,2.75
4,2026-07-25 05:30:31,0.07,0.30,1.73,57.55,327.67,7.84,71.74,926.2176,-99,5.50,-99.0,5.5
4,2026-07-25 05:40:31,0.07,0.16,0.29,4.83,327.67,7.93,71.56,926.3086,-103,4.25,-103.0,4.25
4,2026-07-25 05:50:31,0.06,0.14,0.80,25.34,327.67,8.13,71.09,926.2785,-103,4.50,-103.0,4.5
4,2026-07-25 06:00:31,0.06,0.15,0.47,12.77,327.67,8.27,70.13,926.3312,-98,6.00,-98.0,6.0
4,2026-07-25 06:20:31,0.06,0.12,0.60,20.56,327.67,8.85,68.68,926.3638,-101,6.00,-101.0,6.0
4,2026-07-25 06:30:31,0.07,0.15,0.80,30.61,327.67,8.82,68.00,926.3403,-103,4.00,-103.0,4.0
4,2026-07-25 06:40:31,0.06,0.17,0.72,18.22,327.67,8.83,68.27,926.4032,-102,3.50,-102.0,3.5
4,2026-07-25 06:50:31,0.05,0.12,0.27,6.35,327.67,7.99,71.58,926.3682,-101,4.50,-101.0,4.5
4,2026-07-25 07:00:31,0.07,0.16,0.76,26.23,327.67,8.23,70.66,926.4038,-102,5.00,-102.0,5.0
4,2026-07-25 07:10:31,0.05,0.12,0.53,10.71,327.67,8.36,70.12,926.4108,-101,5.00,-101.0,5.0
4,2026-07-25 07:20:31,0.08,0.16,0.67,25.44,327.67,8.56,69.94,926.4272,-102,5.00,-102.0,5.0
4,2026-07-25 07:30:31,0.06,0.16,0.41,8.14,327.67,8.83,68.09,926.4171,-102,5.00,-102.0,5.0
4,2026-07-25 07:40:31,0.07,0.17,1.19,32.68,327.67,9.18,67.24,926.3812,-101,4.75,-101.0,4.75
4,2026-07-25 07:50:31,0.07,0.14,0.39,10.02,327.67,9.26,66.29,926.3565,-103,5.25,-103.0,5.25
4,2026-07-25 08:00:31,0.07,0.19,1.29,38.90,327.67,9.22,65.63,926.3636,-99,6.00,-99.0,6.0
4,2026-07-25 08:10:31,0.06,0.16,0.38,6.75,327.67,9.85,64.59,926.3964,-101,3.00,-101.0,3.0
4,2026-07-25 08:20:31,0.07,0.17,0.61,16.51,327.67,9.75,66.11,926.3770,-100,5.00,-100.0,5.0
4,2026-07-25 08:30:31,0.05,0.09,0.32,7.04,327.67,9.04,68.08,926.3226,-103,3.75,-103.0,3.75
4,2026-07-25 08:40:31,0.05,0.13,0.67,19.13,327.67,9.61,67.28,926.3433,-100,5.25,-100.0,5.25
4,2026-07-25 08:50:31,0.06,0.12,0.47,16.52,327.67,10.39,63.80,926.4076,-103,4.00,-103.0,4.0
4,2026-07-25 09:00:31,0.07,0.17,1.13,31.49,327.67,10.59,62.18,926.3629,-101,6.00,-101.0,6.0
4,2026-07-25 09:10:31,0.07,0.16,0.98,39.06,327.67,10.81,61.93,926.2864,-102,3.75,-102.0,3.75
4,2026-07-25 09:20:31,0.07,0.18,1.50,33.27,327.67,11.23,60.37,926.2384,-101,4.75,-101.0,4.75
4,2026-07-25 09:30:31,0.06,0.16,0.68,23.26,327.67,11.60,59.92,926.1652,-101,5.25,-101.0,5.25
4,2026-07-25 09:50:31,0.08,0.16,0.89,24.75,327.67,11.97,57.59,926.1098,-99,6.50,-99.0,6.5
4,2026-07-25 10:00:31,0.06,0.14,0.47,20.76,327.67,11.58,58.22,926.1032,-101,5.50,-101.0,5.5
4,2026-07-25 10:10:31,0.07,0.16,0.95,26.89,327.67,12.10,57.67,926.0989,-101,6.00,-101.0,6.0
4,2026-07-25 10:20:31,0.06,0.16,0.92,23.83,327.67,12.08,58.01,926.0629,-102,5.50,-102.0,5.5
4,2026-07-25 10:40:31,0.20,2.61,18.74,255.55,327.67,10.30,67.06,925.8425,-101,4.75,-101.0,4.75
4,2026-07-25 10:50:31,0.17,1.74,13.46,109.71,327.67,9.27,71.14,925.7917,-100,5.50,-100.0,5.5
4,2026-07-25 11:00:31,0.07,0.31,2.10,21.35,327.67,8.84,71.85,925.7442,-101,6.00,-101.0,6.0
4,2026-07-25 11:10:31,0.15,1.48,11.39,128.61,327.67,9.47,70.53,925.7304,-101,5.25,-101.0,5.25
4,2026-07-25 11:20:31,0.09,0.79,5.48,100.75,327.67,10.56,65.68,925.7836,-102,4.50,-102.0,4.5
4,2026-07-25 11:40:31,0.06,0.13,0.89,29.59,327.67,12.32,58.62,925.6998,-103,5.25,-103.0,5.25
4,2026-07-25 11:50:31,0.06,0.12,0.88,24.93,327.67,12.68,56.94,925.6151,-102,5.50,-102.0,5.5
4,2026-07-25 12:00:31,0.12,0.32,1.04,18.92,327.67,12.00,59.89,925.6022,-102,5.00,-102.0,5.0
4,2026-07-25 12:40:31,0.17,2.44,18.68,161.51,327.67,9.99,68.93,925.3852,-101,4.75,-101.0,4.75
4,2026-07-25 12:50:31,0.23,3.34,23.67,111.48,327.67,10.24,68.62,925.3034,-101,3.75,-101.0,3.75
4,2026-07-25 13:00:31,0.06,0.23,1.80,24.08,327.67,9.81,69.48,925.2993,-101,5.00,-101.0,5.0
4,2026-07-25 13:20:31,0.21,2.98,21.49,155.27,327.67,10.35,67.13,925.2279,-103,4.25,-103.0,4.25
4,2026-07-25 13:30:31,0.12,1.34,7.58,73.75,327.67,10.42,66.43,925.2752,-101,5.75,-101.0,5.75
4,2026-07-25 13:40:31,0.09,0.49,5.94,46.90,327.67,11.93,62.32,925.2001,-100,6.00,-100.0,6.0
4,2026-07-25 13:50:31,0.06,0.34,2.11,30.93,327.67,14.17,55.23,925.0783,-102,5.50,-102.0,5.5
4,2026-07-25 14:00:31,0.09,0.46,3.98,90.17,327.67,13.89,56.41,924.9425,-102,5.00,-102.0,5.0
4,2026-07-25 14:10:31,0.06,0.30,2.14,23.25,327.67,13.51,59.72,924.8163,-101,5.25,-101.0,5.25
4,2026-07-25 14:40:31,0.19,3.06,28.61,327.67,327.67,15.31,54.15,924.5173,-102,4.25,-102.0,4.25
4,2026-07-25 14:50:31,0.28,5.60,52.61,327.67,327.67,14.13,55.08,924.4048,-102,4.25,-102.0,4.25
4,2026-07-25 15:00:31,0.42,9.10,83.00,327.67,327.67,13.13,58.57,924.2290,-101,5.25,-101.0,5.25
4,2026-07-25 15:10:31,0.45,9.28,84.00,327.67,327.67,13.69,56.45,924.1718,-103,3.50,-103.0,3.5
4,2026-07-25 15:20:31,0.29,5.79,57.55,327.67,327.67,13.60,55.37,924.0689,-103,4.50,-103.0,4.5
4,2026-07-25 15:30:31,0.35,7.12,68.63,327.67,327.67,13.41,55.71,923.9713,-102,3.75,-102.0,3.75
4,2026-07-25 15:40:31,0.32,6.65,64.55,327.67,327.67,13.97,54.65,923.8278,-102,5.00,-102.0,5.0
4,2026-07-25 15:50:31,1.05,22.98,208.87,327.67,327.67,14.10,54.86,923.6533,-102,5.50,-102.0,5.5
4,2026-07-25 16:00:31,1.46,33.51,327.67,327.67,327.67,15.20,53.25,923.5757,-104,2.50,-104.0,2.5
4,2026-07-25 16:10:31,1.62,35.13,310.79,327.67,327.67,14.94,53.66,923.5131,-102,4.75,-102.0,4.75
4,2026-07-25 16:20:31,1.22,26.00,221.83,327.67,327.67,14.14,54.63,923.4311,-104,3.75,-104.0,3.75
4,2026-07-25 16:30:31,1.02,20.28,161.12,327.67,327.67,14.01,54.78,923.4206,-103,4.25,-103.0,4.25
4,2026-07-25 16:40:31,0.56,10.71,87.21,327.67,327.67,12.82,56.97,923.3816,-104,3.25,-104.0,3.25
4,2026-07-25 16:50:31,0.52,9.66,68.48,327.67,327.67,12.55,57.01,923.3158,-104,4.50,-104.0,4.5
4,2026-07-25 17:00:31,0.32,5.68,44.88,327.67,327.67,12.88,57.62,923.2144,-101,5.75,-101.0,5.75
4,2026-07-25 17:10:31,0.23,3.82,25.80,327.67,327.67,13.44,57.25,923.1148,-101,5.50,-101.0,5.5
4,2026-07-25 17:20:31,0.08,0.85,8.95,57.49,327.67,14.31,53.75,923.1111,-103,4.75,-103.0,4.75
4,2026-07-25 17:30:31,0.11,1.28,11.98,85.41,327.67,15.98,49.03,923.0881,-103,4.50,-103.0,4.5
4,2026-07-25 17:40:31,0.18,2.97,24.49,327.67,327.67,16.52,48.09,922.9793,-103,4.25,-103.0,4.25
4,2026-07-25 17:50:31,0.06,0.45,4.08,49.89,327.67,15.84,49.76,922.9647,-105,4.00,-105.0,4.0
4,2026-07-25 18:00:31,0.08,0.81,6.93,102.31,327.67,15.30,49.78,922.8388,-104,2.00,-104.0,2.0
4,2026-07-25 18:10:31,0.07,0.66,5.20,67.08,327.67,15.72,48.62,922.7479,-102,4.75,-102.0,4.75
4,2026-07-25 18:20:31,0.29,5.07,40.18,327.67,327.67,17.61,44.55,922.6014,-104,4.50,-104.0,4.5
4,2026-07-25 18:30:31,0.19,2.92,24.06,327.67,327.67,18.56,40.79,922.4895,-103,4.00,-103.0,4.0
4,2026-07-25 18:40:31,0.38,5.81,51.47,327.67,327.67,16.73,44.55,922.4256,-102,5.00,-102.0,5.0
4,2026-07-25 18:50:31,0.06,0.16,0.61,15.44,327.67,16.54,45.78,922.3979,-105,2.50,-105.0,2.5
4,2026-07-25 19:00:31,0.08,0.45,3.17,105.86,327.67,16.68,46.21,922.3363,-103,3.50,-103.0,3.5
4,2026-07-25 19:20:31,0.05,0.27,2.05,40.70,327.67,15.18,49.35,922.2466,-104,3.25,-104.0,3.25
4,2026-07-25 19:30:31,0.07,0.58,4.53,147.23,327.67,14.73,51.04,922.2191,-104,4.00,-104.0,4.0
4,2026-07-25 19:40:31,0.17,2.65,20.08,327.67,327.67,14.49,51.78,922.1727,-104,2.75,-104.0,2.75
4,2026-07-25 19:50:31,0.05,0.21,1.33,17.57,327.67,14.15,52.50,922.1292,-105,3.50,-105.0,3.5
4,2026-07-25 20:00:31,0.05,0.19,1.27,23.68,327.67,13.97,53.00,922.1152,-102,4.00,-102.0,4.0
4,2026-07-25 20:10:31,0.06,0.17,0.66,26.30,327.67,13.85,53.21,922.0450,-104,3.50,-104.0,3.5
4,2026-07-25 20:20:31,0.05,0.14,0.46,10.23,327.67,13.83,53.01,922.0810,-104,3.25,-104.0,3.25
4,2026-07-25 20:30:31,0.05,0.09,0.62,24.75,327.67,13.93,50.70,922.0010,-104,2.75,-104.0,2.75
4,2026-07-25 20:40:31,0.05,0.10,0.60,17.98,327.67,14.38,49.23,921.9796,-104,2.75,-104.0,2.75
4,2026-07-25 20:50:31,0.09,0.17,0.66,16.84,327.67,14.97,49.82,922.0243,-104,3.25,-104.0,3.25
4,2026-07-25 21:00:31,0.06,0.10,0.51,32.26,327.67,15.21,49.08,922.0191,-103,4.25,-103.0,4.25
4,2026-07-25 21:10:31,0.06,0.14,0.65,16.93,327.67,15.03,47.12,921.9681,-104,3.50,-104.0,3.5
4,2026-07-25 21:20:31,0.05,0.11,0.35,10.44,327.67,14.92,48.15,921.9356,-104,3.25,-104.0,3.25
4,2026-07-25 21:30:31,0.06,0.17,0.76,17.99,327.67,14.95,47.58,921.9296,-103,3.50,-103.0,3.5
4,2026-07-25 21:40:31,0.06,0.13,0.53,19.29,327.67,15.01,49.28,921.9538,-103,3.50,-103.0,3.5
4,2026-07-25 21:50:31,0.06,0.13,0.22,3.17,327.67,14.71,51.40,921.9457,-103,4.00,-103.0,4.0
4,2026-07-25 22:00:31,0.07,0.23,1.78,30.01,327.67,14.07,54.10,921.8935,-104,3.75,-104.0,3.75
4,2026-07-25 22:10:31,0.07,0.17,0.75,25.96,327.67,13.76,55.49,921.8650,-103,3.50,-103.0,3.5
4,2026-07-25 22:20:31,0.07,0.19,0.98,26.37,327.67,13.76,56.42,921.8915,-103,3.75,-103.0,3.75
4,2026-07-25 22:30:31,0.06,0.14,0.90,32.95,327.67,13.75,56.98,921.8605,-103,4.25,-103.0,4.25
4,2026-07-25 22:40:31,0.07,0.32,1.87,77.17,327.67,13.48,57.03,921.8743,-104,3.75,-104.0,3.75
4,2026-07-25 22:50:31,0.06,0.14,0.44,11.04,327.67,13.36,57.66,921.9185,-102,4.00,-102.0,4.0
4,2026-07-25 23:10:31,0.09,0.24,0.80,8.77,327.67,12.94,60.58,922.0215,-103,3.00,-103.0,3.0
4,2026-07-25 23:20:31,0.06,0.17,1.47,26.15,327.67,12.46,60.76,922.0630,-104,2.50,-104.0,2.5
4,2026-07-25 23:30:31,0.08,0.18,0.63,13.46,327.67,12.54,58.64,922.1138,-103,4.75,-103.0,4.75
4,2026-07-25 23:40:31,0.07,0.18,0.77,26.07,327.67,12.79,59.15,922.1738,-103,3.00,-103.0,3.0
4,2026-07-25 23:50:31,0.11,0.31,1.66,32.48,327.67,12.62,60.94,922.1739,-103,3.00,-103.0,3.0
4,2026-07-26 00:00:31,0.12,0.34,2.06,73.29,327.67,12.33,62.25,922.1584,-102,4.25,-102.0,4.25
4,2026-07-26 00:10:31,0.10,0.22,1.22,30.77,327.67,12.10,63.16,922.1577,-102,5.00,-102.0,5.0
4,2026-07-26 00:20:31,0.10,0.21,1.01,26.84,327.67,12.01,63.31,922.1127,-102,4.50,-102.0,4.5
4,2026-07-26 00:30:31,0.11,0.26,1.23,39.70,327.67,12.11,62.00,922.1397,-103,2.75,-103.0,2.75
4,2026-07-26 00:40:31,0.11,0.23,0.92,27.78,327.67,11.86,62.60,922.1212,-102,3.75,-102.0,3.75
4,2026-07-26 00:50:31,0.13,0.29,0.78,14.04,327.67,11.89,61.94,922.0903,-102,4.25,-102.0,4.25
4,2026-07-26 01:00:31,0.11,0.25,0.62,12.28,327.67,11.25,63.31,921.9982,-104,4.00,-104.0,4.0
4,2026-07-26 01:10:30,0.08,0.14,0.74,16.12,327.67,11.49,60.86,921.9746,-102,4.25,-102.0,4.25
4,2026-07-26 01:20:30,0.11,0.27,1.05,25.63,327.67,11.66,61.55,922.0277,-102,4.25,-102.0,4.25
4,2026-07-26 01:30:30,0.12,0.25,1.00,21.76,327.67,12.00,59.99,922.0402,-103,4.25,-103.0,4.25
4,2026-07-26 01:40:31,0.11,0.27,1.41,30.33,327.67,11.65,62.40,922.1150,-102,4.25,-102.0,4.25
4,2026-07-26 01:50:31,0.12,0.26,0.95,20.05,327.67,11.37,64.00,922.1421,-102,3.75,-102.0,3.75
4,2026-07-26 02:00:30,0.11,0.22,0.76,12.36,327.67,11.25,65.62,922.2475,-102,1.75,-102.0,1.75
4,2026-07-26 02:10:31,0.16,0.41,1.12,14.83,327.67,11.34,65.03,922.2490,-102,4.75,-102.0,4.75
4,2026-07-26 02:20:31,0.14,0.36,1.41,14.79,327.67,10.82,66.10,922.3032,-103,4.25,-103.0,4.25
4,2026-07-26 02:30:30,0.13,0.31,1.16,24.49,327.67,10.58,66.78,922.3997,-102,4.00,-102.0,4.0
4,2026-07-26 02:40:30,0.14,0.33,0.82,17.30,327.67,10.46,67.43,922.4325,-101,5.25,-101.0,5.25
4,2026-07-26 02:50:30,0.19,0.76,4.02,62.45,327.67,10.59,62.76,922.2486,-102,4.50,-102.0,4.5
4,2026-07-26 03:00:30,0.20,0.58,1.89,24.64,327.67,10.21,65.92,922.2658,-103,3.75,-103.0,3.75
4,2026-07-26 03:20:30,0.14,0.29,0.87,12.01,327.67,11.02,61.46,922.2548,-103,4.00,-103.0,4.0
4,2026-07-26 03:30:30,0.13,0.28,0.69,6.89,327.67,11.20,62.43,922.2758,-102,3.75,-102.0,3.75
4,2026-07-26 03:40:30,0.15,0.33,2.08,40.81,327.67,11.07,64.16,922.3232,-102,4.00,-102.0,4.0
4,2026-07-26 03:50:30,0.18,0.36,1.14,18.29,327.67,10.24,66.91,922.3962,-101,4.25,-101.0,4.25
4,2026-07-26 04:00:30,0.17,0.31,0.49,7.21,327.67,10.21,68.32,922.4074,-103,4.00,-103.0,4.0
4,2026-07-26 04:10:30,0.14,0.24,0.68,11.47,327.67,10.30,68.02,922.4154,-102,4.50,-102.0,4.5
4,2026-07-26 04:20:30,0.16,0.36,1.38,24.79,327.67,10.29,69.32,922.3853,-103,4.00,-103.0,4.0
4,2026-07-26 04:30:31,0.15,0.34,0.97,17.83,327.67,10.08,70.07,922.3999,-102,3.75,-102.0,3.75
4,2026-07-26 04:40:30,0.14,0.26,0.72,28.55,327.67,10.16,68.45,922.4994,-103,3.25,-103.0,3.25
4,2026-07-26 04:50:31,0.15,0.31,1.01,18.73,327.67,10.30,68.46,922.5674,-102,3.75,-102.0,3.75
4,2026-07-26 05:00:30,0.17,0.37,1.05,21.26,327.67,9.92,70.13,922.5636,-103,3.00,-103.0,3.0
4,2026-07-26 05:10:30,0.16,0.34,1.01,29.13,327.67,9.94,70.56,922.5469,-103,3.75,-103.0,3.75
4,2026-07-26 05:20:30,0.19,0.41,1.34,19.34,327.67,10.04,70.85,922.5811,-103,3.50,-103.0,3.5
4,2026-07-26 05:30:30,0.17,0.31,0.87,19.98,327.67,10.10,69.63,922.6078,-104,4.50,-104.0,4.5
4,2026-07-26 05:50:30,0.17,0.32,0.93,16.60,327.67,10.11,69.48,922.7459,-103,3.25,-103.0,3.25
4,2026-07-26 06:00:30,0.18,0.38,1.17,13.36,327.67,10.36,68.50,922.7699,-103,2.75,-103.0,2.75
4,2026-07-26 07:00:30,0.13,0.30,1.32,16.63,327.67,10.55,66.14,922.9826,-104,4.00,-104.0,4.0
4,2026-07-26 07:10:30,0.14,0.32,1.30,17.45,327.67,10.48,67.00,923.0378,-103,4.25,-103.0,4.25
4,2026-07-26 07:20:30,0.13,0.32,1.43,29.05,327.67,10.45,67.51,923.0464,-103,3.75,-103.0,3.75
4,2026-07-26 07:30:30,0.14,0.34,1.24,23.26,327.67,10.65,66.94,923.0162,-103,3.75,-103.0,3.75
4,2026-07-26 07:40:30,0.16,0.36,1.36,13.74,327.67,10.46,67.48,923.0510,-104,3.00,-104.0,3.0
4,2026-07-26 07:50:30,0.16,0.35,0.95,17.46,327.67,10.32,68.75,923.0717,-104,3.00,-104.0,3.0
4,2026-07-26 08:00:30,0.15,0.40,1.54,18.32,327.67,10.24,68.59,923.0798,-104,1.75,-104.0,1.75
4,2026-07-26 08:10:30,0.15,0.35,1.35,29.10,327.67,10.45,68.19,923.0769,-104,2.00,-104.0,2.0
4,2026-07-26 08:20:30,0.12,0.31,1.24,24.29,327.67,10.51,66.41,923.0970,-103,3.25,-103.0,3.25
4,2026-07-26 08:40:30,0.14,0.36,1.27,16.98,327.67,10.79,65.93,923.1182,-104,3.50,-104.0,3.5
4,2026-07-26 09:00:30,0.13,0.35,1.81,23.85,327.67,10.75,66.78,923.0365,-104,3.25,-104.0,3.25
4,2026-07-26 10:10:30,0.12,0.29,1.57,30.76,327.67,12.30,60.40,922.9057,-103,3.25,-103.0,3.25
4,2026-07-26 10:30:30,0.11,0.29,1.03,17.33,327.67,12.89,58.24,922.8897,-104,2.75,-104.0,2.75
4,2026-07-26 10:40:30,0.11,0.25,1.25,32.48,327.67,13.24,56.90,922.8917,-104,2.75,-104.0,2.75
4,2026-07-26 10:50:30,0.11,0.30,1.20,11.76,327.67,13.93,55.74,922.8099,-104,3.00,-104.0,3.0
4,2026-07-26 11:00:30,0.10,0.24,1.41,30.68,327.67,15.84,51.30,922.7195,-104,2.50,-104.0,2.5
4,2026-07-26 11:10:30,0.09,0.22,1.00,30.44,327.67,16.84,47.69,922.5558,-103,3.75,-103.0,3.75
4,2026-07-26 11:30:30,0.09,0.25,1.10,16.26,327.67,16.02,49.75,922.4777,-103,3.25,-103.0,3.25
4,2026-07-26 11:40:30,0.09,0.22,1.18,43.50,327.67,16.05,48.56,922.4722,-103,4.00,-103.0,4.0
4,2026-07-26 11:50:30,0.09,0.21,0.91,16.99,327.67,16.40,48.12,922.4544,-104,4.00,-104.0,4.0
4,2026-07-26 12:00:30,0.10,0.28,1.37,18.39,327.67,16.76,47.36,922.3832,-104,3.50,-104.0,3.5
4,2026-07-26 12:10:30,0.10,0.25,0.74,11.14,327.67,16.75,46.41,922.3296,-103,3.25,-103.0,3.25
4,2026-07-26 12:20:30,0.10,0.25,1.07,31.15,327.67,16.58,47.56,922.3059,-104,2.25,-104.0,2.25
4,2026-07-26 12:30:30,0.09,0.19,0.74,21.72,327.67,16.64,47.85,922.3192,-102,4.25,-102.0,4.25
4,2026-07-26 12:50:30,0.10,0.23,1.17,21.33,327.67,16.76,46.44,922.3001,-103,2.75,-103.0,2.75
4,2026-07-26 13:00:30,0.11,0.25,0.72,16.07,327.67,16.58,48.30,922.3080,-104,2.75,-104.0,2.75
4,2026-07-26 13:10:30,0.10,0.22,0.93,25.84,327.67,16.20,49.50,922.3418,-103,3.75,-103.0,3.75
4,2026-07-26 13:20:30,0.09,0.23,1.00,22.29,327.67,15.83,49.62,922.3438,-104,3.25,-104.0,3.25
4,2026-07-26 13:30:30,0.09,0.22,1.32,24.47,327.67,15.89,48.60,922.3887,-103,3.00,-103.0,3.0
4,2026-07-26 13:50:30,0.10,0.26,1.20,38.40,327.67,16.10,48.20,922.4455,-104,2.75,-104.0,2.75
4,2026-07-26 14:00:30,0.11,0.27,0.91,10.63,327.67,15.97,47.65,922.4221,-103,3.75,-103.0,3.75
4,2026-07-26 14:10:30,0.09,0.24,0.66,10.02,327.67,15.99,46.40,922.4124,-104,2.75,-104.0,2.75
4,2026-07-26 14:20:30,0.09,0.19,0.34,5.99,327.67,16.51,45.74,922.4244,-104,2.75,-104.0,2.75
4,2026-07-26 14:30:30,0.10,0.19,0.76,27.96,327.67,16.57,45.50,922.4763,-104,3.25,-104.0,3.25
4,2026-07-26 14:40:30,0.10,0.21,0.96,28.26,327.67,17.00,43.91,922.5326,-104,2.00,-104.0,2.0
4,2026-07-26 14:50:30,0.10,0.22,0.86,18.09,327.67,17.43,42.48,922.5625,-104,2.75,-104.0,2.75
4,2026-07-26 15:00:30,0.10,0.22,0.61,23.84,327.67,17.89,41.78,922.5672,-104,2.75,-104.0,2.75
4,2026-07-26 15:10:30,0.09,0.19,0.81,23.93,327.67,18.43,40.79,922.5083,-103,3.50,-103.0,3.5
4,2026-07-26 15:20:30,0.10,0.18,0.43,6.79,327.67,18.68,40.38,922.4346,-104,3.50,-104.0,3.5
4,2026-07-26 15:30:30,0.10,0.19,0.51,16.52,327.67,19.30,38.57,922.3799,-103,3.50,-103.0,3.5
4,2026-07-26 15:40:30,0.11,0.25,0.97,25.23,327.67,19.57,38.24,922.3220,-104,2.75,-104.0,2.75
4,2026-07-26 15:50:30,0.10,0.24,1.01,12.37,327.67,19.99,37.11,922.2747,-104,2.25,-104.0,2.25
4,2026-07-26 16:00:30,0.09,0.19,1.09,22.55,327.67,20.33,36.92,922.1936,-103,3.50,-103.0,3.5
4,2026-07-26 16:10:30,0.10,0.20,0.72,22.67,327.67,20.48,36.06,922.1030,-103,3.75,-103.0,3.75
4,2026-07-26 16:20:30,0.11,0.25,1.12,20.90,327.67,20.13,36.22,922.0543,-103,3.50,-103.0,3.5
4,2026-07-26 16:30:30,0.11,0.26,0.97,21.64,327.67,19.61,37.54,921.9851,-104,3.00,-104.0,3.0
4,2026-07-26 16:40:30,0.10,0.23,0.68,11.27,327.67,19.23,38.44,921.9119,-103,2.50,-103.0,2.5
4,2026-07-26 16:50:30,0.10,0.16,0.55,21.08,327.67,18.84,38.62,921.8491,-103,3.00,-103.0,3.0
4,2026-07-26 17:00:30,0.11,0.21,0.64,24.61,327.67,18.49,38.10,921.7354,-103,3.00,-103.0,3.0
4,2026-07-26 17:10:30,0.12,0.21,0.75,16.39,327.67,19.02,36.29,921.6732,-103,3.25,-103.0,3.25
4,2026-07-26 17:20:30,0.12,0.18,0.74,21.50,327.67,19.22,35.59,921.6339,-103,2.75,-103.0,2.75
4,2026-07-26 17:30:30,0.11,0.21,0.63,17.00,327.67,19.21,35.45,921.5873,-103,3.00,-103.0,3.0
4,2026-07-26 17:40:30,0.11,0.21,0.89,23.99,327.67,18.92,35.94,921.4838,-103,3.50,-103.0,3.5
4,2026-07-26 17:50:30,0.11,0.18,1.02,25.72,327.67,19.02,36.02,921.4401,-104,3.00,-104.0,3.0
4,2026-07-26 18:00:30,0.12,0.22,0.94,22.15,327.67,19.55,34.08,921.4065,-104,3.00,-104.0,3.0
4,2026-07-26 18:10:30,0.12,0.21,0.99,22.32,327.67,20.03,33.84,921.3278,-104,3.00,-104.0,3.0
4,2026-07-26 18:20:30,0.12,0.23,0.83,16.84,327.67,21.35,31.90,921.2954,-104,3.00,-104.0,3.0
4,2026-07-26 18:30:30,0.11,0.22,0.65,23.07,327.67,22.20,29.96,921.2510,-104,2.50,-104.0,2.5
4,2026-07-26 18:40:30,0.12,0.24,0.66,14.68,327.67,21.77,29.86,921.2069,-104,2.00,-104.0,2.0
4,2026-07-26 18:50:30,0.12,0.21,0.68,14.23,327.67,21.52,29.86,921.1117,-105,2.00,-105.0,2.0
4,2026-07-26 19:00:30,0.12,0.21,1.12,24.96,327.67,21.30,30.38,921.0448,-105,2.00,-105.0,2.0
4,2026-07-26 19:10:30,0.13,0.19,0.56,18.65,327.67,21.71,28.66,921.0054,-104,2.25,-104.0,2.25
4,2026-07-26 19:20:30,0.14,0.21,0.66,18.56,327.67,21.92,28.45,920.9933,-105,2.00,-105.0,2.0
4,2026-07-26 19:30:30,0.13,0.22,0.66,15.81,327.67,22.22,27.06,920.9780,-104,2.75,-104.0,2.75
4,2026-07-26 19:40:30,0.13,0.22,0.45,5.46,327.67,21.56,28.25,920.9581,-102,3.50,-102.0,3.5
4,2026-07-26 19:50:30,0.12,0.21,0.55,9.60,327.67,20.60,28.45,920.9195,-102,3.50,-102.0,3.5
4,2026-07-26 20:00:30,0.14,0.20,0.38,15.70,327.67,19.78,29.73,920.8998,-102,3.75,-102.0,3.75
4,2026-07-26 20:10:30,0.14,0.22,0.66,14.97,327.67,18.93,32.46,920.8577,-102,4.00,-102.0,4.0
4,2026-07-26 20:20:30,0.13,0.20,0.38,8.27,327.67,18.39,33.16,920.8100,-102,3.75,-102.0,3.75
4,2026-07-26 20:30:30,0.15,0.25,0.57,15.16,327.67,18.01,35.17,920.7259,-103,3.00,-103.0,3.0
4,2026-07-26 20:40:30,0.15,0.23,0.69,23.70,327.67,17.76,34.52,920.6630,-104,3.25,-104.0,3.25
4,2026-07-26 20:50:30,0.16,0.26,1.16,28.74,327.67,17.57,35.06,920.6527,-104,3.50,-104.0,3.5
4,2026-07-26 21:00:30,0.15,0.23,0.70,10.23,327.67,17.44,36.61,920.6886,-104,3.00,-104.0,3.0
4,2026-07-26 21:10:30,0.16,0.27,0.68,10.45,327.67,17.29,39.64,920.7087,-103,3.00,-103.0,3.0
4,2026-07-26 21:20:30,0.16,0.24,0.63,12.02,327.67,17.15,43.52,920.7503,-103,3.50,-103.0,3.5
4,2026-07-26 21:30:30,0.17,0.28,1.16,27.08,327.67,16.90,43.02,920.7491,-103,3.75,-103.0,3.75
4,2026-07-26 21:40:30,0.17,0.26,1.09,26.34,327.67,16.67,43.79,920.7415,-102,4.25,-102.0,4.25
4,2026-07-26 21:50:30,0.16,0.29,1.04,23.59,327.67,16.50,44.38,920.7214,-101,4.25,-101.0,4.25
4,2026-07-26 22:00:30,0.17,0.26,0.66,10.70,327.67,16.21,44.76,920.7084,-101,4.25,-101.0,4.25
4,2026-07-26 22:10:30,0.16,0.31,0.98,29.07,327.67,15.79,48.03,920.7442,-101,4.00,-101.0,4.0
4,2026-07-26 22:20:30,0.18,0.34,1.20,22.47,327.67,15.32,49.74,920.7842,-100,4.25,-100.0,4.25
4,2026-07-26 22:30:30,0.18,0.33,1.63,28.81,327.67,14.74,51.96,920.8230,-101,4.00,-101.0,4.0
4,2026-07-26 22:40:30,0.18,0.35,1.09,25.09,327.67,14.22,53.18,920.8502,-101,4.50,-101.0,4.5
4,2026-07-26 22:50:30,0.18,0.40,1.19,22.16,327.67,14.07,54.87,920.8748,-102,3.50,-102.0,3.5
4,2026-07-26 23:00:30,0.19,0.39,1.04,10.64,327.67,14.00,53.70,920.8759,-100,3.75,-100.0,3.75
4,2026-07-26 23:10:30,0.21,0.35,1.11,27.07,327.67,14.11,55.18,920.8936,-102,3.25,-102.0,3.25
4,2026-07-26 23:20:30,0.20,0.40,1.49,24.67,327.67,13.98,55.79,920.9103,-102,3.75,-102.0,3.75
4,2026-07-26 23:30:30,0.21,0.38,1.01,15.53,327.67,14.05,56.73,920.9564,-102,3.00,-102.0,3.0
4,2026-07-26 23:40:30,0.24,0.59,1.77,26.35,327.67,13.42,60.02,920.9686,-101,3.00,-101.0,3.0
4,2026-07-26 23:50:30,0.22,0.51,1.52,19.21,327.67,12.96,59.74,920.9415,-102,5.00,-102.0,5.0
4,2026-07-27 00:00:30,0.20,0.40,0.97,12.14,327.67,12.48,59.13,920.9291,-102,3.75,-102.0,3.75
4,2026-07-27 00:10:30,0.23,0.46,1.10,13.84,327.67,12.61,61.51,920.8974,-101,4.25,-101.0,4.25
4,2026-07-27 00:20:30,0.23,0.42,1.30,16.63,327.67,12.59,59.10,920.8810,-103,3.25,-103.0,3.25
4,2026-07-27 00:30:30,0.22,0.41,1.10,21.76,327.67,12.50,59.86,920.8291,-103,4.00,-103.0,4.0
4,2026-07-27 00:40:30,0.25,0.46,0.79,6.70,327.67,12.63,56.89,920.7950,-102,3.75,-102.0,3.75
4,2026-07-27 00:50:30,0.23,0.41,1.02,18.23,327.67,12.81,55.89,920.7744,-103,3.50,-103.0,3.5
4,2026-07-27 01:00:30,0.23,0.44,1.09,17.54,327.67,12.29,56.41,920.8014,-103,3.25,-103.0,3.25
4,2026-07-27 01:10:30,0.22,0.36,1.36,21.48,327.67,12.25,56.64,920.7840,-104,3.50,-104.0,3.5
4,2026-07-27 01:20:30,0.23,0.42,1.41,26.20,327.67,12.55,57.54,920.7648,-104,3.00,-104.0,3.0
4,2026-07-27 01:30:30,0.21,0.37,0.87,5.36,327.67,13.20,56.92,920.7121,-102,4.00,-102.0,4.0
4,2026-07-27 01:40:30,0.22,0.41,1.01,9.23,327.67,12.34,57.92,920.6079,-101,4.50,-101.0,4.5
4,2026-07-27 01:50:30,0.21,0.38,1.10,17.77,327.67,11.63,60.30,920.5968,-102,4.00,-102.0,4.0
4,2026-07-27 02:00:30,0.20,0.33,0.70,13.93,327.67,11.46,61.11,920.5666,-102,4.25,-102.0,4.25
4,2026-07-27 02:10:30,0.21,0.35,1.18,22.98,327.67,11.70,60.51,920.5059,-102,3.75,-102.0,3.75
4,2026-07-27 02:20:30,0.20,0.38,1.10,20.57,327.67,11.64,59.66,920.5014,-103,3.25,-103.0,3.25
4,2026-07-27 02:30:30,0.20,0.32,0.68,5.88,327.67,11.47,58.62,920.5564,-103,3.50,-103.0,3.5
4,2026-07-27 02:40:30,0.20,0.34,0.85,15.55,327.67,11.08,59.93,920.6172,-102,3.75,-102.0,3.75
4,2026-07-27 02:50:30,0.20,0.34,1.03,16.82,327.67,11.56,58.50,920.6527,-103,3.75,-103.0,3.75
4,2026-07-27 03:00:30,0.21,0.36,0.94,15.24,327.67,11.24,59.80,920.6650,-103,3.25,-103.0,3.25
4,2026-07-27 03:10:30,0.19,0.31,0.65,9.56,327.67,10.74,61.44,920.6404,-103,3.25,-103.0,3.25
4,2026-07-27 03:20:30,0.20,0.31,1.12,26.25,327.67,10.69,59.15,920.5625,-103,3.50,-103.0,3.5
4,2026-07-27 03:30:30,0.20,0.31,0.98,24.19,327.67,10.64,58.73,920.4952,-103,3.50,-103.0,3.5
4,2026-07-27 03:40:30,0.19,0.32,0.73,9.49,327.67,10.68,58.12,920.3959,-103,3.25,-103.0,3.25
4,2026-07-27 03:50:30,0.20,0.28,0.47,5.61,327.67,10.48,58.35,920.3246,-103,3.50,-103.0,3.5
4,2026-07-27 04:00:30,0.20,0.32,0.60,9.82,327.67,10.27,59.38,920.2597,-103,3.00,-103.0,3.0
4,2026-07-27 04:10:30,0.20,0.32,0.78,14.24,327.67,9.99,61.81,920.2108,-104,3.00,-104.0,3.0
4,2026-07-27 04:20:30,0.20,0.36,0.86,19.60,327.67,9.87,61.07,920.1485,-103,3.00,-103.0,3.0
4,2026-07-27 04:30:30,0.20,0.35,0.81,20.36,327.67,9.93,59.54,920.1180,-103,3.50,-103.0,3.5
4,2026-07-27 04:40:30,0.22,0.32,0.62,15.23,327.67,10.04,58.77,920.1328,-104,2.25,-104.0,2.25
4,2026-07-27 04:50:30,0.20,0.33,0.94,25.69,327.67,10.02,59.03,920.1241,-104,2.50,-104.0,2.5
4,2026-07-27 05:00:30,0.22,0.36,0.91,14.71,327.67,9.67,62.84,920.1496,-104,2.75,-104.0,2.75
4,2026-07-27 05:10:30,0.22,0.36,0.83,24.83,327.67,9.51,64.00,920.1322,-103,2.75,-103.0,2.75
4,2026-07-27 05:20:30,0.24,0.38,1.07,23.03,327.67,9.50,63.03,920.1580,-103,3.50,-103.0,3.5
4,2026-07-27 05:30:30,0.20,0.32,0.69,24.93,327.67,9.82,59.65,920.1535,-103,3.00,-103.0,3.0
4,2026-07-27 05:40:30,0.21,0.34,1.06,14.34,327.67,9.79,60.36,920.2037,-103,3.25,-103.0,3.25
4,2026-07-27 05:50:30,0.22,0.34,0.84,10.93,327.67,9.84,59.79,920.2604,-104,3.50,-104.0,3.5
4,2026-07-27 06:00:30,0.21,0.36,0.60,5.73,327.67,10.22,59.75,920.2426,-103,3.50,-103.0,3.5
4,2026-07-27 06:10:30,0.22,0.35,1.16,26.79,327.67,9.79,61.38,920.2750,-103,3.50,-103.0,3.5
4,2026-07-27 06:20:30,0.21,0.31,0.85,21.95,327.67,9.80,59.84,920.2652,-103,3.25,-103.0,3.25
4,2026-07-27 06:30:30,0.22,0.35,0.96,19.83,327.67,10.66,58.49,920.2982,-103,3.25,-103.0,3.25
4,2026-07-27 06:40:30,0.20,0.33,0.78,14.35,327.67,12.00,53.79,920.2997,-103,2.75,-103.0,2.75
4,2026-07-27 06:50:30,0.19,0.30,0.74,10.30,327.67,11.36,55.44,920.2780,-103,3.25,-103.0,3.25
4,2026-07-27 07:00:30,0.21,0.35,0.80,15.63,327.67,10.90,57.07,920.2516,-104,2.75,-104.0,2.75
4,2026-07-27 07:10:30,0.21,0.32,0.53,8.33,327.67,10.94,55.60,920.1965,-103,3.75,-103.0,3.75
4,2026-07-27 07:20:30,0.20,0.29,0.44,4.39,327.67,11.67,53.60,920.2246,-103,3.75,-103.0,3.75
4,2026-07-27 07:30:30,0.21,0.34,0.93,20.32,327.67,10.47,58.62,920.2544,-104,3.00,-104.0,3.0
4,2026-07-27 07:40:30,0.20,0.29,1.01,23.79,327.67,10.34,57.46,920.2110,-103,3.75,-103.0,3.75
4,2026-07-27 07:50:30,0.21,0.33,0.74,10.26,327.67,10.64,56.63,920.2589,-102,4.25,-102.0,4.25
4,2026-07-27 08:00:30,0.21,0.34,1.00,22.62,327.67,11.24,56.07,920.3071,-102,4.25,-102.0,4.25
4,2026-07-27 08:10:30,0.23,0.38,1.30,22.74,327.67,11.80,55.05,920.2605,-102,4.00,-102.0,4.0
4,2026-07-27 08:20:30,0.22,0.40,0.86,15.72,327.67,12.44,52.62,920.1846,-101,4.75,-101.0,4.75
4,2026-07-27 08:30:30,0.23,0.48,1.92,21.13,327.67,13.04,51.26,920.1655,-101,4.50,-101.0,4.5
4,2026-07-27 08:40:30,0.22,0.46,0.96,13.76,327.67,13.80,49.31,920.1108,-102,4.75,-102.0,4.75
4,2026-07-27 08:50:30,0.26,0.55,1.35,21.79,327.67,14.03,49.74,920.1482,-102,4.75,-102.0,4.75
4,2026-07-27 09:00:30,0.26,0.60,1.29,15.46,327.67,13.26,52.19,920.1831,-102,4.00,-102.0,4.0
4,2026-07-27 09:10:30,0.24,0.51,1.13,19.80,327.67,14.69,47.95,920.1436,-102,4.50,-102.0,4.5
4,2026-07-27 09:20:30,0.27,0.66,1.91,18.78,327.67,14.75,47.57,920.1409,-102,4.75,-102.0,4.75
4,2026-07-27 09:30:30,0.42,4.01,36.55,327.67,327.67,15.42,45.84,920.0391,-102,4.75,-102.0,4.75
4,2026-07-27 09:40:30,0.97,15.62,135.39,327.67,327.67,15.73,45.37,920.0247,-103,3.75,-103.0,3.75
4,2026-07-27 09:50:30,0.40,2.88,18.72,186.50,327.67,16.03,45.76,920.0850,-103,4.25,-103.0,4.25
4,2026-07-27 10:00:30,0.33,1.08,4.47,280.43,327.67,16.49,44.55,920.0729,-102,4.50,-102.0,4.5
4,2026-07-27 10:10:30,0.78,10.70,85.05,327.67,327.67,19.05,39.76,919.8680,-102,3.75,-102.0,3.75
4,2026-07-27 10:20:30,0.27,1.04,4.37,59.58,327.67,20.58,36.09,919.8121,-104,2.25,-104.0,2.25
4,2026-07-27 10:30:30,0.26,0.63,2.17,39.93,327.67,20.20,36.53,919.8225,-103,3.00,-103.0,3.0
4,2026-07-27 10:40:30,0.22,0.53,1.32,15.97,327.67,20.66,34.82,919.8233,-103,3.75,-103.0,3.75
4,2026-07-27 10:50:30,0.27,0.73,1.93,33.02,327.67,19.61,37.11,919.8013,-102,3.75,-102.0,3.75
4,2026-07-27 11:00:30,0.30,0.87,2.23,20.11,327.67,19.37,37.86,919.7946,-103,3.50,-103.0,3.5
4,2026-07-27 11:10:30,0.31,0.87,3.00,29.08,327.67,18.71,38.84,919.7626,-103,3.75,-103.0,3.75
4,2026-07-27 11:20:30,0.29,0.75,1.79,44.51,327.67,17.69,40.46,919.6978,-102,3.50,-102.0,3.5
4,2026-07-27 11:30:30,0.26,0.57,1.42,24.68,327.67,18.37,38.80,919.6931,-103,4.00,-103.0,4.0
4,2026-07-27 11:40:30,0.23,0.52,1.35,26.18,327.67,20.10,35.68,919.6353,-103,3.50,-103.0,3.5
4,2026-07-27 11:50:30,0.24,0.58,2.00,29.13,327.67,21.89,33.21,919.5062,-103,3.25,-103.0,3.25
4,2026-07-27 12:00:30,0.23,0.56,1.19,16.96,327.67,22.32,31.44,919.4550,-104,2.75,-104.0,2.75
4,2026-07-27 12:10:30,0.25,0.65,1.88,24.86,327.67,21.76,32.51,919.4134,-104,3.00,-104.0,3.0
4,2026-07-27 12:20:30,0.25,0.61,1.64,17.88,327.67,22.13,32.08,919.3410,-104,2.75,-104.0,2.75
4,2026-07-27 12:30:30,0.23,0.54,1.27,21.44,327.67,23.21,29.81,919.2947,-102,3.75,-102.0,3.75
4,2026-07-27 12:40:30,0.23,0.53,1.32,25.64,327.67,23.26,29.85,919.1789,-103,3.50,-103.0,3.5
4,2026-07-27 12:50:30,0.24,0.60,1.55,17.40,327.67,23.04,29.72,919.1113,-104,3.25,-104.0,3.25
4,2026-07-27 13:00:30,0.25,0.58,1.47,17.45,327.67,23.84,28.07,919.0414,-102,4.00,-102.0,4.0
4,2026-07-27 13:10:30,0.24,0.53,1.96,18.59,327.67,23.94,27.85,919.0087,-103,3.00,-103.0,3.0
4,2026-07-27 13:20:30,0.23,0.56,1.98,96.45,327.67,24.11,27.38,918.8783,-103,2.75,-103.0,2.75
4,2026-07-27 13:30:30,0.32,1.79,11.38,327.67,327.67,24.95,27.07,918.8357,-104,3.00,-104.0,3.0
4,2026-07-27 13:40:30,0.27,0.83,3.73,58.80,327.67,24.98,28.13,918.7428,-103,3.25,-103.0,3.25
4,2026-07-27 13:50:30,0.60,5.82,37.18,327.67,327.67,25.18,27.88,918.6470,-104,3.00,-104.0,3.0
4,2026-07-27 14:00:30,0.81,8.87,64.55,327.67,327.67,25.17,28.03,918.5384,-103,3.75,-103.0,3.75
4,2026-07-27 14:10:30,0.92,10.88,63.11,327.67,327.67,25.32,27.34,918.4690,-102,4.50,-102.0,4.5
4,2026-07-27 14:20:30,0.88,9.66,64.20,327.67,327.67,25.43,27.13,918.3950,-102,4.75,-102.0,4.75
4,2026-07-27 14:30:30,1.22,15.12,103.54,327.67,327.67,24.89,27.40,918.2782,-103,2.75,-103.0,2.75
4,2026-07-27 14:40:30,1.20,15.63,103.94,327.67,327.67,24.80,27.74,918.1861,-104,2.50,-104.0,2.5
4,2026-07-27 14:50:30,2.35,32.04,198.80,327.67,327.67,25.82,26.31,918.0692,-104,2.50,-104.0,2.5
4,2026-07-27 15:00:30,4.57,71.14,327.67,327.67,327.67,26.26,25.31,917.9950,-102,4.00,-102.0,4.0
4,2026-07-27 15:10:30,1.53,19.11,115.54,327.67,327.67,25.40,26.73,917.8921,-103,3.50,-103.0,3.5
4,2026-07-27 15:20:30,0.69,6.99,41.29,327.67,327.67,23.70,28.16,917.7750,-103,3.25,-103.0,3.25
4,2026-07-27 15:30:30,2.45,35.87,212.40,327.67,327.67,22.67,30.16,917.7032,-103,2.50,-103.0,2.5
4,2026-07-27 15:40:30,2.46,34.85,209.90,327.67,327.67,21.56,32.61,917.6042,-102,4.50,-102.0,4.5
4,2026-07-27 15:50:30,2.02,27.76,161.08,327.67,327.67,22.98,30.01,917.5902,-101,4.50,-101.0,4.5
4,2026-07-27 16:00:30,2.28,31.46,193.24,327.67,327.67,25.60,26.60,917.5146,-102,3.75,-102.0,3.75
4,2026-07-27 16:10:30,6.75,104.04,327.67,327.67,327.67,26.39,25.80,917.4408,-104,1.75,-104.0,1.75
4,2026-07-27 16:20:30,2.88,39.67,232.52,327.67,327.67,26.35,24.92,917.3672,-103,3.25,-103.0,3.25
4,2026-07-27 16:30:30,18.55,263.90,327.67,327.67,327.67,26.96,24.94,917.2244,-102,4.00,-102.0,4.0
4,2026-07-27 16:40:30,19.24,264.91,327.67,327.67,327.67,25.82,26.02,917.0497,-102,4.00,-102.0,4.0
4,2026-07-27 16:50:30,26.85,327.67,327.67,327.67,327.67,23.91,29.06,916.9812,-104,3.25,-104.0,3.25
4,2026-07-27 17:00:30,30.31,327.67,327.67,327.67,327.67,23.44,30.46,916.8633,-105,2.75,-105.0,2.75
4,2026-07-27 17:10:30,27.06,327.67,327.67,327.67,327.67,24.11,28.99,916.8525,-103,3.25,-103.0,3.25
4,2026-07-27 17:20:30,28.94,327.67,327.67,327.67,327.67,25.68,26.80,916.8399,-105,2.50,-105.0,2.5
4,2026-07-27 17:30:30,27.91,326.98,327.67,327.67,327.67,26.13,26.11,916.8792,-105,2.75,-105.0,2.75
4,2026-07-27 17:40:30,24.53,274.66,327.67,327.67,327.67,26.15,25.12,916.7940,-105,2.00,-105.0,2.0
4,2026-07-27 17:50:30,31.43,327.67,327.67,327.67,327.67,26.11,24.66,916.6541,-106,1.25,-106.0,1.25
4,2026-07-27 18:00:30,20.42,221.58,327.67,327.67,327.67,26.34,25.00,916.6650,-104,1.50,-104.0,1.5
4,2026-07-27 18:10:30,22.10,240.49,327.67,327.67,327.67,26.18,25.24,916.5478,-103,3.25,-103.0,3.25
4,2026-07-27 18:20:30,14.12,150.16,327.67,327.67,327.67,25.91,25.95,916.4735,-104,3.00,-104.0,3.0
4,2026-07-27 18:30:30,21.38,233.58,327.67,327.67,327.67,25.58,26.11,916.4112,-105,2.25,-105.0,2.25
4,2026-07-27 18:40:30,17.44,185.78,327.67,327.67,327.67,25.36,26.27,916.3645,-105,2.75,-105.0,2.75
4,2026-07-27 18:50:30,12.63,130.36,327.67,327.67,327.67,25.37,26.73,916.3830,-103,3.25,-103.0,3.25
4,2026-07-27 19:00:30,11.12,115.75,327.67,327.67,327.67,25.31,26.25,916.2819,-104,2.75,-104.0,2.75
4,2026-07-27 19:10:30,11.45,118.04,327.67,327.67,327.67,25.20,26.85,916.2875,-105,2.00,-105.0,2.0
4,2026-07-27 19:20:30,10.85,110.92,327.67,327.67,327.67,24.66,27.44,916.3228,-104,2.00,-104.0,2.0
4,2026-07-27 19:30:30,7.93,81.04,318.50,327.67,327.67,24.05,27.80,916.3442,-102,3.50,-102.0,3.5
4,2026-07-27 19:40:30,19.96,216.88,327.67,327.67,327.67,23.54,27.77,916.2704,-104,2.75,-104.0,2.75
4,2026-07-27 19:50:30,17.58,189.01,327.67,327.67,327.67,23.18,28.07,916.3073,-104,3.50,-104.0,3.5
4,2026-07-27 20:00:30,12.71,134.51,327.67,327.67,327.67,22.99,28.17,916.3999,-102,4.00,-102.0,4.0
4,2026-07-27 20:10:30,12.73,135.65,327.67,327.67,327.67,22.62,29.09,916.4455,-104,2.75,-104.0,2.75
4,2026-07-27 20:20:30,11.83,129.46,327.67,327.67,327.67,21.28,31.06,916.4482,-102,4.50,-102.0,4.5
4,2026-07-27 20:30:30,12.98,148.43,327.67,327.67,327.67,20.67,32.07,916.4123,-101,4.50,-101.0,4.5
4,2026-07-27 20:40:30,19.66,233.17,327.67,327.67,327.67,19.59,34.40,916.4976,-103,3.75,-103.0,3.75
4,2026-07-27 20:50:30,16.40,197.98,327.67,327.67,327.67,18.47,36.60,916.5702,-102,4.50,-102.0,4.5
4,2026-07-27 21:00:30,23.76,297.09,327.67,327.67,327.67,18.53,36.71,916.5558,-103,3.50,-103.0,3.5
4,2026-07-27 21:10:30,19.37,239.13,327.67,327.67,327.67,19.21,35.63,916.5741,-101,5.00,-101.0,5.0
4,2026-07-27 21:20:30,26.45,327.67,327.67,327.67,327.67,17.53,38.89,916.5815,-104,2.25,-104.0,2.25
4,2026-07-27 21:30:30,27.21,327.67,327.67,327.67,327.67,16.85,39.84,916.6625,-102,4.00,-102.0,4.0
4,2026-07-27 21:40:30,25.02,324.49,327.67,327.67,327.67,16.65,39.92,916.7530,-103,3.75,-103.0,3.75
4,2026-07-27 21:50:30,19.21,246.05,327.67,327.67,327.67,16.43,39.97,916.7893,-102,4.25,-102.0,4.25
4,2026-07-27 22:00:30,19.56,252.03,327.67,327.67,327.67,16.35,40.02,916.8419,-102,3.50,-102.0,3.5
4,2026-07-27 22:20:30,13.10,164.66,327.67,327.67,327.67,15.95,40.53,917.0749,-103,3.00,-103.0,3.0
4,2026-07-27 22:30:30,17.21,221.48,327.67,327.67,327.67,15.79,41.07,917.1187,-102,4.00,-102.0,4.0
4,2026-07-27 22:40:30,12.07,152.45,327.67,327.67,327.67,15.69,41.21,917.1855,-102,4.75,-102.0,4.75
4,2026-07-27 22:50:30,14.03,185.57,327.67,327.67,327.67,15.42,41.82,917.2500,-103,3.50,-103.0,3.5
4,2026-07-27 23:10:30,8.18,103.51,327.67,327.67,327.67,15.23,41.96,917.3877,-104,2.25,-104.0,2.25
4,2026-07-27 23:20:30,11.48,146.72,327.67,327.67,327.67,14.97,42.84,917.4325,-103,3.50,-103.0,3.5
4,2026-07-27 23:40:30,11.92,162.06,327.67,327.67,327.67,14.84,43.02,917.4898,-103,3.50,-103.0,3.5
4,2026-07-27 23:50:30,16.09,216.53,327.67,327.67,327.67,14.66,43.28,917.5165,-104,2.50,-104.0,2.5
4,2026-07-28 00:00:30,16.61,229.26,327.67,327.67,327.67,14.61,43.24,917.5309,-102,5.00,-102.0,5.0
4,2026-07-28 00:10:30,13.46,184.09,327.67,327.67,327.67,14.47,43.82,917.5622,-104,3.50,-104.0,3.5
4,2026-07-28 00:20:30,11.76,160.91,327.67,327.67,327.67,14.38,44.26,917.6320,-103,4.25,-103.0,4.25
4,2026-07-28 00:40:30,6.73,91.38,327.67,327.67,327.67,14.06,45.47,917.7525,-103,3.75,-103.0,3.75
4,2026-07-28 00:50:30,6.96,96.17,327.67,327.67,327.67,14.15,46.00,917.8550,-102,4.75,-102.0,4.75
4,2026-07-28 01:00:30,2.59,33.27,154.39,327.67,327.67,14.51,45.50,918.0008,-103,4.00,-103.0,4.0
4,2026-07-28 01:10:30,3.37,44.63,214.01,327.67,327.67,14.38,45.85,918.1010,-102,3.75,-102.0,3.75
4,2026-07-28 01:20:30,2.00,26.34,130.07,327.67,327.67,14.16,46.50,918.1126,-103,4.25,-103.0,4.25
4,2026-07-28 01:30:30,4.44,61.56,298.39,327.67,327.67,13.95,47.29,918.0827,-102,4.25,-102.0,4.25
4,2026-07-28 01:40:30,1.00,11.06,48.51,327.67,327.67,13.72,48.02,918.2354,-103,3.75,-103.0,3.75
4,2026-07-28 01:50:30,1.30,15.14,73.07,327.67,327.67,13.53,48.32,918.3055,-103,3.50,-103.0,3.5
4,2026-07-28 02:00:30,1.72,21.07,98.83,327.67,327.67,13.45,48.62,918.2991,-103,4.00,-103.0,4.0
4,2026-07-28 02:10:30,1.57,18.50,84.04,327.67,327.67,13.43,48.77,918.3604,-103,4.50,-103.0,4.5
4,2026-07-28 02:20:30,1.38,16.55,74.31,327.67,327.67,13.26,49.32,918.3866,-103,3.75,-103.0,3.75
4,2026-07-28 02:30:30,0.39,3.17,15.17,327.67,327.67,13.53,48.63,918.4212,-102,4.00,-102.0,4.0
4,2026-07-28 02:40:30,0.57,5.27,25.82,327.67,327.67,13.10,49.80,918.4785,-103,3.75,-103.0,3.75
4,2026-07-28 02:50:30,0.25,1.20,4.84,58.43,327.67,12.74,50.85,918.5537,-103,3.50,-103.0,3.5
4,2026-07-28 03:00:30,0.29,1.49,6.77,142.63,327.67,13.09,50.01,918.5359,-103,4.00,-103.0,4.0
4,2026-07-28 03:10:30,0.21,0.85,3.21,97.81,327.67,13.33,49.22,918.5433,-102,4.25,-102.0,4.25
4,2026-07-28 03:20:30,0.20,0.58,1.56,19.20,327.67,13.42,49.05,918.5673,-103,4.00,-103.0,4.0
4,2026-07-28 03:30:30,0.16,0.36,1.54,29.30,327.67,13.27,49.82,918.6501,-103,4.75,-103.0,4.75
4,2026-07-28 03:40:30,0.20,0.44,1.44,32.26,327.67,12.60,51.88,918.7950,-103,3.50,-103.0,3.5
4,2026-07-28 03:50:30,0.19,0.56,2.12,38.58,327.67,12.48,52.63,918.8068,-102,5.00,-102.0,5.0
4,2026-07-28 04:00:30,0.18,0.41,1.40,28.12,327.67,12.80,51.98,918.8372,-102,4.00,-102.0,4.0
4,2026-07-28 04:10:30,0.21,0.50,2.18,48.14,327.67,12.18,53.91,918.8670,-103,3.50,-103.0,3.5
4,2026-07-28 04:20:30,0.20,0.53,2.00,27.13,327.67,12.26,53.05,918.8441,-102,4.50,-102.0,4.5
4,2026-07-28 04:30:30,0.20,0.45,0.96,11.86,327.67,12.55,53.02,918.8465,-103,4.50,-103.0,4.5
4,2026-07-28 04:40:30,0.22,0.50,1.30,13.12,327.67,12.28,53.55,918.8126,-102,5.00,-102.0,5.0
4,2026-07-28 04:50:30,0.23,0.58,1.96,35.23,327.67,11.69,55.51,918.7876,-102,4.25,-102.0,4.25
4,2026-07-28 05:00:30,0.20,0.49,1.38,12.65,327.67,11.57,55.88,918.7862,-102,4.50,-102.0,4.5
4,2026-07-28 05:10:30,0.19,0.46,1.67,29.65,327.67,11.95,54.45,918.8154,-102,4.50,-102.0,4.5
4,2026-07-28 05:20:30,0.20,0.50,1.75,30.20,327.67,11.48,55.72,918.7834,-102,4.75,-102.0,4.75
4,2026-07-28 05:30:30,0.21,0.53,1.63,28.10,327.67,11.74,54.84,918.7263,-102,4.50,-102.0,4.5
4,2026-07-28 05:40:30,0.19,0.43,1.40,18.31,327.67,12.28,53.28,918.6186,-102,5.25,-102.0,5.25
4,2026-07-28 05:50:30,0.22,0.52,1.99,30.19,327.67,12.41,52.67,918.5808,-102,4.75,-102.0,4.75
4,2026-07-28 06:00:30,0.23,0.57,1.34,17.50,327.67,11.50,56.42,918.5960,-102,5.25,-102.0,5.25
4,2026-07-28 06:10:30,0.22,0.47,1.50,18.45,327.67,10.42,60.20,918.6922,-101,5.00,-101.0,5.0
4,2026-07-28 06:20:30,0.24,0.58,1.16,12.01,327.67,9.95,62.30,918.7659,-102,5.50,-102.0,5.5
4,2026-07-28 06:30:30,0.24,0.50,1.67,31.66,327.67,10.28,61.59,918.7194,-102,5.25,-102.0,5.25
4,2026-07-28 06:40:30,0.22,0.53,1.49,26.60,327.67,10.62,60.48,918.6744,-102,5.25,-102.0,5.25
4,2026-07-28 06:50:30,0.23,0.52,1.31,23.63,327.67,10.71,59.98,918.6913,-102,4.75,-102.0,4.75
4,2026-07-28 07:00:30,0.24,0.58,1.59,17.13,327.67,11.11,58.58,918.6636,-102,4.25,-102.0,4.25
4,2026-07-28 07:10:30,0.23,0.54,1.23,17.63,327.67,10.78,60.19,918.7142,-102,4.50,-102.0,4.5
4,2026-07-28 07:20:30,0.24,0.52,1.35,25.97,327.67,10.76,59.98,918.7096,-102,4.50,-102.0,4.5
4,2026-07-28 07:30:30,0.23,0.54,1.33,22.88,327.67,10.66,60.25,918.7323,-102,4.75,-102.0,4.75
4,2026-07-28 07:40:30,0.24,0.56,1.74,26.40,327.67,10.42,61.38,918.7557,-102,5.00,-102.0,5.0
4,2026-07-28 07:50:30,0.25,0.66,2.03,23.61,327.67,10.58,60.76,918.7502,-102,5.25,-102.0,5.25
4,2026-07-28 08:00:30,0.22,0.53,1.72,24.10,327.67,10.62,60.92,918.7410,-101,5.00,-101.0,5.0
4,2026-07-28 08:10:30,0.23,0.50,1.84,27.52,327.67,11.04,59.33,918.7451,-102,4.75,-102.0,4.75
4,2026-07-28 08:20:30,0.24,0.63,2.24,28.71,327.67,11.16,58.67,918.8134,-102,4.50,-102.0,4.5
4,2026-07-28 08:30:30,0.22,0.53,1.98,27.89,327.67,11.20,58.95,918.8040,-102,4.50,-102.0,4.5
4,2026-07-28 08:40:30,0.23,0.51,1.25,19.37,327.67,11.64,57.41,918.7432,-102,4.00,-102.0,4.0
4,2026-07-28 08:50:30,0.20,0.49,1.60,23.24,327.67,12.28,55.93,918.8139,-102,4.50,-102.0,4.5
4,2026-07-28 09:00:30,0.20,0.50,1.80,26.99,327.67,13.28,52.92,918.8694,-102,4.50,-102.0,4.5
4,2026-07-28 09:10:30,0.23,0.57,2.08,25.38,327.67,13.74,51.56,918.8480,-102,3.75,-102.0,3.75
4,2026-07-28 09:20:30,0.20,0.47,1.32,23.41,327.67,13.96,51.26,918.8186,-102,4.00,-102.0,4.0
4,2026-07-28 09:30:30,0.20,0.45,1.22,24.66,327.67,14.23,49.78,918.8043,-102,4.25,-102.0,4.25
4,2026-07-28 09:40:30,0.20,0.50,1.90,29.15,327.67,14.94,47.90,918.8060,-102,4.00,-102.0,4.0
4,2026-07-28 09:50:30,0.19,0.46,2.60,30.66,327.67,15.39,47.10,918.7931,-102,3.75,-102.0,3.75
4,2026-07-28 10:00:30,0.20,0.52,3.15,32.52,327.67,16.49,45.74,918.7533,-102,4.50,-102.0,4.5
4,2026-07-28 10:10:30,0.19,0.46,2.38,35.88,327.67,19.01,40.63,918.6905,-103,4.00,-103.0,4.0
4,2026-07-28 10:20:30,0.23,0.67,3.88,50.71,327.67,20.65,37.86,918.6676,-102,3.25,-102.0,3.25
4,2026-07-28 10:30:30,0.27,0.57,2.09,29.51,327.67,20.46,39.31,918.6146,-104,3.50,-104.0,3.5
4,2026-07-28 10:50:30,0.25,0.52,1.48,25.95,327.67,20.11,41.14,918.4813,-104,1.75,-104.0,1.75
4,2026-07-28 11:00:30,0.24,0.47,1.62,18.29,327.67,20.26,41.55,918.4329,-104,3.00,-104.0,3.0
4,2026-07-28 11:20:30,0.29,0.57,1.88,27.48,327.67,21.42,40.67,918.3196,-104,2.25,-104.0,2.25
4,2026-07-28 11:50:30,0.65,4.64,28.90,327.67,327.67,20.75,43.69,918.2019,-102,4.00,-102.0,4.0
4,2026-07-28 12:30:30,1.27,12.77,64.36,327.67,327.67,20.35,42.50,918.1349,-103,3.25,-103.0,3.25
4,2026-07-28 12:40:30,1.58,17.56,90.21,327.67,327.67,20.37,42.72,918.0646,-102,1.50,-102.0,1.5
4,2026-07-28 13:20:30,0.46,2.86,12.63,133.76,327.67,20.57,44.24,917.8702,-103,3.25,-103.0,3.25
4,2026-07-28 13:40:30,25.69,322.52,327.67,327.67,327.67,21.14,43.67,917.7366,-104,2.75,-104.0,2.75
4,2026-07-28 13:50:30,27.78,327.67,327.67,327.67,327.67,20.89,44.26,917.7161,-104,2.25,-104.0,2.25
4,2026-07-28 14:00:30,22.76,282.76,327.67,327.67,327.67,21.63,42.13,917.7273,-103,3.00,-103.0,3.0
4,2026-07-28 14:10:30,29.50,327.67,327.67,327.67,327.67,21.62,41.26,917.6635,-102,3.75,-102.0,3.75
4,2026-07-28 14:30:30,26.06,308.86,327.67,327.67,327.67,22.25,39.86,917.6101,-103,4.25,-103.0,4.25
4,2026-07-28 14:40:30,9.51,116.05,327.67,327.67,327.67,20.73,42.56,917.5691,-102,5.75,-102.0,5.75
4,2026-07-28 14:50:30,2.29,23.64,104.14,327.67,327.67,19.35,46.24,917.6780,-101,5.00,-101.0,5.0
4,2026-07-28 15:20:30,7.01,76.50,323.92,327.67,327.67,22.09,39.09,917.8881,-103,5.00,-103.0,5.0
4,2026-07-28 15:30:30,0.74,5.79,22.00,327.67,327.67,19.83,43.44,917.8972,-103,3.50,-103.0,3.5
4,2026-07-28 15:40:30,0.65,4.79,20.52,322.58,327.67,20.91,43.05,917.7909,-101,5.50,-101.0,5.5
4,2026-07-28 15:50:30,0.78,5.56,22.06,327.67,327.67,22.69,37.91,917.7110,-102,3.50,-102.0,3.5
4,2026-07-28 16:00:30,0.28,1.10,5.01,120.83,327.67,21.06,42.20,917.6786,-101,5.00,-101.0,5.0
4,2026-07-28 16:10:30,0.21,0.36,1.22,19.45,327.67,19.12,48.74,917.6864,-100,5.00,-100.0,5.0
4,2026-07-28 16:20:30,0.24,0.37,0.66,8.22,327.67,19.34,46.58,917.7056,-102,4.25,-102.0,4.25
4,2026-07-28 16:30:30,0.22,0.36,0.69,10.07,327.67,19.46,46.88,917.6946,-103,3.75,-103.0,3.75
4,2026-07-28 16:40:30,0.23,0.35,0.72,18.83,327.67,19.15,46.21,917.6688,-103,3.25,-103.0,3.25
4,2026-07-28 16:50:30,0.21,0.33,1.04,12.88,327.67,18.50,48.18,917.6405,-102,2.25,-102.0,2.25
4,2026-07-28 17:10:30,0.21,0.31,0.89,20.51,327.67,22.31,38.89,917.6403,-103,4.00,-103.0,4.0
4,2026-07-28 17:20:30,0.20,0.32,0.70,8.72,327.67,24.27,35.42,917.6150,-103,3.75,-103.0,3.75
4,2026-07-28 17:50:30,2.71,25.33,100.05,327.67,327.67,25.15,32.38,917.4870,-103,2.00,-103.0,2.0
4,2026-07-28 18:00:30,3.19,30.12,113.87,327.67,327.67,24.62,33.60,917.4783,-102,4.75,-102.0,4.75
4,2026-07-28 18:10:30,1.20,9.52,36.86,299.16,327.67,24.54,33.21,917.4681,-102,5.00,-102.0,5.0
4,2026-07-28 18:30:30,0.19,0.29,0.48,5.16,327.67,25.62,30.79,917.4349,-104,3.00,-104.0,3.0
4,2026-07-28 18:40:30,0.19,0.29,0.46,4.52,327.67,24.18,33.52,917.4542,-102,3.75,-102.0,3.75
4,2026-07-28 18:50:30,0.19,0.26,0.54,11.84,327.67,21.81,37.46,917.5577,-102,3.75,-102.0,3.75
4,2026-07-28 19:00:30,0.18,0.25,0.46,11.79,327.67,22.40,36.80,917.5795,-103,3.50,-103.0,3.5
4,2026-07-28 19:10:30,0.19,0.30,0.92,31.50,327.67,21.27,38.59,917.5908,-101,4.75,-101.0,4.75
4,2026-07-28 19:20:30,0.16,0.29,1.23,118.88,327.67,21.61,37.60,917.6450,-102,4.50,-102.0,4.5
4,2026-07-28 19:30:30,0.17,0.25,0.53,8.21,327.67,20.96,39.38,917.7037,-104,3.25,-104.0,3.25
4,2026-07-28 19:40:30,0.17,0.28,0.54,12.38,327.67,20.07,40.94,917.7433,-102,5.00,-102.0,5.0
4,2026-07-28 19:50:30,0.20,0.30,0.85,26.26,327.67,20.56,39.60,917.8292,-102,4.75,-102.0,4.75
4,2026-07-28 20:00:30,0.18,0.30,0.46,5.54,327.67,18.64,46.27,917.9653,-103,3.50,-103.0,3.5
4,2026-07-28 20:10:30,0.17,0.27,0.57,14.36,327.67,18.80,42.72,918.0212,-103,3.25,-103.0,3.25
4,2026-07-28 20:20:30,0.17,0.26,0.69,9.36,327.67,18.87,42.16,918.0017,-103,3.75,-103.0,3.75
4,2026-07-28 20:30:30,0.16,0.25,0.71,24.24,327.67,18.93,40.18,917.9952,-104,2.25,-104.0,2.25
4,2026-07-28 20:40:30,0.15,0.24,0.71,19.92,327.67,19.21,40.31,918.0148,-103,3.25,-103.0,3.25
4,2026-07-28 20:50:30,0.22,1.12,5.28,139.10,327.67,20.48,38.48,917.9712,-103,3.50,-103.0,3.5
4,2026-07-28 21:00:30,0.16,0.75,4.06,96.03,327.67,21.33,37.19,917.9583,-103,4.00,-103.0,4.0
4,2026-07-28 21:10:30,0.20,0.89,4.84,107.15,327.67,19.87,40.00,918.0357,-103,3.75,-103.0,3.75
4,2026-07-28 21:20:30,0.16,0.44,1.56,31.59,327.67,20.12,40.07,918.1420,-104,3.25,-104.0,3.25
4,2026-07-28 21:30:30,0.13,0.24,0.86,18.92,327.67,19.31,40.75,918.2511,-104,3.25,-104.0,3.25
4,2026-07-28 21:40:30,0.12,0.20,0.58,14.65,327.67,18.32,41.85,918.3561,-103,4.25,-103.0,4.25
4,2026-07-28 21:50:30,0.13,0.20,0.64,24.45,327.67,17.92,43.75,918.4796,-103,4.50,-103.0,4.5
4,2026-07-28 22:00:30,0.14,0.22,0.62,27.35,327.67,17.79,43.72,918.5428,-102,4.50,-102.0,4.5
4,2026-07-28 22:10:30,0.14,0.23,0.41,14.15,327.67,17.94,43.65,918.6645,-103,3.75,-103.0,3.75
4,2026-07-28 22:20:30,0.21,0.41,1.03,14.86,327.67,17.74,48.04,918.8409,-103,3.75,-103.0,3.75
4,2026-07-28 22:30:30,0.23,0.41,1.39,15.85,327.67,16.95,53.81,918.9290,-103,2.75,-103.0,2.75
4,2026-07-28 22:40:30,0.22,0.37,1.44,22.85,327.67,16.43,54.14,919.0387,-102,4.50,-102.0,4.5
4,2026-07-28 22:50:30,0.23,0.37,0.88,24.77,327.67,16.23,55.24,919.1900,-103,3.00,-103.0,3.0
4,2026-07-28 23:00:30,0.23,0.38,1.69,30.04,327.67,16.33,54.43,919.3635,-102,4.50,-102.0,4.5
4,2026-07-28 23:10:30,0.24,0.48,2.38,81.11,327.67,16.37,56.42,919.5604,-100,5.00,-100.0,5.0
4,2026-07-28 23:20:30,0.42,1.34,6.21,124.26,327.67,15.49,61.12,919.6528,-101,5.00,-101.0,5.0
4,2026-07-28 23:30:30,0.31,0.86,3.43,39.32,327.67,14.54,66.07,919.7460,-100,5.50,-100.0,5.5
4,2026-07-28 23:40:30,0.23,0.39,1.04,21.21,327.67,14.54,65.33,919.8038,-102,2.50,-102.0,2.5
4,2026-07-28 23:50:30,0.24,0.46,1.15,18.68,327.67,14.95,63.91,919.8944,-102,4.25,-102.0,4.25
4,2026-07-29 00:00:30,0.25,0.51,1.41,25.92,327.67,15.19,62.66,919.9703,-102,4.50,-102.0,4.5
4,2026-07-29 00:10:30,0.24,0.44,1.17,22.32,327.67,15.14,62.62,920.0513,-102,3.75,-102.0,3.75
4,2026-07-29 00:20:30,0.24,0.48,2.04,23.53,327.67,14.83,65.33,920.1533,-102,3.00,-102.0,3.0
4,2026-07-29 00:30:30,0.26,0.50,3.49,64.89,327.67,14.91,64.46,920.2228,-101,4.75,-101.0,4.75
4,2026-07-29 00:40:30,0.27,0.55,1.48,16.20,327.67,14.72,65.94,920.2295,-101,6.25,-101.0,6.25
4,2026-07-29 00:50:30,0.28,0.53,1.12,9.70,327.67,13.95,67.97,920.2718,-101,4.25,-101.0,4.25
4,2026-07-29 01:00:30,0.28,0.54,1.98,23.26,327.67,13.49,70.88,920.3791,-102,4.00,-102.0,4.0
4,2026-07-29 01:10:30,0.35,0.67,1.84,29.00,327.67,14.34,69.60,920.4975,-101,5.00,-101.0,5.0
4,2026-07-29 01:20:30,0.32,0.60,1.49,23.95,327.67,14.60,67.46,920.5921,-100,5.25,-100.0,5.25
4,2026-07-29 01:30:29,0.36,0.87,5.24,44.87,327.67,14.60,66.46,920.6138,-100,5.25,-100.0,5.25
4,2026-07-29 01:40:30,0.54,1.76,10.19,114.37,327.67,14.21,68.03,920.7661,-101,4.75,-101.0,4.75
4,2026-07-29 01:50:29,0.55,1.74,5.79,34.04,327.67,13.46,71.81,920.8044,-101,4.50,-101.0,4.5
4,2026-07-29 02:00:29,0.57,1.51,9.14,321.88,327.67,13.38,73.26,920.8234,-100,5.50,-100.0,5.5
4,2026-07-29 02:10:29,0.47,1.06,3.20,28.17,327.67,12.85,74.99,920.9078,-101,5.00,-101.0,5.0
4,2026-07-29 02:20:29,0.42,0.87,2.02,16.23,327.67,12.93,74.48,920.9939,-100,4.00,-100.0,4.0
4,2026-07-29 02:30:29,0.40,0.82,1.85,19.24,327.67,13.22,74.17,920.9457,-100,5.25,-100.0,5.25
4,2026-07-29 02:40:29,0.40,0.84,1.96,12.45,327.67,13.36,73.70,920.9708,-100,3.75,-100.0,3.75
4,2026-07-29 02:50:30,0.45,0.95,2.65,35.09,327.67,12.97,76.05,921.0160,-100,5.75,-100.0,5.75
4,2026-07-29 03:00:29,0.45,0.99,7.10,129.31,327.67,12.93,76.80,921.0978,-100,3.50,-100.0,3.5
4,2026-07-29 03:10:30,0.52,1.28,5.38,66.03,327.67,12.93,77.56,921.1191,-102,2.50,-102.0,2.5
4,2026-07-29 03:20:29,0.42,0.98,2.87,33.15,327.67,12.62,75.72,921.2071,-102,2.75,-102.0,2.75
4,2026-07-29 03:30:29,0.35,0.74,1.85,18.42,327.67,12.33,75.40,921.1743,-102,2.75,-102.0,2.75
4,2026-07-29 03:40:29,0.41,0.84,1.96,30.52,327.67,12.19,77.22,921.2096,-101,3.50,-101.0,3.5
4,2026-07-29 03:50:29,0.38,0.83,1.65,34.27,327.67,12.03,77.18,921.2350,-101,4.25,-101.0,4.25
4,2026-07-29 04:00:29,0.39,0.75,1.49,22.33,327.67,12.09,77.18,921.3094,-102,3.50,-102.0,3.5
4,2026-07-29 04:10:29,0.44,0.87,2.09,17.16,327.67,12.29,78.29,921.3521,-102,3.50,-102.0,3.5
4,2026-07-29 04:30:29,0.55,1.10,2.05,18.56,327.67,12.82,78.34,921.3793,-102,3.75,-102.0,3.75
4,2026-07-29 04:40:29,0.46,0.94,2.53,19.95,327.67,12.64,77.86,921.3971,-101,5.00,-101.0,5.0
4,2026-07-29 04:50:29,0.46,0.96,2.07,28.96,327.67,12.76,78.30,921.3586,-102,4.00,-102.0,4.0
4,2026-07-29 05:00:29,0.46,0.91,1.74,18.42,327.67,12.85,77.82,921.3818,-102,4.50,-102.0,4.5
4,2026-07-29 05:10:29,0.56,1.06,3.20,38.05,327.67,12.71,77.57,921.4923,-102,4.50,-102.0,4.5
4,2026-07-29 05:20:29,0.55,1.09,2.37,18.32,327.67,12.53,77.56,921.6067,-101,4.75,-101.0,4.75
4,2026-07-29 05:30:29,0.50,0.94,2.49,59.88,327.67,12.26,77.38,921.6233,-102,5.00,-102.0,5.0
4,2026-07-29 05:40:29,0.42,0.76,2.30,28.12,327.67,12.12,77.35,921.6707,-101,4.25,-101.0,4.25
4,2026-07-29 05:50:29,0.44,0.81,2.13,30.74,327.67,12.41,77.26,921.8031,-102,4.75,-102.0,4.75
4,2026-07-29 06:00:29,0.56,1.02,2.54,30.03,327.67,12.40,77.80,921.8353,-101,5.50,-101.0,5.5
4,2026-07-29 06:10:29,0.68,1.19,2.98,30.77,327.67,12.43,78.10,921.8718,-102,3.50,-102.0,3.5
4,2026-07-29 06:20:29,0.84,1.42,2.67,25.11,327.67,12.62,77.65,921.9072,-103,3.75,-103.0,3.75
4,2026-07-29 06:40:29,0.57,1.01,2.32,26.89,327.67,12.86,78.13,921.9240,-103,3.00,-103.0,3.0
4,2026-07-29 07:20:29,0.78,1.31,2.47,29.69,327.67,12.92,76.19,922.0596,-103,3.50,-103.0,3.5
4,2026-07-29 07:30:29,0.56,1.00,2.57,25.47,327.67,13.14,75.38,922.1212,-103,2.50,-103.0,2.5
4,2026-07-29 07:40:29,0.42,0.74,2.53,38.52,327.67,13.32,75.22,922.1695,-103,3.50,-103.0,3.5
4,2026-07-29 08:30:29,0.22,0.38,1.92,26.20,327.67,14.17,69.14,922.4118,-103,2.25,-103.0,2.25
4,2026-07-29 08:40:29,0.20,0.38,1.04,12.26,327.67,14.36,67.33,922.4846,-103,4.25,-103.0,4.25
4,2026-07-29 08:50:29,0.21,0.38,0.90,11.43,327.67,14.55,67.61,922.5804,-103,2.75,-103.0,2.75
4,2026-07-29 09:40:29,0.22,0.39,1.14,28.31,327.67,15.49,64.22,922.9877,-104,2.75,-104.0,2.75
4,2026-07-29 10:10:29,0.27,0.47,0.98,20.54,327.67,15.30,67.04,923.0591,-103,4.50,-103.0,4.5
4,2026-07-29 10:20:29,0.29,0.51,1.54,27.05,327.67,15.19,67.17,923.1037,-103,3.25,-103.0,3.25
4,2026-07-29 10:30:29,0.26,0.51,1.27,19.54,327.67,15.51,65.74,923.1355,-103,3.00,-103.0,3.0
4,2026-07-29 10:50:29,0.20,0.33,0.83,17.85,327.67,16.20,61.20,923.1265,-103,4.25,-103.0,4.25
4,2026-07-29 11:00:29,0.20,0.38,1.75,33.79,327.67,16.40,60.74,923.1878,-103,4.00,-103.0,4.0
4,2026-07-29 11:10:29,0.21,0.43,1.11,12.51,327.67,16.42,61.56,923.2536,-104,3.50,-104.0,3.5
4,2026-07-29 11:30:29,0.20,0.37,1.18,26.65,327.67,16.28,62.01,923.2394,-103,3.50,-103.0,3.5
4,2026-07-29 12:10:29,0.18,0.36,0.83,9.53,327.67,17.79,56.38,923.1893,-103,3.25,-103.0,3.25
4,2026-07-29 12:20:29,0.18,0.38,1.85,18.28,327.67,18.05,55.95,923.1549,-103,2.50,-103.0,2.5
4,2026-07-29 12:30:29,0.17,0.33,1.43,24.76,327.67,18.10,55.38,923.1380,-103,3.50,-103.0,3.5
4,2026-07-29 12:50:29,0.17,0.35,1.42,21.31,327.67,18.74,53.56,923.1542,-103,4.50,-103.0,4.5
4,2026-07-29 13:00:29,0.19,0.37,1.36,32.49,327.67,18.84,52.61,923.0823,-103,3.75,-103.0,3.75
4,2026-07-29 13:10:29,0.19,0.37,1.87,26.04,327.67,19.05,52.14,923.0704,-103,3.25,-103.0,3.25
4,2026-07-29 13:20:29,0.17,0.32,1.44,24.19,327.67,19.12,52.61,923.0585,-103,3.25,-103.0,3.25
4,2026-07-29 13:30:29,0.16,0.31,1.30,16.93,327.67,19.26,51.76,923.1059,-104,4.25,-104.0,4.25
4,2026-07-29 13:50:29,0.15,0.28,0.64,16.22,327.67,18.47,53.22,923.1846,-103,3.25,-103.0,3.25
4,2026-07-29 14:00:29,0.14,0.26,1.00,16.80,327.67,18.59,51.14,923.2064,-103,3.50,-103.0,3.5
4,2026-07-29 14:10:29,0.12,0.24,0.77,16.27,327.67,19.05,49.16,923.1591,-103,3.25,-103.0,3.25
4,2026-07-29 14:20:29,0.12,0.21,0.42,5.35,327.67,20.67,44.37,923.1565,-104,3.50,-104.0,3.5
4,2026-07-29 14:40:29,0.11,0.22,1.28,23.08,327.67,19.52,45.20,923.2060,-104,2.75,-104.0,2.75
4,2026-07-29 14:50:29,0.10,0.20,0.61,14.66,327.67,19.51,45.52,923.2207,-103,2.00,-103.0,2.0
4,2026-07-29 15:10:29,0.12,0.24,0.57,12.58,327.67,20.97,41.11,923.3524,-103,3.75,-103.0,3.75
4,2026-07-29 15:20:29,0.11,0.21,0.62,11.62,327.67,21.66,39.81,923.3450,-103,3.50,-103.0,3.5
4,2026-07-29 15:30:29,0.10,0.19,0.66,24.39,327.67,22.01,38.58,923.2365,-104,3.00,-104.0,3.0
4,2026-07-29 15:40:29,0.09,0.16,0.41,9.37,327.67,22.53,37.17,923.1348,-103,4.00,-103.0,4.0
4,2026-07-29 15:50:29,0.09,0.18,0.61,9.52,327.67,22.37,37.65,923.0834,-103,3.75,-103.0,3.75
4,2026-07-29 16:00:29,0.09,0.19,0.38,9.09,327.67,23.02,36.48,923.0963,-104,2.25,-104.0,2.25
4,2026-07-29 16:10:29,0.08,0.18,0.67,20.92,327.67,24.97,33.56,923.0623,-102,4.00,-102.0,4.0
4,2026-07-29 16:20:29,0.10,0.21,1.11,22.52,327.67,24.97,32.62,923.0593,-104,2.75,-104.0,2.75
4,2026-07-29 17:20:29,0.13,0.28,0.82,12.61,327.67,20.13,46.50,923.1082,-104,3.50,-104.0,3.5
4,2026-07-29 18:30:29,0.12,0.27,0.76,14.62,327.67,24.56,36.10,923.2725,-104,2.25,-104.0,2.25
4,2026-07-29 18:50:29,0.11,0.21,0.81,29.84,327.67,22.62,38.52,923.2979,-103,2.75,-103.0,2.75
4,2026-07-29 19:00:29,0.11,0.22,0.86,18.29,327.67,23.95,35.04,923.3544,-103,3.50,-103.0,3.5
4,2026-07-29 19:10:29,0.11,0.22,1.03,33.48,327.67,23.77,34.33,923.3178,-102,4.50,-102.0,4.5
4,2026-07-29 19:30:29,0.13,0.29,1.15,22.17,327.67,19.29,50.84,923.4748,-102,5.00,-102.0,5.0
4,2026-07-29 19:40:29,0.14,0.29,1.27,26.57,327.67,19.18,51.32,923.5330,-101,5.75,-101.0,5.75
4,2026-07-29 19:50:29,0.14,0.28,0.97,24.02,327.67,18.38,54.05,923.5791,-101,6.25,-101.0,6.25
4,2026-07-29 20:00:29,0.14,0.30,1.19,22.57,327.67,18.38,54.07,923.5991,-101,5.50,-101.0,5.5
4,2026-07-29 20:10:29,0.14,0.27,0.82,15.41,327.67,19.13,52.49,923.6231,-102,5.50,-102.0,5.5
4,2026-07-29 20:20:29,0.17,0.60,3.14,36.21,327.67,19.08,52.67,923.6728,-101,5.25,-101.0,5.25
4,2026-07-29 20:30:29,0.17,0.79,4.80,69.86,327.67,20.45,49.88,923.6555,-99,6.25,-99.0,6.25
4,2026-07-29 20:40:29,0.31,2.63,15.50,113.97,327.67,20.36,48.73,923.6634,-100,5.25,-100.0,5.25
4,2026-07-29 20:50:29,0.30,2.35,11.96,266.67,327.67,19.40,50.43,923.7374,-101,4.75,-101.0,4.75
4,2026-07-29 21:00:29,0.16,0.52,2.03,15.98,327.67,17.72,54.96,923.8336,-101,6.50,-101.0,6.5
4,2026-07-29 21:10:29,0.17,0.43,1.08,23.36,327.67,17.34,56.84,923.9342,-101,4.50,-101.0,4.5
4,2026-07-29 21:20:29,0.16,0.38,1.25,19.67,327.67,17.46,57.17,923.9859,-101,4.50,-101.0,4.5
4,2026-07-29 21:30:29,0.18,0.43,1.90,28.81,327.67,17.32,58.03,924.0114,-102,5.00,-102.0,5.0
4,2026-07-29 21:40:29,0.18,0.38,1.03,16.18,327.67,16.67,59.90,924.1200,-101,5.75,-101.0,5.75
4,2026-07-29 21:50:29,0.18,0.37,0.88,9.77,327.67,16.13,61.29,924.1942,-100,6.00,-100.0,6.0
4,2026-07-29 22:00:29,0.18,0.36,1.38,27.19,327.67,16.25,61.07,924.2542,-102,5.50,-102.0,5.5
4,2026-07-29 22:10:29,0.19,0.36,1.51,26.48,327.67,16.31,60.81,924.3124,-101,5.00,-101.0,5.0
4,2026-07-29 22:20:29,0.18,0.35,1.11,22.14,327.67,15.65,62.54,924.3966,-102,5.25,-102.0,5.25
4,2026-07-29 22:30:29,0.20,0.42,1.44,22.41,327.67,15.74,62.56,924.5318,-101,5.25,-101.0,5.25
4,2026-07-29 22:40:29,0.19,0.40,1.31,15.52,327.67,15.74,63.06,924.6828,-102,4.75,-102.0,4.75
4,2026-07-29 22:50:29,0.20,0.44,1.62,29.90,327.67,14.68,67.57,924.8414,-102,5.00,-102.0,5.0
4,2026-07-29 23:00:29,0.20,0.42,1.43,20.78,327.67,14.95,67.00,924.7569,-101,5.25,-101.0,5.25
4,2026-07-29 23:10:29,0.20,0.46,2.15,24.75,327.67,15.18,65.84,924.7347,-101,5.00,-101.0,5.0
4,2026-07-29 23:20:29,0.20,0.41,1.88,33.43,327.67,15.71,63.66,924.7127,-101,5.25,-101.0,5.25
4,2026-07-29 23:30:29,0.22,0.49,1.35,11.96,327.67,15.44,64.29,924.8286,-101,5.50,-101.0,5.5
4,2026-07-29 23:40:29,0.18,0.38,1.29,23.03,327.67,15.16,64.87,924.9573,-101,5.00,-101.0,5.0
4,2026-07-29 23:50:29,0.17,0.35,1.09,14.90,327.67,15.09,64.64,924.9930,-101,5.50,-101.0,5.5
4,2026-07-30 00:00:29,0.17,0.37,1.09,16.13,327.67,14.64,65.49,924.9961,-102,5.00,-102.0,5.0
4,2026-07-30 00:10:29,0.17,0.39,1.87,21.30,327.67,14.50,65.34,925.0469,-102,5.50,-102.0,5.5
4,2026-07-30 00:20:29,0.16,0.34,1.05,22.92,327.67,14.85,63.64,925.1606,-102,5.00,-102.0,5.0
4,2026-07-30 00:30:29,0.14,0.30,0.91,8.99,327.67,14.66,63.39,925.2424,-101,5.25,-101.0,5.25
4,2026-07-30 01:10:29,0.16,0.37,1.15,22.00,327.67,13.87,65.36,925.5317,-101,5.25,-101.0,5.25
4,2026-07-30 01:20:29,0.15,0.33,1.04,10.59,327.67,13.77,65.39,925.5329,-101,5.00,-101.0,5.0
4,2026-07-30 02:20:29,0.18,0.36,1.02,25.19,327.67,12.45,68.80,925.5927,-102,4.25,-102.0,4.25
4,2026-07-30 02:30:29,0.22,0.46,1.15,25.30,327.67,11.20,73.49,925.6269,-102,5.25,-102.0,5.25
4,2026-07-30 02:40:29,0.17,0.31,0.98,15.09,327.67,11.62,72.52,925.6334,-102,4.75,-102.0,4.75
4,2026-07-30 03:00:29,0.23,0.42,1.09,18.03,327.67,10.72,75.75,925.7146,-102,4.75,-102.0,4.75
4,2026-07-30 03:10:29,0.25,0.46,1.36,30.32,327.67,10.58,76.47,925.6672,-103,5.25,-103.0,5.25
4,2026-07-30 03:20:29,0.24,0.49,1.73,20.52,327.67,10.40,77.02,925.6434,-103,3.50,-103.0,3.5
4,2026-07-30 03:30:29,0.24,0.46,1.18,26.25,327.67,10.72,75.57,925.6228,-103,4.00,-103.0,4.0
4,2026-07-30 04:00:29,0.27,0.54,1.82,27.83,327.67,9.83,77.74,925.7637,-102,4.50,-102.0,4.5
4,2026-07-30 04:20:29,0.25,0.51,1.41,18.07,327.67,10.16,76.33,925.8503,-102,4.50,-102.0,4.5
4,2026-07-30 04:30:29,0.26,0.48,1.20,21.57,327.67,9.91,76.90,925.8960,-102,4.75,-102.0,4.75
4,2026-07-30 04:40:29,0.33,0.62,1.90,27.22,327.67,9.68,76.24,925.8778,-103,4.00,-103.0,4.0
4,2026-07-30 04:50:29,0.34,0.62,1.75,25.40,327.67,9.22,77.70,925.9014,-103,3.75,-103.0,3.75
4,2026-07-30 05:00:29,0.31,0.56,1.18,21.78,327.67,8.90,79.38,925.8780,-103,4.50,-103.0,4.5
4,2026-07-30 05:20:29,0.31,0.68,2.83,185.36,327.67,8.67,80.28,925.9926,-103,4.50,-103.0,4.5
4,2026-07-30 05:30:29,0.32,0.55,1.59,16.84,327.67,8.62,80.53,925.9981,-103,3.75,-103.0,3.75
4,2026-07-30 05:50:29,0.31,0.57,1.65,16.33,327.67,8.80,79.94,926.1328,-102,4.50,-102.0,4.5
4,2026-07-30 06:00:29,0.37,0.66,1.92,21.85,327.67,8.70,79.46,926.1517,-102,4.25,-102.0,4.25
4,2026-07-30 06:20:29,0.40,0.78,2.37,32.12,327.67,8.84,78.94,926.1740,-103,3.75,-103.0,3.75
4,2026-07-30 06:30:29,0.35,0.65,1.40,16.60,327.67,9.63,77.05,926.2004,-102,4.50,-102.0,4.5
4,2026-07-30 06:40:29,0.32,0.59,2.09,24.20,327.67,10.43,74.83,926.2863,-102,4.00,-102.0,4.0
4,2026-07-30 06:50:29,0.31,0.55,1.66,25.42,327.67,11.05,73.21,926.3627,-102,5.00,-102.0,5.0
4,2026-07-30 07:00:29,0.29,0.61,2.09,16.44,327.67,12.09,69.94,926.3953,-102,3.75,-102.0,3.75
4,2026-07-30 07:10:29,0.26,0.49,1.13,10.38,327.67,12.81,67.65,926.4009,-102,4.50,-102.0,4.5
4,2026-07-30 07:20:29,0.33,0.61,1.60,21.15,327.67,12.14,68.97,926.3684,-102,5.25,-102.0,5.25
4,2026-07-30 07:30:29,0.30,0.55,1.72,27.47,327.67,11.12,73.10,926.4017,-102,4.50,-102.0,4.5
4,2026-07-30 07:40:29,0.28,0.52,1.74,16.89,327.67,10.98,73.63,926.4006,-102,4.50,-102.0,4.5
4,2026-07-30 07:50:29,0.25,0.52,1.32,15.23,327.67,11.06,73.37,926.4152,-102,4.75,-102.0,4.75
4,2026-07-30 08:00:29,0.25,0.48,1.70,24.85,327.67,11.12,72.87,926.4729,-103,3.25,-103.0,3.25
4,2026-07-30 08:10:29,0.25,0.47,1.41,21.91,327.67,11.58,71.27,926.5609,-102,4.00,-102.0,4.0
4,2026-07-30 08:20:29,0.20,0.42,1.33,20.00,327.67,12.56,68.47,926.6867,-103,4.50,-103.0,4.5
4,2026-07-30 08:30:29,0.21,0.42,1.53,20.84,327.67,13.38,66.17,926.8160,-103,4.25,-103.0,4.25
4,2026-07-30 09:00:29,0.25,0.44,1.24,15.63,327.67,13.60,68.34,926.8283,-103,4.25,-103.0,4.25
4,2026-07-30 09:20:29,0.27,0.55,1.78,34.93,327.67,16.73,58.05,926.7476,-103,3.50,-103.0,3.5
4,2026-07-30 09:30:29,0.23,0.50,1.50,20.71,327.67,17.76,54.78,926.6737,-102,4.75,-102.0,4.75
4,2026-07-30 09:50:29,0.23,0.51,1.26,11.58,327.67,16.79,57.46,926.5840,-103,4.25,-103.0,4.25
4,2026-07-30 10:10:29,0.18,0.36,1.02,15.74,327.67,18.19,53.74,926.5772,-103,2.75,-103.0,2.75
4,2026-07-30 11:00:29,0.21,0.39,1.39,17.61,327.67,19.77,50.26,926.3668,-103,3.75,-103.0,3.75
4,2026-07-30 11:10:29,0.25,0.44,1.98,23.02,327.67,19.87,50.25,926.3530,-102,4.50,-102.0,4.5
4,2026-07-30 11:30:29,0.23,0.46,1.43,19.13,327.67,20.95,47.97,926.3310,-104,3.25,-104.0,3.25
4,2026-07-30 11:50:29,0.20,0.48,1.83,38.39,327.67,21.18,47.43,926.1876,-104,2.50,-104.0,2.5
4,2026-07-30 12:00:29,0.21,0.50,2.28,26.63,327.67,21.62,46.04,926.1083,-103,4.00,-103.0,4.0
4,2026-07-30 12:10:29,0.20,0.54,2.76,35.56,327.67,21.95,45.32,926.0337,-103,4.00,-103.0,4.0
4,2026-07-30 12:20:29,0.20,0.38,2.03,37.91,327.67,22.12,44.48,925.9752,-103,4.25,-103.0,4.25
4,2026-07-30 13:00:29,0.20,0.88,5.33,112.91,327.67,21.59,43.71,925.8326,-103,3.25,-103.0,3.25
4,2026-07-30 13:10:29,0.34,2.43,15.06,211.86,327.67,21.81,43.99,925.7874,-101,4.50,-101.0,4.5
4,2026-07-30 13:20:29,0.31,2.13,12.81,216.13,327.67,22.03,43.27,925.7107,-103,3.00,-103.0,3.0
4,2026-07-30 13:30:29,8.43,100.86,327.67,327.67,327.67,23.05,41.21,925.6157,-101,5.75,-101.0,5.75
4,2026-07-30 13:40:29,16.69,197.50,327.67,327.67,327.67,23.81,38.91,925.5312,-103,3.50,-103.0,3.5
4,2026-07-30 14:00:29,26.85,316.80,327.67,327.67,327.67,24.46,37.20,925.4531,-102,3.75,-102.0,3.75
4,2026-07-30 14:10:29,24.15,281.34,327.67,327.67,327.67,23.68,38.02,925.4104,-102,4.25,-102.0,4.25
4,2026-07-30 14:50:29,43.24,327.67,327.67,327.67,327.67,23.39,38.80,925.2158,-103,4.00,-103.0,4.0
4,2026-07-30 15:00:29,41.33,327.67,327.67,327.67,327.67,23.62,38.45,925.1350,-101,4.00,-101.0,4.0
4,2026-07-30 15:10:29,42.99,327.67,327.67,327.67,327.67,22.78,40.39,925.0806,-102,2.25,-102.0,2.25
4,2026-07-30 15:20:29,37.96,327.67,327.67,327.67,327.67,22.95,39.33,925.0466,-102,3.50,-102.0,3.5
4,2026-07-30 15:30:29,24.81,296.23,327.67,327.67,327.67,22.06,40.78,925.1188,-103,1.25,-103.0,1.25
4,2026-07-30 15:40:29,24.50,299.70,327.67,327.67,327.67,21.62,41.73,925.1465,-102,5.00,-102.0,5.0
4,2026-07-30 15:50:29,21.85,257.58,327.67,327.67,327.67,22.05,40.50,925.1387,-102,2.00,-102.0,2.0
4,2026-07-30 16:00:29,18.29,203.32,327.67,327.67,327.67,24.37,35.96,925.1153,-102,5.25,-102.0,5.25
4,2026-07-30 16:10:29,16.01,175.90,327.67,327.67,327.67,24.81,34.99,925.1547,-102,4.25,-102.0,4.25
4,2026-07-30 16:20:29,13.36,147.47,327.67,327.67,327.67,24.56,34.89,925.0863,-103,4.00,-103.0,4.0
4,2026-07-30 16:30:29,19.06,215.89,327.67,327.67,327.67,24.44,34.93,925.0207,-101,4.25,-101.0,4.25
4,2026-07-30 16:40:29,24.77,300.80,327.67,327.67,327.67,24.57,35.28,924.9456,-104,3.50,-104.0,3.5
4,2026-07-30 16:50:29,26.50,321.57,327.67,327.67,327.67,23.35,37.93,924.8840,-102,5.25,-102.0,5.25
4,2026-07-30 17:00:29,32.42,327.67,327.67,327.67,327.67,23.32,38.49,924.8860,-101,6.25,-101.0,6.25
4,2026-07-30 17:10:29,16.77,196.78,327.67,327.67,327.67,22.59,40.73,925.0175,-102,4.25,-102.0,4.25
4,2026-07-30 17:30:29,6.90,78.80,327.67,327.67,327.67,21.05,42.92,925.0477,-101,4.75,-101.0,4.75
4,2026-07-30 17:40:29,9.23,105.37,327.67,327.67,327.67,21.45,42.83,925.1845,-102,4.25,-102.0,4.25
4,2026-07-30 17:50:29,12.38,147.06,327.67,327.67,327.67,23.33,38.42,925.2092,-102,4.50,-102.0,4.5
4,2026-07-30 18:00:29,2.18,22.92,98.11,327.67,327.67,22.49,40.83,925.1953,-104,2.50,-104.0,2.5
4,2026-07-30 18:10:29,1.28,12.63,55.92,327.67,327.67,21.86,42.72,925.2419,-102,3.75,-102.0,3.75
4,2026-07-30 18:20:29,1.59,16.05,66.81,327.67,327.67,21.48,42.82,925.1957,-100,5.50,-100.0,5.5
4,2026-07-30 18:30:29,10.10,116.47,327.67,327.67,327.67,21.32,40.82,925.1774,-102,5.00,-102.0,5.0
4,2026-07-30 18:40:29,7.16,82.19,327.67,327.67,327.67,20.99,41.28,925.2429,-101,5.25,-101.0,5.25
4,2026-07-30 18:50:29,4.99,56.00,253.29,327.67,327.67,20.72,41.78,925.2490,-100,6.00,-100.0,6.0
4,2026-07-30 19:00:29,4.02,41.95,184.50,327.67,327.67,20.42,42.11,925.2128,-103,4.00,-103.0,4.0
4,2026-07-30 19:10:29,5.72,66.76,307.88,327.67,327.67,20.49,42.71,925.1758,-103,1.75,-103.0,1.75
4,2026-07-30 19:20:29,3.10,35.96,173.59,327.67,327.67,20.78,42.84,925.1890,-103,4.25,-103.0,4.25
4,2026-07-30 19:30:29,6.52,80.61,327.67,327.67,327.67,21.30,41.23,925.1835,-102,4.50,-102.0,4.5
4,2026-07-30 19:40:29,4.90,59.80,294.56,327.67,327.67,20.51,43.10,925.2717,-101,5.00,-101.0,5.0
4,2026-07-30 19:50:29,3.80,47.08,240.82,327.67,327.67,19.95,43.79,925.3015,-102,4.75,-102.0,4.75
4,2026-07-30 20:00:29,3.19,34.73,159.18,327.67,327.67,19.48,44.74,925.3452,-103,3.25,-103.0,3.25
4,2026-07-30 20:10:29,0.92,8.74,39.43,323.11,327.67,19.20,46.45,925.3658,-103,4.50,-103.0,4.5
4,2026-07-30 20:20:29,2.49,27.13,118.19,327.67,327.67,18.94,47.60,925.3084,-104,3.00,-104.0,3.0
4,2026-07-30 20:30:29,1.12,11.15,50.78,327.67,327.67,18.30,48.67,925.3984,-103,3.75,-103.0,3.75
4,2026-07-30 20:40:29,0.78,7.65,36.58,327.67,327.67,18.38,48.22,925.4707,-102,4.00,-102.0,4.0
4,2026-07-30 20:50:29,0.21,0.62,2.24,37.41,327.67,18.23,48.53,925.5761,-103,3.75,-103.0,3.75
4,2026-07-30 21:00:29,0.31,1.63,6.93,127.92,327.67,18.01,48.91,925.6294,-103,4.25,-103.0,4.25
4,2026-07-30 21:20:29,0.24,0.85,2.65,25.98,327.67,17.71,49.71,925.7301,-103,4.00,-103.0,4.0
4,2026-07-30 21:30:29,0.24,0.67,2.12,47.27,327.67,17.68,50.04,925.8069,-103,3.00,-103.0,3.0
4,2026-07-30 21:40:29,0.21,0.41,1.37,20.31,327.67,17.42,50.02,925.8962,-104,3.50,-104.0,3.5
4,2026-07-30 21:50:29,0.23,0.45,1.54,25.66,327.67,17.50,50.03,925.9489,-103,3.50,-103.0,3.5
4,2026-07-30 22:00:29,0.23,0.44,1.52,20.91,327.67,17.45,50.36,925.9872,-102,3.25,-102.0,3.25
4,2026-07-30 22:10:29,0.25,0.47,1.33,21.41,327.67,17.48,50.68,926.0185,-103,4.00,-103.0,4.0
4,2026-07-30 22:20:29,0.45,1.99,8.94,168.73,327.67,17.46,51.34,926.0604,-102,4.25,-102.0,4.25
4,2026-07-30 22:30:29,0.30,0.52,2.09,33.05,327.67,17.31,52.54,926.1152,-102,5.00,-102.0,5.0
4,2026-07-30 22:40:29,0.29,0.51,2.06,24.92,327.67,16.94,54.12,926.2003,-104,3.00,-104.0,3.0
4,2026-07-30 22:50:29,0.27,0.43,1.26,22.23,327.67,16.69,54.31,926.2158,-103,2.75,-103.0,2.75
4,2026-07-30 23:00:29,0.28,0.49,2.04,24.82,327.67,16.72,54.44,926.2944,-103,3.75,-103.0,3.75
4,2026-07-30 23:10:29,0.33,1.07,5.54,127.41,327.67,16.84,53.12,926.3492,-103,3.75,-103.0,3.75
4,2026-07-30 23:20:29,0.29,0.69,3.40,49.30,327.67,16.89,54.53,926.4055,-103,4.50,-103.0,4.5
4,2026-07-30 23:30:29,0.29,0.48,1.34,18.40,327.67,16.72,56.15,926.5156,-103,4.50,-103.0,4.5
4,2026-07-30 23:40:29,0.31,0.52,1.79,23.09,327.67,16.42,57.29,926.5516,-103,3.00,-103.0,3.0
4,2026-07-30 23:50:29,0.31,0.56,1.78,26.31,327.67,16.40,56.72,926.5914,-103,3.00,-103.0,3.0
4,2026-07-31 00:00:29,0.31,0.54,1.87,17.15,327.67,16.52,56.13,926.6556,-102,4.00,-102.0,4.0
4,2026-07-31 00:10:29,0.29,0.54,1.80,18.08,327.67,16.57,56.17,926.6352,-102,4.00,-102.0,4.0
4,2026-07-31 00:20:29,0.30,0.52,1.74,30.87,327.67,16.41,55.32,926.6290,-103,4.50,-103.0,4.5
4,2026-07-31 00:30:29,0.37,1.06,5.21,156.50,327.67,16.45,56.38,926.6937,-103,3.50,-103.0,3.5
4,2026-07-31 00:40:29,0.30,0.51,1.64,28.96,327.67,16.21,57.98,926.7204,-103,4.50,-103.0,4.5
4,2026-07-31 00:50:29,0.31,0.51,1.41,22.77,327.67,16.21,57.95,926.7549,-103,3.25,-103.0,3.25
4,2026-07-31 01:00:29,0.31,0.51,1.36,18.34,327.67,16.02,58.32,926.7612,-103,2.50,-103.0,2.5
4,2026-07-31 01:10:29,0.31,0.54,1.96,32.45,327.67,15.96,57.65,926.7030,-102,4.25,-102.0,4.25
4,2026-07-31 01:20:29,0.30,0.57,2.24,33.34,327.67,15.86,58.80,926.6229,-102,4.25,-102.0,4.25
4,2026-07-31 01:30:29,0.33,0.62,2.13,36.13,327.67,15.75,59.33,926.6123,-103,4.00,-103.0,4.0
4,2026-07-31 01:40:29,0.35,0.57,1.88,25.71,327.67,15.64,59.05,926.5782,-103,3.75,-103.0,3.75
4,2026-07-31 01:50:29,0.32,0.53,1.35,12.97,327.67,15.62,58.05,926.5571,-102,4.50,-102.0,4.5
4,2026-07-31 02:00:29,0.35,0.56,1.42,25.56,327.67,15.36,58.67,926.5022,-102,3.00,-102.0,3.0
4,2026-07-31 02:10:29,0.34,0.58,1.73,26.33,327.67,15.22,59.33,926.4839,-103,2.75,-103.0,2.75
4,2026-07-31 02:20:29,0.34,0.57,1.58,26.31,327.67,14.98,60.74,926.4808,-102,4.00,-102.0,4.0
4,2026-07-31 02:30:29,0.34,0.55,1.32,18.73,327.67,14.75,60.49,926.4740,-102,3.75,-102.0,3.75
4,2026-07-31 02:40:29,0.36,0.62,1.35,28.66,327.67,14.72,61.93,926.4971,-102,4.00,-102.0,4.0
4,2026-07-31 02:50:29,0.35,0.62,1.46,19.18,327.67,14.68,61.28,926.4978,-102,3.75,-102.0,3.75
4,2026-07-31 03:00:29,0.34,0.56,1.45,15.83,327.67,14.17,63.27,926.5323,-102,4.25,-102.0,4.25
4,2026-07-31 03:10:29,0.34,0.70,2.55,28.77,327.67,14.07,61.87,926.5243,-102,4.00,-102.0,4.0
4,2026-07-31 03:20:29,0.35,0.55,1.68,51.35,327.67,14.25,61.32,926.5011,-103,4.25,-103.0,4.25
4,2026-07-31 03:30:29,0.44,0.83,2.87,28.82,327.67,13.23,66.98,926.5572,-102,3.75,-102.0,3.75
4,2026-07-31 03:40:29,0.42,0.76,1.88,18.87,327.67,12.54,68.37,926.5714,-102,4.00,-102.0,4.0
4,2026-07-31 03:50:29,0.44,0.76,2.23,31.88,327.67,12.48,69.29,926.5834,-102,4.00,-102.0,4.0
4,2026-07-31 04:00:29,0.52,0.94,2.15,35.52,327.67,12.02,71.25,926.5593,-102,4.00,-102.0,4.0
4,2026-07-31 04:10:29,0.51,0.91,2.25,18.10,327.67,11.57,71.97,926.5569,-102,3.50,-102.0,3.5
4,2026-07-31 04:20:29,0.48,0.96,2.74,49.75,327.67,11.28,71.38,926.5602,-101,4.50,-101.0,4.5
4,2026-07-31 04:30:29,0.52,0.94,2.33,23.68,327.67,11.52,71.11,926.5930,-102,3.75,-102.0,3.75
4,2026-07-31 04:40:29,0.54,1.00,2.28,17.42,327.67,11.37,72.62,926.5189,-102,4.00,-102.0,4.0
4,2026-07-31 04:50:29,0.61,1.01,2.91,34.33,327.67,11.38,74.05,926.5286,-102,4.25,-102.0,4.25
4,2026-07-31 05:00:29,0.51,0.83,2.07,18.31,327.67,11.53,73.00,926.5063,-102,4.50,-102.0,4.5
4,2026-07-31 05:10:29,0.55,0.94,2.14,30.48,327.67,11.70,72.46,926.5214,-102,4.00,-102.0,4.0
4,2026-07-31 05:20:29,0.50,0.91,1.89,18.25,327.67,11.34,72.79,926.5332,-102,3.75,-102.0,3.75
4,2026-07-31 05:30:29,0.46,0.81,2.04,17.26,327.67,11.25,70.36,926.5156,-104,2.50,-104.0,2.5
4,2026-07-31 05:40:29,0.54,0.97,2.24,29.85,327.67,11.47,71.23,926.5617,-103,3.50,-103.0,3.5
4,2026-07-31 05:50:29,0.45,0.87,2.94,30.23,327.67,11.41,71.62,926.5846,-103,3.50,-103.0,3.5
4,2026-07-31 06:00:29,0.51,0.98,2.65,29.38,327.67,11.47,72.35,926.6218,-103,3.50,-103.0,3.5
4,2026-07-31 06:10:29,0.54,0.93,2.41,25.61,327.67,11.61,72.33,926.6017,-103,3.75,-103.0,3.75
4,2026-07-31 06:20:29,0.57,1.01,2.49,27.58,327.67,11.64,72.85,926.6098,-102,4.75,-102.0,4.75
4,2026-07-31 06:30:29,0.58,0.96,2.34,31.02,327.67,11.78,72.90,926.6346,-102,5.00,-102.0,5.0
4,2026-07-31 06:40:29,0.54,1.00,3.21,28.91,327.67,11.68,71.56,926.6611,-103,4.25,-103.0,4.25
4,2026-07-31 06:50:29,0.50,0.84,2.38,39.38,327.67,11.85,71.47,926.6463,-102,4.75,-102.0,4.75
4,2026-07-31 07:00:29,0.55,0.98,2.29,21.67,327.67,11.96,71.78,926.6530,-102,4.25,-102.0,4.25
4,2026-07-31 07:10:29,0.51,0.95,2.49,18.51,327.67,12.09,70.97,926.6608,-103,4.25,-103.0,4.25
4,2026-07-31 07:20:29,0.49,0.85,2.03,25.62,327.67,12.20,70.31,926.6933,-103,4.25,-103.0,4.25
4,2026-07-31 07:30:29,0.57,1.01,2.30,23.21,327.67,12.23,70.61,926.7595,-102,4.50,-102.0,4.5
4,2026-07-31 07:40:29,0.67,1.16,3.45,32.76,327.67,12.29,72.27,926.7589,-103,4.25,-103.0,4.25
4,2026-07-31 07:50:29,0.69,1.18,2.73,28.96,327.67,12.47,72.74,926.7565,-102,4.25,-102.0,4.25
4,2026-07-31 08:00:29,0.60,1.01,2.25,32.37,327.67,12.63,71.36,926.7536,-103,3.25,-103.0,3.25
4,2026-07-31 08:10:29,0.56,0.90,1.56,11.58,327.67,12.99,70.33,926.7958,-103,2.50,-103.0,2.5
4,2026-07-31 08:20:29,0.54,1.01,2.64,34.32,327.67,13.30,69.62,926.7977,-102,4.25,-102.0,4.25
4,2026-07-31 08:30:29,0.52,0.91,2.76,28.88,327.67,13.50,69.19,926.8201,-102,4.25,-102.0,4.25
4,2026-07-31 08:40:29,0.50,0.90,1.80,17.74,327.67,13.68,68.64,926.8784,-101,5.25,-101.0,5.25
4,2026-07-31 08:50:29,0.50,0.93,2.37,28.97,327.67,13.76,68.58,926.9334,-102,5.25,-102.0,5.25
4,2026-07-31 09:00:29,0.52,1.22,5.94,44.11,327.67,13.87,67.62,926.8795,-102,4.25,-102.0,4.25
4,2026-07-31 09:10:29,0.51,1.29,4.90,33.26,327.67,14.57,65.10,926.8522,-102,4.00,-102.0,4.0
4,2026-07-31 09:20:29,0.50,1.05,3.46,26.09,327.67,15.20,63.52,926.8689,-102,4.50,-102.0,4.5
4,2026-07-31 09:30:29,0.48,0.86,2.86,28.36,327.67,15.60,63.39,926.8776,-102,4.25,-102.0,4.25
4,2026-07-31 09:40:29,0.45,0.74,1.99,25.98,327.67,16.15,61.38,926.8410,-102,4.00,-102.0,4.0
4,2026-07-31 09:50:29,0.47,0.87,2.38,21.48,327.67,16.67,58.68,926.8036,-101,5.25,-101.0,5.25
4,2026-07-31 10:00:29,0.43,0.78,2.12,18.32,327.67,17.11,56.98,926.7744,-101,5.25,-101.0,5.25
4,2026-07-31 10:10:29,0.41,0.71,1.94,27.31,327.67,17.49,55.25,926.7391,-103,3.50,-103.0,3.5
4,2026-07-31 10:20:29,0.42,1.04,3.79,36.91,327.67,17.88,53.54,926.7185,-101,5.25,-101.0,5.25
4,2026-07-31 10:30:29,0.40,1.14,6.35,34.59,327.67,18.54,51.22,926.7036,-102,4.00,-102.0,4.0
4,2026-07-31 10:40:29,0.67,3.67,26.92,95.62,327.67,19.30,48.94,926.6892,-101,5.25,-101.0,5.25
4,2026-07-31 10:50:29,0.37,0.72,1.88,19.30,327.67,19.49,47.97,926.5936,-102,5.25,-102.0,5.25
4,2026-07-31 11:00:29,0.36,0.62,1.38,10.62,327.67,19.74,47.46,926.5812,-102,4.75,-102.0,4.75
4,2026-07-31 11:10:29,0.36,0.65,1.75,23.55,327.67,20.00,47.32,926.5235,-102,4.75,-102.0,4.75
4,2026-07-31 11:20:29,0.36,0.67,1.81,16.25,327.67,20.08,47.41,926.4773,-101,4.75,-101.0,4.75
4,2026-07-31 11:30:29,0.32,0.56,1.55,15.70,327.67,20.81,44.87,926.3855,-102,4.75,-102.0,4.75
4,2026-07-31 11:40:29,0.31,0.54,2.05,22.30,327.67,21.23,43.19,926.3009,-102,4.25,-102.0,4.25
4,2026-07-31 11:50:29,0.27,0.51,1.76,15.94,327.67,21.41,41.99,926.2718,-102,3.50,-102.0,3.5
4,2026-07-31 12:00:29,0.25,0.44,1.32,23.46,327.67,21.72,40.42,926.2319,-103,3.75,-103.0,3.75
4,2026-07-31 12:10:29,0.26,0.49,1.26,42.49,327.67,21.41,41.27,926.1824,-102,3.50,-102.0,3.5
4,2026-07-31 12:20:29,0.26,0.47,1.54,14.04,327.67,22.09,39.62,926.1228,-103,4.00,-103.0,4.0
4,2026-07-31 12:30:29,0.23,0.38,1.20,22.06,327.67,22.91,37.49,926.0958,-101,5.25,-101.0,5.25
4,2026-07-31 12:40:29,0.26,0.49,1.97,18.93,327.67,22.77,39.23,926.0044,-102,4.50,-102.0,4.5
4,2026-07-31 12:50:29,0.23,0.41,1.27,15.28,327.67,24.21,35.31,925.8261,-102,5.00,-102.0,5.0
4,2026-07-31 13:00:29,0.23,0.42,1.30,31.32,327.67,25.30,34.63,925.7782,-103,3.50,-103.0,3.5
4,2026-07-31 13:10:29,0.22,0.40,1.34,25.21,327.67,26.36,30.56,925.6185,-103,3.50,-103.0,3.5
4,2026-07-31 13:20:29,0.21,0.42,1.22,15.05,327.67,26.07,31.45,925.5205,-103,3.00,-103.0,3.0
4,2026-07-31 13:30:29,0.20,0.32,0.61,15.66,327.67,25.64,29.88,925.4478,-103,3.50,-103.0,3.5
4,2026-07-31 13:40:29,0.22,0.38,1.08,16.99,327.67,25.27,27.02,925.3708,-100,3.75,-100.0,3.75
4,2026-07-31 14:00:29,0.21,0.31,1.16,25.14,327.67,23.44,29.34,925.2391,-104,2.50,-104.0,2.5
4,2026-07-31 14:10:29,0.21,0.36,0.76,15.37,327.67,24.85,26.64,925.1551,-103,3.50,-103.0,3.5
4,2026-07-31 14:20:29,0.23,0.36,0.99,16.03,327.67,25.77,24.44,925.0250,-100,4.75,-100.0,4.75
4,2026-07-31 14:30:29,0.21,0.37,1.03,23.12,327.67,25.03,25.10,924.9748,-101,4.25,-101.0,4.25
4,2026-07-31 14:40:29,0.21,0.40,0.85,23.23,327.67,23.74,28.32,924.9404,-103,3.25,-103.0,3.25
4,2026-07-31 14:50:29,0.22,0.37,1.23,15.77,327.67,23.39,28.93,924.8988,-103,3.50,-103.0,3.5
4,2026-07-31 15:20:29,0.23,0.41,1.26,37.81,327.67,23.84,27.28,924.6533,-104,2.25,-104.0,2.25
4,2026-07-31 15:30:29,0.22,0.36,0.86,21.69,327.67,25.09,25.42,924.5854,-103,2.00,-103.0,2.0
4,2026-07-31 15:40:29,0.22,0.43,1.45,30.21,327.67,25.74,24.45,924.4834,-104,2.50,-104.0,2.5
4,2026-07-31 15:50:29,0.20,0.32,0.72,9.18,327.67,24.70,25.26,924.4608,-105,2.00,-105.0,2.0
4,2026-07-31 16:20:29,0.20,0.28,0.90,19.53,327.67,28.31,19.27,924.2459,-103,3.00,-103.0,3.0
4,2026-07-31 16:30:29,0.19,0.27,0.51,15.76,327.67,26.59,21.32,924.2137,-104,2.75,-104.0,2.75
4,2026-07-31 16:40:29,0.20,0.30,0.56,9.90,327.67,25.81,22.24,924.1086,-104,2.50,-104.0,2.5
4,2026-07-31 16:50:29,0.20,0.32,0.54,5.53,327.67,25.60,21.69,924.0371,-104,2.00,-104.0,2.0
4,2026-07-31 17:00:29,0.19,0.30,0.46,5.21,327.67,25.67,22.84,923.9430,-104,2.25,-104.0,2.25
4,2026-07-31 17:10:29,0.19,0.28,0.63,25.09,327.67,25.71,23.81,923.8800,-104,2.25,-104.0,2.25
4,2026-07-31 17:20:29,0.20,0.30,0.94,24.08,327.67,25.65,24.83,923.8025,-103,3.25,-103.0,3.25
4,2026-07-31 17:30:29,0.19,0.29,0.46,5.31,327.67,25.19,25.02,923.6779,-103,3.00,-103.0,3.0
4,2026-07-31 17:40:29,0.19,0.28,0.89,20.52,327.67,25.16,25.56,923.6516,-102,4.00,-102.0,4.0
4,2026-07-31 17:50:29,0.20,0.33,1.00,23.96,327.67,24.55,27.51,923.6306,-103,3.50,-103.0,3.5
4,2026-07-31 18:00:29,0.19,0.27,0.72,19.72,327.67,26.59,24.21,923.5632,-103,3.25,-103.0,3.25
4,2026-07-31 18:10:29,0.19,0.28,0.93,18.37,327.67,27.68,22.63,923.4482,-103,2.75,-103.0,2.75
4,2026-07-31 18:20:29,0.19,0.31,0.95,25.51,327.67,28.46,22.39,923.3843,-103,3.00,-103.0,3.0
4,2026-07-31 18:30:29,0.19,0.27,0.56,11.58,327.67,29.48,21.15,923.2850,-104,2.50,-104.0,2.5
4,2026-07-31 18:40:29,0.18,0.25,0.82,23.02,327.67,27.96,22.12,923.2052,-103,3.75,-103.0,3.75
4,2026-07-31 18:50:29,0.18,0.27,0.56,19.11,327.67,26.46,24.83,923.2118,-104,3.25,-104.0,3.25
4,2026-07-31 19:00:29,0.18,0.28,0.86,22.49,327.67,26.64,25.91,923.2207,-103,3.75,-103.0,3.75
4,2026-07-31 19:10:29,0.18,0.28,0.70,23.14,327.67,27.78,24.70,923.1730,-104,2.50,-104.0,2.5
4,2026-07-31 19:20:29,0.17,0.28,1.03,30.96,327.67,28.44,23.73,923.0789,-103,3.25,-103.0,3.25
4,2026-07-31 19:30:29,0.16,0.26,0.76,14.33,327.67,26.19,27.13,923.0066,-102,4.75,-102.0,4.75
4,2026-07-31 19:40:29,0.17,0.27,0.68,22.51,327.67,24.45,30.12,922.9793,-102,4.25,-102.0,4.25
4,2026-07-31 19:50:29,0.18,0.29,1.47,22.57,327.67,24.20,30.44,923.0109,-102,4.25,-102.0,4.25
4,2026-07-31 20:00:29,0.18,0.29,1.34,23.17,327.67,25.71,28.47,923.0495,-102,4.00,-102.0,4.0
4,2026-07-31 20:10:29,0.17,0.26,0.56,8.56,327.67,26.19,27.51,923.0714,-102,3.75,-102.0,3.75
4,2026-07-31 20:20:29,0.17,0.32,0.91,18.75,327.67,24.01,30.80,923.0204,-102,3.75,-102.0,3.75
4,2026-07-31 20:30:29,0.18,0.31,0.88,19.45,327.67,23.06,32.34,923.0376,-102,3.25,-102.0,3.25
4,2026-07-31 20:40:29,0.18,0.30,0.85,21.29,327.67,22.92,32.98,923.0158,-102,3.50,-102.0,3.5
4,2026-07-31 20:50:29,0.18,0.29,0.72,9.50,327.67,24.25,30.26,922.9277,-101,5.25,-101.0,5.25
4,2026-07-31 21:00:29,0.18,0.30,0.98,20.81,327.67,24.22,30.64,922.8879,-101,4.50,-101.0,4.5
4,2026-07-31 21:10:29,0.19,0.29,0.79,20.29,327.67,24.47,30.88,922.8496,-101,4.00,-101.0,4.0
4,2026-07-31 21:20:29,0.18,0.35,1.10,20.11,327.67,22.59,34.87,922.8966,-101,4.25,-101.0,4.25
4,2026-07-31 21:30:29,0.18,0.34,0.74,13.63,327.67,21.55,36.59,922.9429,-101,4.75,-101.0,4.75
4,2026-07-31 21:40:29,0.18,0.34,1.19,15.08,327.67,21.13,35.54,923.0003,-102,3.50,-102.0,3.5
4,2026-07-31 21:50:29,0.19,0.39,2.34,74.31,327.67,19.45,44.07,923.1443,-101,4.50,-101.0,4.5
4,2026-07-31 22:00:29,0.19,0.38,1.47,23.75,327.67,18.27,45.98,923.2120,-102,4.00,-102.0,4.0
4,2026-07-31 22:10:29,0.21,0.38,1.85,21.75,327.67,17.71,46.78,923.2388,-102,3.50,-102.0,3.5
4,2026-07-31 22:20:29,0.20,0.35,1.43,33.85,327.67,17.27,46.73,923.2879,-102,3.50,-102.0,3.5
4,2026-07-31 22:30:29,0.19,0.37,1.98,24.70,327.67,17.04,47.40,923.3621,-102,4.25,-102.0,4.25
4,2026-07-31 22:40:29,0.19,0.37,2.04,61.22,327.67,16.90,47.45,923.3577,-103,3.50,-103.0,3.5
4,2026-07-31 22:50:29,0.19,0.36,1.18,24.72,327.67,16.37,48.60,923.3982,-102,4.25,-102.0,4.25
4,2026-07-31 23:00:29,0.19,0.40,2.02,28.23,327.67,16.09,49.00,923.4813,-103,4.00,-103.0,4.0
4,2026-07-31 23:10:29,0.18,0.31,1.37,21.07,327.67,15.98,49.34,923.5471,-103,3.25,-103.0,3.25
4,2026-07-31 23:20:29,0.18,0.36,1.88,23.85,327.67,16.58,47.25,923.5009,-102,3.25,-102.0,3.25
4,2026-07-31 23:30:29,0.19,0.45,2.28,23.38,327.67,15.44,50.78,923.4901,-103,3.25,-103.0,3.25
4,2026-07-31 23:40:29,0.17,0.39,1.82,27.44,327.67,15.37,51.40,923.4466,-102,4.25,-102.0,4.25
4,2026-07-31 23:50:29,0.20,0.48,2.12,17.74,327.67,14.90,53.09,923.4539,-104,2.75,-104.0,2.75
4,2026-08-01 00:00:29,0.21,0.49,2.51,32.66,327.67,14.15,55.06,923.4947,-102,4.00,-102.0,4.0
4,2026-08-01 00:10:29,0.20,0.46,1.96,25.13,327.67,14.20,53.63,923.5180,-102,4.00,-102.0,4.0
4,2026-08-01 00:20:29,0.20,0.46,2.55,41.00,327.67,13.99,54.36,923.5543,-104,2.00,-104.0,2.0
4,2026-08-01 00:30:29,0.20,0.45,2.78,30.88,327.67,13.71,55.40,923.5806,-103,3.00,-103.0,3.0
4,2026-08-01 00:40:29,0.20,0.42,2.33,35.06,327.67,13.55,55.88,923.5386,-103,2.25,-103.0,2.25
4,2026-08-01 00:50:29,0.24,0.50,2.70,34.74,327.67,13.72,54.93,923.5493,-105,2.75,-105.0,2.75
4,2026-08-01 01:00:29,0.23,0.48,2.37,31.30,327.67,14.13,54.39,923.6033,-104,2.25,-104.0,2.25
4,2026-08-01 01:10:29,0.24,0.51,1.81,29.63,327.67,14.03,55.00,923.6317,-103,3.00,-103.0,3.0
4,2026-08-01 01:20:29,0.23,0.53,2.19,26.30,327.67,13.36,55.87,923.6633,-104,2.75,-104.0,2.75
4,2026-08-01 01:30:29,0.22,0.51,2.61,25.00,327.67,12.93,58.01,923.6746,-103,2.75,-103.0,2.75
4,2026-08-01 01:40:29,0.24,0.49,1.66,21.84,327.67,12.93,58.49,923.7227,-104,3.00,-104.0,3.0
4,2026-08-01 01:50:29,0.23,0.54,1.82,24.38,327.67,13.28,57.94,923.7973,-104,3.75,-104.0,3.75
4,2026-08-01 02:00:29,0.23,0.50,3.00,27.05,327.67,13.12,58.86,923.8579,-104,3.25,-104.0,3.25
4,2026-08-01 02:10:29,0.22,0.51,3.02,53.12,327.67,12.78,59.83,923.8313,-103,3.25,-103.0,3.25
4,2026-08-01 02:20:29,0.24,0.53,2.72,27.31,327.67,12.51,60.01,923.7897,-104,3.25,-104.0,3.25
4,2026-08-01 02:30:29,0.25,0.55,2.37,26.88,327.67,12.32,60.83,923.7807,-103,4.00,-103.0,4.0
4,2026-08-01 02:40:29,0.25,0.51,1.98,25.52,327.67,11.97,62.24,923.8229,-103,3.50,-103.0,3.5
4,2026-08-01 02:50:29,0.26,0.60,2.28,28.03,327.67,11.76,63.23,923.8383,-104,3.50,-104.0,3.5
4,2026-08-01 03:00:29,0.25,0.49,1.80,25.38,327.67,11.57,64.15,923.8597,-103,4.25,-103.0,4.25
4,2026-08-01 03:10:29,0.25,0.61,3.54,167.98,327.67,11.62,63.50,923.8655,-103,4.25,-103.0,4.25
4,2026-08-01 03:20:29,0.25,0.56,2.21,21.09,327.67,11.52,64.29,923.9145,-103,4.00,-103.0,4.0
4,2026-08-01 03:30:29,0.25,0.52,1.84,21.18,327.67,11.36,64.53,924.0508,-103,4.25,-103.0,4.25
4,2026-08-01 03:40:29,0.28,0.62,2.42,30.43,327.67,11.28,65.19,924.1437,-102,4.50,-102.0,4.5
4,2026-08-01 03:50:29,0.27,0.59,2.98,83.49,327.67,10.97,65.48,924.1772,-102,4.75,-102.0,4.75
4,2026-08-01 04:00:29,0.29,0.59,2.24,39.35,327.67,10.91,64.63,924.2205,-102,4.00,-102.0,4.0
4,2026-08-01 04:10:29,0.31,0.65,3.30,37.47,327.67,11.00,64.27,924.2596,-102,4.50,-102.0,4.5
4,2026-08-01 04:20:29,0.30,0.62,3.23,35.52,327.67,10.58,64.65,924.2610,-102,4.00,-102.0,4.0
4,2026-08-01 04:30:29,0.28,0.56,3.67,46.18,327.67,10.34,65.33,924.2130,-102,4.50,-102.0,4.5
4,2026-08-01 04:40:29,0.27,0.64,2.97,27.68,327.67,10.27,65.48,924.1965,-101,4.75,-101.0,4.75
4,2026-08-01 04:50:29,0.28,0.61,2.82,25.74,327.67,10.23,65.26,924.2105,-102,4.00,-102.0,4.0
4,2026-08-01 05:00:29,0.28,0.62,4.29,54.56,327.67,10.02,65.33,924.2520,-101,5.00,-101.0,5.0
4,2026-08-01 05:10:29,0.25,0.52,2.81,25.78,327.67,10.05,64.89,924.3250,-102,4.25,-102.0,4.25
4,2026-08-01 05:20:28,0.28,0.61,3.53,44.48,327.67,10.16,65.05,924.3840,-102,4.00,-102.0,4.0
4,2026-08-01 05:30:28,0.28,0.53,3.45,40.77,327.67,10.12,65.69,924.4382,-102,5.00,-102.0,5.0
4,2026-08-01 05:40:28,0.28,0.62,2.78,40.29,327.67,10.08,66.11,924.4636,-102,4.00,-102.0,4.0
4,2026-08-01 05:50:29,0.28,0.64,3.47,35.83,327.67,9.84,66.95,924.4433,-103,4.00,-103.0,4.0
4,2026-08-01 06:00:29,0.28,0.62,2.55,29.66,327.67,9.76,67.71,924.4058,-102,5.25,-102.0,5.25
4,2026-08-01 06:10:28,0.30,0.63,2.74,31.19,327.67,9.94,67.53,924.4537,-102,4.50,-102.0,4.5
4,2026-08-01 06:20:29,0.31,0.65,2.52,30.20,327.67,9.95,67.32,924.4780,-102,4.50,-102.0,4.5
4,2026-08-01 06:30:28,0.29,0.66,3.15,20.75,327.67,10.40,65.88,924.4972,-101,4.25,-101.0,4.25
4,2026-08-01 06:40:28,0.30,0.64,3.52,31.69,327.67,11.50,62.70,924.5356,-102,4.00,-102.0,4.0
4,2026-08-01 06:50:29,0.30,0.65,2.29,29.94,327.67,12.58,61.04,924.5147,-101,5.00,-101.0,5.0
4,2026-08-01 07:00:28,0.29,0.61,3.14,55.95,327.67,12.90,60.25,924.4954,-101,4.75,-101.0,4.75
4,2026-08-01 07:10:28,0.30,0.64,2.58,27.61,327.67,13.03,59.92,924.5378,-101,4.75,-101.0,4.75
4,2026-08-01 07:20:28,0.28,0.57,3.04,33.61,327.67,13.34,59.01,924.5710,-101,5.25,-101.0,5.25
4,2026-08-01 07:30:28,0.28,0.61,2.83,29.18,327.67,13.20,59.22,924.5382,-102,4.25,-102.0,4.25
4,2026-08-01 07:40:28,0.29,0.68,3.26,29.92,327.67,13.22,59.02,924.4920,-102,5.00,-102.0,5.0
4,2026-08-01 07:50:28,0.26,0.55,3.13,27.88,327.67,13.82,57.25,924.4858,-102,5.00,-102.0,5.0
4,2026-08-01 08:00:28,0.26,0.57,4.46,40.02,327.67,14.04,56.69,924.4705,-102,4.75,-102.0,4.75
4,2026-08-01 08:10:28,0.26,0.59,3.86,32.27,327.67,13.75,57.16,924.4675,-102,4.50,-102.0,4.5
4,2026-08-01 08:20:28,0.26,0.57,2.77,28.05,327.67,13.10,58.45,924.5231,-102,4.50,-102.0,4.5
4,2026-08-01 08:30:29,0.28,0.66,3.01,30.10,327.67,13.00,59.06,924.6063,-102,5.00,-102.0,5.0
4,2026-08-01 08:40:28,0.27,0.72,3.49,85.89,327.67,13.91,56.53,924.6426,-101,4.50,-101.0,4.5
4,2026-08-01 08:50:28,0.26,0.63,3.53,55.54,327.67,15.60,52.37,924.5468,-101,5.50,-101.0,5.5
4,2026-08-01 09:00:28,0.25,0.56,3.80,46.72,327.67,15.90,52.04,924.4767,-101,5.00,-101.0,5.0
4,2026-08-01 09:10:28,0.25,0.60,3.22,32.30,327.67,16.20,50.09,924.4480,-101,4.75,-101.0,4.75
4,2026-08-01 09:20:28,0.24,0.53,2.68,35.47,327.67,16.68,48.39,924.4300,-102,3.75,-102.0,3.75
4,2026-08-01 09:30:28,0.26,0.61,3.88,33.75,327.67,17.12,48.89,924.4500,-103,3.50,-103.0,3.5
4,2026-08-01 09:40:28,0.23,0.52,2.74,37.55,327.67,19.14,44.79,924.4049,-102,4.50,-102.0,4.5
4,2026-08-01 09:50:28,0.26,0.60,3.04,25.57,327.67,19.36,43.22,924.4042,-101,5.50,-101.0,5.5
4,2026-08-01 10:00:28,0.24,0.56,3.53,34.31,327.67,19.54,43.84,924.4341,-102,4.25,-102.0,4.25
4,2026-08-01 10:10:28,0.27,0.60,3.90,34.15,327.67,20.76,41.62,924.3585,-102,4.00,-102.0,4.0
4,2026-08-01 10:20:28,0.27,0.63,3.19,39.03,327.67,20.89,41.01,924.3147,-101,5.00,-101.0,5.0
4,2026-08-01 10:30:28,0.31,0.80,4.46,54.42,327.67,20.90,41.40,924.3052,-102,3.75,-102.0,3.75
4,2026-08-01 10:40:28,0.29,0.74,4.63,53.15,327.67,19.77,43.11,924.2536,-103,4.25,-103.0,4.25
4,2026-08-01 10:50:28,0.30,0.65,2.74,30.41,327.67,19.58,43.62,924.2245,-101,5.00,-101.0,5.0
4,2026-08-01 11:00:28,0.28,0.57,2.35,26.62,327.67,20.21,42.82,924.2725,-102,4.25,-102.0,4.25
4,2026-08-01 11:10:28,0.27,0.61,2.94,28.35,327.67,20.66,41.69,924.2963,-103,3.75,-103.0,3.75
4,2026-08-01 11:20:28,0.28,0.56,2.49,24.96,327.67,21.34,39.98,924.2655,-102,4.00,-102.0,4.0
4,2026-08-01 11:30:28,0.28,0.54,2.14,28.88,327.67,21.25,39.47,924.2278,-101,4.75,-101.0,4.75
4,2026-08-01 11:40:28,0.29,0.59,6.10,327.67,327.67,20.67,40.61,924.2558,-100,4.75,-100.0,4.75
4,2026-08-01 11:50:28,0.32,0.64,2.39,36.76,327.67,20.65,41.72,924.2652,-100,4.50,-100.0,4.5
4,2026-08-01 12:00:28,0.34,0.62,2.15,29.75,327.67,21.44,39.91,924.2123,-100,5.00,-100.0,5.0
4,2026-08-01 12:10:28,0.37,0.68,2.09,33.07,327.67,20.95,39.40,924.1187,-101,3.75,-101.0,3.75
4,2026-08-01 12:20:28,0.32,0.57,2.70,27.93,327.67,21.12,38.62,924.1751,-101,3.50,-101.0,3.5
4,2026-08-01 12:50:28,0.34,0.63,2.09,36.07,327.67,23.38,35.68,924.1636,-103,3.25,-103.0,3.25
4,2026-08-01 13:00:28,0.34,0.68,2.20,25.63,327.67,24.38,33.66,924.1601,-104,1.75,-104.0,1.75
4,2026-08-01 13:20:28,0.36,0.63,2.43,22.00,327.67,23.71,36.03,924.1476,-104,2.75,-104.0,2.75
4,2026-08-01 13:30:28,0.35,0.59,1.32,15.89,327.67,25.41,33.83,924.1100,-104,2.75,-104.0,2.75
4,2026-08-01 13:40:28,0.34,0.61,2.26,34.58,327.67,26.76,31.84,924.0869,-104,2.25,-104.0,2.25
4,2026-08-01 13:50:28,0.35,0.60,2.22,29.04,327.67,25.98,32.40,923.9938,-103,2.75,-103.0,2.75
4,2026-08-01 14:10:28,0.36,0.63,2.40,23.78,327.67,23.43,36.39,924.0538,-103,3.25,-103.0,3.25
4,2026-08-01 14:30:28,0.37,0.63,2.28,22.62,327.67,23.37,35.86,924.2212,-103,3.50,-103.0,3.5
4,2026-08-01 14:40:28,0.35,0.62,2.14,26.34,327.67,24.36,34.17,924.2754,-103,4.25,-103.0,4.25
4,2026-08-01 14:50:28,0.34,0.56,1.60,26.42,327.67,24.74,33.20,924.1819,-103,4.00,-103.0,4.0
4,2026-08-01 15:00:28,0.33,0.54,2.08,26.11,327.67,24.89,32.34,924.1584,-102,4.75,-102.0,4.75
4,2026-08-01 15:10:28,0.34,0.59,5.90,327.67,327.67,24.78,32.58,924.1530,-102,4.25,-102.0,4.25
4,2026-08-01 15:20:28,0.36,0.67,1.97,27.09,327.67,24.44,34.07,924.1187,-102,4.25,-102.0,4.25
4,2026-08-01 15:30:28,0.33,0.53,1.72,28.04,327.67,23.54,34.91,924.0659,-103,4.50,-103.0,4.5
4,2026-08-01 15:40:28,0.36,0.58,2.16,23.01,327.67,22.99,36.63,924.0575,-104,3.50,-104.0,3.5
4,2026-08-01 15:50:28,0.38,0.60,1.49,15.95,327.67,22.56,37.26,924.0612,-104,3.00,-104.0,3.0
4,2026-08-01 16:00:28,0.35,0.63,2.21,30.04,327.67,22.71,37.52,924.0882,-104,2.75,-104.0,2.75
4,2026-08-01 16:10:28,0.33,0.55,1.82,19.75,327.67,22.23,39.16,924.1504,-103,3.00,-103.0,3.0
4,2026-08-01 16:20:28,0.31,0.52,1.56,20.58,327.67,21.81,39.97,924.1669,-103,3.75,-103.0,3.75
4,2026-08-01 16:30:28,0.31,0.53,1.93,24.06,327.67,22.16,39.29,924.1620,-104,2.00,-104.0,2.0
4,2026-08-01 16:50:28,0.30,0.63,1.97,15.58,327.67,23.01,40.16,924.1189,-101,5.50,-101.0,5.5
4,2026-08-01 17:00:28,0.38,0.93,3.70,28.21,327.67,22.77,39.23,924.1267,-101,5.25,-101.0,5.25
4,2026-08-01 17:10:28,0.32,0.61,2.79,23.93,327.67,24.26,35.34,924.1643,-99,4.75,-99.0,4.75
4,2026-08-01 17:20:28,0.33,0.64,2.83,25.62,327.67,25.36,33.33,924.1437,-100,5.75,-100.0,5.75
4,2026-08-01 17:30:28,0.30,0.54,1.91,18.99,327.67,23.33,37.55,924.1510,-103,3.50,-103.0,3.5
4,2026-08-01 17:40:28,0.30,0.50,1.64,23.64,327.67,24.35,34.79,924.1303,-102,4.50,-102.0,4.5
4,2026-08-01 17:50:28,0.30,0.49,1.49,29.12,327.67,26.10,31.36,924.1159,-102,4.50,-102.0,4.5
4,2026-08-01 18:00:28,0.31,0.56,1.64,25.39,327.67,26.97,29.62,924.1178,-104,3.50,-104.0,3.5
4,2026-08-01 18:10:28,0.32,0.61,2.19,24.28,327.67,27.01,30.55,924.1588,-102,4.00,-102.0,4.0
4,2026-08-01 18:20:28,0.30,0.53,2.11,28.49,327.67,27.58,28.88,924.1436,-104,2.50,-104.0,2.5
4,2026-08-01 18:30:28,0.31,0.52,1.11,15.79,327.67,28.62,26.16,924.0664,-101,4.50,-101.0,4.5
4,2026-08-01 18:40:28,0.30,0.49,1.04,24.59,327.67,27.81,27.58,924.0352,-102,4.25,-102.0,4.25
4,2026-08-01 18:50:28,0.28,0.43,0.96,20.89,327.67,27.50,28.51,924.0920,-103,3.50,-103.0,3.5
4,2026-08-01 19:00:28,0.30,0.47,1.55,20.35,327.67,26.44,30.00,924.1020,-102,4.25,-102.0,4.25
4,2026-08-01 19:10:28,0.31,0.47,1.72,24.53,327.67,25.98,29.50,924.1126,-102,4.25,-102.0,4.25
4,2026-08-01 19:20:28,0.27,0.44,1.58,20.24,327.67,25.88,30.02,924.1770,-103,3.75,-103.0,3.75
4,2026-08-01 19:30:28,0.30,0.50,1.55,27.15,327.67,24.99,31.07,924.2913,-103,4.50,-103.0,4.5
4,2026-08-01 19:40:28,0.30,0.51,1.83,24.57,327.67,23.92,33.77,924.3440,-103,3.50,-103.0,3.5
4,2026-08-01 19:50:28,0.33,0.53,1.36,15.27,327.67,23.67,34.84,924.3913,-104,3.50,-104.0,3.5
4,2026-08-01 20:00:28,0.30,0.50,1.04,9.16,327.67,23.25,36.27,924.3877,-104,3.25,-104.0,3.25
4,2026-08-01 20:10:28,0.30,0.45,1.33,18.73,327.67,22.41,35.63,924.3512,-103,4.50,-103.0,4.5
4,2026-08-01 20:20:28,0.30,0.43,1.05,17.75,327.67,21.98,36.91,924.4311,-102,5.00,-102.0,5.0
4,2026-08-01 20:30:28,0.29,0.49,1.28,13.23,327.67,21.54,38.23,924.5052,-103,3.75,-103.0,3.75
4,2026-08-01 20:40:28,0.32,0.50,1.94,22.81,327.67,21.67,40.28,924.6902,-103,4.25,-103.0,4.25
4,2026-08-01 20:50:28,0.35,0.67,3.05,47.29,327.67,21.80,37.44,924.8714,-102,4.25,-102.0,4.25
4,2026-08-01 21:00:28,0.32,0.59,1.76,20.98,327.67,22.08,37.35,925.0441,-103,3.75,-103.0,3.75
4,2026-08-01 21:10:28,0.33,0.51,1.86,24.32,327.67,21.89,38.83,925.1905,-103,2.50,-103.0,2.5
4,2026-08-01 21:20:28,0.35,0.53,1.25,16.93,327.67,22.18,38.70,925.2864,-103,4.25,-103.0,4.25
4,2026-08-01 21:30:28,0.34,0.53,1.30,27.07,327.67,22.14,36.69,925.3145,-102,4.50,-102.0,4.5
4,2026-08-01 21:40:28,0.33,0.53,1.48,22.54,327.67,21.74,37.08,925.3723,-103,3.75,-103.0,3.75
4,2026-08-01 21:50:28,0.34,0.51,1.56,25.00,327.67,21.64,36.69,925.4245,-102,4.25,-102.0,4.25
4,2026-08-01 22:00:28,0.32,0.53,1.55,19.60,327.67,21.38,37.47,925.4748,-102,4.50,-102.0,4.5
4,2026-08-01 22:10:28,0.35,0.55,1.33,15.25,327.67,20.81,42.11,925.5477,-102,4.50,-102.0,4.5
4,2026-08-01 22:20:28,0.39,0.61,1.81,23.00,327.67,19.53,50.26,925.6651,-102,4.00,-102.0,4.0
4,2026-08-01 22:30:28,0.37,0.61,2.86,27.26,327.67,18.96,50.36,925.7540,-101,4.00,-101.0,4.0
4,2026-08-01 22:40:28,0.41,0.63,1.85,28.74,327.67,18.72,52.35,925.8366,-100,3.50,-100.0,3.5
4,2026-08-01 23:00:28,0.44,0.72,1.65,22.41,327.67,18.06,53.97,926.0502,-102,4.25,-102.0,4.25
4,2026-08-01 23:10:28,0.41,0.73,2.13,27.82,327.67,17.29,54.97,926.0720,-103,3.50,-103.0,3.5
4,2026-08-01 23:20:28,0.42,0.73,2.53,27.19,327.67,16.76,57.19,926.0965,-102,4.75,-102.0,4.75
4,2026-08-01 23:30:28,0.45,0.85,2.64,28.95,327.67,16.72,58.67,926.2054,-102,3.75,-102.0,3.75
4,2026-08-01 23:40:28,0.50,0.84,2.30,22.56,327.67,16.97,58.11,926.3354,-101,5.25,-101.0,5.25
4,2026-08-01 23:50:28,0.43,0.68,1.62,27.60,327.67,17.47,52.14,926.3973,-103,3.75,-103.0,3.75
4,2026-08-02 00:00:28,0.42,0.67,2.03,26.59,327.67,17.04,55.68,926.4706,-103,4.25,-103.0,4.25
4,2026-08-02 00:10:28,0.43,0.65,1.58,22.31,327.67,17.27,53.17,926.5233,-103,4.25,-103.0,4.25
4,2026-08-02 00:20:28,0.47,0.78,2.11,28.03,327.67,17.64,55.25,926.5399,-103,4.00,-103.0,4.0
4,2026-08-02 00:30:28,0.49,0.83,2.30,25.49,327.67,17.18,58.14,926.5674,-101,4.75,-101.0,4.75
4,2026-08-02 00:40:28,0.48,0.82,2.29,34.13,327.67,16.45,60.03,926.6228,-102,4.75,-102.0,4.75
4,2026-08-02 00:50:28,0.43,0.70,1.90,22.86,327.67,15.77,58.71,926.6861,-102,4.00,-102.0,4.0
4,2026-08-02 01:00:28,0.39,0.64,2.07,24.84,327.67,15.69,56.39,926.7001,-101,5.00,-101.0,5.0
4,2026-08-02 01:10:28,0.40,0.65,1.88,26.48,327.67,15.56,57.31,926.8155,-101,5.25,-101.0,5.25
4,2026-08-02 01:20:28,0.43,0.71,1.93,25.88,327.67,15.27,59.31,926.9412,-101,4.75,-101.0,4.75
4,2026-08-02 01:30:28,0.42,0.66,1.72,32.48,327.67,15.16,59.76,927.0088,-102,4.50,-102.0,4.5
4,2026-08-02 01:40:28,0.41,0.66,1.79,25.23,327.67,15.02,59.20,927.0734,-102,4.50,-102.0,4.5
4,2026-08-02 01:50:28,0.41,0.74,2.28,24.68,327.67,15.36,57.16,927.1005,-101,5.75,-101.0,5.75
4,2026-08-02 02:00:28,0.43,0.77,1.51,20.43,327.67,15.57,56.85,927.1554,-101,5.75,-101.0,5.75
4,2026-08-02 02:10:28,0.39,0.64,1.44,26.80,327.67,15.58,56.40,927.1551,-102,5.25,-102.0,5.25
4,2026-08-02 02:20:28,0.43,0.71,1.95,26.55,327.67,15.32,56.48,927.2166,-102,4.25,-102.0,4.25
4,2026-08-02 02:30:28,0.42,0.68,1.62,20.94,327.67,14.63,58.92,927.3712,-102,4.25,-102.0,4.25
4,2026-08-02 02:40:28,0.42,0.71,1.93,23.63,327.67,14.67,56.94,927.4969,-101,5.25,-101.0,5.25
4,2026-08-02 02:50:28,0.45,0.66,1.64,25.86,327.67,15.00,56.10,927.6109,-102,5.25,-102.0,5.25
4,2026-08-02 03:00:28,0.43,0.67,1.49,16.65,327.67,14.75,58.49,927.7515,-101,5.25,-101.0,5.25
4,2026-08-02 03:10:28,0.43,0.68,2.15,20.87,327.67,14.47,58.10,927.8697,-102,5.25,-102.0,5.25
4,2026-08-02 03:20:28,0.42,0.68,1.65,21.67,327.67,14.51,56.61,927.9228,-101,4.50,-101.0,4.5
4,2026-08-02 03:30:28,0.43,0.72,1.63,22.85,327.67,14.29,58.36,927.9954,-101,5.50,-101.0,5.5
4,2026-08-02 03:40:28,0.46,0.71,2.52,52.47,327.67,14.04,60.73,928.1197,-100,5.50,-100.0,5.5
4,2026-08-02 03:50:28,0.47,0.72,1.41,27.05,327.67,13.53,61.84,928.1468,-101,5.00,-101.0,5.0
4,2026-08-02 04:00:28,0.45,0.74,2.20,41.74,327.67,13.43,61.09,928.2098,-101,5.50,-101.0,5.5
4,2026-08-02 04:10:28,0.43,0.72,1.91,27.18,327.67,13.53,59.34,928.2818,-101,4.75,-101.0,4.75
4,2026-08-02 04:20:28,0.47,0.76,2.34,27.69,327.67,13.82,59.61,928.3893,-102,3.75,-102.0,3.75
4,2026-08-02 04:30:28,0.49,0.77,2.09,17.83,327.67,13.42,62.63,928.4114,-101,5.25,-101.0,5.25
4,2026-08-02 04:40:28,0.45,0.71,1.66,26.99,327.67,12.98,60.55,928.4331,-101,4.75,-101.0,4.75
4,2026-08-02 04:50:28,0.41,0.65,1.26,15.26,327.67,12.93,60.28,928.4923,-101,5.50,-101.0,5.5
4,2026-08-02 05:00:28,0.43,0.68,2.36,26.57,327.67,12.76,60.47,928.5728,-101,4.75,-101.0,4.75
4,2026-08-02 05:10:28,0.45,0.68,1.56,17.78,327.67,12.43,61.07,928.7007,-100,5.50,-100.0,5.5
4,2026-08-02 05:20:28,0.46,0.74,1.39,28.85,327.67,12.24,61.41,928.7762,-102,5.00,-102.0,5.0
4,2026-08-02 05:30:28,0.46,0.74,1.98,35.34,327.67,12.15,61.47,928.8320,-101,5.25,-101.0,5.25
4,2026-08-02 05:40:28,0.47,0.71,1.54,17.30,327.67,11.67,63.28,928.8538,-102,5.00,-102.0,5.0
4,2026-08-02 05:50:28,0.44,0.67,2.15,24.45,327.67,11.40,63.84,928.8552,-102,4.75,-102.0,4.75
4,2026-08-02 06:00:28,0.46,0.73,1.70,27.56,327.67,11.34,64.48,928.9285,-103,3.25,-103.0,3.25
4,2026-08-02 06:10:28,0.45,0.68,1.41,31.52,327.67,11.13,64.49,928.9914,-102,5.00,-102.0,5.0
4,2026-08-02 06:20:28,0.42,0.64,1.15,31.31,327.67,11.14,63.92,929.0818,-102,4.50,-102.0,4.5
4,2026-08-02 06:30:28,0.42,0.64,2.05,22.11,327.67,11.62,62.10,929.1968,-102,4.25,-102.0,4.25
4,2026-08-02 06:40:28,0.45,0.71,1.38,16.40,327.67,11.94,61.45,929.2422,-101,4.75,-101.0,4.75
4,2026-08-02 06:50:28,0.45,0.72,1.61,21.53,327.67,12.24,60.70,929.3144,-102,5.00,-102.0,5.0
4,2026-08-02 07:00:28,0.44,0.70,2.00,22.57,327.67,12.65,59.41,929.3566,-101,5.00,-101.0,5.0
4,2026-08-02 07:10:28,0.43,0.67,1.44,16.90,327.67,13.26,57.46,929.4159,-101,5.00,-101.0,5.0
4,2026-08-02 07:20:28,0.46,0.73,2.57,29.45,327.67,13.77,56.77,929.5799,-102,5.00,-102.0,5.0
4,2026-08-02 07:30:28,0.44,0.70,2.11,28.75,327.67,14.70,53.94,929.7511,-101,5.00,-101.0,5.0
4,2026-08-02 07:40:28,0.42,0.69,1.77,23.58,327.67,15.51,51.54,929.8727,-101,5.00,-101.0,5.0
4,2026-08-02 07:50:28,0.40,0.63,1.60,22.50,327.67,15.65,51.70,929.9367,-101,4.75,-101.0,4.75
4,2026-08-02 08:00:28,0.37,0.63,2.01,27.65,327.67,15.19,51.61,930.0323,-101,4.00,-101.0,4.0
4,2026-08-02 08:10:28,0.37,0.61,2.16,28.27,327.67,15.37,50.94,930.0998,-101,4.75,-101.0,4.75
4,2026-08-02 08:20:28,0.37,0.60,1.50,26.28,327.67,15.85,48.84,930.1459,-101,4.75,-101.0,4.75
4,2026-08-02 08:30:28,0.39,0.63,2.64,43.09,327.67,16.94,48.27,930.1430,-100,5.50,-100.0,5.5
4,2026-08-02 08:40:28,0.36,0.56,1.79,29.39,327.67,17.48,47.67,930.1378,-101,4.75,-101.0,4.75
4,2026-08-02 08:50:28,0.38,0.65,1.68,26.19,327.67,17.33,47.67,930.1919,-101,5.25,-101.0,5.25
4,2026-08-02 09:00:28,0.34,0.59,2.01,26.47,327.67,18.39,44.39,930.2196,-102,4.00,-102.0,4.0
4,2026-08-02 09:10:28,0.37,0.62,1.73,31.46,327.67,19.73,41.75,930.1461,-102,5.00,-102.0,5.0
4,2026-08-02 09:20:28,0.34,0.54,1.56,21.56,327.67,20.64,39.62,930.1839,-102,5.25,-102.0,5.25
4,2026-08-02 09:30:28,0.35,0.60,1.97,24.02,327.67,19.23,43.08,930.2828,-102,4.25,-102.0,4.25
4,2026-08-02 09:40:28,0.38,0.69,2.90,32.94,327.67,19.09,43.48,930.3076,-101,5.00,-101.0,5.0
4,2026-08-02 09:50:28,0.33,0.63,2.05,25.83,327.67,21.21,39.71,930.2379,-101,5.25,-101.0,5.25
4,2026-08-02 10:00:28,0.32,0.60,2.12,29.00,327.67,22.24,37.07,930.2228,-101,5.00,-101.0,5.0
4,2026-08-02 10:10:28,0.33,0.60,1.75,15.49,327.67,21.91,37.58,930.2066,-102,4.25,-102.0,4.25
4,2026-08-02 10:20:28,0.33,0.58,2.57,35.56,327.67,22.31,37.01,930.2391,-102,4.50,-102.0,4.5
4,2026-08-02 10:30:28,0.31,0.56,1.56,30.31,327.67,22.61,36.23,930.2519,-102,4.75,-102.0,4.75
4,2026-08-02 10:40:28,0.31,0.57,1.90,24.31,327.67,22.24,37.28,930.2496,-103,3.75,-103.0,3.75
4,2026-08-02 10:50:28,0.31,0.58,2.20,24.85,327.67,22.37,37.36,930.2637,-102,5.00,-102.0,5.0
4,2026-08-02 11:00:28,0.31,0.50,1.48,21.18,327.67,24.76,32.70,930.2871,-102,4.25,-102.0,4.25
4,2026-08-02 11:10:28,0.32,0.57,1.71,32.79,327.67,24.29,32.81,930.3953,-102,5.25,-102.0,5.25
4,2026-08-02 11:20:28,0.30,0.52,2.22,25.74,327.67,24.65,31.89,930.3863,-101,5.25,-101.0,5.25
4,2026-08-02 11:30:28,0.28,0.51,1.83,21.23,327.67,24.88,31.72,930.4299,-101,3.00,-101.0,3.0
4,2026-08-02 11:40:28,0.30,0.53,1.61,29.36,327.67,25.75,30.62,930.4092,-102,4.50,-102.0,4.5
4,2026-08-02 11:50:28,0.28,0.48,1.50,22.33,327.67,25.49,30.49,930.3496,-103,3.75,-103.0,3.75
4,2026-08-02 12:00:28,0.30,0.58,2.26,25.94,327.67,26.34,29.60,930.2368,-102,4.25,-102.0,4.25
4,2026-08-02 12:10:28,0.30,0.55,1.63,22.27,327.67,26.84,29.84,930.1715,-102,4.00,-102.0,4.0
4,2026-08-02 12:20:28,0.29,0.49,1.40,22.92,327.67,26.71,28.67,930.1580,-103,4.25,-103.0,4.25
4,2026-08-02 12:30:28,0.28,0.49,1.79,29.26,327.67,26.31,30.37,930.1244,-102,5.50,-102.0,5.5
4,2026-08-02 12:40:28,0.28,0.56,2.03,21.78,327.67,26.69,29.51,930.0230,-103,4.00,-103.0,4.0
4,2026-08-02 12:50:28,0.28,0.48,1.81,21.18,327.67,26.80,28.86,929.9729,-103,4.25,-103.0,4.25
4,2026-08-02 13:00:28,0.28,0.51,1.55,13.04,327.67,27.05,28.63,929.9101,-102,4.50,-102.0,4.5
4,2026-08-02 13:10:28,0.28,0.51,1.84,19.39,327.67,27.20,28.76,929.9010,-102,5.50,-102.0,5.5
4,2026-08-02 13:20:28,0.28,0.53,1.64,16.89,327.67,27.56,28.31,929.9076,-103,4.75,-103.0,4.75
4,2026-08-02 13:30:28,0.28,0.54,2.25,30.20,327.67,27.71,28.06,929.8962,-102,4.75,-102.0,4.75
4,2026-08-02 13:40:28,0.27,0.48,1.73,22.32,327.67,28.17,26.45,929.8373,-103,4.50,-103.0,4.5
4,2026-08-02 13:50:28,0.27,0.46,1.49,23.41,327.67,28.60,26.22,929.7744,-103,3.75,-103.0,3.75
4,2026-08-02 14:00:28,0.26,0.47,1.96,22.92,327.67,28.61,26.20,929.7282,-103,3.75,-103.0,3.75
4,2026-08-02 14:10:28,0.27,0.48,1.24,10.02,327.67,28.69,26.17,929.6406,-103,4.50,-103.0,4.5
4,2026-08-02 14:20:28,0.29,0.49,1.19,14.43,327.67,28.91,24.91,929.6230,-103,4.50,-103.0,4.5
4,2026-08-02 14:30:28,0.27,0.46,1.61,23.75,327.67,29.11,25.21,929.5836,-103,3.75,-103.0,3.75
4,2026-08-02 14:40:28,0.27,0.47,1.38,21.93,327.67,29.35,25.11,929.5313,-103,4.25,-103.0,4.25
4,2026-08-02 14:50:28,0.25,0.45,1.57,21.61,327.67,30.36,23.09,929.4793,-104,3.25,-104.0,3.25
4,2026-08-02 15:00:28,0.27,0.48,2.50,22.62,327.67,30.76,22.78,929.3881,-103,4.25,-103.0,4.25
4,2026-08-02 15:10:28,0.25,0.47,1.99,20.46,327.67,30.85,23.30,929.2529,-104,3.50,-104.0,3.5
4,2026-08-02 15:20:28,0.27,0.49,2.71,25.16,327.67,31.04,22.37,929.1737,-105,2.50,-105.0,2.5
4,2026-08-02 15:30:28,0.25,0.43,1.38,17.27,327.67,30.82,23.50,929.0604,-103,3.50,-103.0,3.5
4,2026-08-02 15:40:28,0.28,0.57,2.98,46.62,327.67,31.11,22.62,929.0003,-103,2.50,-103.0,2.5
4,2026-08-02 15:50:28,0.31,0.82,2.41,32.36,327.67,31.68,23.10,928.9472,-102,4.75,-102.0,4.75
4,2026-08-02 16:00:28,0.52,2.47,9.11,160.37,327.67,31.46,22.90,928.8656,-103,3.50,-103.0,3.5
4,2026-08-02 16:10:28,0.44,1.87,6.89,137.80,327.67,31.55,22.57,928.8197,-104,3.00,-104.0,3.0
4,2026-08-02 16:20:28,0.36,1.21,4.65,92.12,327.67,31.25,22.21,928.7955,-104,3.50,-104.0,3.5
4,2026-08-02 16:30:28,2.73,22.73,96.53,327.67,327.67,31.16,22.67,928.7124,-102,4.75,-102.0,4.75
4,2026-08-02 16:40:28,0.77,4.49,19.70,307.45,327.67,31.57,21.84,928.6600,-104,3.25,-104.0,3.25
4,2026-08-02 16:50:28,0.67,3.64,14.53,246.62,327.67,31.80,21.50,928.5463,-103,4.25,-103.0,4.25
4,2026-08-02 17:00:28,0.28,0.49,1.65,19.95,327.67,32.51,20.47,928.4957,-104,3.00,-104.0,3.0
4,2026-08-02 17:10:28,0.28,0.45,1.97,21.28,327.67,33.33,19.34,928.4592,-103,4.00,-103.0,4.0
4,2026-08-02 17:20:28,0.32,0.81,3.91,122.12,327.67,33.19,19.73,928.3633,-102,4.00,-102.0,4.0
4,2026-08-02 17:30:28,0.28,0.53,1.92,28.77,327.67,33.48,18.88,928.2423,-103,3.75,-103.0,3.75
4,2026-08-02 17:40:28,0.28,0.51,2.01,26.50,327.67,33.61,19.64,928.2032,-104,3.00,-104.0,3.0
4,2026-08-02 17:50:28,3.59,30.21,125.26,327.67,327.67,33.42,19.28,928.0473,-104,2.50,-104.0,2.5
4,2026-08-02 18:00:28,2.18,17.79,76.09,327.67,327.67,31.94,21.08,927.9962,-103,4.25,-103.0,4.25
4,2026-08-02 18:10:28,2.26,18.19,77.63,327.67,327.67,31.90,20.97,927.9532,-102,4.00,-102.0,4.0
4,2026-08-02 18:20:28,6.12,53.58,224.85,327.67,327.67,31.66,21.56,927.8666,-102,4.25,-102.0,4.25
4,2026-08-02 18:30:28,2.10,16.44,65.60,327.67,327.67,31.36,20.54,927.8659,-103,3.75,-103.0,3.75
4,2026-08-02 18:40:28,11.29,101.93,327.67,327.67,327.67,31.10,22.19,927.8563,-102,3.75,-102.0,3.75
4,2026-08-02 18:50:28,11.30,102.14,327.67,327.67,327.67,30.67,22.47,927.7936,-104,3.50,-104.0,3.5
4,2026-08-02 19:00:28,21.72,211.05,327.67,327.67,327.67,29.25,26.68,927.8502,-103,4.50,-103.0,4.5
4,2026-08-02 19:10:28,16.89,160.75,327.67,327.67,327.67,28.59,27.29,927.9220,-101,5.00,-101.0,5.0
4,2026-08-02 19:30:28,30.55,301.35,327.67,327.67,327.67,28.09,26.97,928.0122,-99,5.75,-99.0,5.75
4,2026-08-02 19:40:28,18.01,176.14,327.67,327.67,327.67,27.63,27.39,928.0217,-101,5.00,-101.0,5.0
4,2026-08-02 19:50:28,21.89,210.62,327.67,327.67,327.67,27.55,27.04,928.0453,-100,5.25,-100.0,5.25
4,2026-08-02 20:00:28,18.00,173.00,327.67,327.67,327.67,26.89,27.86,928.0779,-101,5.25,-101.0,5.25
4,2026-08-02 20:10:28,18.85,186.39,327.67,327.67,327.67,26.52,28.04,928.0909,-102,3.75,-102.0,3.75
4,2026-08-02 20:20:28,15.65,150.58,327.67,327.67,327.67,26.19,28.28,928.1140,-101,4.25,-101.0,4.25
4,2026-08-02 20:30:28,17.92,176.56,327.67,327.67,327.67,25.67,28.71,928.0879,-102,4.00,-102.0,4.0
4,2026-08-02 20:40:28,16.34,162.64,327.67,327.67,327.67,25.04,29.40,928.1138,-102,4.25,-102.0,4.25
4,2026-08-02 20:50:28,10.19,101.48,327.67,327.67,327.67,24.07,30.90,928.2325,-101,4.50,-101.0,4.5
4,2026-08-02 21:00:28,18.29,193.37,327.67,327.67,327.67,24.05,30.96,928.2583,-102,4.00,-102.0,4.0
4,2026-08-02 21:10:28,18.93,200.35,327.67,327.67,327.67,23.07,32.18,928.3381,-102,4.25,-102.0,4.25
4,2026-08-02 21:20:28,21.54,235.22,327.67,327.67,327.67,22.39,33.28,928.3987,-101,5.00,-101.0,5.0
4,2026-08-02 21:30:28,18.81,207.54,327.67,327.67,327.67,22.02,33.98,928.4987,-102,4.25,-102.0,4.25
4,2026-08-02 21:40:28,23.05,252.92,327.67,327.67,327.67,21.73,34.26,928.5289,-103,4.00,-103.0,4.0
4,2026-08-02 21:50:28,21.76,253.08,327.67,327.67,327.67,21.43,35.02,928.6100,-102,4.75,-102.0,4.75
4,2026-08-02 22:00:28,19.99,237.62,327.67,327.67,327.67,21.10,35.90,928.6496,-102,4.50,-102.0,4.5
4,2026-08-02 22:10:28,40.38,327.67,327.67,327.67,327.67,20.52,37.39,928.7517,-104,3.25,-104.0,3.25
4,2026-08-02 22:20:28,29.07,327.67,327.67,327.67,327.67,20.04,38.67,928.8889,-103,2.75,-103.0,2.75
4,2026-08-02 22:30:28,18.58,225.79,327.67,327.67,327.67,19.80,39.33,929.0015,-100,5.25,-100.0,5.25
4,2026-08-02 22:40:28,22.04,280.19,327.67,327.67,327.67,19.41,40.09,929.0634,-103,4.00,-103.0,4.0
4,2026-08-02 22:50:28,19.98,246.96,327.67,327.67,327.67,19.31,40.24,929.1501,-102,4.25,-102.0,4.25
4,2026-08-02 23:00:28,12.72,158.24,327.67,327.67,327.67,19.16,40.57,929.3200,-103,3.25,-103.0,3.25
4,2026-08-02 23:10:28,9.54,113.40,327.67,327.67,327.67,19.06,40.75,929.4056,-103,4.25,-103.0,4.25
4,2026-08-02 23:20:28,2.30,22.92,99.36,327.67,327.67,18.93,41.09,929.5541,-103,4.00,-103.0,4.0
4,2026-08-02 23:30:28,6.28,72.98,327.67,327.67,327.67,18.80,41.20,929.5526,-103,4.50,-103.0,4.5
4,2026-08-02 23:40:28,10.31,129.04,327.67,327.67,327.67,18.39,42.37,929.6232,-105,2.75,-105.0,2.75
4,2026-08-02 23:50:28,8.29,100.57,327.67,327.67,327.67,18.20,42.78,929.7372,-102,5.25,-102.0,5.25
4,2026-08-03 00:00:28,10.15,124.40,327.67,327.67,327.67,18.02,43.06,929.7154,-101,5.25,-101.0,5.25
4,2026-08-03 00:10:28,10.57,133.20,327.67,327.67,327.67,17.71,43.86,929.7177,-102,4.75,-102.0,4.75
4,2026-08-03 00:20:28,5.96,74.01,327.67,327.67,327.67,17.96,43.53,929.8930,-103,5.50,-103.0,5.5
4,2026-08-03 00:30:28,16.96,223.69,327.67,327.67,327.67,17.51,44.29,929.8253,-102,5.50,-102.0,5.5
4,2026-08-03 00:40:28,13.31,169.48,327.67,327.67,327.67,17.29,44.80,929.9418,-103,4.25,-103.0,4.25
4,2026-08-03 00:50:28,13.12,175.11,327.67,327.67,327.67,16.87,46.13,930.0549,-104,3.25,-104.0,3.25
4,2026-08-03 01:00:28,8.52,109.74,327.67,327.67,327.67,17.06,45.56,930.1742,-102,5.75,-102.0,5.75
4,2026-08-03 01:10:28,4.20,52.34,263.40,327.67,327.67,17.16,45.36,930.2834,-102,4.75,-102.0,4.75
4,2026-08-03 01:20:28,11.68,155.71,327.67,327.67,327.67,16.70,46.46,930.3528,-102,4.25,-102.0,4.25
4,2026-08-03 01:30:28,8.71,120.74,327.67,327.67,327.67,16.56,46.91,930.4908,-102,4.75,-102.0,4.75
4,2026-08-03 01:40:28,8.16,112.17,327.67,327.67,327.67,15.87,48.88,930.5319,-102,5.25,-102.0,5.25
4,2026-08-03 01:50:28,4.91,65.48,316.76,327.67,327.67,15.96,48.78,930.6339,-101,5.50,-101.0,5.5
4,2026-08-03 02:00:28,1.86,22.98,121.60,327.67,327.67,15.92,48.97,930.7190,-102,4.50,-102.0,4.5
4,2026-08-03 02:10:28,7.01,97.00,327.67,327.67,327.67,15.67,49.14,930.6088,-102,4.00,-102.0,4.0
4,2026-08-03 02:20:28,4.51,59.82,303.45,327.67,327.67,15.78,48.98,930.7064,-102,3.50,-102.0,3.5
4,2026-08-03 02:30:28,5.94,80.87,327.67,327.67,327.67,15.35,49.94,930.6581,-102,4.00,-102.0,4.0
4,2026-08-03 02:40:28,1.30,14.10,67.39,327.67,327.67,15.67,49.10,930.8555,-102,5.75,-102.0,5.75
4,2026-08-03 02:50:28,6.79,93.63,327.67,327.67,327.67,15.43,49.83,930.8182,-101,5.75,-101.0,5.75
4,2026-08-03 03:00:28,5.82,83.08,327.67,327.67,327.67,14.94,51.36,930.9330,-102,3.25,-102.0,3.25
4,2026-08-03 03:10:28,3.02,40.30,207.96,327.67,327.67,14.95,51.35,931.0008,-102,5.25,-102.0,5.25
4,2026-08-03 03:20:28,2.56,32.74,174.35,327.67,327.67,15.01,50.85,931.0742,-102,4.00,-102.0,4.0
4,2026-08-03 03:30:28,1.58,18.87,96.38,327.67,327.67,15.20,50.58,931.0906,-102,5.00,-102.0,5.0
4,2026-08-03 03:40:28,3.41,47.29,264.33,327.67,327.67,14.66,52.03,930.9988,-102,5.00,-102.0,5.0
4,2026-08-03 03:50:28,1.01,10.82,61.83,327.67,327.67,14.55,53.08,931.0906,-103,3.25,-103.0,3.25
4,2026-08-03 04:00:28,0.37,1.40,6.29,63.29,327.67,14.15,54.52,931.2725,-101,6.00,-101.0,6.0
4,2026-08-03 04:10:28,2.81,38.25,209.50,327.67,327.67,14.73,51.81,931.1532,-102,5.00,-102.0,5.0
4,2026-08-03 04:20:28,0.76,7.01,36.83,310.98,327.67,14.62,52.12,931.1886,-103,5.00,-103.0,5.0
4,2026-08-03 04:30:28,2.91,41.76,251.03,327.67,327.67,14.18,54.08,931.1059,-102,2.50,-102.0,2.5
4,2026-08-03 04:40:28,2.92,39.94,227.85,327.67,327.67,13.94,54.00,931.0179,-101,6.00,-101.0,6.0
4,2026-08-03 04:50:28,1.96,26.13,150.77,327.67,327.67,13.64,54.61,931.1720,-102,5.25,-102.0,5.25
4,2026-08-03 05:00:28,4.30,65.52,327.67,327.67,327.67,13.58,54.93,931.2110,-102,4.25,-102.0,4.25
4,2026-08-03 05:10:28,1.70,24.64,156.04,327.67,327.67,13.51,55.74,931.2907,-102,4.25,-102.0,4.25
4,2026-08-03 05:20:28,5.53,86.49,327.67,327.67,327.67,13.48,55.23,931.1473,-101,5.75,-101.0,5.75
4,2026-08-03 05:30:28,1.63,22.77,141.81,327.67,327.67,13.21,56.08,931.2118,-101,5.25,-101.0,5.25
4,2026-08-03 05:40:28,4.85,79.36,327.67,327.67,327.67,12.91,57.04,931.1456,-101,5.50,-101.0,5.5
4,2026-08-03 05:50:28,1.66,22.80,148.18,327.67,327.67,12.81,57.51,931.2653,-102,4.00,-102.0,4.0
4,2026-08-03 06:00:28,1.36,18.94,121.81,327.67,327.67,13.01,56.59,931.2739,-102,4.25,-102.0,4.25
4,2026-08-03 06:10:28,2.30,34.44,214.49,327.67,327.67,12.74,57.50,931.1855,-102,4.00,-102.0,4.0
4,2026-08-03 06:20:28,0.78,8.26,49.75,327.67,327.67,12.70,57.76,931.3464,-101,5.75,-101.0,5.75
4,2026-08-03 06:30:28,0.48,3.35,27.75,327.67,327.67,13.14,56.37,931.3797,-102,3.50,-102.0,3.5
4,2026-08-03 06:40:28,2.19,32.40,205.91,327.67,327.67,13.21,55.87,931.3050,-102,4.75,-102.0,4.75
4,2026-08-03 06:50:28,0.72,6.75,38.67,327.67,327.67,13.62,54.67,931.3952,-101,5.00,-101.0,5.0
4,2026-08-03 07:00:28,2.10,29.79,180.17,327.67,327.67,13.76,54.31,931.3695,-102,4.75,-102.0,4.75
4,2026-08-03 07:10:28,1.01,12.69,80.17,327.67,327.67,14.48,52.45,931.4098,-101,5.75,-101.0,5.75
4,2026-08-03 07:20:28,2.32,33.54,206.21,327.67,327.67,15.00,50.82,931.3416,-101,6.00,-101.0,6.0
4,2026-08-03 07:30:28,5.56,87.12,327.67,327.67,327.67,14.31,52.75,931.2992,-102,4.00,-102.0,4.0
4,2026-08-03 07:40:28,0.69,7.20,47.81,327.67,327.67,15.79,49.23,931.5002,-100,6.25,-100.0,6.25
4,2026-08-03 07:50:28,3.36,49.00,276.19,327.67,327.67,15.72,49.47,931.4390,-101,5.25,-101.0,5.25
4,2026-08-03 08:00:28,1.34,16.72,97.78,327.67,327.67,16.00,48.74,931.4714,-101,3.00,-101.0,3.0
4,2026-08-03 08:10:28,3.07,43.95,243.72,327.67,327.67,15.66,49.49,931.3544,-102,5.00,-102.0,5.0
4,2026-08-03 08:20:28,0.98,10.40,52.80,327.67,327.67,16.70,47.56,931.5436,-102,3.00,-102.0,3.0
4,2026-08-03 08:30:28,2.17,27.00,138.31,327.67,327.67,16.64,47.16,931.5607,-102,5.25,-102.0,5.25
4,2026-08-03 08:50:28,0.34,1.82,14.96,327.67,327.67,16.81,46.40,931.5625,-102,4.50,-102.0,4.5
4,2026-08-03 09:00:28,1.31,15.36,81.58,327.67,327.67,15.77,48.99,931.5468,-102,5.25,-102.0,5.25
4,2026-08-03 09:10:28,1.11,13.02,70.00,327.67,327.67,16.19,48.01,931.5342,-102,5.50,-102.0,5.5
4,2026-08-03 09:20:28,0.29,1.10,5.12,38.93,327.67,18.05,43.93,931.6086,-102,4.50,-102.0,4.5
4,2026-08-03 09:30:28,0.39,2.58,13.25,136.87,327.67,18.64,42.47,931.5076,-102,4.00,-102.0,4.0
4,2026-08-03 09:40:28,0.51,3.74,18.85,264.74,327.67,18.48,43.07,931.5269,-102,3.75,-102.0,3.75
4,2026-08-03 09:50:28,0.24,0.62,4.15,51.53,327.67,18.26,44.32,931.5874,-102,4.00,-102.0,4.0
4,2026-08-03 10:00:28,0.26,0.66,3.01,31.31,327.67,18.88,42.61,931.4642,-103,3.75,-103.0,3.75
4,2026-08-03 10:20:28,0.26,0.63,2.13,19.60,327.67,18.66,42.49,931.1349,-103,2.75,-103.0,2.75
4,2026-08-03 10:50:28,0.25,0.67,4.04,45.36,327.67,18.32,44.33,931.1731,-102,3.75,-102.0,3.75
4,2026-08-03 11:00:28,0.23,0.63,3.27,27.85,327.67,19.76,41.27,931.1021,-102,4.25,-102.0,4.25
4,2026-08-03 11:10:28,0.23,0.67,3.80,42.63,327.67,21.22,37.80,931.0164,-102,4.00,-102.0,4.0
4,2026-08-03 11:20:28,0.23,0.64,3.52,33.88,327.67,21.00,38.47,930.9727,-102,4.00,-102.0,4.0
4,2026-08-03 11:30:27,0.24,0.75,3.64,26.75,327.67,22.10,36.07,930.8714,-101,5.00,-101.0,5.0
4,2026-08-03 11:40:27,0.27,1.15,6.94,127.66,327.67,21.98,36.87,930.7055,-102,5.25,-102.0,5.25
4,2026-08-03 11:50:28,0.38,2.39,12.43,327.67,327.67,22.69,35.41,930.6737,-102,3.50,-102.0,3.5
4,2026-08-03 12:10:28,1.36,15.99,84.61,327.67,327.67,22.16,36.12,930.4057,-102,4.50,-102.0,4.5
4,2026-08-03 12:20:28,5.64,67.65,327.67,327.67,327.67,22.64,35.90,930.3178,-102,4.25,-102.0,4.25
4,2026-08-03 12:50:27,1.25,12.59,58.85,327.67,327.67,22.69,35.04,930.2939,-102,4.50,-102.0,4.5
