station_id,timestamp,opc_pm1,opc_pm25,opc_pm10,opc_pm10_max,pms_pm25,temperature,humidity,pressure,rssi,snr,hub_rssi,hub_snr
4,2026-09-09 18:00:16,0.21,1.58,17.17,140.45,327.67,16.35,45.04,928.6530,-102,0.50,-102.0,0.5
3,2026-09-09 18:00:18,0.61,1.72,10.44,46.76,0.00,17.25,47.77,928.2226,0,0.00,-103.0,4.25
4,2026-09-09 18:10:16,0.22,1.95,17.00,264.30,327.67,16.39,46.29,928.7531,-102,4.25,-102.0,4.25
3,2026-09-09 18:10:18,0.64,2.20,15.80,63.66,0.00,15.76,50.26,928.3730,0,0.00,-105.0,2.25
4,2026-09-09 18:20:18,0.69,9.70,115.28,327.67,327.67,14.65,50.35,928.8267,-102,4.50,-102.0,4.5
3,2026-09-09 18:20:18,0.71,2.74,24.19,101.12,0.00,15.56,49.52,928.5832,0,0.00,-102.0,4.5
4,2026-09-09 18:30:18,0.22,0.74,7.72,166.77,327.67,13.63,53.04,929.0112,-101,5.50,-101.0,5.5
3,2026-09-09 18:30:18,0.66,2.50,23.63,145.88,0.00,15.46,51.63,928.6930,0,0.00,-101.0,5.5
4,2026-09-09 18:40:18,0.22,1.40,11.75,122.40,327.67,13.60,52.52,929.1652,-102,4.25,-102.0,4.25
3,2026-09-09 18:40:18,0.56,2.01,15.57,73.73,0.00,14.07,55.31,928.8048,0,0.00,-102.0,4.25
4,2026-09-09 18:50:16,0.39,3.29,33.70,270.44,327.67,12.84,57.86,929.3053,-101,4.25,-101.0,4.25
3,2026-09-09 18:50:18,0.51,1.34,9.08,31.58,0.00,12.83,59.46,928.9132,0,0.00,-105.0,2.25
4,2026-09-09 19:00:18,0.31,2.41,27.07,327.67,327.67,12.78,55.18,929.3749,-104,3.50,-104.0,3.5
3,2026-09-09 19:00:18,0.49,0.79,2.60,37.46,0.00,12.52,60.68,929.0284,0,0.00,-104.0,3.5
4,2026-09-09 19:10:16,0.27,1.92,21.77,297.21,327.67,13.53,55.12,929.5596,-101,3.50,-101.0,3.5
3,2026-09-09 19:10:18,0.46,0.61,1.46,16.89,0.00,12.35,61.75,929.2095,0,0.00,-103.0,3.5
4,2026-09-09 19:20:18,0.21,0.45,3.00,34.01,327.67,13.22,55.95,929.7439,-104,3.25,-104.0,3.25
3,2026-09-09 19:20:18,0.44,0.62,1.62,28.63,0.00,12.16,62.42,929.3514,0,0.00,-104.0,3.25
4,2026-09-09 19:30:16,0.33,2.14,24.36,205.41,327.67,13.70,57.02,929.7089,-100,5.00,-100.0,5.0
3,2026-09-09 19:30:18,0.45,0.61,1.14,14.51,0.00,11.75,65.71,929.4145,0,0.00,-105.0,2.75
4,2026-09-09 19:40:16,0.34,1.48,12.54,114.45,327.67,12.98,61.10,929.7120,-100,4.25,-100.0,4.25
3,2026-09-09 19:40:18,0.46,0.67,1.40,18.97,0.00,11.74,66.24,929.4549,0,0.00,-105.0,2.5
4,2026-09-09 19:50:18,0.24,0.54,2.65,34.06,327.67,12.49,61.62,929.7880,-107,1.25,-107.0,1.25
3,2026-09-09 19:50:18,0.45,0.61,1.11,9.81,0.00,11.55,66.52,929.4600,0,0.00,-107.0,1.25
4,2026-09-09 20:00:16,0.30,0.78,5.84,75.89,327.67,12.50,61.11,929.8035,-101,4.25,-101.0,4.25
3,2026-09-09 20:00:18,0.49,0.68,1.36,20.23,0.06,11.53,66.92,929.4693,0,0.00,-104.0,3.75
4,2026-09-09 20:10:16,0.24,0.37,0.82,14.41,327.67,12.20,61.34,929.9253,-100,5.00,-100.0,5.0
3,2026-09-09 20:10:18,0.47,0.64,1.21,16.00,0.00,11.49,66.59,929.4590,0,0.00,-106.0,1.5
4,2026-09-09 20:20:16,0.24,0.57,3.41,32.88,327.67,11.40,65.54,930.0182,-100,5.25,-100.0,5.25
3,2026-09-09 20:20:18,0.47,0.60,1.15,17.10,0.00,11.64,65.10,929.5207,0,0.00,-105.0,2.5
4,2026-09-09 20:30:16,0.24,0.46,1.94,33.77,327.67,11.85,61.95,930.1540,-103,2.75,-103.0,2.75
3,2026-09-09 20:30:18,0.44,0.57,1.17,11.25,0.00,11.92,64.11,929.7160,0,0.00,-104.0,2.5
4,2026-09-09 20:40:16,0.22,0.42,2.16,25.84,327.67,12.02,61.16,930.1768,-100,4.50,-100.0,4.5
3,2026-09-09 20:40:18,0.48,0.64,1.37,17.32,0.00,11.96,61.47,929.8197,0,0.00,-103.0,3.75
4,2026-09-09 20:50:16,0.23,0.46,1.70,15.14,327.67,12.12,61.11,930.2222,-100,4.00,-100.0,4.0
3,2026-09-09 20:50:18,0.51,0.80,2.99,27.52,0.00,12.08,59.93,929.8507,0,0.00,-104.0,3.25
4,2026-09-09 21:00:16,0.23,0.42,2.80,41.40,327.67,12.02,60.70,930.3121,-100,4.50,-100.0,4.5
3,2026-09-09 21:00:18,0.51,0.82,3.03,27.58,0.00,12.37,58.43,930.0440,0,0.00,-103.0,3.75
4,2026-09-09 21:10:16,0.26,0.53,2.04,28.07,327.67,11.75,61.20,930.5458,-101,3.50,-101.0,3.5
3,2026-09-09 21:10:18,0.68,1.28,5.45,34.63,0.00,11.97,57.67,930.1696,0,0.00,-103.0,4.25
4,2026-09-09 21:20:16,0.36,0.90,5.30,47.47,327.67,11.34,62.48,930.8073,-102,2.00,-102.0,2.0
3,2026-09-09 21:20:18,0.73,1.36,6.30,32.43,0.00,11.83,57.29,930.4609,0,0.00,-102.0,3.0
4,2026-09-09 21:30:16,0.45,1.15,5.92,32.00,327.67,11.07,61.95,931.0390,-101,3.50,-101.0,3.5
3,2026-09-09 21:30:18,0.65,1.27,5.78,41.17,0.00,12.52,54.58,930.7614,0,0.00,-102.0,4.5
4,2026-09-09 21:40:18,0.50,1.32,8.64,50.44,327.67,11.19,59.55,931.2733,-103,4.00,-103.0,4.0
3,2026-09-09 21:40:18,0.76,1.28,5.57,45.49,0.00,12.69,52.25,930.8962,0,0.00,-103.0,4.0
4,2026-09-09 21:50:18,0.46,1.31,9.05,52.99,327.67,11.60,58.07,931.4994,-101,4.00,-101.0,4.0
3,2026-09-09 21:50:18,0.72,0.92,1.20,6.46,0.00,13.66,48.54,931.0580,0,0.00,-101.0,4.0
4,2026-09-09 22:00:18,0.39,0.79,5.70,39.54,327.67,11.54,57.26,931.5628,-103,3.00,-103.0,3.0
3,2026-09-09 22:00:18,0.78,1.01,1.50,22.35,0.00,13.18,49.78,931.1880,0,0.00,-103.0,3.0
4,2026-09-09 22:10:16,0.54,1.10,4.95,38.05,327.67,11.45,56.33,931.5998,-99,4.50,-99.0,4.5
3,2026-09-09 22:10:18,0.71,1.03,3.29,24.19,0.00,12.38,54.44,931.2975,0,0.00,-102.0,3.25
4,2026-09-09 22:20:16,0.49,0.82,5.32,327.67,327.67,11.18,56.85,931.5654,-102,2.00,-102.0,2.0
3,2026-09-09 22:20:18,0.81,1.79,8.96,42.56,0.00,11.93,54.88,931.3388,0,0.00,-103.0,3.75
4,2026-09-09 22:30:16,0.56,1.73,10.85,74.18,327.67,11.33,56.22,931.7954,-100,5.25,-100.0,5.25
3,2026-09-09 22:30:18,0.80,1.39,5.35,40.62,0.00,12.16,52.83,931.4653,0,0.00,-103.0,3.25
4,2026-09-09 22:40:16,0.51,1.15,4.98,31.85,327.67,10.97,59.96,931.9144,-99,4.75,-99.0,4.75
3,2026-09-09 22:40:18,0.74,1.15,5.08,37.71,0.05,12.40,53.18,931.6694,0,0.00,-102.0,4.0
4,2026-09-09 22:50:16,0.58,1.35,6.81,43.43,327.67,10.77,60.94,932.1730,-100,5.00,-100.0,5.0
4,2026-09-09 23:00:16,0.54,1.13,5.17,53.82,327.67,10.75,60.65,932.1962,-101,3.75,-101.0,3.75
3,2026-09-09 23:00:18,0.80,1.16,2.63,18.50,0.10,12.66,51.03,931.8153,0,0.00,-104.0,3.5
4,2026-09-09 23:10:16,0.59,1.28,6.65,34.28,327.67,10.92,59.14,932.1771,-99,5.50,-99.0,5.5
3,2026-09-09 23:10:18,0.82,1.09,1.84,18.95,0.00,12.35,53.84,931.8048,0,0.00,-104.0,3.25
4,2026-09-09 23:20:16,0.56,1.07,4.57,31.48,327.67,10.91,59.16,932.3176,-100,4.75,-100.0,4.75
3,2026-09-09 23:20:18,0.81,1.11,2.31,21.72,0.00,11.87,55.86,931.8439,0,0.00,-103.0,4.25
4,2026-09-09 23:30:18,0.58,1.01,4.28,31.55,327.67,10.87,59.11,932.3382,-103,4.50,-103.0,4.5
3,2026-09-09 23:30:18,0.82,1.15,2.08,23.95,0.00,11.64,56.60,931.9462,0,0.00,-103.0,4.5
4,2026-09-09 23:40:16,0.64,1.00,2.60,25.97,327.67,10.40,59.69,932.2798,-101,2.75,-101.0,2.75
3,2026-09-09 23:40:18,0.89,1.27,3.65,36.23,0.07,12.20,54.52,931.9526,0,0.00,-102.0,3.25
4,2026-09-09 23:50:16,0.60,1.04,3.25,38.42,327.67,10.28,61.14,932.3509,-100,4.25,-100.0,4.25
3,2026-09-09 23:50:18,0.89,1.35,4.06,32.15,0.00,11.61,55.80,932.0171,0,0.00,-103.0,3.5
4,2026-09-10 00:00:16,0.56,0.90,2.66,24.56,327.67,10.38,60.47,932.4770,-100,4.50,-100.0,4.5
3,2026-09-10 00:00:18,0.84,1.23,3.92,31.10,0.00,11.64,56.27,932.0691,0,0.00,-104.0,3.25
4,2026-09-10 00:10:16,0.50,0.68,1.12,9.49,327.67,10.32,60.05,932.5954,-101,3.00,-101.0,3.0
3,2026-09-10 00:10:18,0.79,1.15,2.41,27.34,0.02,11.27,58.32,932.1126,0,0.00,-104.0,3.75
4,2026-09-10 00:20:16,0.52,0.79,2.02,24.88,327.67,10.06,61.00,932.5584,-100,4.50,-100.0,4.5
3,2026-09-10 00:20:18,0.76,1.11,3.10,29.89,0.00,10.79,60.24,932.0723,0,0.00,-102.0,4.0
4,2026-09-10 00:30:16,0.51,0.81,1.69,21.11,327.67,9.75,62.65,932.5688,-101,3.50,-101.0,3.5
3,2026-09-10 00:30:18,0.87,1.28,2.93,31.89,0.00,11.32,58.89,932.1666,0,0.00,-103.0,3.75
4,2026-09-10 00:40:16,0.58,0.89,2.61,26.75,327.67,9.54,63.71,932.7297,-100,4.75,-100.0,4.75
3,2026-09-10 00:40:18,0.74,1.12,2.80,29.73,0.07,10.50,60.93,932.2802,0,0.00,-103.0,4.0
4,2026-09-10 00:50:16,0.55,0.89,2.21,28.16,327.67,9.08,67.05,932.7968,-102,4.75,-102.0,4.75
3,2026-09-10 00:50:18,0.69,1.03,2.23,20.29,0.02,10.18,64.66,932.3368,0,0.00,-103.0,3.25
4,2026-09-10 01:00:16,0.51,0.85,2.86,29.74,327.67,8.76,68.94,932.7022,-100,5.25,-100.0,5.25
3,2026-09-10 01:00:18,0.76,1.12,2.53,20.52,0.02,9.94,65.54,932.3196,0,0.00,-103.0,3.75
4,2026-09-10 01:10:16,0.56,0.91,2.20,9.01,327.67,8.77,68.67,932.8142,-99,6.00,-99.0,6.0
3,2026-09-10 01:10:18,0.78,1.13,2.43,13.35,0.00,10.02,64.99,932.3602,0,0.00,-104.0,3.0
4,2026-09-10 01:20:16,0.52,0.78,2.13,21.61,327.67,9.00,67.32,932.9070,-100,4.25,-100.0,4.25
3,2026-09-10 01:20:18,0.75,1.09,1.95,13.97,0.00,10.07,64.64,932.5646,0,0.00,-103.0,2.75
4,2026-09-10 01:30:18,0.65,0.98,2.64,25.60,327.67,9.38,64.80,933.1099,-104,3.25,-104.0,3.25
3,2026-09-10 01:30:18,0.79,1.12,2.34,12.92,0.00,10.26,63.01,932.6681,0,0.00,-104.0,3.25
4,2026-09-10 01:40:16,0.62,0.94,8.18,327.67,327.67,8.99,64.92,933.0883,-103,3.50,-103.0,3.5
3,2026-09-10 01:40:18,0.88,1.30,2.32,18.80,0.00,10.30,61.82,932.6724,0,0.00,-103.0,3.0
4,2026-09-10 01:50:16,0.74,1.03,2.33,24.87,327.67,8.93,64.86,933.0223,-101,4.00,-101.0,4.0
3,2026-09-10 01:50:18,1.17,1.73,3.33,39.56,0.00,10.65,59.90,932.6112,0,0.00,-103.0,3.5
4,2026-09-10 02:00:16,1.15,1.58,2.85,40.72,327.67,9.29,62.70,932.9568,-102,4.00,-102.0,4.0
3,2026-09-10 02:00:18,1.26,1.83,3.23,29.00,0.00,11.37,57.64,932.5722,0,0.00,-103.0,4.0
4,2026-09-10 02:10:16,1.25,1.72,2.74,23.36,327.67,9.20,64.02,932.9719,-101,4.50,-101.0,4.5
3,2026-09-10 02:10:18,1.60,2.32,3.29,27.29,0.00,10.78,57.59,932.5584,0,0.00,-103.0,3.25
4,2026-09-10 02:20:16,1.24,1.63,2.52,19.81,327.67,8.89,64.73,933.0362,-100,5.25,-100.0,5.25
3,2026-09-10 02:20:18,1.96,2.81,3.85,27.02,0.00,10.42,58.77,932.5905,0,0.00,-103.0,3.5
4,2026-09-10 02:30:16,1.11,1.49,2.68,25.10,327.67,8.71,66.14,933.0606,-100,4.75,-100.0,4.75
3,2026-09-10 02:30:18,1.85,2.62,3.99,23.98,0.00,10.14,59.33,932.6144,0,0.00,-107.0,1.0
4,2026-09-10 02:40:16,1.70,2.15,3.05,19.67,327.67,8.66,63.94,933.0770,-102,4.00,-102.0,4.0
3,2026-09-10 02:40:18,1.95,2.77,4.04,19.93,0.00,10.03,59.49,932.6494,0,0.00,-102.0,3.75
4,2026-09-10 02:50:16,1.93,2.43,2.89,14.01,327.67,8.89,62.55,933.1630,-100,4.75,-100.0,4.75
3,2026-09-10 02:50:18,2.44,3.44,4.44,19.75,0.00,10.16,57.41,932.7043,0,0.00,-102.0,3.25
4,2026-09-10 03:00:16,2.19,2.80,3.61,20.07,327.67,8.64,63.22,933.2015,-103,1.75,-103.0,1.75
3,2026-09-10 03:00:18,2.66,3.75,4.65,15.94,0.00,10.17,57.52,932.7492,0,0.00,-103.0,3.0
4,2026-09-10 03:10:18,2.25,2.82,3.62,18.93,327.67,8.32,64.24,933.1948,-104,3.00,-104.0,3.0
3,2026-09-10 03:10:18,2.83,4.00,5.56,21.78,0.00,9.87,57.92,932.7871,0,0.00,-104.0,3.0
4,2026-09-10 03:20:16,2.46,3.08,3.62,12.13,327.67,8.45,63.28,933.2532,-100,4.75,-100.0,4.75
3,2026-09-10 03:20:18,3.09,4.37,5.47,18.02,0.00,10.05,57.10,932.8220,0,0.00,-103.0,3.25
4,2026-09-10 03:30:16,2.59,3.26,3.80,14.93,327.67,8.56,62.80,933.2981,-100,4.00,-100.0,4.0
3,2026-09-10 03:30:18,3.09,4.39,5.65,21.54,0.00,9.95,57.98,932.8740,0,0.00,-102.0,3.5
4,2026-09-10 03:40:16,2.50,3.15,4.05,25.54,327.67,8.53,63.78,933.4274,-101,4.00,-101.0,4.0
3,2026-09-10 03:40:18,3.07,4.42,5.47,17.93,0.00,10.07,57.15,933.0050,0,0.00,-103.0,3.5
4,2026-09-10 03:50:16,2.84,3.54,4.25,18.42,327.67,8.68,62.63,933.6110,-100,4.00,-100.0,4.0
3,2026-09-10 03:50:18,3.14,4.50,5.48,20.94,0.00,9.98,59.09,933.1970,0,0.00,-104.0,3.25
4,2026-09-10 04:00:16,2.69,3.26,4.00,21.95,327.67,8.98,60.52,933.5994,-100,4.00,-100.0,4.0
3,2026-09-10 04:00:18,3.32,4.78,5.60,24.06,0.00,10.06,58.96,933.2743,0,0.00,-102.0,3.75
4,2026-09-10 04:10:16,2.45,3.02,4.06,26.52,327.67,9.20,59.15,933.7108,-101,3.50,-101.0,3.5
3,2026-09-10 04:10:18,2.97,4.20,5.49,22.33,0.00,10.29,56.95,933.3649,0,0.00,-104.0,2.75
4,2026-09-10 04:20:16,2.30,2.85,3.61,21.73,327.67,8.85,61.01,933.6663,-100,6.00,-100.0,6.0
3,2026-09-10 04:20:18,2.49,3.41,4.01,16.51,0.00,10.10,56.64,933.2457,0,0.00,-105.0,2.75
4,2026-09-10 04:30:16,2.33,2.88,3.63,27.63,327.67,8.82,62.69,933.6821,-99,5.25,-99.0,5.25
3,2026-09-10 04:30:18,2.43,3.31,4.04,14.19,0.00,9.78,59.30,933.2365,0,0.00,-106.0,2.0
4,2026-09-10 04:40:16,2.20,2.67,3.49,21.27,327.67,8.40,64.00,933.6060,-102,4.00,-102.0,4.0
3,2026-09-10 04:40:18,2.46,3.40,4.29,18.92,0.00,9.80,59.54,933.2168,0,0.00,-103.0,3.75
4,2026-09-10 04:50:16,2.41,3.01,3.60,12.34,327.67,8.62,62.64,933.6402,-102,3.75,-102.0,3.75
3,2026-09-10 04:50:18,2.61,3.63,4.37,13.32,0.00,9.64,59.82,933.2179,0,0.00,-103.0,3.25
4,2026-09-10 05:00:16,2.51,3.12,3.93,38.84,327.67,9.05,60.51,933.6487,-102,2.50,-102.0,2.5
3,2026-09-10 05:00:18,2.62,3.65,4.70,23.32,0.00,9.55,59.81,933.1927,0,0.00,-101.0,5.0
4,2026-09-10 05:10:16,2.60,3.23,3.93,24.17,327.67,9.15,62.47,933.6771,-100,4.50,-100.0,4.5
3,2026-09-10 05:10:18,2.61,3.67,5.23,25.55,0.00,9.32,61.22,933.2134,0,0.00,-103.0,3.75
4,2026-09-10 05:20:18,2.53,3.21,4.33,38.37,327.67,9.31,61.48,933.6644,-106,2.00,-106.0,2.0
3,2026-09-10 05:20:18,2.65,3.89,6.56,22.42,0.00,9.22,61.89,933.2730,0,0.00,-106.0,2.0
4,2026-09-10 05:30:16,2.73,3.43,4.24,29.42,327.67,9.33,61.64,933.7633,-100,3.50,-100.0,3.5
3,2026-09-10 05:30:18,2.82,4.66,25.87,327.67,0.00,9.31,61.64,933.3740,0,0.00,-102.0,4.25
4,2026-09-10 05:40:16,2.68,3.47,5.06,32.69,327.67,8.95,63.32,933.9454,-102,2.75,-102.0,2.75
3,2026-09-10 05:40:18,2.93,5.06,18.38,44.69,0.00,9.52,61.09,933.5493,0,0.00,-101.0,4.75
4,2026-09-10 05:50:16,2.72,3.84,7.93,47.39,327.67,9.35,60.07,934.0784,-101,3.75,-101.0,3.75
3,2026-09-10 05:50:18,3.10,5.20,16.57,64.18,0.00,9.65,61.23,933.6817,0,0.00,-102.0,4.5
4,2026-09-10 06:00:18,2.67,3.92,11.35,66.69,327.67,9.37,59.89,934.1945,-102,4.50,-102.0,4.5
3,2026-09-10 06:00:18,3.20,5.35,16.33,55.55,0.00,10.04,60.30,933.8294,0,0.00,-102.0,4.5
4,2026-09-10 06:10:18,2.54,3.61,9.19,48.11,327.67,9.10,60.81,934.4288,-101,5.00,-101.0,5.0
3,2026-09-10 06:10:18,3.14,5.14,12.35,46.68,0.00,10.03,60.00,934.0582,0,0.00,-101.0,5.0
4,2026-09-10 06:20:18,2.54,3.57,9.49,45.76,327.67,9.30,60.16,934.6647,-103,4.50,-103.0,4.5
3,2026-09-10 06:20:18,3.16,5.02,13.44,37.60,0.00,9.66,62.40,934.2693,0,0.00,-103.0,4.5
4,2026-09-10 06:30:18,2.42,3.50,8.97,121.61,327.67,9.30,59.25,934.7697,-102,3.75,-102.0,3.75
3,2026-09-10 06:30:18,2.72,4.80,16.96,76.49,0.00,9.72,60.79,934.4035,0,0.00,-102.0,3.75
4,2026-09-10 06:40:16,2.05,2.75,4.77,73.40,327.67,9.23,59.53,934.9873,-103,5.00,-103.0,5.0
3,2026-09-10 06:40:18,2.63,4.89,21.41,70.73,0.00,9.50,62.35,934.6813,0,0.00,-102.0,4.5
4,2026-09-10 06:50:16,0.38,0.69,3.39,64.93,327.67,7.60,61.57,935.1354,-101,3.50,-101.0,3.5
3,2026-09-10 06:50:18,2.16,3.76,14.88,54.90,0.00,9.47,62.36,935.0322,0,0.00,-104.0,4.0
4,2026-09-10 07:00:16,0.46,0.65,1.19,19.38,327.67,7.25,63.09,935.5339,-100,5.25,-100.0,5.25
3,2026-09-10 07:00:18,1.53,2.37,8.01,65.17,0.00,9.56,60.87,935.3115,0,0.00,-103.0,4.0
4,2026-09-10 07:10:16,0.31,0.93,9.68,327.67,327.67,7.70,59.56,935.4951,-100,5.00,-100.0,5.0
3,2026-09-10 07:10:18,0.44,0.61,2.51,33.49,0.00,8.66,62.67,935.4732,0,0.00,-103.0,3.0
4,2026-09-10 07:20:16,0.33,0.48,0.88,21.39,327.67,8.28,59.49,935.7309,-102,3.25,-102.0,3.25
3,2026-09-10 07:20:18,0.42,0.55,1.20,21.86,0.00,8.97,59.67,935.7146,0,0.00,-104.0,3.25
4,2026-09-10 07:30:18,0.32,0.46,1.44,33.89,327.67,8.39,59.30,935.6782,-104,3.75,-104.0,3.75
3,2026-09-10 07:30:18,0.43,0.54,1.09,21.78,0.00,9.58,56.79,935.6595,0,0.00,-104.0,3.75
4,2026-09-10 07:40:16,0.31,0.41,0.58,7.66,327.67,9.24,52.93,935.8789,-101,4.50,-101.0,4.5
3,2026-09-10 07:40:18,0.43,0.52,0.55,2.37,0.00,10.17,52.83,935.6371,0,0.00,-103.0,4.25
4,2026-09-10 07:50:16,0.24,0.33,0.48,13.19,327.67,8.80,60.68,935.9753,-101,4.00,-101.0,4.0
3,2026-09-10 07:50:18,0.40,0.49,0.69,6.39,0.00,10.41,52.74,935.7558,0,0.00,-102.0,4.0
4,2026-09-10 08:00:16,0.23,0.33,0.45,4.88,327.67,8.28,63.30,936.1999,-101,3.75,-101.0,3.75
3,2026-09-10 08:00:18,0.38,0.48,1.00,23.64,0.00,10.31,54.60,935.8954,0,0.00,-103.0,3.5
4,2026-09-10 08:10:18,0.20,0.30,0.48,5.55,327.67,8.21,63.71,936.1886,-103,3.75,-103.0,3.75
3,2026-09-10 08:10:18,0.47,0.56,0.65,6.37,0.00,9.71,56.97,935.9356,0,0.00,-103.0,3.75
4,2026-09-10 08:20:16,0.18,0.27,0.41,4.31,327.67,8.00,64.98,936.2840,-99,6.25,-99.0,6.25
3,2026-09-10 08:20:18,0.40,0.49,0.63,8.06,0.00,9.43,60.28,935.9057,0,0.00,-105.0,2.5
4,2026-09-10 08:30:16,0.18,0.26,0.48,7.05,327.67,7.55,67.17,936.3923,-100,4.50,-100.0,4.5
3,2026-09-10 08:30:18,0.40,0.52,0.70,13.78,0.00,8.90,63.26,935.8896,0,0.00,-105.0,2.25
4,2026-09-10 08:40:16,0.21,0.29,0.56,22.58,327.67,7.86,65.45,936.4248,-101,4.25,-101.0,4.25
3,2026-09-10 08:40:18,0.43,0.55,1.03,16.38,0.00,8.75,64.69,935.9250,0,0.00,-104.0,3.25
4,2026-09-10 08:50:16,0.23,0.31,0.51,5.94,327.67,8.92,62.73,936.4501,-101,3.50,-101.0,3.5
3,2026-09-10 08:50:18,0.36,0.46,0.66,12.45,0.00,8.73,65.28,935.9838,0,0.00,-103.0,3.75
4,2026-09-10 09:00:16,0.24,0.32,0.42,5.18,327.67,8.99,61.83,936.5301,-99,5.75,-99.0,5.75
3,2026-09-10 09:00:18,0.47,0.61,0.80,10.29,0.00,8.98,64.59,936.0967,0,0.00,-104.0,3.0
4,2026-09-10 09:10:18,0.31,0.45,0.63,5.67,327.67,9.17,62.86,936.4465,-104,3.50,-104.0,3.5
3,2026-09-10 09:10:18,0.56,0.76,1.15,15.15,0.00,9.27,64.33,936.0758,0,0.00,-104.0,3.5
4,2026-09-10 09:20:18,0.37,0.52,1.30,17.61,327.67,9.51,62.73,936.5121,-106,2.00,-106.0,2.0
3,2026-09-10 09:20:18,0.61,0.82,1.09,8.87,0.00,8.89,66.18,936.0883,0,0.00,-106.0,2.0
4,2026-09-10 09:30:15,0.33,0.50,1.40,15.17,327.67,8.76,66.59,936.5657,-99,6.50,-99.0,6.5
3,2026-09-10 09:30:18,0.56,0.73,1.04,10.50,0.00,8.83,67.37,936.1945,0,0.00,-105.0,2.75
4,2026-09-10 09:40:15,0.22,0.31,0.42,5.38,327.67,10.23,61.08,936.5792,-101,3.25,-101.0,3.25
3,2026-09-10 09:40:18,0.54,0.70,0.95,14.94,0.00,9.32,65.41,936.2357,0,0.00,-104.0,2.75
4,2026-09-10 09:50:15,0.22,0.32,0.84,23.75,327.67,12.22,52.42,936.5454,-100,4.75,-100.0,4.75
3,2026-09-10 09:50:18,0.48,0.59,1.02,13.11,0.00,10.24,61.50,936.2678,0,0.00,-105.0,3.0
4,2026-09-10 10:00:18,0.23,0.31,0.53,10.11,327.67,11.85,52.56,936.5052,-103,3.50,-103.0,3.5
3,2026-09-10 10:00:18,0.55,0.74,1.60,23.70,0.00,11.23,57.54,936.2000,0,0.00,-103.0,3.5
4,2026-09-10 10:10:15,0.21,0.32,0.84,25.40,327.67,11.81,52.86,936.5741,-99,4.00,-99.0,4.0
3,2026-09-10 10:10:18,0.49,0.66,0.83,5.67,0.00,11.01,58.56,936.1723,0,0.00,-104.0,3.5
4,2026-09-10 10:20:16,0.22,0.30,0.67,29.13,327.67,11.27,54.77,936.5874,-100,5.00,-100.0,5.0
3,2026-09-10 10:20:18,0.53,0.68,1.14,18.80,0.00,10.79,59.31,936.2588,0,0.00,-103.0,3.25
4,2026-09-10 10:30:16,0.27,0.36,0.44,6.54,327.67,11.34,55.22,936.7938,-99,4.75,-99.0,4.75
3,2026-09-10 10:30:18,0.59,0.76,1.30,12.71,0.00,10.76,60.05,936.4464,0,0.00,-103.0,3.25
4,2026-09-10 10:40:16,0.27,0.43,0.96,18.70,327.67,10.94,57.11,936.8645,-100,3.25,-100.0,3.25
3,2026-09-10 10:40:18,0.57,0.72,0.94,6.20,0.00,10.43,60.49,936.4851,0,0.00,-102.0,4.25
4,2026-09-10 10:50:16,0.26,0.36,1.22,28.94,327.67,10.93,56.24,936.9114,-100,4.50,-100.0,4.5
3,2026-09-10 10:50:18,0.55,0.68,0.93,19.29,0.00,10.63,59.90,936.4744,0,0.00,-104.0,3.5
4,2026-09-10 11:00:15,0.25,0.38,0.80,16.67,327.67,11.87,53.62,936.8457,-99,4.25,-99.0,4.25
3,2026-09-10 11:00:18,0.45,0.55,0.88,23.38,0.00,11.54,57.04,936.4198,0,0.00,-104.0,3.0
4,2026-09-10 11:10:15,0.24,0.35,0.77,29.35,327.67,12.43,52.16,936.8703,-101,3.75,-101.0,3.75
3,2026-09-10 11:10:18,0.52,0.64,0.92,9.21,0.00,12.59,54.48,936.4712,0,0.00,-103.0,3.75
4,2026-09-10 11:20:15,0.22,0.34,1.13,23.73,327.67,12.55,52.12,936.8502,-101,3.50,-101.0,3.5
3,2026-09-10 11:20:18,0.49,0.62,1.25,21.59,0.00,13.41,50.98,936.4180,0,0.00,-104.0,3.5
4,2026-09-10 11:30:18,0.23,0.34,0.94,30.59,327.67,12.58,50.48,936.8783,-106,2.25,-106.0,2.25
3,2026-09-10 11:30:18,0.47,0.58,0.79,14.43,0.00,12.50,53.40,936.4101,0,0.00,-106.0,2.25
4,2026-09-10 11:40:18,0.21,0.29,0.37,3.48,327.67,12.65,49.33,936.7568,-104,3.75,-104.0,3.75
3,2026-09-10 11:40:18,0.51,0.66,1.33,21.15,0.00,12.51,54.51,936.3599,0,0.00,-104.0,3.75
4,2026-09-10 11:50:16,0.20,0.28,0.40,10.86,327.67,12.42,51.43,936.7914,-101,3.25,-101.0,3.25
3,2026-09-10 11:50:18,0.49,0.64,1.62,21.00,0.00,12.32,54.17,936.3514,0,0.00,-103.0,4.0
4,2026-09-10 12:00:15,0.19,0.28,1.13,26.43,327.67,12.02,50.85,936.8322,-101,4.25,-101.0,4.25
3,2026-09-10 12:00:18,0.55,0.84,4.49,36.67,0.00,12.56,53.73,936.5938,0,0.00,-102.0,4.25
4,2026-09-10 12:10:18,0.18,0.36,1.47,25.34,327.67,12.13,51.51,936.9397,-103,3.75,-103.0,3.75
3,2026-09-10 12:10:18,0.53,0.99,5.94,38.75,0.00,12.89,53.38,936.6543,0,0.00,-103.0,3.75
4,2026-09-10 12:20:15,0.17,0.30,1.61,27.44,327.67,12.23,50.77,937.0394,-101,2.50,-101.0,2.5
3,2026-09-10 12:20:18,0.48,0.70,2.79,39.22,0.00,13.09,48.72,936.7603,0,0.00,-104.0,3.0
4,2026-09-10 12:30:15,0.19,0.30,0.71,23.31,327.67,12.50,50.15,937.0578,-100,5.50,-100.0,5.5
3,2026-09-10 12:30:18,0.52,0.71,2.14,35.14,0.00,13.01,47.76,936.6858,0,0.00,-102.0,4.0
4,2026-09-10 12:40:15,0.18,0.29,0.91,25.80,327.67,12.36,50.51,937.1025,-100,4.50,-100.0,4.5
3,2026-09-10 12:40:18,0.43,0.56,1.70,22.95,0.00,13.54,46.75,936.7176,0,0.00,-103.0,3.5
4,2026-09-10 12:50:15,0.17,0.30,0.66,10.39,327.67,11.89,52.02,937.0932,-99,5.25,-99.0,5.25
3,2026-09-10 12:50:18,0.53,0.84,3.02,30.96,0.00,13.60,49.42,936.6399,0,0.00,-103.0,3.75
4,2026-09-10 13:00:15,0.19,0.31,1.05,25.27,327.67,11.54,53.70,937.0605,-100,3.75,-100.0,3.75
3,2026-09-10 13:00:18,0.50,0.71,2.94,67.99,0.00,13.15,51.22,936.6637,0,0.00,-103.0,2.75
4,2026-09-10 13:10:15,0.18,0.30,1.08,24.79,327.67,11.72,52.68,936.9847,-100,4.50,-100.0,4.5
3,2026-09-10 13:10:18,0.55,0.75,1.77,32.52,0.00,13.05,51.57,936.6785,0,0.00,-103.0,3.75
4,2026-09-10 13:20:15,0.21,0.38,2.07,39.93,327.67,13.40,48.59,936.9598,-99,3.25,-99.0,3.25
3,2026-09-10 13:20:18,0.62,0.90,2.35,23.60,0.00,14.06,50.16,936.7192,0,0.00,-103.0,3.75
4,2026-09-10 13:30:15,0.17,0.30,0.99,22.56,327.67,13.65,44.35,936.9995,-101,4.25,-101.0,4.25
3,2026-09-10 13:30:18,0.57,0.72,2.22,18.85,0.00,14.43,46.82,936.7952,0,0.00,-104.0,3.25
4,2026-09-10 13:40:15,1.05,16.85,170.74,327.67,327.67,13.65,43.27,936.9872,-102,3.25,-102.0,3.25
3,2026-09-10 13:40:18,0.61,0.71,1.10,17.62,0.00,15.06,42.56,936.9343,0,0.00,-102.0,4.0
4,2026-09-10 13:50:15,0.14,0.20,0.27,5.67,327.67,13.52,43.37,937.1270,-101,4.00,-101.0,4.0
3,2026-09-10 13:50:18,0.55,0.67,0.74,9.00,0.00,14.31,43.16,936.8477,0,0.00,-104.0,3.75
4,2026-09-10 14:00:18,0.68,11.68,128.09,327.67,327.67,13.00,45.01,937.1934,-103,3.25,-103.0,3.25
3,2026-09-10 14:00:18,0.55,0.65,1.02,21.11,0.00,15.06,40.84,936.7945,0,0.00,-103.0,3.25
4,2026-09-10 14:10:18,0.21,0.67,5.18,33.04,327.67,12.74,44.11,937.1516,-104,3.25,-104.0,3.25
3,2026-09-10 14:10:18,0.57,0.70,1.29,28.51,0.00,14.79,40.62,936.8666,0,0.00,-104.0,3.25
4,2026-09-10 14:20:15,0.26,1.58,15.54,96.07,327.67,12.13,48.20,937.0819,-100,5.00,-100.0,5.0
3,2026-09-10 14:20:18,0.54,0.62,0.79,5.92,0.00,13.91,42.54,936.8856,0,0.00,-104.0,3.0
4,2026-09-10 14:30:15,0.40,3.59,27.39,87.27,327.67,12.13,49.00,937.0259,-100,4.25,-100.0,4.25
4,2026-09-10 14:40:15,0.36,3.56,26.73,245.37,327.67,11.64,49.18,937.0383,-100,4.25,-100.0,4.25
4,2026-09-10 14:50:15,0.36,3.23,24.81,133.25,327.67,11.84,49.03,937.0004,-100,4.00,-100.0,4.0
3,2026-09-10 14:50:18,0.66,0.79,1.38,32.60,0.00,15.66,39.96,936.6208,0,0.00,-104.0,3.5
4,2026-09-10 15:00:18,0.20,0.94,6.90,49.02,327.67,12.00,49.50,937.0739,-103,3.50,-103.0,3.5
3,2026-09-10 15:00:18,0.60,0.74,2.10,47.14,0.00,15.06,40.54,936.6348,0,0.00,-103.0,3.5
4,2026-09-10 15:10:15,0.24,1.73,15.49,327.67,327.67,14.76,45.23,937.1542,-103,2.25,-103.0,2.25
3,2026-09-10 15:10:18,0.51,0.60,0.99,32.47,0.00,14.85,41.96,936.6451,0,0.00,-106.0,2.0
4,2026-09-10 15:20:15,0.22,1.51,11.54,173.49,327.67,15.02,41.15,937.1318,-101,4.00,-101.0,4.0
3,2026-09-10 15:20:18,0.56,1.10,5.48,31.16,0.00,14.07,46.17,936.6438,0,0.00,-105.0,2.5
4,2026-09-10 15:30:18,0.17,0.66,5.28,61.69,327.67,14.28,42.64,936.9510,-105,2.75,-105.0,2.75
3,2026-09-10 15:30:18,0.51,0.98,3.65,30.29,0.00,13.37,48.58,936.6395,0,0.00,-105.0,2.75
4,2026-09-10 15:40:15,0.39,4.67,40.28,327.67,327.67,14.12,43.92,937.0396,-100,4.25,-100.0,4.25
3,2026-09-10 15:40:18,0.58,1.26,6.34,54.94,0.00,13.66,45.51,936.7809,0,0.00,-103.0,4.25
4,2026-09-10 15:50:18,0.16,0.38,1.87,25.78,327.67,15.36,41.67,937.1291,-106,2.00,-106.0,2.0
3,2026-09-10 15:50:18,0.64,1.00,3.59,22.83,0.00,14.39,43.80,936.7399,0,0.00,-106.0,2.0
4,2026-09-10 16:00:15,0.19,0.60,3.73,28.18,327.67,15.26,41.27,937.1336,-100,4.00,-100.0,4.0
3,2026-09-10 16:00:18,0.60,1.04,4.35,53.75,0.00,13.75,44.61,936.5751,0,0.00,-104.0,3.0
4,2026-09-10 16:20:15,4.18,78.32,327.67,327.67,327.67,16.38,38.96,936.9396,-103,2.00,-103.0,2.0
3,2026-09-10 16:20:18,0.68,0.83,1.92,36.05,0.00,15.65,38.90,936.7411,0,0.00,-101.0,4.5
4,2026-09-10 16:30:18,0.37,3.58,24.13,327.67,327.67,14.60,41.02,937.0165,-101,4.50,-101.0,4.5
3,2026-09-10 16:30:18,0.58,0.66,0.75,5.34,0.00,16.46,36.40,936.7176,0,0.00,-101.0,4.5
4,2026-09-10 16:40:15,0.24,1.41,8.80,41.90,327.67,13.71,44.77,937.1367,-99,4.25,-99.0,4.25
3,2026-09-10 16:40:18,0.49,0.57,0.64,3.70,0.00,15.46,38.25,936.7370,0,0.00,-102.0,4.25
4,2026-09-10 16:50:18,3.27,56.70,327.67,327.67,327.67,16.55,39.14,937.1248,-103,2.75,-103.0,2.75
3,2026-09-10 16:50:18,0.65,0.72,1.07,22.45,0.00,16.38,38.14,936.6986,0,0.00,-103.0,2.75
4,2026-09-10 17:00:18,0.27,1.76,11.29,288.55,327.67,15.59,39.47,937.1001,-105,2.50,-105.0,2.5
3,2026-09-10 17:00:18,0.59,1.28,8.92,75.51,0.00,17.77,37.20,936.7504,0,0.00,-105.0,2.5
4,2026-09-10 17:10:15,0.19,0.41,2.47,65.71,327.67,14.52,41.32,937.0502,-100,4.00,-100.0,4.0
4,2026-09-10 17:20:15,0.17,0.49,2.68,34.41,327.67,13.44,42.91,937.1173,-100,5.25,-100.0,5.25
3,2026-09-10 17:20:18,0.69,0.96,2.43,20.82,0.00,15.74,40.34,936.8660,0,0.00,-103.0,3.25
4,2026-09-10 17:30:15,3.50,57.35,327.67,327.67,327.67,13.13,44.78,937.0803,-100,4.50,-100.0,4.5
4,2026-09-10 17:40:17,4.10,66.54,327.67,327.67,327.67,13.28,44.13,937.1197,-105,2.50,-105.0,2.5
3,2026-09-10 17:40:17,0.82,0.94,1.43,27.02,0.00,18.56,33.93,936.9110,0,0.00,-105.0,2.5
4,2026-09-10 18:00:18,3.47,59.30,327.67,327.67,327.67,12.88,46.04,937.1244,-105,2.25,-105.0,2.25
3,2026-09-10 18:00:18,0.72,1.32,5.14,38.44,0.00,19.20,32.66,936.8258,0,0.00,-105.0,2.25
4,2026-09-10 18:10:18,0.17,0.51,2.07,34.48,327.67,12.56,44.65,937.2227,-103,4.00,-103.0,4.0
3,2026-09-10 18:10:18,0.81,1.87,11.09,57.88,0.00,18.84,33.84,936.9331,0,0.00,-103.0,4.0
4,2026-09-10 18:20:15,0.62,6.11,36.43,164.71,327.67,12.36,46.66,937.4422,-101,2.25,-101.0,2.25
3,2026-09-10 18:20:18,0.78,0.97,2.29,31.90,0.00,19.67,31.49,937.0888,0,0.00,-102.0,4.25
4,2026-09-10 18:30:18,0.29,2.31,14.83,91.09,327.67,12.42,46.67,937.6009,-104,2.50,-104.0,2.5
3,2026-09-10 18:30:18,0.67,0.79,1.15,12.05,0.00,20.61,29.15,937.1946,0,0.00,-104.0,2.5
4,2026-09-10 19:00:15,0.42,4.64,28.78,327.67,327.67,12.69,44.42,937.5542,-102,3.00,-102.0,3.0
3,2026-09-10 19:00:18,0.86,3.69,23.60,95.57,0.00,16.50,39.39,936.9956,0,0.00,-103.0,3.5
4,2026-09-10 19:10:18,0.21,0.93,4.40,46.57,327.67,13.20,43.61,937.6384,-104,2.75,-104.0,2.75
3,2026-09-10 19:10:18,0.64,2.19,12.60,74.93,0.00,14.71,44.09,937.1170,0,0.00,-104.0,2.75
4,2026-09-10 19:20:15,0.23,1.31,7.89,59.71,327.67,12.68,47.65,937.6711,-100,4.00,-100.0,4.0
3,2026-09-10 19:20:18,0.59,1.25,5.46,44.04,0.00,15.02,45.36,937.0818,0,0.00,-103.0,3.25
4,2026-09-10 19:30:15,0.23,2.00,14.26,280.50,327.67,11.51,52.62,937.6249,-101,3.50,-101.0,3.5
4,2026-09-10 19:40:15,0.29,1.91,10.74,89.10,327.67,12.16,48.71,937.6209,-100,4.50,-100.0,4.5
3,2026-09-10 19:40:18,0.56,0.78,1.65,16.61,0.00,11.96,52.21,937.0210,0,0.00,-102.0,4.5
4,2026-09-10 19:50:18,0.21,1.39,10.44,236.85,327.67,12.98,47.24,937.7638,-104,2.50,-104.0,2.5
3,2026-09-10 19:50:18,0.42,0.77,3.28,29.23,0.00,11.28,53.35,937.2232,0,0.00,-104.0,2.5
4,2026-09-10 20:00:18,0.40,4.80,31.83,291.51,327.67,13.36,46.63,937.8507,-105,2.25,-105.0,2.25
3,2026-09-10 20:00:18,0.49,1.59,6.92,57.94,0.00,11.15,53.39,937.3189,0,0.00,-105.0,2.25
4,2026-09-10 20:10:18,0.21,1.00,10.53,327.67,327.67,11.08,51.10,938.0154,-103,3.00,-103.0,3.0
3,2026-09-10 20:10:18,0.45,0.76,2.55,23.75,0.00,10.82,54.44,937.4776,0,0.00,-103.0,3.0
4,2026-09-10 20:20:15,0.19,0.68,4.43,42.21,327.67,10.32,53.18,938.1187,-101,4.25,-101.0,4.25
4,2026-09-10 20:30:15,0.38,2.92,15.75,183.50,327.67,9.88,54.18,938.1694,-102,3.25,-102.0,3.25
4,2026-09-10 20:40:15,0.20,1.24,8.80,91.88,327.67,10.04,54.48,938.1276,-102,3.00,-102.0,3.0
3,2026-09-10 20:40:18,0.39,0.54,0.93,14.93,0.00,10.67,52.17,937.7304,0,0.00,-105.0,1.75
4,2026-09-10 20:50:15,0.28,1.43,9.46,54.76,327.67,9.89,55.98,938.2366,-100,5.50,-100.0,5.5
3,2026-09-10 20:50:18,0.42,0.62,1.74,25.33,0.00,10.55,52.95,937.7386,0,0.00,-103.0,3.25
4,2026-09-10 21:00:15,0.26,1.48,10.29,64.94,327.67,9.53,55.85,938.3171,-101,3.50,-101.0,3.5
3,2026-09-10 21:00:18,0.43,1.06,6.43,34.74,0.00,10.34,53.82,937.7872,0,0.00,-103.0,4.0
4,2026-09-10 21:10:15,0.23,0.91,5.78,37.14,327.67,9.76,53.05,938.2726,-101,4.00,-101.0,4.0
3,2026-09-10 21:10:18,0.46,1.21,7.12,59.14,0.00,10.28,52.98,937.8997,0,0.00,-102.0,4.0
4,2026-09-10 21:20:15,0.23,1.24,7.74,114.18,327.67,10.12,50.41,938.2470,-102,3.75,-102.0,3.75
3,2026-09-10 21:20:18,0.42,1.26,7.31,41.20,0.00,9.98,53.46,937.8952,0,0.00,-101.0,4.0
4,2026-09-10 21:30:15,0.23,1.02,4.97,42.18,327.67,9.54,52.90,938.4115,-102,2.75,-102.0,2.75
3,2026-09-10 21:30:18,0.42,0.63,3.05,30.81,0.00,9.99,53.06,937.9442,0,0.00,-101.0,4.5
4,2026-09-10 21:40:18,0.24,1.01,5.60,51.29,327.67,9.04,54.02,938.5289,-103,3.50,-103.0,3.5
3,2026-09-10 21:40:18,0.45,0.93,4.21,28.12,0.00,9.90,54.11,938.0789,0,0.00,-103.0,3.5
4,2026-09-10 21:50:15,0.34,3.61,31.43,327.67,327.67,9.56,52.88,938.4665,-102,3.00,-102.0,3.0
3,2026-09-10 21:50:17,0.44,0.93,4.42,39.24,0.00,9.57,55.15,938.1382,0,0.00,-103.0,3.5
4,2026-09-10 22:00:18,0.23,1.21,6.60,117.69,327.67,9.31,53.74,938.6675,-103,3.75,-103.0,3.75
3,2026-09-10 22:00:18,0.38,0.49,0.95,16.52,0.00,9.94,53.17,938.1303,0,0.00,-103.0,3.75
4,2026-09-10 22:10:17,0.21,1.15,11.67,189.00,327.67,9.23,54.03,938.5857,-102,4.50,-102.0,4.5
3,2026-09-10 22:10:17,0.44,0.57,1.03,13.68,0.00,10.06,53.25,938.1341,0,0.00,-102.0,4.5
4,2026-09-10 22:20:17,0.18,0.54,3.66,82.69,327.67,9.30,53.62,938.6278,-102,3.50,-102.0,3.5
3,2026-09-10 22:20:17,0.44,0.58,1.26,16.32,0.00,9.97,53.58,938.1453,0,0.00,-102.0,3.5
4,2026-09-10 22:30:18,0.19,0.43,2.33,26.04,327.67,9.27,54.20,938.7104,-103,4.25,-103.0,4.25
3,2026-09-10 22:30:18,0.45,0.59,1.02,7.83,0.00,9.90,53.84,938.1939,0,0.00,-103.0,4.25
4,2026-09-10 22:40:17,0.18,0.33,0.86,13.35,327.67,8.90,55.51,938.7127,-102,3.50,-102.0,3.5
3,2026-09-10 22:40:17,0.48,0.59,0.80,8.97,0.00,10.00,52.98,938.2431,0,0.00,-102.0,3.5
4,2026-09-10 23:00:15,0.18,0.44,1.65,18.73,327.67,9.38,53.17,938.7492,-102,3.00,-102.0,3.0
3,2026-09-10 23:00:18,0.52,0.73,1.03,6.85,0.00,9.50,53.21,938.3836,0,0.00,-102.0,4.5
4,2026-09-10 23:10:18,0.21,0.53,2.01,21.84,327.67,9.14,54.17,938.7336,-102,4.00,-102.0,4.0
3,2026-09-10 23:10:18,0.48,0.73,1.58,18.47,0.00,8.15,54.62,938.3918,0,0.00,-102.0,4.0
4,2026-09-10 23:20:18,0.17,0.26,0.60,10.90,327.67,9.04,54.83,938.7767,-102,4.50,-102.0,4.5
3,2026-09-10 23:20:18,0.46,0.69,1.35,14.66,0.00,6.88,58.63,938.4530,0,0.00,-102.0,4.5
4,2026-09-10 23:30:15,0.18,0.27,0.71,14.50,327.67,9.29,54.08,938.8796,-103,1.75,-103.0,1.75
3,2026-09-10 23:30:18,0.42,0.62,1.92,24.10,0.00,6.32,61.83,938.5656,0,0.00,-103.0,4.0
4,2026-09-10 23:40:15,0.18,0.26,0.58,19.96,327.67,9.26,54.89,938.9650,-102,3.25,-102.0,3.25
3,2026-09-10 23:40:18,0.44,0.70,1.72,21.96,0.00,5.94,61.87,938.6992,0,0.00,-102.0,4.0
4,2026-09-10 23:50:15,0.19,0.34,0.61,9.78,327.67,9.18,53.71,939.0106,-102,2.75,-102.0,2.75
3,2026-09-10 23:50:18,0.45,0.72,1.90,20.35,0.00,5.26,66.26,938.7600,0,0.00,-101.0,4.25
4,2026-09-11 00:00:18,0.19,0.32,0.87,20.63,327.67,8.32,56.18,939.1867,-101,5.00,-101.0,5.0
3,2026-09-11 00:00:18,0.42,0.67,1.51,16.63,0.00,5.45,63.82,938.8878,0,0.00,-101.0,5.0
4,2026-09-11 00:10:15,0.20,0.33,0.78,15.15,327.67,7.45,57.56,939.2954,-102,2.75,-102.0,2.75
3,2026-09-11 00:10:18,0.40,0.58,1.30,35.61,0.00,5.70,62.10,938.9499,0,0.00,-101.0,4.75
4,2026-09-11 00:20:18,0.20,0.34,0.62,5.61,327.67,7.62,58.05,939.3977,-102,4.50,-102.0,4.5
3,2026-09-11 00:20:18,0.42,0.61,1.56,24.50,0.00,5.55,63.24,939.0475,0,0.00,-102.0,4.5
4,2026-09-11 00:30:18,0.21,0.33,0.66,16.64,327.67,7.27,56.35,939.4441,-101,4.50,-101.0,4.5
3,2026-09-11 00:30:18,0.39,0.61,1.46,26.24,0.00,5.33,65.13,939.1336,0,0.00,-101.0,4.5
4,2026-09-11 00:40:17,0.21,0.34,1.07,22.54,327.67,7.28,56.95,939.4732,-101,5.50,-101.0,5.5
3,2026-09-11 00:40:17,0.40,0.58,1.02,25.40,0.00,5.23,64.35,939.1568,0,0.00,-101.0,5.5
4,2026-09-11 00:50:15,0.21,0.33,1.00,15.99,327.67,6.67,59.68,939.4712,-102,3.00,-102.0,3.0
3,2026-09-11 00:50:18,0.45,0.62,1.30,23.45,0.00,5.44,64.28,939.1789,0,0.00,-102.0,5.0
4,2026-09-11 01:00:15,0.20,0.31,0.62,9.13,327.67,6.30,59.70,939.5732,-102,3.25,-102.0,3.25
4,2026-09-11 01:10:18,0.20,0.32,0.69,17.24,327.67,6.28,59.54,939.5822,-100,5.25,-100.0,5.25
3,2026-09-11 01:10:18,0.40,0.62,1.29,26.56,0.00,5.65,64.33,939.2775,0,0.00,-100.0,5.25
4,2026-09-11 01:20:15,0.20,0.32,0.72,10.07,327.67,5.63,62.61,939.6056,-101,2.75,-101.0,2.75
3,2026-09-11 01:20:17,0.40,0.55,1.26,19.88,0.00,5.54,64.36,939.2620,0,0.00,-101.0,5.0
4,2026-09-11 01:30:15,0.22,0.34,0.67,10.60,327.67,5.39,63.66,939.5750,-102,3.00,-102.0,3.0
3,2026-09-11 01:30:17,0.42,0.59,1.05,10.62,0.00,5.00,66.87,939.2402,0,0.00,-101.0,5.0
4,2026-09-11 01:50:15,0.21,0.34,0.70,15.18,327.67,5.46,62.88,939.4483,-101,3.75,-101.0,3.75
3,2026-09-11 01:50:18,0.41,0.59,0.96,9.17,0.00,4.69,69.05,939.1441,0,0.00,-100.0,5.5
4,2026-09-11 02:00:15,0.24,0.38,0.88,10.88,327.67,4.78,65.14,939.4909,-102,3.00,-102.0,3.0
3,2026-09-11 02:00:17,0.44,0.67,1.24,10.86,0.00,4.50,69.67,939.1668,0,0.00,-101.0,5.25
4,2026-09-11 02:10:17,0.25,0.40,0.87,12.67,327.67,4.38,68.02,939.5467,-102,4.50,-102.0,4.5
3,2026-09-11 02:10:17,0.44,0.62,1.19,13.22,0.00,4.82,68.63,939.2612,0,0.00,-102.0,4.5
4,2026-09-11 02:20:15,0.22,0.35,0.96,23.82,327.67,4.21,68.07,939.4796,-102,2.75,-102.0,2.75
4,2026-09-11 02:30:15,0.21,0.34,0.96,29.30,327.67,4.52,66.84,939.4270,-101,2.25,-101.0,2.25
4,2026-09-11 02:40:15,0.22,0.36,0.71,11.14,327.67,5.42,64.00,939.3732,-101,3.00,-101.0,3.0
4,2026-09-11 02:50:17,0.24,0.41,0.78,10.93,327.67,5.66,63.29,939.3082,-100,5.75,-100.0,5.75
3,2026-09-11 02:50:17,0.54,0.83,1.85,17.81,0.00,3.57,71.98,939.1111,0,0.00,-100.0,5.75
4,2026-09-11 03:00:15,0.24,0.42,0.67,5.43,327.67,4.28,68.49,939.2397,-101,3.00,-101.0,3.0
3,2026-09-11 03:00:17,0.56,0.87,1.77,24.74,0.00,3.05,72.12,939.0601,0,0.00,-101.0,5.25
4,2026-09-11 03:10:15,0.21,0.36,1.06,21.25,327.67,4.98,66.32,939.2462,-101,3.25,-101.0,3.25
4,2026-09-11 03:20:15,0.23,0.44,0.83,6.49,327.67,5.20,65.56,939.1912,-102,3.75,-102.0,3.75
3,2026-09-11 03:20:17,0.45,0.64,1.10,20.91,0.00,2.63,73.65,938.9947,0,0.00,-101.0,5.0
4,2026-09-11 03:30:15,0.29,0.49,1.54,29.71,327.67,4.80,65.82,939.1999,-101,4.00,-101.0,4.0
4,2026-09-11 03:40:15,0.29,0.47,1.41,28.36,327.67,4.37,67.51,939.2476,-100,4.50,-100.0,4.5
4,2026-09-11 03:50:15,0.28,0.46,0.80,8.89,327.67,3.43,72.44,939.2948,-100,4.50,-100.0,4.5
3,2026-09-11 03:50:17,0.53,0.86,1.87,21.76,0.00,2.65,75.23,939.0565,0,0.00,-101.0,5.5
4,2026-09-11 04:00:15,0.32,0.55,1.05,8.86,327.67,3.88,70.48,939.2761,-102,3.50,-102.0,3.5
3,2026-09-11 04:00:17,0.48,0.73,1.34,17.58,0.00,3.14,71.89,939.0136,0,0.00,-101.0,5.25
4,2026-09-11 04:10:15,0.34,0.51,0.88,12.45,327.67,3.50,70.47,939.2154,-101,3.25,-101.0,3.25
3,2026-09-11 04:10:17,0.49,0.71,1.45,25.39,0.00,2.91,70.18,938.8765,0,0.00,-101.0,5.5
4,2026-09-11 04:20:15,0.21,0.31,0.37,2.56,327.67,4.00,69.80,939.1165,-101,4.00,-101.0,4.0
3,2026-09-11 04:20:17,0.52,0.78,1.18,10.03,0.00,2.38,71.96,938.8168,0,0.00,-101.0,5.25
4,2026-09-11 04:30:15,0.28,0.44,0.85,16.98,327.67,3.86,69.44,939.2201,-101,3.50,-101.0,3.5
3,2026-09-11 04:30:17,0.50,0.77,1.60,35.46,0.00,2.51,74.84,938.9294,0,0.00,-101.0,5.5
4,2026-09-11 04:40:17,0.31,0.48,1.12,29.65,327.67,3.38,71.88,939.2543,-102,4.50,-102.0,4.5
3,2026-09-11 04:40:17,0.55,0.85,1.62,16.61,0.00,2.78,72.85,938.9352,0,0.00,-102.0,4.5
4,2026-09-11 05:00:15,0.32,0.48,1.18,25.23,327.67,3.45,69.51,939.3192,-101,4.00,-101.0,4.0
4,2026-09-11 05:10:15,0.34,0.52,1.28,23.76,327.67,2.92,71.73,939.2671,-100,4.00,-100.0,4.0
3,2026-09-11 05:10:17,0.68,1.11,1.94,22.13,0.00,2.41,71.43,938.9494,0,0.00,-100.0,6.25
4,2026-09-11 05:20:15,0.39,0.60,1.10,7.09,327.67,2.44,72.78,939.1599,-100,4.00,-100.0,4.0
4,2026-09-11 05:30:15,0.39,0.58,1.00,23.84,327.67,2.13,74.49,939.0844,-101,3.75,-101.0,3.75
3,2026-09-11 05:30:17,0.63,1.03,2.22,29.57,0.00,1.64,72.25,938.8018,0,0.00,-101.0,5.25
4,2026-09-11 05:40:15,0.37,0.58,1.11,15.65,327.67,2.00,74.16,938.9958,-102,3.50,-102.0,3.5
4,2026-09-11 05:50:15,0.40,0.61,1.19,23.91,327.67,2.25,73.03,938.9080,-102,3.25,-102.0,3.25
4,2026-09-11 06:00:15,0.44,0.65,1.46,29.23,327.67,2.19,72.70,938.9000,-100,4.25,-100.0,4.25
4,2026-09-11 06:10:15,0.30,0.48,1.23,22.94,327.67,2.35,73.76,938.9223,-100,4.75,-100.0,4.75
4,2026-09-11 06:20:15,0.34,0.48,1.04,24.40,327.67,3.02,71.43,938.8623,-100,4.75,-100.0,4.75
4,2026-09-11 06:30:15,0.31,0.50,0.97,11.87,327.67,3.09,71.43,938.7606,-101,3.75,-101.0,3.75
4,2026-09-11 06:40:15,0.34,0.51,1.19,23.16,327.67,2.89,72.90,938.7414,-101,4.50,-101.0,4.5
4,2026-09-11 06:50:15,0.32,0.51,1.40,15.55,327.67,2.39,74.41,938.8311,-101,4.00,-101.0,4.0
4,2026-09-11 07:00:15,0.27,0.44,0.99,26.49,327.67,2.57,73.84,938.8909,-101,3.00,-101.0,3.0
4,2026-09-11 07:10:15,0.24,0.38,1.12,20.67,327.67,3.09,71.10,938.8079,-101,3.75,-101.0,3.75
4,2026-09-11 07:20:15,0.28,0.43,1.49,30.00,327.67,3.61,69.45,938.8331,-101,3.50,-101.0,3.5
4,2026-09-11 07:30:15,0.33,0.52,1.33,27.01,327.67,3.28,70.15,938.8939,-101,3.75,-101.0,3.75
4,2026-09-11 07:40:15,0.34,0.54,1.05,10.56,327.67,2.87,70.97,939.0314,-101,3.25,-101.0,3.25
4,2026-09-11 07:50:15,0.31,0.46,0.82,7.44,327.67,2.66,71.76,939.0551,-101,3.75,-101.0,3.75
4,2026-09-11 08:00:15,0.28,0.39,1.18,23.83,327.67,2.77,72.70,939.0713,-101,3.50,-101.0,3.5
4,2026-09-11 08:10:15,0.34,0.58,1.20,17.03,327.67,2.87,73.02,939.1203,-101,4.00,-101.0,4.0
4,2026-09-11 08:20:15,0.33,0.55,1.27,16.81,327.67,2.92,72.02,939.0640,-101,3.25,-101.0,3.25
4,2026-09-11 08:30:15,0.36,0.54,1.27,23.70,327.67,3.20,71.27,939.1184,-100,2.75,-100.0,2.75
4,2026-09-11 08:40:15,0.26,0.40,0.86,23.04,327.67,3.48,71.32,939.1258,-100,4.25,-100.0,4.25
4,2026-09-11 08:50:15,0.26,0.42,1.33,25.14,327.67,3.78,69.37,939.1482,-100,3.50,-100.0,3.5
4,2026-09-11 09:00:15,0.23,0.39,1.56,26.35,327.67,3.72,70.40,939.0976,-101,5.00,-101.0,5.0
4,2026-09-11 09:10:15,0.24,0.43,1.42,25.10,327.67,4.30,68.80,939.0598,-102,3.75,-102.0,3.75
4,2026-09-11 09:20:15,0.24,0.37,0.59,5.61,327.67,4.75,67.66,939.0433,-101,4.25,-101.0,4.25
4,2026-09-11 09:30:15,0.24,0.39,1.16,25.71,327.67,5.42,65.46,939.1506,-101,4.00,-101.0,4.0
4,2026-09-11 09:40:15,0.23,0.38,0.88,14.24,327.67,5.46,64.27,939.1892,-100,4.00,-100.0,4.0
4,2026-09-11 09:50:15,0.25,0.41,1.04,25.63,327.67,5.51,64.70,939.1692,-100,4.00,-100.0,4.0
4,2026-09-11 10:00:15,0.25,0.40,0.93,23.99,327.67,5.27,66.08,939.1874,-100,4.25,-100.0,4.25
4,2026-09-11 10:10:15,0.23,0.36,0.85,21.27,327.67,5.27,67.42,939.1579,-100,4.25,-100.0,4.25
4,2026-09-11 10:20:15,0.22,0.34,0.77,18.53,327.67,5.61,65.41,939.0610,-101,3.75,-101.0,3.75
4,2026-09-11 10:30:15,0.22,0.34,0.56,4.90,327.67,5.86,64.82,938.8817,-100,4.25,-100.0,4.25
3,2026-09-11 10:30:17,0.48,0.65,1.02,9.04,0.00,7.83,61.75,938.6869,0,0.00,-101.0,5.0
4,2026-09-11 10:40:15,0.20,0.32,0.95,19.73,327.67,6.90,62.08,938.8258,-100,3.75,-100.0,3.75
3,2026-09-11 10:40:17,0.50,0.68,1.33,17.75,0.00,9.39,56.16,938.5331,0,0.00,-101.0,5.25
4,2026-09-11 10:50:15,0.18,0.28,6.55,327.67,327.67,8.49,57.65,938.6579,-100,4.00,-100.0,4.0
4,2026-09-11 11:00:15,0.16,0.27,0.57,12.78,327.67,9.15,55.14,938.6115,-101,4.00,-101.0,4.0
3,2026-09-11 11:00:17,0.62,0.77,1.37,21.04,0.00,10.36,51.10,938.2032,0,0.00,-102.0,4.75
4,2026-09-11 11:10:15,0.17,0.26,0.57,12.88,327.67,9.29,52.80,938.5224,-100,4.00,-100.0,4.0
4,2026-09-11 11:20:15,0.18,0.30,0.64,8.14,327.67,9.19,53.69,938.5120,-101,3.50,-101.0,3.5
4,2026-09-11 11:30:15,0.17,0.29,0.64,9.31,327.67,9.40,53.68,938.4177,-101,3.25,-101.0,3.25
4,2026-09-11 11:40:15,0.17,0.29,0.68,12.67,327.67,10.90,50.49,938.3255,-101,3.50,-101.0,3.5
4,2026-09-11 11:50:15,0.16,0.25,0.50,17.39,327.67,11.22,48.56,938.3445,-100,3.50,-100.0,3.5
3,2026-09-11 11:50:17,0.66,0.83,1.42,14.56,0.00,11.70,46.80,937.9383,0,0.00,-103.0,3.75
4,2026-09-11 12:00:15,0.15,0.27,0.67,20.81,327.67,12.88,42.02,938.3717,-100,3.25,-100.0,3.25
4,2026-09-11 12:10:15,0.16,0.28,0.91,18.51,327.67,11.96,44.71,938.3481,-101,4.00,-101.0,4.0
3,2026-09-11 12:10:17,0.59,0.70,1.55,39.86,0.00,12.89,42.55,937.9016,0,0.00,-101.0,4.25
4,2026-09-11 12:20:15,0.16,0.24,0.82,21.53,327.67,12.49,42.55,938.2031,-101,3.50,-101.0,3.5
4,2026-09-11 12:30:15,0.16,0.26,0.38,2.63,327.67,13.90,38.45,938.0281,-101,4.00,-101.0,4.0
4,2026-09-11 12:40:15,0.16,0.25,0.91,22.46,327.67,15.15,35.86,937.7579,-101,3.00,-101.0,3.0
3,2026-09-11 12:40:17,0.50,0.61,1.95,18.98,0.00,14.68,40.21,937.4459,0,0.00,-101.0,4.5
4,2026-09-11 12:50:15,0.15,0.26,1.42,24.12,327.67,14.91,37.08,937.5614,-101,4.25,-101.0,4.25
4,2026-09-11 13:00:15,0.16,0.26,0.53,9.15,327.67,14.29,40.00,937.4455,-101,4.25,-101.0,4.25
4,2026-09-11 13:10:15,0.16,0.24,0.91,24.04,327.67,13.83,41.22,937.4645,-101,3.50,-101.0,3.5
3,2026-09-11 13:10:17,0.65,0.76,1.69,25.93,0.00,15.75,38.07,937.0733,0,0.00,-102.0,4.0
4,2026-09-11 13:20:15,0.16,0.26,0.76,15.72,327.67,14.84,39.56,937.3377,-101,4.00,-101.0,4.0
3,2026-09-11 13:20:17,0.50,0.60,0.92,15.69,0.00,16.34,35.67,936.9480,0,0.00,-101.0,4.25
4,2026-09-11 13:30:15,0.16,0.26,0.85,21.99,327.67,15.43,38.15,937.2049,-100,5.00,-100.0,5.0
3,2026-09-11 13:30:17,0.60,0.69,1.11,16.42,0.00,17.02,35.31,936.8075,0,0.00,-102.0,4.25
4,2026-09-11 13:40:15,0.15,0.24,0.88,30.94,327.67,15.68,35.58,937.0523,-101,4.00,-101.0,4.0
4,2026-09-11 13:50:15,0.14,0.22,1.17,24.53,327.67,16.60,32.43,936.8142,-101,4.50,-101.0,4.5
3,2026-09-11 13:50:17,0.65,0.73,1.69,23.35,0.00,17.45,33.22,936.4178,0,0.00,-103.0,4.25
4,2026-09-11 14:00:15,0.15,0.24,0.85,21.21,327.67,16.92,32.43,936.7017,-101,3.50,-101.0,3.5
4,2026-09-11 14:10:15,0.15,0.25,0.93,14.74,327.67,17.62,31.08,936.4976,-101,2.75,-101.0,2.75
4,2026-09-11 14:20:15,0.14,0.22,0.95,33.66,327.67,18.24,29.26,936.2293,-101,3.25,-101.0,3.25
3,2026-09-11 14:20:17,0.61,0.74,1.61,18.24,0.00,18.01,35.16,935.8220,0,0.00,-102.0,4.5
4,2026-09-11 14:30:15,0.14,0.22,0.79,21.33,327.67,18.49,30.26,936.0756,-101,4.00,-101.0,4.0
3,2026-09-11 14:30:17,0.67,0.74,1.10,19.37,0.00,17.84,35.17,935.6747,0,0.00,-101.0,4.25
4,2026-09-11 14:50:15,0.14,0.22,1.13,23.39,327.67,19.12,28.69,935.7406,-101,4.00,-101.0,4.0
3,2026-09-11 14:50:17,0.66,0.80,2.25,22.25,0.00,19.14,31.64,935.3585,0,0.00,-102.0,4.0
4,2026-09-11 15:00:15,0.13,0.20,0.31,4.62,327.67,19.01,27.82,935.6334,-101,4.00,-101.0,4.0
3,2026-09-11 15:00:17,0.59,0.72,1.25,10.77,0.00,19.68,32.11,935.2532,0,0.00,-103.0,3.5
4,2026-09-11 15:10:15,0.15,0.31,1.46,48.26,327.67,20.77,25.90,935.4050,-102,4.00,-102.0,4.0
4,2026-09-11 15:20:15,0.13,0.33,1.62,25.41,327.67,20.78,26.33,935.1856,-101,3.50,-101.0,3.5
4,2026-09-11 15:30:15,0.13,0.21,0.58,19.55,327.67,20.93,26.30,934.9845,-102,3.75,-102.0,3.75
4,2026-09-11 15:50:17,0.19,0.86,4.67,75.55,327.67,20.84,25.26,934.6115,-102,4.25,-102.0,4.25
3,2026-09-11 15:50:17,0.66,0.78,1.41,18.44,0.00,20.23,30.04,934.2097,0,0.00,-102.0,4.25
4,2026-09-11 16:00:15,0.26,1.52,8.17,327.67,327.67,21.16,24.84,934.3288,-101,3.75,-101.0,3.75
3,2026-09-11 16:00:17,0.72,0.86,1.53,23.84,0.00,20.13,30.22,933.9699,0,0.00,-103.0,3.0
4,2026-09-11 16:10:15,0.28,1.85,9.81,212.08,327.67,21.77,24.24,934.2882,-101,3.50,-101.0,3.5
3,2026-09-11 16:10:17,0.71,0.86,2.37,27.05,0.00,21.08,28.81,933.9462,0,0.00,-102.0,4.25
4,2026-09-11 16:30:15,0.18,0.43,1.37,43.92,327.67,21.90,24.72,934.1795,-102,3.75,-102.0,3.75
3,2026-09-11 16:30:17,0.77,0.90,1.70,23.94,0.00,22.01,28.38,933.8811,0,0.00,-101.0,4.5
4,2026-09-11 16:50:15,0.16,0.23,0.81,18.18,327.67,22.23,24.75,934.1230,-102,3.00,-102.0,3.0
4,2026-09-11 17:00:15,0.17,0.23,0.38,8.96,327.67,23.03,23.05,934.0264,-103,2.00,-103.0,2.0
4,2026-09-11 17:30:15,0.16,0.29,1.09,23.27,327.67,22.66,24.29,933.6066,-101,4.75,-101.0,4.75
4,2026-09-11 17:40:15,0.19,0.34,1.25,24.94,327.67,22.21,24.40,933.5188,-101,4.00,-101.0,4.0
4,2026-09-11 17:50:15,0.19,0.32,1.04,20.65,327.67,22.64,24.41,933.3897,-102,3.25,-102.0,3.25
4,2026-09-11 18:00:15,0.18,0.29,1.07,25.60,327.67,22.50,25.16,933.2292,-102,4.00,-102.0,4.0
4,2026-09-11 18:10:15,0.18,0.25,0.55,16.20,327.67,22.04,26.15,933.0226,-101,3.75,-101.0,3.75
4,2026-09-11 18:20:15,0.20,0.28,0.45,8.29,327.67,22.18,25.93,932.8563,-101,4.00,-101.0,4.0
4,2026-09-11 18:30:17,0.23,0.43,1.03,20.70,327.67,21.44,26.68,932.7220,-102,4.25,-102.0,4.25
3,2026-09-11 18:30:17,0.91,1.10,1.99,24.51,0.00,21.97,28.20,932.3941,0,0.00,-102.0,4.25
4,2026-09-11 18:40:15,0.24,0.36,0.74,13.79,327.67,21.39,26.97,932.5922,-102,3.75,-102.0,3.75
4,2026-09-11 18:50:15,0.26,0.43,1.95,27.13,327.67,20.99,27.53,932.3847,-101,3.50,-101.0,3.5
3,2026-09-11 18:50:17,1.07,1.28,2.27,25.54,0.00,22.98,26.89,932.0455,0,0.00,-101.0,4.5
4,2026-09-11 19:00:15,0.26,0.37,1.07,25.25,327.67,21.16,27.72,932.3002,-101,3.75,-101.0,3.75
4,2026-09-11 19:10:15,0.26,0.37,0.98,22.81,327.67,20.92,27.82,932.2075,-100,5.00,-100.0,5.0
4,2026-09-11 19:20:15,0.29,0.44,1.18,23.36,327.67,20.77,28.48,932.1092,-101,3.75,-101.0,3.75
3,2026-09-11 19:20:17,0.98,1.18,2.38,19.23,0.00,23.15,26.66,931.6957,0,0.00,-101.0,4.25
4,2026-09-11 19:30:15,0.31,0.40,1.03,21.83,327.67,20.72,29.09,932.0262,-102,4.00,-102.0,4.0
3,2026-09-11 19:30:17,0.90,1.04,1.80,25.04,0.00,21.04,29.11,931.5791,0,0.00,-101.0,4.75
4,2026-09-11 19:40:15,0.30,0.42,0.86,32.48,327.67,20.61,29.52,931.9365,-101,3.25,-101.0,3.25
3,2026-09-11 19:40:17,0.83,1.05,1.93,41.04,0.00,17.77,34.87,931.4885,0,0.00,-101.0,4.75
4,2026-09-11 19:50:15,0.34,0.47,1.12,20.15,327.67,19.82,30.70,931.7998,-101,3.25,-101.0,3.25
4,2026-09-11 20:00:15,0.35,0.45,0.77,9.90,327.67,18.77,32.77,931.7868,-102,2.75,-102.0,2.75
3,2026-09-11 20:00:17,0.84,1.05,1.49,10.15,0.00,16.31,38.34,931.2966,0,0.00,-101.0,4.5
4,2026-09-11 20:10:17,0.38,0.51,0.83,14.72,327.67,17.30,34.84,931.7846,-101,5.25,-101.0,5.25
3,2026-09-11 20:10:17,0.76,0.95,2.09,25.72,0.00,15.10,45.22,931.3662,0,0.00,-101.0,5.25
4,2026-09-11 20:20:15,0.33,0.45,1.58,25.50,327.67,15.17,42.19,931.8486,-101,3.50,-101.0,3.5
4,2026-09-11 20:30:15,0.35,0.48,1.11,15.80,327.67,13.89,45.85,931.8320,-102,2.25,-102.0,2.25
4,2026-09-11 20:40:17,0.37,0.51,2.11,27.12,327.67,13.51,46.04,931.7745,-101,5.00,-101.0,5.0
3,2026-09-11 20:40:17,0.78,1.02,2.18,23.31,0.00,13.41,48.82,931.3607,0,0.00,-101.0,5.0
4,2026-09-11 20:50:15,0.35,0.49,1.55,26.48,327.67,13.32,46.36,931.7518,-101,3.50,-101.0,3.5
3,2026-09-11 20:50:17,0.79,1.02,1.91,26.54,0.00,12.90,49.85,931.3992,0,0.00,-102.0,5.0
4,2026-09-11 21:00:17,0.39,0.55,1.26,21.62,327.67,12.65,49.17,931.7367,-101,4.75,-101.0,4.75
3,2026-09-11 21:00:17,0.74,0.98,2.76,27.39,0.00,12.00,54.86,931.3935,0,0.00,-101.0,4.75
4,2026-09-11 21:10:15,0.42,0.65,1.22,26.75,327.67,12.53,51.12,931.7014,-101,2.75,-101.0,2.75
3,2026-09-11 21:10:17,0.70,0.91,1.65,22.74,0.00,11.65,54.68,931.3607,0,0.00,-101.0,5.5
4,2026-09-11 21:20:15,0.37,0.52,1.39,24.35,327.67,12.00,51.62,931.6858,-101,4.00,-101.0,4.0
4,2026-09-11 21:30:15,0.36,0.54,0.87,9.91,327.67,11.57,53.56,931.6545,-101,3.75,-101.0,3.75
3,2026-09-11 21:30:17,0.73,0.97,1.84,20.74,0.00,11.00,54.71,931.2986,0,0.00,-101.0,4.75
4,2026-09-11 21:40:15,0.43,0.63,1.32,18.07,327.67,11.08,56.61,931.5522,-100,4.00,-100.0,4.0
3,2026-09-11 21:40:17,0.74,0.98,2.60,28.61,0.00,10.20,56.15,931.2208,0,0.00,-100.0,5.75
4,2026-09-11 22:00:17,0.45,0.72,1.82,25.44,327.67,11.36,54.65,931.3847,-100,5.75,-100.0,5.75
3,2026-09-11 22:00:17,0.75,1.09,1.97,19.64,0.00,9.04,60.30,931.0824,0,0.00,-100.0,5.75
4,2026-09-11 22:10:15,0.44,0.66,1.65,28.44,327.67,10.40,57.65,931.2220,-100,4.25,-100.0,4.25
4,2026-09-11 22:20:15,0.43,0.61,1.06,19.68,327.67,9.95,57.52,931.0383,-102,2.00,-102.0,2.0
4,2026-09-11 22:30:15,0.42,0.60,1.50,24.36,327.67,10.69,54.43,930.8975,-102,3.00,-102.0,3.0
4,2026-09-11 22:40:17,0.46,0.65,1.21,13.45,327.67,11.17,52.11,930.8152,-101,5.00,-101.0,5.0
3,2026-09-11 22:40:17,0.73,1.00,1.63,21.61,0.00,8.10,65.95,930.5746,0,0.00,-101.0,5.0
4,2026-09-11 22:50:15,0.45,0.63,1.18,13.82,327.67,11.23,52.05,930.7626,-102,3.00,-102.0,3.0
4,2026-09-11 23:00:17,0.47,0.66,1.76,83.58,327.67,10.89,52.58,930.7238,-101,5.00,-101.0,5.0
3,2026-09-11 23:00:17,0.77,1.02,1.64,18.60,0.00,9.08,62.62,930.4647,0,0.00,-101.0,5.0
4,2026-09-11 23:10:17,0.48,0.69,1.59,19.46,327.67,10.82,52.65,930.6625,-101,4.75,-101.0,4.75
3,2026-09-11 23:10:17,0.80,1.08,2.09,18.12,0.00,9.20,62.02,930.3881,0,0.00,-101.0,4.75
4,2026-09-11 23:40:15,0.53,0.69,0.85,5.09,327.67,10.63,52.33,930.5126,-101,4.25,-101.0,4.25
3,2026-09-11 23:40:17,0.86,1.13,1.90,24.09,0.00,10.26,55.87,930.2664,0,0.00,-101.0,5.25
4,2026-09-11 23:50:15,0.53,0.70,1.35,19.68,327.67,10.24,54.34,930.5140,-101,3.50,-101.0,3.5
4,2026-09-12 00:00:15,0.58,0.79,1.38,14.90,327.67,9.74,55.80,930.5524,-101,3.50,-101.0,3.5
4,2026-09-12 00:10:15,0.58,0.76,1.35,19.25,327.67,9.56,56.33,930.4228,-101,4.00,-101.0,4.0
4,2026-09-12 00:20:15,0.56,0.72,1.12,13.10,327.67,9.62,55.47,930.3034,-101,4.50,-101.0,4.5
4,2026-09-12 00:30:15,0.59,0.75,1.05,8.88,327.67,9.45,56.83,930.3844,-102,3.75,-102.0,3.75
4,2026-09-12 00:40:15,0.63,0.86,1.90,23.48,327.67,9.24,57.35,930.4138,-101,3.00,-101.0,3.0
3,2026-09-12 00:40:17,0.98,1.34,2.70,30.08,0.00,8.02,64.12,930.1936,0,0.00,-101.0,5.0
4,2026-09-12 00:50:15,0.58,0.79,1.50,24.37,327.67,9.14,56.83,930.3622,-101,4.00,-101.0,4.0
3,2026-09-12 00:50:17,0.88,1.16,2.30,20.77,0.00,8.11,63.62,930.1778,0,0.00,-101.0,5.5
4,2026-09-12 01:00:15,0.57,0.78,1.59,14.64,327.67,9.46,56.16,930.3074,-101,4.00,-101.0,4.0
4,2026-09-12 01:10:17,0.59,0.83,1.33,10.04,327.67,9.50,56.03,930.1811,-100,5.25,-100.0,5.25
3,2026-09-12 01:10:17,0.87,1.14,2.07,19.72,0.00,8.12,63.41,929.9536,0,0.00,-100.0,5.25
4,2026-09-12 01:20:15,0.60,0.75,1.22,24.21,327.67,9.23,57.06,930.1646,-101,3.25,-101.0,3.25
3,2026-09-12 01:20:17,0.91,1.21,2.45,25.41,0.00,7.89,63.90,929.8959,0,0.00,-100.0,6.25
4,2026-09-12 01:40:17,0.59,0.78,1.53,24.19,327.67,8.79,57.75,930.0507,-101,5.25,-101.0,5.25
3,2026-09-12 01:40:17,0.88,1.14,1.76,14.28,0.00,7.69,64.87,929.8310,0,0.00,-101.0,5.25
4,2026-09-12 01:50:15,0.61,0.81,1.52,15.00,327.67,8.92,57.23,929.8794,-101,3.25,-101.0,3.25
4,2026-09-12 02:10:15,0.56,0.80,2.32,25.20,327.67,9.13,56.35,929.6443,-101,3.50,-101.0,3.5
4,2026-09-12 02:20:15,0.56,0.77,2.34,38.59,327.67,8.98,56.65,929.6178,-102,3.00,-102.0,3.0
3,2026-09-12 02:20:17,1.00,1.38,2.46,22.74,0.00,8.03,63.09,929.2949,0,0.00,-101.0,4.75
4,2026-09-12 02:30:15,0.50,0.67,1.64,20.85,327.67,9.45,53.67,929.4655,-101,4.25,-101.0,4.25
3,2026-09-12 02:30:17,0.96,1.33,2.41,28.99,0.00,8.75,59.91,929.1423,0,0.00,-102.0,4.25
4,2026-09-12 03:00:15,0.53,0.74,1.47,14.61,327.67,8.93,55.05,929.4336,-102,1.50,-102.0,1.5
3,2026-09-12 03:00:17,0.79,1.07,1.67,17.64,0.00,10.06,54.10,929.1861,0,0.00,-101.0,5.5
4,2026-09-12 03:10:17,0.51,0.69,1.53,22.44,327.67,8.67,56.02,929.3272,-102,4.25,-102.0,4.25
3,2026-09-12 03:10:17,0.80,1.07,1.75,14.03,0.00,9.53,57.81,929.1039,0,0.00,-102.0,4.25
4,2026-09-12 03:20:15,0.50,0.66,1.28,15.20,327.67,8.79,55.70,929.1450,-102,3.50,-102.0,3.5
4,2026-09-12 03:40:15,0.54,0.70,1.16,20.42,327.67,8.41,56.84,929.0075,-102,3.25,-102.0,3.25
4,2026-09-12 03:50:15,0.53,0.67,1.51,21.95,327.67,8.29,57.22,929.0420,-101,4.50,-101.0,4.5
4,2026-09-12 04:00:15,0.59,0.78,1.95,26.70,327.67,8.46,55.82,928.9363,-101,3.75,-101.0,3.75
3,2026-09-12 04:00:17,0.85,1.08,1.76,13.87,0.00,8.86,57.53,928.6130,0,0.00,-102.0,4.5
4,2026-09-12 04:10:15,0.57,0.75,1.50,21.60,327.67,8.69,54.00,928.8412,-102,3.00,-102.0,3.0
4,2026-09-12 04:20:17,0.56,0.77,1.16,9.42,327.67,8.41,55.67,928.6550,-101,4.25,-101.0,4.25
3,2026-09-12 04:20:17,0.89,1.21,2.22,22.93,0.00,8.30,58.86,928.3686,0,0.00,-101.0,4.25
4,2026-09-12 04:30:15,0.54,0.71,1.70,22.46,327.67,7.99,56.71,928.5107,-101,3.50,-101.0,3.5
3,2026-09-12 04:30:17,0.79,1.07,2.13,21.22,0.00,8.64,58.94,928.3258,0,0.00,-101.0,4.5
4,2026-09-12 04:40:15,0.54,0.73,1.19,14.00,327.67,7.62,58.37,928.5014,-102,1.50,-102.0,1.5
4,2026-09-12 04:50:15,0.59,0.76,1.35,21.46,327.67,8.57,55.50,928.3777,-101,4.50,-101.0,4.5
4,2026-09-12 05:00:15,0.60,0.79,1.17,10.70,327.67,7.56,58.27,928.3642,-101,3.50,-101.0,3.5
4,2026-09-12 05:20:17,0.64,0.85,2.30,30.42,327.67,7.57,57.91,928.1062,-101,4.50,-101.0,4.5
3,2026-09-12 05:20:17,0.94,1.23,2.07,17.20,0.00,8.38,58.52,927.8046,0,0.00,-101.0,4.5
4,2026-09-12 05:30:15,0.65,0.82,1.44,24.15,327.67,7.66,57.28,927.9839,-100,3.50,-100.0,3.5
3,2026-09-12 05:30:17,0.96,1.28,2.18,19.19,0.00,8.09,59.82,927.7144,0,0.00,-100.0,5.5
4,2026-09-12 05:40:15,0.66,0.83,1.74,26.72,327.67,7.41,58.65,927.7794,-102,2.25,-102.0,2.25
3,2026-09-12 05:40:17,0.88,1.14,1.83,19.76,0.00,8.06,59.47,927.5933,0,0.00,-101.0,5.0
4,2026-09-12 05:50:15,0.62,0.81,1.61,13.46,327.67,6.95,60.26,927.6446,-102,0.50,-102.0,0.5
4,2026-09-12 06:00:15,0.61,0.79,1.29,22.54,327.67,6.65,60.50,927.5567,-101,3.50,-101.0,3.5
4,2026-09-12 06:10:15,0.62,0.87,1.57,23.72,327.67,6.61,60.80,927.5131,-102,2.75,-102.0,2.75
4,2026-09-12 06:30:15,0.57,0.75,1.05,9.58,327.67,7.21,59.33,927.3646,-102,2.25,-102.0,2.25
3,2026-09-12 06:30:17,0.86,1.11,1.84,21.46,0.00,8.05,57.50,927.1435,0,0.00,-101.0,5.25
4,2026-09-12 06:50:15,0.53,0.72,1.58,22.70,327.67,7.62,56.54,927.3642,-101,3.25,-101.0,3.25
4,2026-09-12 07:00:15,0.54,0.78,2.37,25.26,327.67,7.81,56.10,927.1384,-101,2.50,-101.0,2.5
4,2026-09-12 07:10:15,0.52,0.82,3.63,28.19,327.67,8.25,53.00,926.9729,-100,3.00,-100.0,3.0
4,2026-09-12 07:20:15,0.55,0.83,3.58,33.72,327.67,8.27,52.90,926.9147,-101,3.50,-101.0,3.5
3,2026-09-12 07:20:17,0.76,1.01,2.47,29.43,0.00,9.93,49.24,926.4452,0,0.00,-101.0,5.0
4,2026-09-12 07:30:15,0.53,0.78,2.15,27.78,327.67,8.11,53.55,926.7942,-102,2.75,-102.0,2.75
4,2026-09-12 07:50:15,0.53,0.77,2.36,34.34,327.67,7.68,54.20,926.6832,-101,2.75,-101.0,2.75
3,2026-09-12 07:50:17,0.79,1.06,2.25,22.33,0.00,9.07,51.47,926.3596,0,0.00,-101.0,4.5
4,2026-09-12 08:00:15,0.55,0.81,2.33,38.51,327.67,7.65,54.40,926.5994,-102,3.00,-102.0,3.0
4,2026-09-12 08:20:15,0.57,0.80,1.84,27.27,327.67,7.42,55.80,926.7554,-102,2.25,-102.0,2.25
4,2026-09-12 08:40:15,0.54,0.81,2.47,24.43,327.67,7.93,55.05,926.7024,-101,3.25,-101.0,3.25
3,2026-09-12 08:40:17,0.83,1.10,2.96,53.49,0.00,9.77,49.64,926.3412,0,0.00,-100.0,5.5
4,2026-09-12 08:50:15,0.52,0.70,1.90,26.27,327.67,8.53,52.72,926.6798,-101,3.00,-101.0,3.0
4,2026-09-12 09:00:15,0.53,0.74,1.92,25.53,327.67,8.13,53.98,926.5543,-102,2.75,-102.0,2.75
4,2026-09-12 09:10:15,0.49,0.69,1.23,19.43,327.67,8.37,54.07,926.4035,-102,2.75,-102.0,2.75
4,2026-09-12 09:20:15,0.52,0.73,1.69,21.01,327.67,8.97,53.93,926.4872,-101,3.50,-101.0,3.5
4,2026-09-12 09:30:15,0.49,0.70,1.87,24.46,327.67,9.49,50.96,926.4388,-101,4.00,-101.0,4.0
4,2026-09-12 09:40:15,0.50,0.74,1.93,22.53,327.67,9.85,49.67,926.4938,-102,3.25,-102.0,3.25
4,2026-09-12 09:50:15,0.47,0.69,2.08,32.91,327.67,10.38,49.58,926.4403,-102,3.00,-102.0,3.0
3,2026-09-12 09:50:17,0.95,1.20,2.78,27.48,0.00,12.14,44.36,926.0594,0,0.00,-102.0,4.25
4,2026-09-12 10:00:15,0.47,0.68,1.80,19.19,327.67,11.50,45.81,926.4582,-101,3.25,-101.0,3.25
4,2026-09-12 10:10:15,0.48,0.68,1.45,23.63,327.67,12.28,45.04,926.4170,-102,3.25,-102.0,3.25
4,2026-09-12 10:20:15,0.50,0.74,2.64,28.54,327.67,11.60,45.30,926.1719,-102,2.25,-102.0,2.25
3,2026-09-12 10:20:17,0.91,1.17,2.57,32.78,0.00,12.31,43.86,925.7266,0,0.00,-101.0,4.75
4,2026-09-12 10:30:15,0.51,0.71,2.14,29.73,327.67,10.66,47.95,926.0664,-101,3.00,-101.0,3.0
4,2026-09-12 10:40:15,0.48,0.70,1.20,10.35,327.67,10.92,48.17,926.2475,-101,3.75,-101.0,3.75
4,2026-09-12 10:50:15,0.48,0.69,2.33,27.09,327.67,13.07,42.11,926.3426,-101,3.75,-101.0,3.75
4,2026-09-12 11:00:15,0.45,0.71,2.23,24.28,327.67,14.36,39.10,926.3727,-102,3.25,-102.0,3.25
4,2026-09-12 11:20:15,0.46,0.67,2.14,27.03,327.67,14.44,38.24,926.6028,-101,4.00,-101.0,4.0
4,2026-09-12 11:30:15,0.51,0.72,2.18,27.90,327.67,15.21,37.09,926.5576,-101,3.50,-101.0,3.5
3,2026-09-12 11:30:17,0.92,1.19,2.92,25.15,0.00,14.21,42.54,926.1711,0,0.00,-101.0,4.5
4,2026-09-12 12:10:15,0.52,0.72,2.09,29.82,327.67,14.39,40.81,926.9748,-101,4.25,-101.0,4.25
4,2026-09-12 12:20:15,0.49,0.72,2.16,22.08,327.67,16.63,34.44,926.8608,-101,3.50,-101.0,3.5
4,2026-09-12 12:30:15,0.47,0.69,3.09,46.04,327.67,18.59,30.58,926.5296,-101,4.50,-101.0,4.5
4,2026-09-12 12:40:15,0.47,0.68,2.13,34.36,327.67,19.67,28.82,926.6024,-101,4.25,-101.0,4.25
4,2026-09-12 13:00:17,0.48,0.69,1.62,21.49,327.67,17.63,33.18,927.0022,-101,4.50,-101.0,4.5
3,2026-09-12 13:00:17,0.96,1.24,2.66,25.71,4.12,18.04,35.95,926.5487,0,0.00,-101.0,4.5
4,2026-09-12 13:40:17,0.52,0.74,1.83,21.46,327.67,17.70,32.67,927.1602,-103,4.00,-103.0,4.0
3,2026-09-12 13:40:17,1.03,1.29,3.13,27.82,0.71,19.26,34.95,926.7869,0,0.00,-103.0,4.0
4,2026-09-12 13:50:17,0.56,0.81,2.74,30.22,327.67,18.84,31.55,927.2389,-104,2.25,-104.0,2.25
3,2026-09-12 13:50:17,1.15,1.47,3.85,42.04,2.37,19.71,32.78,926.7978,0,0.00,-104.0,2.25
4,2026-09-12 14:00:17,0.59,0.97,3.87,51.30,327.67,19.60,28.64,927.1894,-102,4.25,-102.0,4.25
3,2026-09-12 14:00:17,0.89,1.11,2.65,22.71,5.23,19.98,33.83,926.7548,0,0.00,-102.0,4.25
4,2026-09-12 14:10:17,0.55,0.82,2.33,32.59,327.67,19.11,29.76,927.1104,-103,3.50,-103.0,3.5
3,2026-09-12 14:10:17,1.13,1.43,3.21,22.06,4.47,19.63,33.07,926.6302,0,0.00,-103.0,3.5
4,2026-09-12 14:30:17,0.65,0.93,2.12,26.78,327.67,17.02,36.11,927.0989,-102,4.50,-102.0,4.5
3,2026-09-12 14:30:17,1.10,1.40,3.91,26.65,0.31,19.42,32.83,926.6666,0,0.00,-102.0,4.5
4,2026-09-12 15:20:17,0.76,1.14,4.02,33.25,327.67,18.99,34.12,927.0633,-102,3.75,-102.0,3.75
3,2026-09-12 15:20:17,1.24,1.56,2.92,20.18,4.57,20.12,34.01,926.6485,0,0.00,-102.0,3.75
4,2026-09-12 15:30:15,0.79,1.10,2.94,26.38,327.67,19.73,32.95,927.0347,-102,1.75,-102.0,1.75
4,2026-09-12 15:50:17,0.86,1.52,7.23,97.88,327.67,21.01,31.64,927.0266,-100,4.25,-100.0,4.25
3,2026-09-12 15:50:17,1.49,1.90,3.86,40.26,0.03,23.60,29.14,926.6324,0,0.00,-100.0,4.25
4,2026-09-12 16:00:15,0.82,1.64,7.66,180.10,327.67,20.56,32.60,926.8847,-103,2.00,-103.0,2.0
3,2026-09-12 16:00:17,1.57,2.07,4.70,27.21,0.18,23.15,30.49,926.5154,0,0.00,-101.0,4.5
4,2026-09-12 16:10:15,0.78,1.18,3.99,30.99,327.67,21.88,30.31,926.8760,-100,4.25,-100.0,4.25
3,2026-09-12 16:10:17,1.57,2.44,7.04,42.68,0.00,23.52,31.63,926.5263,0,0.00,-101.0,4.25
4,2026-09-12 16:20:17,0.79,1.16,3.85,26.01,327.67,24.23,26.88,926.8630,-102,4.75,-102.0,4.75
3,2026-09-12 16:20:17,1.61,2.70,9.96,47.00,0.00,23.41,31.56,926.4137,0,0.00,-102.0,4.75
4,2026-09-12 16:30:17,0.74,1.06,2.98,27.33,327.67,23.62,26.89,926.7469,-101,4.50,-101.0,4.5
3,2026-09-12 16:30:17,1.59,2.47,7.28,41.90,0.00,22.71,31.23,926.2498,0,0.00,-101.0,4.5
4,2026-09-12 16:40:17,0.75,1.02,2.42,25.25,327.67,23.34,26.93,926.6468,-102,4.75,-102.0,4.75
3,2026-09-12 16:40:17,1.43,2.00,6.01,30.46,0.00,21.32,34.21,926.1947,0,0.00,-102.0,4.75
4,2026-09-12 16:50:17,0.80,1.17,2.83,25.95,327.67,21.88,28.74,926.6133,-102,4.25,-102.0,4.25
3,2026-09-12 16:50:17,1.48,2.07,5.39,30.04,0.00,20.64,35.47,926.1592,0,0.00,-102.0,4.25
4,2026-09-12 17:00:17,0.85,1.20,4.09,41.88,327.67,21.56,29.92,926.5169,-101,5.00,-101.0,5.0
3,2026-09-12 17:00:17,1.47,2.39,8.63,65.83,0.00,20.76,34.50,926.0869,0,0.00,-101.0,5.0
4,2026-09-12 17:20:17,1.18,2.36,8.30,138.28,327.67,19.82,35.14,926.4867,-102,4.50,-102.0,4.5
3,2026-09-12 17:20:17,2.25,7.97,47.06,140.15,0.00,18.40,44.65,926.1452,0,0.00,-102.0,4.5
4,2026-09-12 17:30:15,1.14,1.73,3.34,33.41,327.67,18.85,37.07,926.5076,-103,1.50,-103.0,1.5
3,2026-09-12 17:30:17,2.68,13.50,80.48,209.29,0.00,18.23,44.89,926.1545,0,0.00,-100.0,5.5
4,2026-09-12 17:40:17,1.52,2.59,7.00,148.95,327.67,17.84,40.81,926.5235,-101,4.50,-101.0,4.5
3,2026-09-12 17:40:17,2.22,9.08,49.87,233.48,0.00,17.42,45.94,926.1868,0,0.00,-101.0,4.5
4,2026-09-12 17:50:15,1.20,1.58,2.65,58.00,327.67,17.46,42.25,926.5287,-101,3.75,-101.0,3.75
3,2026-09-12 17:50:17,1.82,5.56,25.91,112.58,0.00,16.76,47.14,926.1955,0,0.00,-102.0,4.25
4,2026-09-12 18:00:17,1.36,1.81,2.64,14.39,327.67,17.56,42.51,926.4450,-105,2.25,-105.0,2.25
3,2026-09-12 18:00:17,1.66,2.80,7.99,35.55,0.00,16.69,47.17,926.0930,0,0.00,-105.0,2.25
4,2026-09-12 18:10:15,1.36,4.28,21.70,101.05,327.67,16.69,47.06,926.4170,-101,3.25,-101.0,3.25
3,2026-09-12 18:10:17,1.63,2.44,5.24,32.72,0.00,16.94,47.30,926.0150,0,0.00,-103.0,4.0
4,2026-09-12 18:20:17,1.20,2.91,17.42,220.54,327.67,15.40,49.54,926.4757,-102,3.75,-102.0,3.75
3,2026-09-12 18:20:17,1.64,2.24,4.84,43.68,0.00,16.81,48.22,926.0164,0,0.00,-102.0,3.75
4,2026-09-12 18:40:17,1.32,6.35,42.19,327.67,327.67,15.21,50.81,926.3093,-103,4.00,-103.0,4.0
3,2026-09-12 18:40:17,1.68,2.19,3.60,18.38,0.00,16.57,49.84,925.9474,0,0.00,-103.0,4.0
4,2026-09-12 19:00:17,1.46,8.73,56.81,327.67,327.67,14.93,51.70,926.2213,-104,3.75,-104.0,3.75
3,2026-09-12 19:00:17,1.69,2.27,4.03,22.18,0.00,16.10,50.65,925.9139,0,0.00,-104.0,3.75
4,2026-09-12 19:10:17,1.44,6.67,39.61,327.67,327.67,15.19,50.58,926.2616,-104,2.50,-104.0,2.5
3,2026-09-12 19:10:17,1.68,2.14,3.37,18.17,0.00,16.20,50.53,925.8833,0,0.00,-104.0,2.5
4,2026-09-12 19:20:17,1.39,5.49,33.14,327.67,327.67,15.56,48.72,926.2638,-106,2.00,-106.0,2.0
3,2026-09-12 19:20:17,1.59,2.03,3.38,23.45,0.00,16.09,50.27,925.8738,0,0.00,-106.0,2.0
4,2026-09-12 19:30:15,1.28,3.67,18.27,177.14,327.67,15.42,49.57,926.2553,-102,2.50,-102.0,2.5
3,2026-09-12 19:30:17,1.57,2.09,4.57,114.82,0.00,15.72,51.30,925.8245,0,0.00,-104.0,3.0
4,2026-09-12 19:40:17,1.31,3.33,15.83,246.32,327.67,15.16,50.52,926.2754,-103,4.00,-103.0,4.0
3,2026-09-12 19:40:17,1.67,2.13,2.85,10.13,0.00,15.49,51.88,925.8383,0,0.00,-103.0,4.0
4,2026-09-12 19:50:17,1.16,2.18,7.08,129.24,327.67,14.90,51.00,926.3016,-104,3.25,-104.0,3.25
3,2026-09-12 19:50:17,1.56,1.98,2.50,16.19,0.00,15.14,53.28,925.8987,0,0.00,-104.0,3.25
4,2026-09-12 20:20:17,1.24,1.74,3.87,50.85,327.67,14.61,51.81,926.3524,-103,3.25,-103.0,3.25
3,2026-09-12 20:20:17,1.69,2.13,2.74,23.16,0.00,14.72,55.43,925.9797,0,0.00,-103.0,3.25
4,2026-09-12 20:30:15,1.28,1.73,3.52,53.02,327.67,14.70,51.66,926.3625,-102,3.25,-102.0,3.25
3,2026-09-12 20:30:17,1.82,2.37,3.66,22.77,0.00,15.07,54.45,925.9783,0,0.00,-103.0,3.75
4,2026-09-12 20:50:17,1.30,1.70,2.91,24.25,327.67,14.17,55.38,926.5420,-103,3.75,-103.0,3.75
3,2026-09-12 20:50:17,1.72,2.24,3.13,21.69,0.00,14.98,55.94,926.1547,0,0.00,-103.0,3.75
4,2026-09-12 21:00:17,1.31,1.71,2.61,16.50,327.67,13.94,56.40,926.7070,-105,2.00,-105.0,2.0
3,2026-09-12 21:00:17,1.71,2.24,3.22,22.43,0.00,14.24,58.59,926.2838,0,0.00,-105.0,2.0
4,2026-09-12 21:10:17,1.30,1.65,2.22,13.03,327.67,13.94,56.35,926.7522,-103,3.25,-103.0,3.25
3,2026-09-12 21:10:17,1.81,2.38,3.39,25.54,0.00,14.33,59.01,926.3341,0,0.00,-103.0,3.25
4,2026-09-12 21:20:17,1.15,1.54,2.77,21.52,327.67,13.68,58.23,926.8108,-104,3.25,-104.0,3.25
3,2026-09-12 21:20:17,1.73,2.28,3.08,22.35,0.00,14.46,58.90,926.4063,0,0.00,-104.0,3.25
4,2026-09-12 21:30:15,1.12,1.43,2.12,15.44,327.67,13.30,60.70,926.8306,-102,3.25,-102.0,3.25
4,2026-09-12 21:40:17,1.18,1.51,2.12,16.10,327.67,13.12,60.55,926.8676,-104,3.00,-104.0,3.0
3,2026-09-12 21:40:17,1.54,2.00,2.59,10.47,0.00,14.07,60.70,926.4519,0,0.00,-104.0,3.0
4,2026-09-12 22:00:15,1.22,1.51,1.84,11.74,327.67,13.12,60.21,927.0153,-102,3.25,-102.0,3.25
4,2026-09-12 22:10:15,1.17,1.44,2.06,17.83,327.67,13.21,59.58,927.0366,-102,3.50,-102.0,3.5
3,2026-09-12 22:10:17,1.69,2.23,3.49,27.14,0.00,14.05,60.77,926.5847,0,0.00,-104.0,3.0
4,2026-09-12 22:20:17,1.22,1.50,1.78,11.20,327.67,13.25,59.50,927.0472,-104,3.25,-104.0,3.25
3,2026-09-12 22:20:17,1.64,2.18,2.81,13.53,0.00,13.95,61.08,926.6256,0,0.00,-104.0,3.25
4,2026-09-12 22:30:15,1.21,1.55,2.24,20.72,327.67,13.30,60.51,927.1176,-102,3.50,-102.0,3.5
4,2026-09-12 22:40:17,1.31,1.65,2.20,17.62,327.67,13.12,61.62,927.1985,-103,3.75,-103.0,3.75
3,2026-09-12 22:40:17,1.67,2.13,2.94,27.19,0.00,14.07,60.56,926.7886,0,0.00,-103.0,3.75
4,2026-09-12 22:50:17,1.28,1.61,2.35,20.60,327.67,12.91,62.74,927.2449,-103,3.75,-103.0,3.75
3,2026-09-12 22:50:17,1.66,2.17,2.99,11.55,0.00,13.84,61.45,926.8533,0,0.00,-103.0,3.75
4,2026-09-12 23:20:17,1.28,1.59,2.88,25.78,327.67,12.78,63.10,927.3490,-102,3.75,-102.0,3.75
3,2026-09-12 23:20:17,1.73,2.20,3.34,23.46,0.00,14.10,60.71,927.0211,0,0.00,-102.0,3.75
4,2026-09-12 23:50:17,1.18,1.54,2.44,23.41,327.67,13.01,61.61,927.6466,-103,3.50,-103.0,3.5
3,2026-09-12 23:50:17,1.77,2.38,3.48,14.69,0.00,13.80,62.56,927.2795,0,0.00,-103.0,3.5
4,2026-09-13 00:10:15,1.27,1.63,2.74,25.72,327.67,12.85,62.75,927.7485,-102,2.50,-102.0,2.5
4,2026-09-13 00:30:17,1.33,1.70,2.26,18.79,327.67,12.67,64.53,927.9737,-102,3.00,-102.0,3.0
3,2026-09-13 00:30:17,1.84,2.43,3.21,19.31,0.00,13.34,65.47,927.5985,0,0.00,-102.0,3.0
4,2026-09-13 00:50:17,1.29,1.60,2.55,21.73,327.67,12.40,66.43,928.0489,-103,3.25,-103.0,3.25
3,2026-09-13 00:50:17,1.78,2.43,3.85,30.90,0.00,12.87,67.53,927.7410,0,0.00,-103.0,3.25
4,2026-09-13 01:10:15,1.38,1.84,2.99,28.17,327.67,12.03,68.74,928.0676,-102,4.25,-102.0,4.25
4,2026-09-13 01:20:15,1.56,1.98,3.04,27.22,327.67,11.59,71.01,928.0291,-102,3.25,-102.0,3.25
3,2026-09-13 01:20:17,1.85,2.49,3.52,21.46,0.00,12.56,69.91,927.6798,0,0.00,-103.0,3.5
4,2026-09-13 01:30:15,1.79,2.29,3.89,41.80,327.67,11.28,73.95,928.2568,-102,3.50,-102.0,3.5
3,2026-09-13 01:30:17,2.02,2.73,4.46,33.60,0.00,12.77,69.39,927.8952,0,0.00,-103.0,3.25
4,2026-09-13 01:40:15,1.58,2.04,3.09,20.08,327.67,10.95,76.28,928.3028,-102,3.75,-102.0,3.75
4,2026-09-13 01:50:15,1.59,2.03,2.76,22.05,327.67,11.27,75.02,928.3280,-102,3.75,-102.0,3.75
3,2026-09-13 01:50:17,2.36,3.29,4.79,27.48,0.00,12.17,72.94,928.0412,0,0.00,-104.0,3.25
4,2026-09-13 02:20:14,1.65,2.05,2.42,11.91,327.67,11.28,74.85,928.5981,-102,1.25,-102.0,1.25
4,2026-09-13 02:30:15,1.55,1.96,2.26,7.08,327.67,11.27,75.20,928.6625,-103,2.00,-103.0,2.0
3,2026-09-13 02:30:17,2.41,3.33,4.48,25.29,0.00,12.33,72.50,928.2551,0,0.00,-104.0,3.0
4,2026-09-13 03:00:15,1.40,1.77,2.43,11.15,327.67,11.02,75.09,928.7880,-102,0.50,-102.0,0.5
3,2026-09-13 03:00:17,1.96,2.64,3.45,15.09,0.00,11.94,73.28,928.4384,0,0.00,-104.0,2.5
4,2026-09-13 03:10:17,1.37,1.73,2.28,14.19,327.67,11.08,75.28,928.8398,-104,2.50,-104.0,2.5
3,2026-09-13 03:10:17,1.80,2.35,3.08,20.63,0.00,11.43,74.80,928.4791,0,0.00,-104.0,2.5
4,2026-09-13 03:20:17,1.37,1.71,2.23,10.94,327.67,11.26,74.40,928.7747,-104,2.50,-104.0,2.5
3,2026-09-13 03:20:17,1.77,2.34,3.36,22.74,0.00,11.66,73.46,928.4289,0,0.00,-104.0,2.5
4,2026-09-13 03:40:17,1.57,1.97,2.57,22.84,327.67,11.43,74.40,928.8601,-103,3.00,-103.0,3.0
3,2026-09-13 03:40:17,1.95,2.65,4.03,28.46,0.00,11.84,72.82,928.5190,0,0.00,-103.0,3.0
4,2026-09-13 03:50:14,1.74,2.21,2.76,12.03,327.67,11.39,74.57,928.8647,-102,4.00,-102.0,4.0
3,2026-09-13 03:50:17,2.06,2.75,3.61,22.61,0.00,11.55,74.13,928.5466,0,0.00,-103.0,2.75
4,2026-09-13 04:00:17,1.70,2.14,2.87,29.63,327.67,11.46,74.65,928.9100,-104,3.00,-104.0,3.0
3,2026-09-13 04:00:17,2.05,2.77,4.04,26.72,0.00,11.65,73.88,928.5831,0,0.00,-104.0,3.0
4,2026-09-13 04:10:14,1.77,2.25,2.85,11.48,327.67,11.40,74.76,928.9245,-102,3.50,-102.0,3.5
3,2026-09-13 04:10:17,2.16,2.91,3.83,24.18,0.00,11.75,73.87,928.5936,0,0.00,-104.0,2.5
4,2026-09-13 04:20:14,1.78,2.28,3.09,23.92,327.67,11.28,75.20,928.8912,-101,4.25,-101.0,4.25
3,2026-09-13 04:20:17,2.15,2.87,3.73,20.17,0.00,11.68,74.21,928.5896,0,0.00,-104.0,2.5
4,2026-09-13 04:30:14,1.46,1.79,2.43,16.73,327.67,11.13,75.00,928.9027,-102,4.75,-102.0,4.75
3,2026-09-13 04:30:17,2.02,2.75,3.84,19.15,0.00,11.60,74.56,928.5888,0,0.00,-105.0,2.75
4,2026-09-13 04:50:14,0.74,0.93,1.17,4.97,327.67,11.16,71.81,928.6850,-103,2.50,-103.0,2.5
3,2026-09-13 04:50:17,1.72,2.27,2.98,16.00,0.00,12.50,69.67,928.5765,0,0.00,-103.0,3.0
4,2026-09-13 05:00:14,0.73,0.93,1.40,13.98,327.67,11.07,72.91,928.7499,-102,1.75,-102.0,1.75
3,2026-09-13 05:00:17,1.61,2.12,2.90,16.25,0.00,12.63,68.61,928.5787,0,0.00,-105.0,2.5
4,2026-09-13 05:10:17,0.77,0.97,1.16,4.95,327.67,11.08,72.57,928.8404,-105,2.75,-105.0,2.75
3,2026-09-13 05:10:17,1.15,1.47,1.82,10.75,0.00,12.50,67.62,928.6236,0,0.00,-105.0,2.75
4,2026-09-13 05:20:17,0.80,1.01,1.23,5.81,327.67,11.01,72.49,928.9837,-104,3.00,-104.0,3.0
3,2026-09-13 05:20:17,1.04,1.32,1.77,17.86,0.00,12.13,68.09,928.7103,0,0.00,-104.0,3.0
4,2026-09-13 05:30:17,0.93,1.17,1.42,6.13,327.67,11.30,72.12,929.0689,-104,2.25,-104.0,2.25
3,2026-09-13 05:30:17,1.27,1.63,2.14,13.73,0.00,12.19,69.15,928.8403,0,0.00,-104.0,2.25
4,2026-09-13 05:40:17,0.93,1.19,1.45,10.78,327.67,11.39,72.23,929.1650,-105,2.25,-105.0,2.25
3,2026-09-13 05:40:17,1.50,2.20,4.63,37.97,0.00,11.75,72.16,928.9093,0,0.00,-105.0,2.25
4,2026-09-13 05:50:14,0.94,1.19,1.72,18.06,327.67,11.18,72.86,929.2634,-101,3.50,-101.0,3.5
3,2026-09-13 05:50:17,1.53,2.26,6.67,50.11,0.00,11.93,71.94,928.9101,0,0.00,-104.0,2.5
4,2026-09-13 06:00:14,0.91,1.16,1.56,10.81,327.67,11.13,73.29,929.1638,-101,5.00,-101.0,5.0
3,2026-09-13 06:00:17,1.37,2.10,4.58,58.56,0.00,11.42,74.03,928.8554,0,0.00,-103.0,3.25
4,2026-09-13 06:10:14,0.87,1.15,1.84,27.66,327.67,11.17,73.32,929.1514,-101,4.50,-101.0,4.5
3,2026-09-13 06:10:17,1.48,2.13,3.40,20.40,0.00,11.16,75.55,928.8748,0,0.00,-103.0,3.5
4,2026-09-13 06:20:14,0.74,0.95,1.20,8.68,327.67,11.18,73.52,929.2504,-102,4.00,-102.0,4.0
3,2026-09-13 06:20:17,1.61,2.22,3.26,25.17,0.00,11.48,74.64,928.9905,0,0.00,-104.0,3.5
4,2026-09-13 06:30:14,0.60,0.78,1.44,14.35,327.67,10.97,73.81,929.2872,-100,5.75,-100.0,5.75
3,2026-09-13 06:30:17,1.61,2.29,3.86,24.99,0.00,11.43,74.94,929.0353,0,0.00,-104.0,2.75
4,2026-09-13 06:40:14,0.67,0.87,1.36,19.78,327.67,10.77,74.42,929.1580,-101,4.50,-101.0,4.5
3,2026-09-13 06:40:17,1.66,2.35,3.38,25.35,0.00,11.55,74.54,928.9073,0,0.00,-104.0,3.25
4,2026-09-13 06:50:14,0.56,0.75,1.19,18.47,327.67,10.51,75.03,929.1174,-101,5.00,-101.0,5.0
3,2026-09-13 06:50:17,1.02,1.35,2.32,23.10,0.00,11.04,75.46,928.8480,0,0.00,-104.0,3.5
4,2026-09-13 07:00:14,0.62,0.95,2.03,20.61,327.67,10.41,75.46,929.1522,-101,2.50,-101.0,2.5
3,2026-09-13 07:00:17,0.93,1.26,2.22,25.01,0.00,10.90,75.45,928.7977,0,0.00,-105.0,2.5
4,2026-09-13 07:10:14,0.55,0.79,1.45,19.31,327.67,10.45,75.72,929.1330,-102,4.00,-102.0,4.0
3,2026-09-13 07:10:17,0.91,1.28,2.12,22.67,0.00,10.69,76.09,928.7201,0,0.00,-105.0,2.0
4,2026-09-13 07:20:14,0.48,0.68,1.42,14.06,327.67,10.18,77.34,929.1431,-101,4.00,-101.0,4.0
3,2026-09-13 07:20:17,0.89,1.23,1.99,13.63,0.00,10.55,76.71,928.7472,0,0.00,-105.0,2.5
4,2026-09-13 07:30:14,0.42,0.64,0.92,5.15,327.67,10.06,77.60,929.2178,-103,2.75,-103.0,2.75
3,2026-09-13 07:30:17,0.93,1.31,2.48,18.72,0.00,10.47,77.22,928.8207,0,0.00,-104.0,1.75
4,2026-09-13 07:40:14,0.39,0.57,0.99,14.61,327.67,10.20,76.40,929.2450,-102,4.75,-102.0,4.75
3,2026-09-13 07:40:17,0.77,1.03,1.74,20.35,0.00,10.36,77.00,928.8033,0,0.00,-105.0,2.0
4,2026-09-13 07:50:14,0.35,0.53,0.96,9.43,327.67,10.31,75.63,929.2735,-102,3.50,-102.0,3.5
3,2026-09-13 07:50:17,0.77,1.05,1.68,17.71,0.00,10.37,76.40,928.8886,0,0.00,-104.0,2.25
4,2026-09-13 08:00:17,0.35,0.48,0.72,8.45,327.67,10.10,75.94,929.2636,-106,2.00,-106.0,2.0
3,2026-09-13 08:00:17,0.85,1.17,2.00,17.96,0.00,10.52,75.78,928.8738,0,0.00,-106.0,2.0
4,2026-09-13 08:10:14,0.32,0.52,0.93,9.10,327.67,10.00,76.67,929.2396,-102,4.50,-102.0,4.5
3,2026-09-13 08:10:17,0.71,0.99,2.18,22.96,0.00,10.40,76.08,928.7865,0,0.00,-103.0,3.5
4,2026-09-13 08:20:17,0.33,0.51,1.06,14.19,327.67,10.17,75.93,929.2282,-104,2.50,-104.0,2.5
3,2026-09-13 08:20:17,0.71,0.98,2.16,25.87,0.00,10.40,76.02,928.8138,0,0.00,-104.0,2.5
4,2026-09-13 08:30:14,0.34,0.60,1.08,11.29,327.67,10.29,75.45,929.2619,-101,5.25,-101.0,5.25
3,2026-09-13 08:30:17,0.68,0.96,1.94,21.72,0.00,10.61,75.43,928.8463,0,0.00,-102.0,3.0
4,2026-09-13 08:40:14,0.32,0.52,1.15,20.70,327.67,10.41,74.45,929.2324,-101,5.00,-101.0,5.0
3,2026-09-13 08:40:17,0.77,1.00,1.61,13.46,0.00,10.60,75.16,928.7964,0,0.00,-103.0,3.0
4,2026-09-13 08:50:14,0.32,0.55,1.20,18.25,327.67,10.45,74.04,929.1783,-101,4.00,-101.0,4.0
3,2026-09-13 08:50:17,0.69,0.96,1.54,19.54,0.00,10.80,74.47,928.7687,0,0.00,-103.0,3.0
4,2026-09-13 09:00:17,0.30,0.50,0.92,10.95,327.67,10.52,73.57,929.1235,-104,3.25,-104.0,3.25
3,2026-09-13 09:00:17,0.72,1.00,1.56,17.69,0.00,11.10,73.34,928.7512,0,0.00,-104.0,3.25
4,2026-09-13 09:10:14,0.30,0.51,1.10,20.63,327.67,10.46,73.04,929.1622,-101,2.50,-101.0,2.5
3,2026-09-13 09:10:17,0.80,1.08,2.40,24.00,0.00,11.21,72.55,928.7982,0,0.00,-104.0,3.0
4,2026-09-13 09:20:14,0.31,0.58,1.06,13.20,327.67,10.77,71.71,929.2486,-102,3.50,-102.0,3.5
3,2026-09-13 09:20:17,0.75,1.02,1.75,21.87,0.00,11.50,71.81,928.9281,0,0.00,-104.0,2.75
4,2026-09-13 09:30:14,0.32,0.52,1.08,27.24,327.67,10.94,70.58,929.2663,-101,4.00,-101.0,4.0
3,2026-09-13 09:30:17,0.78,1.10,1.96,32.32,0.00,11.67,70.79,928.9730,0,0.00,-103.0,3.0
4,2026-09-13 09:40:14,0.31,0.51,0.76,5.48,327.67,10.84,71.27,929.3154,-102,4.25,-102.0,4.25
3,2026-09-13 09:40:17,0.70,1.00,2.16,30.04,0.00,11.64,70.13,929.0357,0,0.00,-104.0,3.0
4,2026-09-13 09:50:17,0.29,0.46,0.89,14.70,327.67,10.77,71.83,929.4785,-104,2.50,-104.0,2.5
3,2026-09-13 09:50:17,0.65,0.90,1.63,13.78,0.00,11.49,70.89,929.0877,0,0.00,-104.0,2.5
4,2026-09-13 10:00:17,0.32,0.55,1.12,10.26,327.67,10.70,71.79,929.3917,-104,2.25,-104.0,2.25
3,2026-09-13 10:00:17,0.73,1.00,2.14,22.81,0.00,11.44,71.19,929.0440,0,0.00,-104.0,2.25
4,2026-09-13 10:10:14,0.34,0.57,1.49,22.53,327.67,10.92,70.84,929.3680,-101,4.75,-101.0,4.75
3,2026-09-13 10:10:17,0.74,1.01,1.90,16.91,0.00,11.43,70.95,929.0472,0,0.00,-104.0,2.75
4,2026-09-13 10:20:14,0.39,0.64,1.64,30.00,327.67,10.88,71.37,929.3525,-101,4.00,-101.0,4.0
3,2026-09-13 10:20:17,0.80,1.14,2.72,26.09,0.00,10.97,72.87,928.9746,0,0.00,-104.0,3.0
4,2026-09-13 10:40:17,0.40,0.68,1.23,12.01,327.67,11.26,71.27,929.3082,-103,3.50,-103.0,3.5
3,2026-09-13 10:40:17,0.86,1.23,2.62,23.54,0.00,11.87,71.29,929.0001,0,0.00,-103.0,3.5
4,2026-09-13 10:50:14,0.42,0.69,1.21,11.25,327.67,11.41,70.80,929.3207,-102,2.25,-102.0,2.25
4,2026-09-13 11:00:17,0.42,0.69,1.40,11.08,327.67,11.47,71.23,929.2700,-104,3.00,-104.0,3.0
3,2026-09-13 11:00:17,0.85,1.25,2.56,38.21,0.00,12.28,70.01,928.9297,0,0.00,-104.0,3.0
4,2026-09-13 11:10:17,0.45,0.74,1.57,32.76,327.67,11.68,71.05,929.3187,-103,3.00,-103.0,3.0
3,2026-09-13 11:10:17,0.77,1.08,2.43,22.21,0.00,12.15,70.53,928.9401,0,0.00,-103.0,3.0
4,2026-09-13 11:20:17,0.42,0.69,1.37,10.70,327.67,11.66,71.77,929.3722,-103,3.50,-103.0,3.5
3,2026-09-13 11:20:17,0.78,1.10,2.08,17.31,0.00,12.01,71.66,928.9720,0,0.00,-103.0,3.5
4,2026-09-13 11:30:17,0.44,0.72,1.62,15.93,327.67,11.77,71.71,929.3824,-103,3.00,-103.0,3.0
3,2026-09-13 11:30:17,0.82,1.16,2.16,15.12,0.00,12.23,70.94,929.0039,0,0.00,-103.0,3.0
4,2026-09-13 11:40:17,0.43,0.70,1.23,6.69,327.67,12.06,69.76,929.4213,-103,3.25,-103.0,3.25
3,2026-09-13 11:40:17,0.87,1.24,2.65,21.83,0.00,12.33,70.05,929.0262,0,0.00,-103.0,3.25
4,2026-09-13 11:50:17,0.40,0.65,1.17,10.64,327.67,12.51,67.96,929.4940,-104,3.00,-104.0,3.0
3,2026-09-13 11:50:17,0.78,1.06,1.65,10.38,0.00,12.95,67.79,929.0647,0,0.00,-104.0,3.0
4,2026-09-13 12:00:17,0.40,0.65,1.59,18.02,327.67,12.48,68.19,929.4175,-104,2.50,-104.0,2.5
3,2026-09-13 12:00:17,0.83,1.14,1.91,10.20,0.00,13.70,65.58,929.0550,0,0.00,-104.0,2.5
4,2026-09-13 12:10:17,0.37,0.78,2.19,25.86,327.67,13.25,65.18,929.3676,-104,2.75,-104.0,2.75
3,2026-09-13 12:10:17,0.84,1.16,2.22,20.31,0.00,14.22,63.46,929.0055,0,0.00,-104.0,2.75
4,2026-09-13 12:20:17,0.37,0.67,1.69,17.66,327.67,13.71,63.34,929.4205,-105,2.50,-105.0,2.5
3,2026-09-13 12:20:17,0.88,1.24,2.21,18.71,0.00,14.49,62.35,929.0392,0,0.00,-105.0,2.5
4,2026-09-13 12:30:17,0.38,0.72,1.98,23.26,327.67,13.43,64.49,929.4692,-105,2.50,-105.0,2.5
3,2026-09-13 12:30:17,0.89,1.21,1.93,18.29,0.00,14.18,63.49,929.0776,0,0.00,-105.0,2.5
4,2026-09-13 12:40:17,0.37,0.65,1.54,23.68,327.67,13.04,66.46,929.5695,-105,1.50,-105.0,1.5
3,2026-09-13 12:40:17,0.86,1.19,1.93,9.39,0.00,13.62,65.12,929.1551,0,0.00,-105.0,1.5
4,2026-09-13 12:50:17,0.36,0.59,0.87,5.91,327.67,12.80,67.41,929.5317,-105,1.25,-105.0,1.25
3,2026-09-13 12:50:17,0.90,1.24,2.33,19.87,0.00,13.34,66.84,929.1887,0,0.00,-105.0,1.25
4,2026-09-13 13:00:17,0.32,0.54,1.22,20.07,327.67,12.71,67.76,929.5184,-106,1.50,-106.0,1.5
3,2026-09-13 13:00:17,0.81,1.07,1.71,13.86,0.00,13.31,65.34,929.1804,0,0.00,-106.0,1.5
4,2026-09-13 13:10:17,0.32,0.57,1.17,15.26,327.67,12.49,68.40,929.4919,-105,2.00,-105.0,2.0
3,2026-09-13 13:10:17,0.81,1.13,2.01,13.68,0.00,13.22,65.99,929.1412,0,0.00,-105.0,2.0
4,2026-09-13 13:20:17,0.30,0.52,1.03,9.68,327.67,13.48,65.79,929.4878,-103,3.00,-103.0,3.0
3,2026-09-13 13:20:17,0.86,1.19,2.47,24.87,0.00,14.86,63.07,929.1839,0,0.00,-103.0,3.0
4,2026-09-13 13:30:17,0.30,0.55,0.90,5.57,327.67,14.87,62.18,929.4850,-105,2.00,-105.0,2.0
3,2026-09-13 13:30:17,0.77,1.06,1.87,15.19,0.00,15.08,61.60,929.0766,0,0.00,-105.0,2.0
4,2026-09-13 13:40:14,0.28,0.48,0.97,17.85,327.67,15.70,57.87,929.4604,-101,0.00,-101.0,0.0
4,2026-09-13 13:50:17,0.29,0.50,1.01,22.15,327.67,15.07,57.81,929.4631,-105,2.00,-105.0,2.0
3,2026-09-13 13:50:17,0.87,1.17,2.05,20.90,0.00,15.88,58.74,929.1503,0,0.00,-105.0,2.0
4,2026-09-13 14:00:14,0.30,0.58,1.78,20.86,327.67,15.78,55.91,929.5052,-103,2.25,-103.0,2.25
3,2026-09-13 14:00:17,0.92,1.17,2.33,26.56,0.00,16.92,55.24,929.1584,0,0.00,-105.0,3.0
4,2026-09-13 14:10:14,0.33,0.59,3.24,78.48,327.67,15.88,56.35,929.4824,-103,2.50,-103.0,2.5
3,2026-09-13 14:10:17,0.96,1.25,2.40,21.98,0.00,18.08,52.75,929.1150,0,0.00,-105.0,2.25
4,2026-09-13 14:30:14,0.36,0.58,1.32,14.95,327.67,15.23,58.44,929.3602,-102,3.50,-102.0,3.5
4,2026-09-13 14:40:14,0.34,0.56,1.62,24.33,327.67,15.08,58.15,929.2794,-102,3.00,-102.0,3.0
3,2026-09-13 14:40:17,0.98,1.21,1.82,15.99,0.00,16.29,56.84,928.8089,0,0.00,-103.0,3.5
4,2026-09-13 14:50:17,0.34,0.53,1.00,12.35,327.67,15.39,56.29,929.2145,-104,3.50,-104.0,3.5
3,2026-09-13 14:50:17,0.96,1.25,2.06,13.14,0.00,15.89,57.15,928.7451,0,0.00,-104.0,3.5
4,2026-09-13 15:00:17,0.32,0.49,1.13,17.81,327.67,15.29,55.26,929.1514,-104,3.25,-104.0,3.25
3,2026-09-13 15:00:17,0.87,1.14,1.71,8.71,0.00,16.09,56.84,928.6756,0,0.00,-104.0,3.25
4,2026-09-13 15:10:17,0.32,0.51,0.82,5.63,327.67,15.13,55.21,929.0845,-104,2.50,-104.0,2.5
3,2026-09-13 15:10:17,0.87,1.16,1.90,22.49,0.00,18.56,51.68,928.6657,0,0.00,-104.0,2.5
4,2026-09-13 15:30:17,0.32,0.52,0.90,10.11,327.67,17.07,49.14,928.9408,-105,3.00,-105.0,3.0
3,2026-09-13 15:30:17,0.96,1.19,2.07,21.66,0.00,19.02,49.13,928.5024,0,0.00,-105.0,3.0
4,2026-09-13 15:50:17,0.28,0.45,0.90,16.19,327.67,18.35,45.80,928.7249,-104,3.00,-104.0,3.0
3,2026-09-13 15:50:17,0.96,1.22,2.05,26.85,0.00,19.84,47.71,928.2512,0,0.00,-104.0,3.0
4,2026-09-13 16:00:17,0.27,0.41,0.67,6.59,327.67,19.79,41.95,928.5810,-106,2.25,-106.0,2.25
3,2026-09-13 16:00:17,0.88,1.12,1.52,9.54,0.00,19.94,47.23,928.1475,0,0.00,-106.0,2.25
4,2026-09-13 16:20:17,0.30,0.54,1.74,39.57,327.67,19.82,43.12,928.2556,-104,2.50,-104.0,2.5
3,2026-09-13 16:20:17,0.85,1.10,1.86,16.76,0.00,19.90,47.35,927.8677,0,0.00,-104.0,2.5
4,2026-09-13 16:30:17,0.30,0.51,1.10,14.92,327.67,19.38,44.10,928.1946,-103,3.00,-103.0,3.0
3,2026-09-13 16:30:17,1.00,1.27,1.97,16.33,0.00,20.05,46.58,927.8242,0,0.00,-103.0,3.0
4,2026-09-13 16:40:17,0.30,0.50,1.10,13.66,327.67,19.73,43.77,928.0812,-105,2.50,-105.0,2.5
3,2026-09-13 16:40:17,0.93,1.20,2.02,16.54,0.00,20.46,45.67,927.7035,0,0.00,-105.0,2.5
4,2026-09-13 16:50:17,0.33,0.54,1.53,30.39,327.67,19.66,44.13,927.9624,-105,3.00,-105.0,3.0
3,2026-09-13 16:50:17,0.91,1.15,2.19,32.58,0.00,20.70,45.14,927.5504,0,0.00,-105.0,3.0
4,2026-09-13 17:00:14,0.30,0.48,1.09,14.12,327.67,20.31,43.16,927.7989,-103,2.75,-103.0,2.75
3,2026-09-13 17:00:17,0.91,1.20,1.90,16.23,0.00,20.59,45.96,927.4199,0,0.00,-103.0,3.75
4,2026-09-13 17:10:17,0.33,0.54,1.02,19.19,327.67,20.10,43.56,927.7055,-103,3.50,-103.0,3.5
3,2026-09-13 17:10:17,0.88,1.11,1.67,11.83,0.00,20.66,45.16,927.3631,0,0.00,-103.0,3.5
4,2026-09-13 17:20:14,0.32,0.52,1.12,12.96,327.67,19.57,45.01,927.6584,-102,3.75,-102.0,3.75
3,2026-09-13 17:20:17,0.93,1.13,1.68,10.90,0.00,19.17,48.71,927.2901,0,0.00,-103.0,4.0
4,2026-09-13 17:30:14,0.30,0.47,1.33,23.45,327.67,19.44,44.79,927.6041,-102,3.50,-102.0,3.5
3,2026-09-13 17:30:17,0.96,1.25,1.77,7.87,0.00,18.26,50.80,927.2105,0,0.00,-103.0,4.0
4,2026-09-13 17:40:14,0.26,0.40,0.91,14.33,327.67,18.98,44.40,927.5447,-103,2.25,-103.0,2.25
3,2026-09-13 17:40:17,0.95,1.21,1.87,9.78,0.00,17.20,52.36,927.1975,0,0.00,-105.0,2.25
4,2026-09-13 17:50:14,0.26,0.39,0.77,12.26,327.67,18.41,43.34,927.4757,-102,2.50,-102.0,2.5
3,2026-09-13 17:50:17,0.91,1.15,1.67,15.30,0.00,18.99,45.75,927.1642,0,0.00,-104.0,3.0
4,2026-09-13 18:00:17,0.24,0.37,0.74,12.11,327.67,18.04,43.49,927.4297,-103,4.00,-103.0,4.0
3,2026-09-13 18:00:17,0.90,1.13,1.66,13.67,0.00,19.21,44.60,927.0976,0,0.00,-103.0,4.0
4,2026-09-13 18:10:14,0.28,0.46,1.08,8.37,327.67,16.10,46.92,927.3917,-103,3.00,-103.0,3.0
3,2026-09-13 18:10:17,0.90,1.11,1.96,19.82,0.00,18.06,46.16,927.0489,0,0.00,-103.0,4.0
4,2026-09-13 18:30:14,0.29,0.48,1.32,20.76,327.67,16.83,46.47,927.3586,-103,2.50,-103.0,2.5
3,2026-09-13 18:30:17,0.93,1.16,1.99,15.38,0.00,16.74,49.35,926.9597,0,0.00,-103.0,3.0
4,2026-09-13 18:40:17,0.30,0.51,1.12,9.18,327.67,15.85,48.67,927.3043,-102,4.25,-102.0,4.25
3,2026-09-13 18:40:17,0.96,1.23,2.11,19.01,0.00,15.89,50.84,926.9055,0,0.00,-102.0,4.25
4,2026-09-13 18:50:14,0.35,0.54,1.00,23.77,327.67,14.92,51.40,927.2987,-102,3.25,-102.0,3.25
3,2026-09-13 18:50:17,0.91,1.15,2.05,26.08,0.00,15.59,51.32,926.9361,0,0.00,-102.0,3.75
4,2026-09-13 19:00:14,0.41,0.55,0.86,5.98,327.67,14.64,49.70,927.2906,-103,2.75,-103.0,2.75
3,2026-09-13 19:00:17,0.91,1.15,2.07,20.38,0.00,15.31,51.70,926.9220,0,0.00,-102.0,3.75
4,2026-09-13 19:10:14,0.42,0.62,1.26,21.13,327.67,14.55,48.36,927.2570,-102,4.00,-102.0,4.0
4,2026-09-13 19:20:14,0.38,0.55,1.22,17.00,327.67,14.47,51.96,927.2651,-103,3.75,-103.0,3.75
4,2026-09-13 19:30:14,0.41,0.62,1.38,30.68,327.67,14.06,54.53,927.2523,-102,3.75,-102.0,3.75
4,2026-09-13 19:40:17,0.42,0.62,1.64,25.84,327.67,13.73,56.22,927.2833,-102,4.00,-102.0,4.0
3,2026-09-13 19:40:17,0.95,1.22,1.91,14.25,0.00,14.14,55.37,926.8258,0,0.00,-102.0,4.0
4,2026-09-13 19:50:17,0.44,0.64,1.89,28.41,327.67,13.44,57.34,927.3003,-102,4.25,-102.0,4.25
3,2026-09-13 19:50:17,0.89,1.14,1.67,10.54,0.00,13.84,55.94,926.8185,0,0.00,-102.0,4.25
4,2026-09-13 20:40:14,0.46,0.69,1.42,23.61,327.67,12.28,60.30,927.5045,-102,3.00,-102.0,3.0
3,2026-09-13 20:40:17,0.90,1.23,2.56,45.64,0.00,10.88,64.05,927.1517,0,0.00,-102.0,4.75
4,2026-09-13 20:50:17,0.52,0.75,1.21,16.56,327.67,11.19,64.10,927.6425,-101,4.50,-101.0,4.5
3,2026-09-13 20:50:17,0.98,1.39,2.80,22.77,0.00,9.94,65.67,927.2334,0,0.00,-101.0,4.5
4,2026-09-13 21:00:14,0.51,0.76,1.62,21.56,327.67,10.79,65.97,927.7551,-102,2.00,-102.0,2.0
4,2026-09-13 21:10:14,0.51,0.76,1.27,10.32,327.67,10.62,65.67,927.8245,-101,4.25,-101.0,4.25
3,2026-09-13 21:10:17,1.36,2.11,3.22,15.05,0.00,9.10,71.60,927.4535,0,0.00,-101.0,5.25
4,2026-09-13 21:20:14,0.55,0.80,1.17,6.72,327.67,10.21,66.62,927.9294,-102,2.50,-102.0,2.5
4,2026-09-13 21:40:17,0.68,1.02,2.11,25.88,327.67,9.32,68.76,928.1237,-102,4.75,-102.0,4.75
3,2026-09-13 21:40:17,1.26,1.96,3.03,24.37,0.00,8.63,71.00,927.7726,0,0.00,-102.0,4.75
4,2026-09-13 21:50:17,0.68,0.98,2.23,27.54,327.67,9.00,68.93,928.1482,-102,5.00,-102.0,5.0
3,2026-09-13 21:50:17,1.31,2.06,3.44,28.14,0.00,8.55,71.41,927.8068,0,0.00,-102.0,5.0
4,2026-09-13 22:00:17,0.66,0.98,2.52,26.61,327.67,9.07,68.36,928.2173,-101,5.50,-101.0,5.5
3,2026-09-13 22:00:17,1.23,1.92,3.94,29.38,0.00,8.68,71.69,927.8846,0,0.00,-101.0,5.5
4,2026-09-13 22:10:14,0.69,1.01,1.55,10.33,327.67,9.08,69.10,928.2918,-101,4.25,-101.0,4.25
3,2026-09-13 22:10:17,1.26,1.89,3.78,43.37,0.00,8.51,71.27,927.9429,0,0.00,-100.0,5.5
4,2026-09-13 22:20:14,0.86,1.27,2.16,16.35,327.67,9.07,72.36,928.2987,-102,3.25,-102.0,3.25
4,2026-09-13 22:40:14,0.68,1.01,2.17,27.51,327.67,9.49,70.71,928.3358,-101,4.00,-101.0,4.0
4,2026-09-13 22:50:14,0.72,1.02,2.17,22.68,327.67,9.40,71.11,928.3472,-100,3.50,-100.0,3.5
3,2026-09-13 22:50:17,1.33,1.92,3.50,20.87,0.00,9.07,72.48,928.0072,0,0.00,-101.0,5.0
4,2026-09-13 23:00:14,0.70,1.04,1.85,16.35,327.67,9.30,69.35,928.3558,-100,4.50,-100.0,4.5
4,2026-09-13 23:10:14,0.71,1.05,1.92,16.69,327.67,9.36,70.62,928.3732,-102,3.00,-102.0,3.0
4,2026-09-13 23:20:14,0.68,1.03,1.75,10.55,327.67,9.48,70.14,928.3976,-101,4.50,-101.0,4.5
3,2026-09-13 23:20:17,1.22,1.76,3.25,24.13,0.00,8.68,70.70,928.0527,0,0.00,-101.0,4.75
4,2026-09-14 00:10:14,0.67,0.99,1.56,17.73,327.67,9.22,70.02,928.6665,-102,3.00,-102.0,3.0
4,2026-09-14 00:20:14,0.64,0.93,1.57,13.49,327.67,9.37,69.40,928.6860,-102,3.25,-102.0,3.25
4,2026-09-14 00:50:17,0.67,1.01,2.03,21.55,327.67,9.95,67.49,928.7781,-103,3.75,-103.0,3.75
3,2026-09-14 00:50:17,1.71,2.58,3.94,20.23,0.00,6.91,74.42,928.4895,0,0.00,-103.0,3.75
4,2026-09-14 01:00:17,0.61,0.89,1.75,16.68,327.67,9.95,66.15,928.8267,-102,4.25,-102.0,4.25
3,2026-09-14 01:00:17,1.68,2.51,4.00,20.13,0.00,7.00,76.37,928.5980,0,0.00,-102.0,4.25
4,2026-09-14 01:10:17,0.64,0.95,1.76,21.52,327.67,10.14,66.63,928.9368,-102,4.25,-102.0,4.25
3,2026-09-14 01:10:17,1.40,2.00,3.60,24.43,0.00,7.42,73.13,928.6524,0,0.00,-102.0,4.25
4,2026-09-14 01:20:17,0.68,1.04,1.84,18.86,327.67,9.89,67.87,928.9550,-102,4.25,-102.0,4.25
3,2026-09-14 01:20:17,1.56,2.22,3.42,15.79,0.00,6.98,75.08,928.6626,0,0.00,-102.0,4.25
4,2026-09-14 01:30:17,0.70,1.11,1.72,14.16,327.67,9.65,68.88,929.0119,-102,3.75,-102.0,3.75
3,2026-09-14 01:30:17,1.55,2.31,4.44,23.17,0.00,6.95,75.81,928.7378,0,0.00,-102.0,3.75
4,2026-09-14 01:40:17,0.68,1.11,2.17,24.30,327.67,9.65,68.73,929.0612,-102,4.50,-102.0,4.5
3,2026-09-14 01:40:17,1.38,1.99,3.63,26.81,0.00,7.14,74.57,928.8261,0,0.00,-102.0,4.5
4,2026-09-14 01:50:17,0.64,1.02,2.14,26.07,327.67,9.82,67.72,929.1115,-102,4.00,-102.0,4.0
3,2026-09-14 01:50:17,1.28,1.73,2.68,20.94,0.00,7.25,73.16,928.8984,0,0.00,-102.0,4.0
4,2026-09-14 02:00:14,0.65,1.06,1.62,34.72,327.67,9.71,68.24,929.2032,-102,2.25,-102.0,2.25
3,2026-09-14 02:00:17,1.34,1.89,2.95,21.59,0.00,7.24,74.10,928.9441,0,0.00,-102.0,3.5
4,2026-09-14 02:10:14,0.69,1.08,1.63,10.90,327.67,9.46,69.04,929.2155,-103,3.00,-103.0,3.0
3,2026-09-14 02:10:17,1.66,2.44,3.62,15.30,0.00,7.27,75.92,928.9509,0,0.00,-102.0,4.0
4,2026-09-14 02:30:14,0.58,0.91,1.63,20.16,327.67,9.32,69.13,929.2610,-102,2.75,-102.0,2.75
3,2026-09-14 02:30:17,1.55,2.17,3.13,20.86,0.00,7.22,73.54,928.9639,0,0.00,-103.0,3.75
4,2026-09-14 03:10:14,0.74,1.07,1.92,28.07,327.67,8.32,69.70,929.4305,-102,2.25,-102.0,2.25
3,2026-09-14 03:10:17,1.44,2.08,3.82,23.80,0.00,6.58,73.97,929.1199,0,0.00,-103.0,4.0
4,2026-09-14 03:40:17,0.74,1.14,2.10,28.03,327.67,7.97,71.84,929.4944,-102,4.50,-102.0,4.5
3,2026-09-14 03:40:17,1.19,1.65,2.48,29.64,0.00,6.50,73.80,929.2195,0,0.00,-102.0,4.5
4,2026-09-14 04:00:17,0.85,1.31,2.01,28.25,327.67,7.10,73.41,929.4739,-102,3.75,-102.0,3.75
3,2026-09-14 04:00:17,1.55,2.29,4.02,26.47,0.00,5.79,73.74,929.2019,0,0.00,-102.0,3.75
4,2026-09-14 04:10:17,0.85,1.24,1.70,7.60,327.67,7.16,73.35,929.4552,-102,4.25,-102.0,4.25
3,2026-09-14 04:10:17,1.70,2.53,4.10,23.05,0.00,5.22,72.74,929.2026,0,0.00,-102.0,4.25
4,2026-09-14 04:20:14,1.46,2.12,3.42,18.76,327.67,6.33,72.86,929.4422,-103,2.50,-103.0,2.5
3,2026-09-14 04:20:17,2.38,3.79,5.62,25.07,0.00,4.50,75.16,929.1488,0,0.00,-102.0,3.75
4,2026-09-14 04:40:14,1.26,1.85,2.94,30.24,327.67,4.98,75.86,929.4070,-102,2.75,-102.0,2.75
4,2026-09-14 05:00:17,1.79,2.76,4.14,25.75,327.67,4.49,76.64,929.3591,-102,4.50,-102.0,4.5
3,2026-09-14 05:00:17,1.59,2.40,4.17,54.87,0.00,3.42,74.84,929.0879,0,0.00,-102.0,4.5
4,2026-09-14 05:30:14,2.17,3.38,5.61,32.19,327.67,4.01,76.34,929.3576,-102,3.00,-102.0,3.0
3,2026-09-14 05:30:17,2.18,3.48,5.22,22.63,0.00,2.66,77.76,929.1013,0,0.00,-102.0,4.5
4,2026-09-14 05:40:14,2.19,3.14,4.36,16.89,327.67,3.86,76.07,929.3596,-102,3.25,-102.0,3.25
3,2026-09-14 05:40:17,2.83,4.65,7.14,38.02,0.00,2.82,78.55,929.0933,0,0.00,-101.0,4.75
4,2026-09-14 05:50:14,2.10,2.98,5.18,34.87,327.67,3.83,76.52,929.3759,-101,4.00,-101.0,4.0
4,2026-09-14 06:00:14,1.68,2.36,3.75,41.52,327.67,3.69,76.32,929.4224,-101,3.50,-101.0,3.5
3,2026-09-14 06:00:17,2.27,3.60,5.07,23.68,0.00,2.47,76.98,929.1390,0,0.00,-101.0,4.75
4,2026-09-14 06:10:17,1.72,2.54,4.19,27.49,327.67,3.31,77.75,929.4800,-102,4.50,-102.0,4.5
3,2026-09-14 06:10:17,2.10,3.42,5.00,19.28,0.00,2.40,75.64,929.1514,0,0.00,-102.0,4.5
4,2026-09-14 06:20:17,1.98,3.23,4.38,19.38,327.67,3.22,77.35,929.5088,-102,4.00,-102.0,4.0
3,2026-09-14 06:20:17,2.28,3.67,5.43,24.95,0.00,2.51,74.56,929.1722,0,0.00,-102.0,4.0
4,2026-09-14 06:40:17,1.84,2.74,4.23,31.52,327.67,3.02,76.81,929.5911,-103,4.25,-103.0,4.25
3,2026-09-14 06:40:17,3.93,7.51,10.39,37.98,0.00,2.51,78.03,929.3120,0,0.00,-103.0,4.25
4,2026-09-14 06:50:14,1.78,2.79,4.27,23.45,327.67,3.22,77.11,929.6907,-102,3.75,-102.0,3.75
4,2026-09-14 07:00:14,2.11,3.21,4.66,16.17,327.67,2.66,76.71,929.8003,-102,3.50,-102.0,3.5
4,2026-09-14 07:10:14,2.83,4.50,6.63,23.75,327.67,2.47,78.47,929.8896,-102,3.50,-102.0,3.5
3,2026-09-14 07:10:17,3.74,7.38,10.06,27.79,0.00,2.85,75.10,929.6094,0,0.00,-102.0,4.0
4,2026-09-14 07:20:14,2.59,4.10,6.38,37.78,327.67,2.47,78.07,929.9464,-102,3.50,-102.0,3.5
3,2026-09-14 07:20:17,2.97,5.15,7.14,26.07,0.00,2.87,72.71,929.6612,0,0.00,-103.0,3.75
4,2026-09-14 07:30:14,2.35,3.53,5.54,39.18,327.67,2.44,77.06,930.0021,-102,2.75,-102.0,2.75
4,2026-09-14 07:40:14,2.11,2.89,3.84,29.80,327.67,2.57,76.79,930.0355,-101,5.00,-101.0,5.0
3,2026-09-14 07:40:17,3.15,5.50,7.85,27.37,0.00,2.09,74.12,929.7623,0,0.00,-103.0,3.5
4,2026-09-14 07:50:14,2.28,3.23,4.47,37.18,327.67,2.61,77.75,930.0859,-102,3.75,-102.0,3.75
3,2026-09-14 07:50:17,4.54,9.84,12.54,42.56,0.00,2.14,76.94,929.8116,0,0.00,-102.0,4.25
4,2026-09-14 08:10:14,2.15,3.31,4.47,14.75,327.67,2.54,77.21,930.1280,-102,4.00,-102.0,4.0
3,2026-09-14 08:10:17,3.83,6.92,10.33,36.84,0.00,2.12,73.73,929.8596,0,0.00,-103.0,3.75
4,2026-09-14 08:20:14,2.36,3.85,5.88,32.23,327.67,3.26,75.52,930.2359,-102,3.25,-102.0,3.25
4,2026-09-14 08:30:14,1.90,2.93,4.68,18.14,327.67,3.97,73.31,930.2460,-101,4.00,-101.0,4.0
4,2026-09-14 08:40:14,1.46,2.18,3.39,30.39,327.67,4.77,72.86,930.2327,-102,4.25,-102.0,4.25
3,2026-09-14 08:40:17,3.42,6.25,8.03,23.84,0.00,2.50,76.49,929.9535,0,0.00,-103.0,3.75
4,2026-09-14 08:50:14,1.31,1.95,3.19,17.80,327.67,5.19,70.71,930.3060,-101,3.25,-101.0,3.25
3,2026-09-14 08:50:17,2.49,4.11,6.49,24.97,0.00,2.48,74.02,930.0018,0,0.00,-102.0,4.0
4,2026-09-14 09:10:17,1.12,1.70,2.66,23.26,327.67,6.43,67.74,930.4577,-102,4.00,-102.0,4.0
3,2026-09-14 09:10:17,2.77,4.70,6.59,25.76,0.00,2.75,75.47,930.1241,0,0.00,-102.0,4.0
4,2026-09-14 09:20:17,0.74,1.15,2.04,28.04,327.67,8.11,65.23,930.5162,-103,3.25,-103.0,3.25
3,2026-09-14 09:20:17,2.01,3.42,7.28,59.36,0.00,4.45,72.74,930.2060,0,0.00,-103.0,3.25
4,2026-09-14 09:30:17,0.67,1.08,2.18,22.48,327.67,9.28,61.24,930.6098,-103,3.50,-103.0,3.5
3,2026-09-14 09:30:17,1.29,1.85,3.84,57.74,0.00,6.48,68.95,930.3139,0,0.00,-103.0,3.5
4,2026-09-14 09:40:17,0.69,1.09,2.00,12.93,327.67,9.54,60.65,930.6797,-103,3.00,-103.0,3.0
3,2026-09-14 09:40:17,1.42,2.00,3.39,20.87,0.00,7.87,66.90,930.3723,0,0.00,-103.0,3.0
4,2026-09-14 09:50:17,0.70,1.10,1.82,16.03,327.67,10.23,62.27,930.6965,-103,3.75,-103.0,3.75
3,2026-09-14 09:50:17,1.52,2.16,4.09,21.54,0.00,9.06,68.66,930.4371,0,0.00,-103.0,3.75
4,2026-09-14 10:00:17,0.60,0.92,1.76,15.92,327.67,11.07,61.48,930.7521,-103,3.00,-103.0,3.0
3,2026-09-14 10:00:17,1.39,1.88,2.90,18.88,0.00,10.35,66.83,930.5119,0,0.00,-103.0,3.0
4,2026-09-14 10:10:17,0.59,0.86,1.57,17.01,327.67,11.87,58.76,930.7789,-103,3.75,-103.0,3.75
3,2026-09-14 10:10:17,1.32,1.73,2.86,22.49,0.00,11.19,64.00,930.5024,0,0.00,-103.0,3.75
4,2026-09-14 10:20:17,0.56,0.95,1.42,5.96,327.67,12.24,57.42,930.7588,-103,3.50,-103.0,3.5
3,2026-09-14 10:20:17,1.25,1.67,2.53,23.17,0.00,11.58,63.33,930.4464,0,0.00,-103.0,3.5
4,2026-09-14 10:40:17,0.56,0.88,1.70,17.00,327.67,13.03,55.11,930.7920,-103,3.25,-103.0,3.25
3,2026-09-14 10:40:17,1.19,1.51,2.08,14.06,0.00,12.56,60.75,930.5053,0,0.00,-103.0,3.25
4,2026-09-14 10:50:17,0.58,0.84,1.30,11.79,327.67,13.35,54.25,930.7921,-103,3.00,-103.0,3.0
3,2026-09-14 10:50:17,1.26,1.68,2.57,14.92,0.01,12.88,59.68,930.4785,0,0.00,-103.0,3.0
4,2026-09-14 11:10:14,0.58,0.88,1.48,13.66,327.67,13.37,54.71,930.8178,-102,2.75,-102.0,2.75
3,2026-09-14 11:10:17,1.35,1.75,2.62,25.65,0.00,13.24,59.29,930.4758,0,0.00,-103.0,3.25
4,2026-09-14 12:00:17,0.58,0.91,1.50,12.01,327.67,14.34,52.00,930.5959,-104,3.50,-104.0,3.5
3,2026-09-14 12:00:17,1.14,1.53,2.90,17.32,0.00,14.26,55.88,930.2442,0,0.00,-104.0,3.5
4,2026-09-14 12:30:17,0.57,0.89,1.57,12.87,327.67,14.51,51.72,930.3764,-104,3.25,-104.0,3.25
3,2026-09-14 12:30:17,0.96,1.34,2.37,16.21,0.00,15.07,53.12,930.0881,0,0.00,-104.0,3.25
4,2026-09-14 12:40:17,0.53,0.84,1.91,28.20,327.67,14.70,49.38,930.3616,-102,4.00,-102.0,4.0
3,2026-09-14 12:40:17,1.10,1.46,2.29,24.87,0.00,15.86,50.14,930.0243,0,0.00,-102.0,4.0
4,2026-09-14 12:50:17,0.53,0.85,1.52,17.01,327.67,15.18,47.51,930.4379,-105,2.50,-105.0,2.5
3,2026-09-14 12:50:17,1.03,1.45,2.19,14.78,0.00,15.77,50.33,930.0928,0,0.00,-105.0,2.5
4,2026-09-14 13:30:17,0.53,0.84,1.65,21.72,327.67,16.04,45.32,930.4728,-102,3.50,-102.0,3.5
3,2026-09-14 13:30:17,0.98,1.33,1.89,9.47,0.00,16.90,48.52,930.0520,0,0.00,-102.0,3.5
4,2026-09-14 13:40:17,0.51,0.76,1.24,18.07,327.67,16.25,45.48,930.3040,-104,3.25,-104.0,3.25
3,2026-09-14 13:40:17,1.05,1.37,2.22,21.69,0.00,17.07,48.31,929.9200,0,0.00,-104.0,3.25
4,2026-09-14 14:20:17,0.44,0.67,1.12,10.82,327.67,17.29,42.30,930.0960,-104,2.50,-104.0,2.5
3,2026-09-14 14:20:17,1.01,1.38,2.06,13.56,0.00,18.70,43.79,929.7338,0,0.00,-104.0,2.5
4,2026-09-14 14:30:17,0.44,0.68,1.54,25.30,327.67,17.57,41.07,930.0434,-104,3.00,-104.0,3.0
3,2026-09-14 14:30:17,1.03,1.38,2.17,22.48,0.00,19.95,40.68,929.6741,0,0.00,-104.0,3.0
4,2026-09-14 14:40:17,0.47,0.73,1.14,6.46,327.67,17.97,39.91,930.0691,-102,3.75,-102.0,3.75
3,2026-09-14 14:40:17,1.06,1.40,2.02,12.31,0.00,19.62,40.85,929.6646,0,0.00,-102.0,3.75
4,2026-09-14 14:50:17,0.44,0.71,1.29,19.27,327.67,18.16,38.90,929.9876,-103,4.00,-103.0,4.0
3,2026-09-14 14:50:17,1.05,1.38,1.96,8.44,0.00,19.32,41.31,929.5878,0,0.00,-103.0,4.0
4,2026-09-14 15:00:14,0.42,0.67,1.14,8.60,327.67,17.97,38.24,929.9764,-102,-0.25,-102.0,-0.25
4,2026-09-14 15:10:17,0.38,0.64,1.34,9.53,327.67,18.11,37.46,929.9513,-103,4.00,-103.0,4.0
3,2026-09-14 15:10:17,1.02,1.31,1.85,21.21,0.00,19.15,41.47,929.5801,0,0.00,-103.0,4.0
4,2026-09-14 15:30:17,0.40,0.64,1.13,11.68,327.67,18.64,37.35,929.8552,-103,3.50,-103.0,3.5
3,2026-09-14 15:30:17,1.03,1.31,2.15,15.95,0.00,20.21,38.34,929.4835,0,0.00,-103.0,3.5
4,2026-09-14 15:50:17,0.39,0.61,1.19,13.80,327.67,19.73,34.51,929.8898,-102,4.00,-102.0,4.0
3,2026-09-14 15:50:17,1.07,1.30,1.78,11.83,0.00,20.74,37.32,929.5668,0,0.00,-102.0,4.0
4,2026-09-14 16:30:17,0.33,0.51,1.00,12.36,327.67,19.57,34.68,929.8505,-103,3.75,-103.0,3.75
3,2026-09-14 16:30:17,0.96,1.21,1.60,9.62,0.00,21.42,35.93,929.4965,0,0.00,-103.0,3.75
4,2026-09-14 16:50:17,0.33,0.47,0.89,18.81,327.67,20.08,34.33,929.6195,-104,3.50,-104.0,3.5
3,2026-09-14 16:50:17,0.98,1.25,1.75,10.51,0.00,20.94,36.50,929.1545,0,0.00,-104.0,3.5
4,2026-09-14 17:10:17,0.33,0.52,1.11,18.47,327.67,20.71,32.98,929.4741,-102,3.75,-102.0,3.75
3,2026-09-14 17:10:17,0.91,1.10,1.71,14.54,0.00,20.86,35.93,928.9807,0,0.00,-102.0,3.75
4,2026-09-14 17:20:17,0.32,0.45,0.64,6.04,327.67,20.51,32.98,929.5350,-103,3.25,-103.0,3.25
3,2026-09-14 17:20:17,1.02,1.25,2.12,15.41,0.00,20.65,36.24,929.0611,0,0.00,-103.0,3.25
4,2026-09-14 17:30:17,0.30,0.51,1.31,21.84,327.67,20.01,33.63,929.4619,-104,2.25,-104.0,2.25
3,2026-09-14 17:30:17,0.95,1.19,2.03,22.07,0.00,20.85,34.47,929.0208,0,0.00,-104.0,2.25
4,2026-09-14 17:50:14,0.35,0.90,3.79,98.49,327.67,19.30,32.24,929.1747,-102,2.50,-102.0,2.5
4,2026-09-14 18:00:17,0.34,0.76,2.58,99.13,327.67,19.89,29.97,929.1431,-104,2.75,-104.0,2.75
3,2026-09-14 18:00:17,1.02,1.25,2.18,19.38,0.00,20.74,31.40,928.7268,0,0.00,-104.0,2.75
4,2026-09-14 18:10:14,0.31,0.46,1.03,18.30,327.67,20.39,29.45,929.1214,-103,1.75,-103.0,1.75
4,2026-09-14 18:50:17,0.32,0.47,0.86,9.71,327.67,19.78,30.16,929.1325,-102,3.50,-102.0,3.5
3,2026-09-14 18:50:17,0.96,1.13,1.54,10.49,0.00,20.80,30.65,928.7460,0,0.00,-102.0,3.5
4,2026-09-14 19:30:17,0.30,0.44,0.94,20.10,327.67,18.16,30.06,928.8931,-101,4.75,-101.0,4.75
3,2026-09-14 19:30:17,0.92,1.08,1.52,19.27,0.00,17.55,34.68,928.4782,0,0.00,-101.0,4.75
4,2026-09-14 19:50:17,0.33,0.45,0.72,15.09,327.67,16.83,31.36,929.0009,-101,4.50,-101.0,4.5
3,2026-09-14 19:50:17,0.97,1.19,1.86,20.18,0.00,15.53,40.62,928.5655,0,0.00,-101.0,4.5
4,2026-09-14 20:20:17,0.37,0.59,1.37,10.58,327.67,14.04,42.98,929.3197,-100,5.25,-100.0,5.25
3,2026-09-14 20:20:17,0.91,1.31,2.93,19.74,0.00,12.95,49.40,928.8770,0,0.00,-100.0,5.25
4,2026-09-14 20:50:14,0.46,0.71,1.83,27.08,327.67,11.43,54.90,929.6776,-101,3.25,-101.0,3.25
4,2026-09-14 21:00:17,0.41,0.62,1.32,19.45,327.67,10.73,56.50,929.6748,-100,5.25,-100.0,5.25
3,2026-09-14 21:00:17,0.82,1.10,2.30,19.13,0.00,10.32,56.66,929.2586,0,0.00,-100.0,5.25
4,2026-09-14 21:10:17,0.41,0.57,1.29,28.08,327.67,10.33,54.94,929.6615,-101,5.00,-101.0,5.0
3,2026-09-14 21:10:17,0.85,1.18,1.79,12.72,0.00,9.47,56.59,929.2777,0,0.00,-101.0,5.0
4,2026-09-14 21:20:14,0.43,0.64,1.64,24.99,327.67,9.97,55.49,929.7441,-101,4.00,-101.0,4.0
4,2026-09-14 21:40:14,0.46,0.64,0.86,5.55,327.67,9.10,59.44,929.7489,-101,1.50,-101.0,1.5
3,2026-09-14 21:40:17,0.87,1.21,3.08,27.76,0.00,8.43,66.73,929.4350,0,0.00,-101.0,5.0
4,2026-09-14 21:50:14,0.44,0.64,1.15,18.38,327.67,8.74,58.76,929.7793,-100,4.25,-100.0,4.25
3,2026-09-14 21:50:17,0.86,1.18,2.81,27.68,0.00,8.12,64.89,929.4930,0,0.00,-100.0,5.75
4,2026-09-14 22:00:14,0.45,0.68,0.98,10.28,327.67,8.35,60.59,929.8940,-101,3.50,-101.0,3.5
4,2026-09-14 22:10:14,0.45,0.65,1.18,23.54,327.67,8.14,60.40,929.8889,-100,4.00,-100.0,4.0
4,2026-09-14 22:20:14,0.46,0.67,1.37,29.02,327.67,7.86,61.39,929.8559,-101,3.25,-101.0,3.25
3,2026-09-14 22:20:17,0.76,1.08,1.71,16.26,0.00,7.60,65.52,929.5481,0,0.00,-100.0,6.0
4,2026-09-14 22:30:14,0.41,0.62,1.11,15.74,327.67,8.27,58.07,929.8525,-101,3.25,-101.0,3.25
4,2026-09-14 22:40:14,0.46,0.72,1.85,34.71,327.67,7.96,60.11,929.8450,-101,4.00,-101.0,4.0
4,2026-09-14 22:50:14,0.47,0.75,1.86,30.18,327.67,7.72,60.98,929.8191,-101,2.50,-101.0,2.5
4,2026-09-14 23:00:14,0.44,0.69,1.24,11.64,327.67,8.25,59.78,929.8250,-101,3.75,-101.0,3.75
4,2026-09-14 23:10:14,0.44,0.62,1.39,25.96,327.67,8.36,59.44,929.9053,-100,4.50,-100.0,4.5
3,2026-09-14 23:10:17,0.85,1.17,1.89,15.69,0.00,5.83,68.43,929.5913,0,0.00,-100.0,5.75
4,2026-09-14 23:20:14,0.47,0.68,1.13,26.24,327.67,7.91,60.22,929.9481,-101,4.25,-101.0,4.25
4,2026-09-14 23:40:14,0.50,0.69,1.49,28.59,327.67,7.35,62.85,930.0719,-101,3.75,-101.0,3.75
4,2026-09-14 23:50:14,0.45,0.68,1.01,10.08,327.67,6.90,64.32,930.1152,-101,4.25,-101.0,4.25
4,2026-09-15 00:30:14,0.50,0.76,1.38,9.79,327.67,5.38,67.59,930.0675,-101,3.50,-101.0,3.5
4,2026-09-15 00:40:17,0.51,0.79,1.47,22.72,327.67,5.17,68.60,930.0719,-100,5.50,-100.0,5.5
3,2026-09-15 00:40:17,1.02,1.42,2.31,23.62,0.08,4.14,71.56,929.7941,0,0.00,-100.0,5.5
4,2026-09-15 01:00:14,0.60,0.88,1.45,11.16,327.67,4.95,69.80,930.1578,-101,3.25,-101.0,3.25
4,2026-09-15 01:30:14,0.74,1.06,1.88,9.94,327.67,4.18,74.20,930.2240,-101,3.50,-101.0,3.5
4,2026-09-15 01:40:14,0.61,0.89,1.48,18.62,327.67,4.00,73.84,930.1915,-101,4.50,-101.0,4.5
4,2026-09-15 01:50:14,0.63,0.86,1.37,12.03,327.67,3.93,72.35,930.1627,-101,4.00,-101.0,4.0
3,2026-09-15 01:50:17,1.33,1.94,2.90,23.13,0.04,3.03,73.20,929.8611,0,0.00,-100.0,6.0
4,2026-09-15 02:10:14,0.68,1.01,1.67,9.10,327.67,3.63,74.69,930.1088,-101,3.25,-101.0,3.25
3,2026-09-15 02:10:17,1.00,1.43,2.34,17.27,0.25,2.77,71.25,929.7801,0,0.00,-100.0,5.75
4,2026-09-15 02:20:14,0.85,1.24,2.20,19.20,327.67,3.54,74.62,930.1189,-101,4.50,-101.0,4.5
3,2026-09-15 02:20:17,1.13,1.67,2.70,26.08,1.12,2.86,72.49,929.7779,0,0.00,-99.0,6.25
4,2026-09-15 02:30:14,0.76,1.11,1.75,8.82,327.67,3.37,74.77,930.1714,-101,3.50,-101.0,3.5
4,2026-09-15 02:40:14,0.74,1.04,1.62,21.18,327.67,3.30,74.75,930.2061,-101,3.25,-101.0,3.25
4,2026-09-15 02:50:14,0.80,1.14,1.44,6.61,327.67,2.96,74.34,930.2087,-101,3.75,-101.0,3.75
3,2026-09-15 02:50:17,1.22,1.85,2.91,25.39,0.00,2.45,72.94,929.8978,0,0.00,-100.0,5.5
4,2026-09-15 03:00:14,0.75,1.05,1.39,5.76,327.67,2.93,75.93,930.1844,-101,3.75,-101.0,3.75
3,2026-09-15 03:00:17,1.49,2.27,3.99,34.69,0.01,2.40,74.13,929.8660,0,0.00,-101.0,5.0
4,2026-09-15 03:30:14,0.80,1.11,2.25,20.84,327.67,2.97,74.42,930.2036,-101,3.50,-101.0,3.5
4,2026-09-15 03:40:14,0.89,1.24,1.95,18.49,327.67,2.61,74.62,930.1796,-101,4.50,-101.0,4.5
4,2026-09-15 03:50:14,1.01,1.49,2.41,15.20,327.67,2.34,75.87,930.1658,-101,4.00,-101.0,4.0
4,2026-09-15 04:00:14,1.02,1.48,2.71,23.84,327.67,2.27,75.55,930.1861,-101,4.25,-101.0,4.25
4,2026-09-15 04:10:14,0.96,1.36,2.05,12.82,327.67,2.12,76.11,930.2154,-101,4.00,-101.0,4.0
4,2026-09-15 04:20:14,1.00,1.36,1.70,5.97,327.67,2.07,77.24,930.2915,-101,3.75,-101.0,3.75
4,2026-09-15 04:30:14,0.86,1.15,1.93,24.85,327.67,2.06,76.02,930.4136,-101,3.50,-101.0,3.5
4,2026-09-15 04:40:14,0.88,1.20,1.83,18.74,327.67,1.94,75.98,930.6209,-101,3.75,-101.0,3.75
4,2026-09-15 04:50:14,0.86,1.21,1.71,11.32,327.67,1.99,77.24,930.6604,-101,3.75,-101.0,3.75
4,2026-09-15 05:00:17,0.87,1.16,1.83,19.72,327.67,2.29,74.56,930.4796,-101,4.25,-101.0,4.25
3,2026-09-15 05:00:17,1.34,1.94,3.15,27.48,0.12,1.50,71.84,930.2242,0,0.00,-101.0,4.25
4,2026-09-15 05:10:14,0.96,1.31,1.76,7.88,327.67,2.22,74.64,930.3394,-101,3.75,-101.0,3.75
3,2026-09-15 05:10:17,1.84,2.82,4.44,24.99,0.00,1.27,73.74,930.1099,0,0.00,-102.0,4.5
4,2026-09-15 05:20:14,0.99,1.32,1.85,11.44,327.67,1.60,78.45,930.3099,-101,4.25,-101.0,4.25
4,2026-09-15 05:30:14,0.86,1.16,1.91,18.03,327.67,1.50,79.95,930.2956,-100,4.50,-100.0,4.5
4,2026-09-15 05:40:14,0.95,1.27,1.70,11.64,327.67,2.16,78.82,930.0901,-101,4.00,-101.0,4.0
4,2026-09-15 05:50:14,1.13,1.49,2.19,10.84,327.67,2.71,74.42,930.0602,-101,3.25,-101.0,3.25
4,2026-09-15 06:00:14,1.02,1.32,1.74,11.13,327.67,2.81,74.77,930.0185,-101,3.50,-101.0,3.5
4,2026-09-15 06:10:14,1.16,1.57,2.17,20.84,327.67,1.98,77.23,929.9945,-100,4.75,-100.0,4.75
4,2026-09-15 06:20:14,1.09,1.47,2.02,12.65,327.67,1.39,79.53,929.9356,-101,3.75,-101.0,3.75
4,2026-09-15 06:30:14,0.77,1.07,1.56,18.05,327.67,1.38,79.15,929.9802,-101,4.25,-101.0,4.25
3,2026-09-15 06:30:17,1.47,2.20,3.63,22.52,0.00,0.97,73.96,929.7530,0,0.00,-101.0,5.25
4,2026-09-15 06:40:14,0.94,1.29,1.83,13.75,327.67,1.76,77.99,930.1206,-100,4.00,-100.0,4.0
4,2026-09-15 06:50:14,0.95,1.33,1.80,7.00,327.67,1.82,76.97,930.1603,-101,3.00,-101.0,3.0
4,2026-09-15 07:10:14,0.89,1.17,1.55,14.00,327.67,1.94,76.92,930.1786,-100,3.75,-100.0,3.75
4,2026-09-15 07:20:14,0.89,1.22,1.75,13.58,327.67,1.48,78.67,930.1533,-100,3.25,-100.0,3.25
4,2026-09-15 07:30:14,0.81,1.08,1.73,20.33,327.67,1.90,77.87,929.9950,-101,3.75,-101.0,3.75
4,2026-09-15 07:40:14,0.81,1.07,1.52,16.30,327.67,2.27,76.35,929.7714,-101,3.75,-101.0,3.75
4,2026-09-15 07:50:14,1.04,1.40,2.47,21.67,327.67,2.43,74.76,929.5277,-101,3.75,-101.0,3.75
4,2026-09-15 08:00:14,1.12,1.48,2.21,23.12,327.67,2.32,74.37,929.4052,-100,4.25,-100.0,4.25
4,2026-09-15 08:10:14,1.05,1.44,2.01,18.76,327.67,2.11,75.54,929.3718,-100,4.50,-100.0,4.5
4,2026-09-15 08:20:14,0.59,0.82,1.65,23.64,327.67,2.49,76.89,929.3262,-101,3.75,-101.0,3.75
4,2026-09-15 08:30:14,0.53,0.75,1.15,8.60,327.67,4.88,69.37,929.3634,-101,4.50,-101.0,4.5
4,2026-09-15 08:40:14,0.49,0.67,1.73,20.14,327.67,6.15,63.85,929.3202,-100,4.50,-100.0,4.5
4,2026-09-15 08:50:14,0.53,0.73,1.18,13.53,327.67,4.93,66.79,929.2303,-100,4.25,-100.0,4.25
4,2026-09-15 09:00:14,0.47,0.65,1.76,21.20,327.67,3.86,70.74,929.2446,-101,3.50,-101.0,3.5
4,2026-09-15 09:10:14,0.40,0.57,0.93,11.90,327.67,4.68,68.98,929.1513,-101,4.00,-101.0,4.0
4,2026-09-15 09:20:14,0.39,0.54,1.00,22.07,327.67,4.40,70.01,929.0799,-102,4.25,-102.0,4.25
3,2026-09-15 09:20:17,0.84,1.17,3.22,44.69,0.00,5.06,73.45,929.0353,0,0.00,-101.0,5.0
4,2026-09-15 09:30:14,0.39,0.57,1.11,8.63,327.67,4.54,69.05,929.0194,-102,4.00,-102.0,4.0
3,2026-09-15 09:30:17,0.79,1.06,2.05,27.71,0.00,5.53,72.27,928.9505,0,0.00,-100.0,5.5
4,2026-09-15 09:40:14,0.38,0.54,1.13,13.25,327.67,5.16,68.01,928.9827,-101,4.75,-101.0,4.75
3,2026-09-15 09:40:17,0.80,1.11,2.89,44.96,0.08,5.95,70.14,928.8759,0,0.00,-100.0,5.0
4,2026-09-15 09:50:14,0.39,0.55,0.85,8.11,327.67,5.59,66.22,929.0163,-99,4.75,-99.0,4.75
3,2026-09-15 09:50:17,0.84,1.16,2.53,21.99,0.00,6.31,69.34,928.8619,0,0.00,-101.0,5.25
4,2026-09-15 10:10:14,0.40,0.56,1.35,30.78,327.67,5.98,66.20,928.9443,-102,3.75,-102.0,3.75
4,2026-09-15 10:20:14,0.40,0.56,1.57,25.69,327.67,6.91,64.42,928.9380,-101,3.25,-101.0,3.25
4,2026-09-15 10:30:14,0.40,0.55,1.41,16.93,327.67,7.20,63.52,929.0062,-101,2.50,-101.0,2.5
4,2026-09-15 10:50:14,0.41,0.54,1.54,18.14,327.67,8.33,60.41,928.9522,-101,3.50,-101.0,3.5
4,2026-09-15 11:00:14,0.43,0.65,1.62,20.85,327.67,8.81,59.45,928.8826,-101,2.75,-101.0,2.75
4,2026-09-15 11:20:17,0.46,0.72,2.09,20.77,327.67,11.28,55.31,928.8101,-103,4.25,-103.0,4.25
3,2026-09-15 11:20:17,1.01,1.32,3.14,27.79,0.00,12.60,53.32,928.5318,0,0.00,-103.0,4.25
4,2026-09-15 11:50:14,0.49,0.74,1.98,31.59,327.67,11.69,54.45,928.6458,-102,3.00,-102.0,3.0
4,2026-09-15 12:00:14,0.52,0.78,1.98,17.72,327.67,13.25,51.14,928.6127,-101,4.00,-101.0,4.0
4,2026-09-15 12:10:14,0.50,0.72,1.78,28.07,327.67,14.72,46.49,928.3807,-101,3.00,-101.0,3.0
3,2026-09-15 12:10:17,1.09,1.40,3.46,28.06,0.00,14.72,48.51,928.0408,0,0.00,-102.0,4.0
4,2026-09-15 12:20:14,0.47,0.67,2.22,21.72,327.67,15.56,43.74,928.2251,-101,3.75,-101.0,3.75
3,2026-09-15 12:20:17,1.18,1.55,3.18,21.21,0.00,15.88,44.79,927.9203,0,0.00,-102.0,4.5
4,2026-09-15 12:30:14,0.45,0.69,2.09,18.65,327.67,15.66,42.36,928.0883,-102,3.50,-102.0,3.5
4,2026-09-15 12:40:14,0.42,0.62,1.71,19.32,327.67,14.92,44.06,927.9501,-102,3.00,-102.0,3.0
4,2026-09-15 12:50:14,0.52,0.78,1.79,23.46,327.67,14.56,46.27,927.7255,-101,3.75,-101.0,3.75
4,2026-09-15 13:00:14,0.55,0.84,2.04,24.12,327.67,15.84,43.42,927.4618,-101,4.25,-101.0,4.25
3,2026-09-15 13:00:17,1.23,1.65,5.03,37.14,0.00,16.57,43.65,927.0745,0,0.00,-101.0,4.75
4,2026-09-15 13:10:14,0.56,0.86,2.84,32.42,327.67,16.05,42.82,927.3774,-102,3.25,-102.0,3.25
3,2026-09-15 13:10:17,1.06,1.40,3.77,27.55,0.02,16.85,42.63,927.0196,0,0.00,-102.0,5.0
4,2026-09-15 13:20:17,0.56,0.86,2.91,24.12,327.67,14.75,45.45,927.3583,-101,5.00,-101.0,5.0
3,2026-09-15 13:20:17,1.16,1.47,3.57,41.29,0.00,15.90,44.23,927.0201,0,0.00,-101.0,5.0
4,2026-09-15 14:00:14,0.56,0.86,3.40,48.16,327.67,14.89,44.11,927.0571,-101,3.25,-101.0,3.25
4,2026-09-15 14:10:14,0.61,1.05,6.81,50.04,327.67,14.78,45.16,926.8922,-101,3.00,-101.0,3.0
3,2026-09-15 14:10:17,1.22,1.65,5.20,51.59,0.00,16.27,43.56,926.5272,0,0.00,-102.0,3.75
4,2026-09-15 14:20:14,0.56,1.01,4.08,34.59,327.67,15.14,43.95,926.8544,-101,3.50,-101.0,3.5
3,2026-09-15 14:20:17,1.16,1.69,5.94,47.73,0.00,16.25,44.71,926.5011,0,0.00,-101.0,4.25
4,2026-09-15 14:30:14,0.54,0.88,2.93,23.82,327.67,14.88,44.30,926.8140,-101,3.50,-101.0,3.5
3,2026-09-15 14:30:17,1.20,1.66,4.78,38.78,0.00,16.10,45.07,926.4336,0,0.00,-102.0,4.0
4,2026-09-15 14:50:14,0.57,0.92,4.86,52.21,327.67,15.38,43.11,926.6747,-101,2.75,-101.0,2.75
3,2026-09-15 14:50:17,1.16,1.59,4.89,39.44,0.00,16.47,45.16,926.3023,0,0.00,-102.0,3.75
4,2026-09-15 15:00:14,0.57,0.87,3.73,25.72,327.67,15.13,45.27,926.5526,-101,3.50,-101.0,3.5
3,2026-09-15 15:00:17,1.33,1.82,5.37,26.94,0.00,16.18,45.04,926.1371,0,0.00,-102.0,4.25
4,2026-09-15 15:10:14,0.61,0.93,2.95,35.32,327.67,14.93,45.62,926.3143,-102,3.50,-102.0,3.5
4,2026-09-15 15:20:14,0.63,0.96,3.56,26.51,327.67,15.40,44.38,926.2181,-101,3.50,-101.0,3.5
3,2026-09-15 15:20:17,1.20,1.69,8.16,60.93,0.00,16.89,43.19,925.7597,0,0.00,-102.0,4.25
4,2026-09-15 15:30:14,0.64,1.04,4.12,45.53,327.67,15.68,43.98,926.1650,-102,3.25,-102.0,3.25
4,2026-09-15 15:40:14,0.61,1.02,5.32,31.94,327.67,15.99,43.43,926.1453,-101,4.25,-101.0,4.25
4,2026-09-15 15:50:14,0.62,1.03,5.43,34.29,327.67,16.47,42.05,926.0937,-101,3.00,-101.0,3.0
4,2026-09-15 16:00:14,0.64,1.09,5.69,58.53,327.67,16.85,41.69,925.9341,-101,2.75,-101.0,2.75
4,2026-09-15 16:10:14,0.67,1.34,8.76,68.87,327.67,16.75,40.82,925.7998,-102,3.25,-102.0,3.25
3,2026-09-15 16:10:17,1.32,2.13,11.68,72.81,0.00,17.06,42.80,925.3372,0,0.00,-102.0,4.5
4,2026-09-15 16:20:17,0.64,1.22,8.17,52.54,327.67,16.55,41.28,925.6234,-102,4.25,-102.0,4.25
3,2026-09-15 16:20:17,1.39,2.17,8.66,51.61,0.00,16.91,42.84,925.2114,0,0.00,-102.0,4.25
4,2026-09-15 16:40:14,0.67,1.35,8.70,39.87,327.67,16.02,42.45,925.2235,-101,3.50,-101.0,3.5
4,2026-09-15 16:50:14,0.66,1.28,8.40,62.30,327.67,15.98,42.42,925.1480,-102,3.25,-102.0,3.25
4,2026-09-15 17:00:14,0.70,1.45,10.80,76.36,327.67,16.03,42.41,925.0321,-102,2.75,-102.0,2.75
4,2026-09-15 17:30:14,0.74,1.43,6.27,41.24,327.67,15.21,44.81,924.7243,-101,3.00,-101.0,3.0
3,2026-09-15 17:30:17,1.24,1.89,9.93,52.53,0.00,15.30,46.56,924.3313,0,0.00,-101.0,5.0
4,2026-09-15 17:40:14,0.75,1.45,7.19,36.17,327.67,14.93,45.92,924.5003,-102,3.25,-102.0,3.25
4,2026-09-15 17:50:14,0.73,1.49,7.58,33.23,327.67,14.77,45.84,924.3103,-102,4.00,-102.0,4.0
4,2026-09-15 18:00:14,0.81,1.88,9.85,104.70,327.67,14.64,46.04,924.0824,-102,2.75,-102.0,2.75
4,2026-09-15 18:10:17,0.96,2.29,13.62,68.92,327.67,14.39,46.54,923.9508,-101,5.25,-101.0,5.25
3,2026-09-15 18:10:17,1.30,2.37,12.31,55.29,0.00,14.78,48.56,923.5865,0,0.00,-101.0,5.25
4,2026-09-15 18:30:17,0.82,2.12,13.55,79.61,327.67,14.36,46.78,923.7717,-101,4.50,-101.0,4.5
3,2026-09-15 18:30:17,1.25,2.02,9.67,62.66,0.00,14.08,53.85,923.4033,0,0.00,-101.0,4.5
4,2026-09-15 18:40:14,0.78,2.18,14.01,57.66,327.67,14.23,47.02,923.6423,-101,3.50,-101.0,3.5
3,2026-09-15 18:40:17,1.23,1.99,10.80,91.27,0.00,14.06,52.87,923.2765,0,0.00,-102.0,4.75
4,2026-09-15 18:50:14,0.72,1.94,12.63,62.64,327.67,14.33,46.84,923.5568,-101,4.00,-101.0,4.0
4,2026-09-15 19:00:14,0.71,1.82,14.58,327.67,327.67,14.14,48.28,923.5845,-101,3.50,-101.0,3.5
4,2026-09-15 19:10:14,0.74,1.79,11.94,52.15,327.67,13.51,51.18,923.5892,-101,3.25,-101.0,3.25
4,2026-09-15 19:20:17,0.74,2.00,12.81,63.24,327.67,13.73,49.20,923.5759,-101,5.25,-101.0,5.25
3,2026-09-15 19:20:17,1.25,2.82,20.59,69.21,0.00,13.60,50.64,923.1146,0,0.00,-101.0,5.25
4,2026-09-15 19:30:14,0.69,2.10,16.47,79.61,327.67,13.17,49.93,923.4699,-101,2.75,-101.0,2.75
4,2026-09-15 19:40:17,0.71,2.51,24.83,327.67,327.67,13.31,49.98,923.4184,-102,4.75,-102.0,4.75
3,2026-09-15 19:40:17,1.22,3.44,29.35,90.50,0.00,12.58,55.70,923.0572,0,0.00,-102.0,4.75
4,2026-09-15 19:50:13,0.73,2.49,17.47,55.74,327.67,13.58,49.87,923.2842,-102,2.75,-102.0,2.75
4,2026-09-15 20:00:14,0.70,2.46,18.62,73.67,327.67,13.11,50.80,923.3243,-101,2.50,-101.0,2.5
4,2026-09-15 20:10:14,0.73,2.03,14.79,62.06,327.67,11.44,57.91,923.3202,-102,3.00,-102.0,3.0
3,2026-09-15 20:10:17,1.10,2.55,20.51,86.52,0.00,12.78,52.83,922.9069,0,0.00,-101.0,5.0
4,2026-09-15 20:20:14,0.70,2.09,13.52,56.46,327.67,11.44,56.68,923.2809,-102,2.75,-102.0,2.75
4,2026-09-15 20:30:17,0.67,1.93,12.32,47.26,327.67,11.20,57.40,923.2170,-101,5.25,-101.0,5.25
3,2026-09-15 20:30:17,1.16,2.46,14.49,51.70,0.00,11.70,57.98,922.7545,0,0.00,-101.0,5.25
4,2026-09-15 20:40:13,0.72,2.17,13.64,72.27,327.67,11.49,55.64,923.2442,-102,3.25,-102.0,3.25
4,2026-09-15 20:50:14,0.73,2.19,16.70,67.64,327.67,11.54,55.86,923.2568,-102,2.50,-102.0,2.5
4,2026-09-15 21:00:14,0.70,2.16,22.26,327.67,327.67,11.89,54.36,923.2367,-102,2.75,-102.0,2.75
4,2026-09-15 21:10:13,0.80,2.32,23.80,327.67,327.67,11.77,55.50,923.2825,-101,3.00,-101.0,3.0
4,2026-09-15 21:20:13,0.78,2.25,20.45,327.67,327.67,11.25,57.85,923.3639,-101,3.75,-101.0,3.75
4,2026-09-15 21:30:13,0.76,2.07,14.69,62.68,327.67,11.08,58.40,923.3512,-101,3.50,-101.0,3.5
4,2026-09-15 21:40:13,0.79,2.12,13.58,64.92,327.67,11.08,57.76,923.4381,-100,4.25,-100.0,4.25
3,2026-09-15 21:40:17,1.16,2.51,15.18,86.15,0.00,11.60,56.47,923.0360,0,0.00,-101.0,4.75
4,2026-09-15 22:00:13,0.81,1.98,12.90,69.52,327.67,9.90,62.22,923.3797,-101,3.25,-101.0,3.25
3,2026-09-15 22:00:17,1.27,2.74,15.23,52.18,0.00,10.36,62.77,923.0719,0,0.00,-101.0,5.5
4,2026-09-15 22:10:13,0.87,2.15,11.52,71.89,327.67,9.48,64.94,923.3869,-101,3.75,-101.0,3.75
4,2026-09-15 22:20:13,0.85,2.18,14.79,53.49,327.67,9.32,64.71,923.3562,-101,3.75,-101.0,3.75
3,2026-09-15 22:20:17,1.16,2.47,14.28,56.88,0.00,10.06,62.04,922.9685,0,0.00,-101.0,4.75
4,2026-09-15 22:30:13,0.80,1.99,12.69,69.22,327.67,9.40,64.53,923.1287,-100,3.75,-100.0,3.75
3,2026-09-15 22:30:17,1.22,2.49,15.73,56.06,0.00,9.81,63.44,922.7562,0,0.00,-101.0,5.25
4,2026-09-15 22:40:13,0.84,2.07,13.89,76.72,327.67,9.34,64.82,923.0034,-100,3.75,-100.0,3.75
4,2026-09-15 22:50:13,0.76,2.02,12.49,54.63,327.67,9.48,63.17,922.9554,-100,3.00,-100.0,3.0
4,2026-09-15 23:00:13,0.83,1.99,14.83,74.04,327.67,9.58,63.76,922.8711,-100,3.75,-100.0,3.75
4,2026-09-15 23:10:13,0.79,2.06,12.78,58.56,327.67,9.32,64.15,922.6640,-100,3.75,-100.0,3.75
4,2026-09-15 23:20:13,0.81,2.15,14.69,74.27,327.67,9.36,63.68,922.5762,-100,4.50,-100.0,4.5
3,2026-09-15 23:20:17,1.17,2.53,13.93,61.79,0.00,10.05,63.39,922.1523,0,0.00,-100.0,4.5
4,2026-09-15 23:30:13,0.82,2.17,14.40,57.56,327.67,9.62,63.00,922.4552,-100,3.75,-100.0,3.75
3,2026-09-15 23:30:17,1.30,2.69,14.04,64.83,0.00,10.24,61.64,922.0461,0,0.00,-100.0,5.25
4,2026-09-15 23:40:13,0.80,2.01,13.84,74.10,327.67,9.76,62.85,922.2938,-100,3.75,-100.0,3.75
4,2026-09-15 23:50:13,0.81,2.13,12.25,70.40,327.67,9.73,63.04,922.1994,-101,3.25,-101.0,3.25
4,2026-09-16 00:00:17,0.86,2.17,13.37,66.49,327.67,9.44,64.58,922.1022,-100,5.25,-100.0,5.25
3,2026-09-16 00:00:17,1.23,2.52,14.59,82.39,0.00,9.49,65.61,921.7166,0,0.00,-100.0,5.25
4,2026-09-16 00:10:13,0.80,2.07,13.76,51.77,327.67,9.46,63.47,921.9061,-101,2.00,-101.0,2.0
4,2026-09-16 00:20:13,0.76,1.93,11.11,57.81,327.67,9.38,63.39,921.6765,-101,4.00,-101.0,4.0
4,2026-09-16 00:40:13,0.63,1.91,13.53,79.63,327.67,9.39,62.54,921.2955,-101,2.00,-101.0,2.0
3,2026-09-16 00:40:17,1.12,2.38,14.57,59.11,0.00,9.30,65.15,920.8044,0,0.00,-100.0,5.0
4,2026-09-16 00:50:17,0.75,2.01,13.35,54.70,327.67,10.41,60.37,921.2135,-100,5.50,-100.0,5.5
3,2026-09-16 00:50:17,1.05,2.46,17.60,76.93,0.00,9.46,64.80,920.6428,0,0.00,-100.0,5.5
4,2026-09-16 01:00:13,0.72,1.90,12.05,59.51,327.67,10.15,61.85,920.9042,-101,3.00,-101.0,3.0
3,2026-09-16 01:00:17,0.95,2.38,31.23,327.67,0.00,10.40,61.13,920.4293,0,0.00,-101.0,5.5
4,2026-09-16 01:10:13,0.56,1.99,22.10,327.67,327.67,10.21,59.95,920.6912,-102,3.75,-102.0,3.75
4,2026-09-16 01:30:13,0.52,2.04,19.55,73.70,327.67,11.51,54.89,920.4680,-101,3.00,-101.0,3.0
3,2026-09-16 01:30:17,0.99,2.40,16.84,74.85,0.00,9.73,63.24,919.9439,0,0.00,-100.0,5.25
4,2026-09-16 01:40:13,0.47,1.99,15.36,74.75,327.67,11.75,53.88,920.1544,-101,3.75,-101.0,3.75
4,2026-09-16 01:50:13,0.44,2.06,17.26,57.41,327.67,11.80,53.73,919.8713,-101,4.25,-101.0,4.25
4,2026-09-16 02:00:13,0.45,2.16,16.81,57.61,327.67,11.89,53.82,919.5992,-101,2.25,-101.0,2.25
4,2026-09-16 02:10:13,0.40,2.02,17.78,327.67,327.67,11.32,55.34,919.3972,-101,2.75,-101.0,2.75
3,2026-09-16 02:10:17,0.98,2.99,19.73,86.83,0.00,12.18,55.88,918.8053,0,0.00,-102.0,5.0
4,2026-09-16 02:40:13,13.45,232.75,327.67,327.67,327.67,11.32,56.73,917.8578,-100,5.25,-100.0,5.25
4,2026-09-16 03:10:13,1.61,27.32,184.19,327.67,327.67,12.61,51.68,918.3682,-104,2.00,-104.0,2.0
4,2026-09-16 03:20:13,7.04,140.53,327.67,327.67,327.67,12.73,51.93,917.9990,-101,4.25,-101.0,4.25
3,2026-09-16 03:20:17,0.60,0.94,5.02,54.89,0.00,16.25,41.23,917.6123,0,0.00,-102.0,5.0
4,2026-09-16 03:30:13,13.37,252.86,327.67,327.67,327.67,12.37,53.33,917.8486,-103,2.50,-103.0,2.5
4,2026-09-16 03:40:13,17.64,314.70,327.67,327.67,327.67,12.18,54.37,917.6343,-99,5.25,-99.0,5.25
4,2026-09-16 03:50:13,15.24,257.12,327.67,327.67,327.67,11.55,56.72,917.3259,-102,3.25,-102.0,3.25
3,2026-09-16 03:50:17,0.84,2.38,24.88,327.67,0.00,12.56,55.54,917.2942,0,0.00,-101.0,5.25
4,2026-09-16 04:00:17,22.23,327.67,327.67,327.67,327.67,10.86,59.27,917.1366,-102,4.75,-102.0,4.75
3,2026-09-16 04:00:17,0.75,1.75,11.19,54.33,0.00,11.96,57.06,917.4693,0,0.00,-102.0,4.75
4,2026-09-16 04:10:17,18.63,299.73,327.67,327.67,327.67,10.70,59.26,917.1897,-102,4.75,-102.0,4.75
3,2026-09-16 04:10:17,0.84,1.96,12.39,75.91,0.00,12.00,56.58,917.2961,0,0.00,-102.0,4.75
4,2026-09-16 04:20:13,18.73,302.13,327.67,327.67,327.67,10.85,58.43,917.0963,-100,4.50,-100.0,4.5
3,2026-09-16 04:20:17,0.97,2.10,12.03,54.25,0.00,12.24,55.54,917.1633,0,0.00,-103.0,4.5
4,2026-09-16 04:30:17,16.41,290.42,327.67,327.67,327.67,11.06,57.50,917.1526,-103,4.00,-103.0,4.0
3,2026-09-16 04:30:17,0.79,1.91,11.02,48.14,0.00,12.11,55.80,916.9672,0,0.00,-103.0,4.0
4,2026-09-16 04:50:13,10.57,179.87,327.67,327.67,327.67,11.43,56.68,917.5153,-100,5.00,-100.0,5.0
3,2026-09-16 04:50:17,0.79,2.00,14.42,160.06,0.00,11.28,58.87,917.0859,0,0.00,-102.0,4.75
4,2026-09-16 05:00:17,5.70,100.78,327.67,327.67,327.67,11.66,55.74,917.4802,-102,4.25,-102.0,4.25
3,2026-09-16 05:00:17,0.60,1.38,7.94,44.72,0.00,11.41,58.18,917.1218,0,0.00,-102.0,4.25
4,2026-09-16 05:20:13,5.94,104.58,327.67,327.67,327.67,11.64,55.40,917.5913,-100,3.75,-100.0,3.75
3,2026-09-16 05:20:17,0.63,1.99,14.16,46.27,0.00,11.52,57.91,917.1926,0,0.00,-100.0,5.75
4,2026-09-16 05:30:13,0.73,11.32,68.19,327.67,327.67,12.11,53.92,917.8042,-101,2.00,-101.0,2.0
3,2026-09-16 05:30:17,0.65,1.80,13.33,69.05,0.00,11.78,56.98,917.2758,0,0.00,-101.0,5.0
4,2026-09-16 06:10:13,3.06,56.83,327.67,327.67,327.67,12.34,52.59,917.5840,-101,3.00,-101.0,3.0
4,2026-09-16 06:20:13,7.78,146.07,327.67,327.67,327.67,12.05,53.87,917.4069,-100,3.25,-100.0,3.25
4,2026-09-16 06:30:13,6.64,125.36,327.67,327.67,327.67,12.17,53.65,917.3780,-101,2.25,-101.0,2.25
3,2026-09-16 06:30:17,0.88,3.16,25.38,82.81,0.00,12.83,53.47,916.9016,0,0.00,-102.0,4.5
4,2026-09-16 06:40:17,5.46,106.00,327.67,327.67,327.67,12.24,53.16,917.5140,-100,5.00,-100.0,5.0
3,2026-09-16 06:40:17,1.10,3.16,23.62,73.78,0.00,13.05,52.51,917.0287,0,0.00,-100.0,5.0
4,2026-09-16 07:00:13,0.22,1.96,15.59,78.91,327.67,11.72,53.51,917.6136,-101,3.25,-101.0,3.25
4,2026-09-16 07:10:17,1.22,18.26,124.23,327.67,327.67,12.65,49.66,917.4473,-100,5.50,-100.0,5.5
3,2026-09-16 07:10:17,1.02,2.76,19.55,127.18,0.00,13.80,48.96,916.9844,0,0.00,-100.0,5.5
4,2026-09-16 07:20:17,2.82,46.07,250.43,327.67,327.67,13.88,45.62,917.4628,-100,4.50,-100.0,4.5
3,2026-09-16 07:20:17,0.97,2.79,20.26,108.21,0.00,13.80,48.48,916.9718,0,0.00,-100.0,4.5
4,2026-09-16 07:30:13,10.31,186.56,327.67,327.67,327.67,13.58,46.80,917.5031,-102,1.00,-102.0,1.0
4,2026-09-16 07:40:13,6.26,105.15,327.67,327.67,327.67,13.57,46.60,917.6045,-101,3.00,-101.0,3.0
3,2026-09-16 07:40:17,1.45,4.09,33.33,179.10,0.00,13.81,48.07,917.1521,0,0.00,-102.0,4.0
4,2026-09-16 07:50:17,2.22,34.78,198.83,327.67,327.67,13.88,44.93,917.7523,-99,5.50,-99.0,5.5
3,2026-09-16 07:50:17,1.15,3.90,35.41,116.75,0.00,14.04,46.88,917.2818,0,0.00,-99.0,5.5
4,2026-09-16 08:00:17,6.46,99.89,327.67,327.67,327.67,14.23,43.54,917.6412,-101,4.75,-101.0,4.75
3,2026-09-16 08:00:17,1.16,4.02,30.82,137.53,0.00,14.54,45.61,917.3837,0,0.00,-101.0,4.75
4,2026-09-16 08:10:17,5.04,80.52,327.67,327.67,327.67,13.97,44.62,917.7222,-102,4.00,-102.0,4.0
3,2026-09-16 08:10:17,1.31,5.69,50.67,196.19,0.00,14.60,45.06,917.4536,0,0.00,-102.0,4.0
4,2026-09-16 08:20:17,8.38,134.11,327.67,327.67,327.67,14.16,44.27,917.7677,-102,4.75,-102.0,4.75
3,2026-09-16 08:20:17,1.87,8.34,70.80,270.71,0.00,14.28,46.25,917.5191,0,0.00,-102.0,4.75
4,2026-09-16 08:30:13,11.84,195.84,327.67,327.67,327.67,13.78,45.68,917.7562,-100,4.00,-100.0,4.0
3,2026-09-16 08:30:17,1.25,6.33,55.31,158.16,0.00,14.21,46.41,917.4142,0,0.00,-101.0,5.0
4,2026-09-16 08:40:17,19.56,307.88,327.67,327.67,327.67,14.19,44.47,917.4604,-103,4.25,-103.0,4.25
3,2026-09-16 08:40:17,1.23,6.10,58.20,243.82,0.00,14.42,45.47,917.0900,0,0.00,-103.0,4.25
4,2026-09-16 08:50:13,19.67,309.27,327.67,327.67,327.67,14.81,42.73,917.2954,-101,3.00,-101.0,3.0
3,2026-09-16 08:50:17,1.54,6.22,53.54,183.89,0.00,14.46,45.14,916.9432,0,0.00,-102.0,5.25
4,2026-09-16 09:00:13,12.91,201.05,327.67,327.67,327.67,15.00,42.88,917.0028,-99,4.75,-99.0,4.75
3,2026-09-16 09:00:17,1.22,6.26,45.25,164.97,0.00,13.76,47.51,916.7282,0,0.00,-101.0,4.75
4,2026-09-16 09:10:13,20.29,308.82,327.67,327.67,327.67,15.46,42.11,917.0193,-100,4.75,-100.0,4.75
3,2026-09-16 09:10:17,0.74,3.26,25.10,92.44,0.00,13.97,46.01,916.6668,0,0.00,-104.0,3.5
4,2026-09-16 09:20:13,12.61,182.79,327.67,327.67,327.67,15.84,39.80,917.1563,-100,3.75,-100.0,3.75
3,2026-09-16 09:20:17,1.09,5.81,51.61,264.99,0.00,15.75,42.53,916.8659,0,0.00,-100.0,4.75
4,2026-09-16 09:30:13,8.07,113.65,327.67,327.67,327.67,16.82,38.54,917.2440,-101,4.50,-101.0,4.5
4,2026-09-16 09:40:13,10.06,134.32,327.67,327.67,327.67,16.87,38.20,917.5600,-101,3.00,-101.0,3.0
4,2026-09-16 10:00:13,22.05,314.72,327.67,327.67,327.67,16.45,40.49,917.6002,-101,3.00,-101.0,3.0
3,2026-09-16 10:00:17,1.35,9.62,74.07,288.84,0.00,16.88,41.55,917.3114,0,0.00,-101.0,4.75
4,2026-09-16 10:10:17,21.02,296.79,327.67,327.67,327.67,16.38,40.53,917.5464,-101,5.00,-101.0,5.0
3,2026-09-16 10:10:17,1.42,7.49,58.63,152.01,0.00,17.99,38.84,917.2873,0,0.00,-101.0,5.0
4,2026-09-16 10:20:13,16.17,210.29,327.67,327.67,327.67,17.01,38.75,917.7355,-100,4.75,-100.0,4.75
4,2026-09-16 11:10:17,8.54,108.71,327.67,327.67,327.67,20.15,32.42,917.6239,-101,5.25,-101.0,5.25
3,2026-09-16 11:10:17,0.61,1.39,9.08,41.03,0.00,20.12,29.75,917.0046,0,0.00,-101.0,5.25
4,2026-09-16 11:20:17,0.87,11.34,89.46,327.67,327.67,19.65,33.73,917.6498,-101,5.25,-101.0,5.25
3,2026-09-16 11:20:17,0.59,1.26,8.71,48.70,0.00,20.23,29.27,917.0245,0,0.00,-101.0,5.25
4,2026-09-16 11:30:17,0.84,10.80,85.44,223.30,327.67,19.78,33.69,917.7874,-103,4.00,-103.0,4.0
3,2026-09-16 11:30:17,0.58,1.32,9.56,74.07,0.00,20.01,29.10,917.1613,0,0.00,-103.0,4.0
4,2026-09-16 11:40:17,0.56,7.30,53.32,310.05,327.67,19.57,33.32,917.8620,-101,5.25,-101.0,5.25
3,2026-09-16 11:40:17,0.57,1.27,10.82,111.71,0.00,20.03,29.07,917.1806,0,0.00,-101.0,5.25
4,2026-09-16 11:50:13,0.45,5.65,42.58,221.47,327.67,18.99,34.27,917.8631,-100,3.75,-100.0,3.75
3,2026-09-16 11:50:17,0.53,1.06,8.11,58.99,0.00,20.50,28.07,917.1641,0,0.00,-102.0,4.25
4,2026-09-16 12:00:13,0.47,6.11,49.10,327.67,327.67,19.16,30.21,917.8520,-102,1.75,-102.0,1.75
3,2026-09-16 12:00:17,0.55,1.06,6.22,45.18,0.00,20.54,27.06,917.2323,0,0.00,-102.0,4.5
4,2026-09-16 12:10:13,0.18,1.71,11.12,236.15,327.67,19.89,25.88,917.8558,-102,0.50,-102.0,0.5
3,2026-09-16 12:10:17,0.49,1.11,6.72,41.81,0.00,19.95,27.62,917.2265,0,0.00,-104.0,3.75
4,2026-09-16 12:20:13,3.09,38.74,217.77,327.67,327.67,19.66,25.70,917.8453,-102,1.00,-102.0,1.0
4,2026-09-16 12:30:17,5.89,73.68,327.67,327.67,327.67,19.42,25.90,917.7720,-104,3.00,-104.0,3.0
3,2026-09-16 12:30:17,0.58,1.28,9.27,47.50,0.00,19.73,28.13,917.3905,0,0.00,-104.0,3.0
4,2026-09-16 12:50:13,3.48,42.94,244.49,327.67,327.67,19.04,25.62,917.8804,-98,4.25,-98.0,4.25
3,2026-09-16 12:50:17,0.51,0.86,5.07,32.05,0.00,20.37,26.45,917.5136,0,0.00,-106.0,1.5
4,2026-09-16 13:10:17,1.68,20.17,107.13,327.67,327.67,18.08,26.06,918.0316,-106,1.25,-106.0,1.25
3,2026-09-16 13:10:17,0.52,0.92,4.79,30.49,0.00,18.60,28.69,917.6628,0,0.00,-106.0,1.25
4,2026-09-16 13:20:17,3.66,45.66,244.12,327.67,327.67,17.43,26.94,918.1702,-103,3.75,-103.0,3.75
3,2026-09-16 13:20:17,0.72,1.09,4.88,29.99,0.00,18.69,28.65,917.8545,0,0.00,-103.0,3.75
4,2026-09-16 13:30:13,3.13,39.13,212.61,327.67,327.67,17.71,26.15,918.3591,-103,1.75,-103.0,1.75
3,2026-09-16 13:30:17,0.59,1.01,5.51,24.66,0.00,18.62,28.14,918.0810,0,0.00,-104.0,3.25
4,2026-09-16 14:00:17,3.17,36.53,181.61,327.67,327.67,19.75,23.83,918.7039,-105,3.50,-105.0,3.5
3,2026-09-16 14:00:17,0.58,1.13,5.49,38.90,0.00,21.75,26.08,918.2827,0,0.00,-105.0,3.5
4,2026-09-16 14:10:13,2.11,23.28,109.76,327.67,327.67,20.05,23.95,918.8896,-100,3.75,-100.0,3.75
3,2026-09-16 14:10:17,0.56,1.09,6.58,45.96,0.00,20.57,26.79,918.2709,0,0.00,-101.0,4.75
4,2026-09-16 14:30:17,6.71,78.34,327.67,327.67,327.67,18.41,25.87,918.7576,-106,2.25,-106.0,2.25
3,2026-09-16 14:30:17,0.63,1.14,6.13,46.76,0.00,19.19,27.34,918.2701,0,0.00,-106.0,2.25
4,2026-09-16 14:40:13,7.52,83.79,327.67,327.67,327.67,19.98,22.77,918.6632,-101,4.25,-101.0,4.25
3,2026-09-16 14:40:17,0.58,0.95,6.64,52.96,0.00,21.47,24.84,918.0655,0,0.00,-105.0,3.0
4,2026-09-16 14:50:17,16.74,197.25,327.67,327.67,327.67,20.18,23.18,918.5498,-101,4.75,-101.0,4.75
3,2026-09-16 14:50:17,0.54,0.90,4.99,35.77,0.00,21.03,24.83,918.1438,0,0.00,-101.0,4.75
4,2026-09-16 15:00:13,23.16,293.61,327.67,327.67,327.67,20.29,22.61,918.4511,-101,1.00,-101.0,1.0
4,2026-09-16 15:20:17,21.76,239.02,327.67,327.67,327.67,20.83,22.55,918.6140,-103,3.25,-103.0,3.25
3,2026-09-16 15:20:17,0.63,0.82,2.24,21.98,0.00,21.57,24.29,918.4376,0,0.00,-103.0,3.25
4,2026-09-16 15:40:13,23.09,260.12,327.67,327.67,327.67,20.78,22.45,918.8170,-101,2.00,-101.0,2.0
4,2026-09-16 16:10:17,13.26,141.45,327.67,327.67,327.67,20.56,22.97,919.4891,-103,3.50,-103.0,3.5
3,2026-09-16 16:10:17,0.57,0.76,1.93,24.21,0.00,22.36,25.19,919.3185,0,0.00,-103.0,3.5
4,2026-09-16 16:30:13,6.43,70.79,327.67,327.67,327.67,20.38,23.67,919.4192,-101,3.75,-101.0,3.75
3,2026-09-16 16:30:17,0.54,0.89,4.95,45.12,0.00,22.10,23.85,919.2153,0,0.00,-106.0,0.75
4,2026-09-16 16:50:17,2.70,27.29,116.80,327.67,327.67,19.84,23.58,919.4896,-104,4.00,-104.0,4.0
3,2026-09-16 16:50:17,0.53,0.97,5.32,30.27,0.00,21.60,25.41,919.2232,0,0.00,-104.0,4.0
4,2026-09-16 17:10:17,7.20,79.01,327.67,327.67,327.67,19.49,24.54,919.2763,-104,3.50,-104.0,3.5
3,2026-09-16 17:10:17,0.61,1.42,6.72,37.19,0.00,20.38,26.02,919.2446,0,0.00,-104.0,3.5
4,2026-09-16 17:20:13,6.04,65.69,300.60,327.67,327.67,18.34,26.27,919.3736,-102,3.00,-102.0,3.0
4,2026-09-16 17:40:13,3.16,34.11,160.95,327.67,327.67,18.61,25.86,919.3824,-100,3.50,-100.0,3.5
3,2026-09-16 17:40:17,0.64,0.98,4.31,31.12,0.00,20.51,26.30,919.1107,0,0.00,-105.0,2.25
4,2026-09-16 17:50:13,2.33,25.32,115.27,327.67,327.67,18.59,25.78,919.5228,-102,2.00,-102.0,2.0
3,2026-09-16 17:50:17,0.60,0.91,3.97,27.86,0.00,18.89,27.39,919.2161,0,0.00,-108.0,-0.5
4,2026-09-16 18:00:13,3.22,37.04,179.23,327.67,327.67,18.85,25.77,919.5897,-100,2.50,-100.0,2.5
4,2026-09-16 18:30:17,2.35,27.71,139.31,327.67,327.67,18.47,26.43,919.7112,-102,4.50,-102.0,4.5
3,2026-09-16 18:30:17,0.56,0.71,2.04,18.47,0.00,17.75,30.03,919.3282,0,0.00,-102.0,4.5
4,2026-09-16 19:00:17,1.56,16.77,78.88,327.67,327.67,18.26,26.14,919.7447,-103,3.50,-103.0,3.5
3,2026-09-16 19:00:17,0.64,0.74,2.04,26.35,0.00,17.58,31.16,919.3118,0,0.00,-103.0,3.5
4,2026-09-16 19:20:17,0.15,0.96,5.64,76.07,327.67,17.46,28.84,919.7632,-102,4.25,-102.0,4.25
3,2026-09-16 19:20:17,0.64,1.19,7.95,47.98,0.00,16.88,33.04,919.3088,0,0.00,-102.0,4.25
4,2026-09-16 19:30:17,0.22,1.95,14.35,284.82,327.67,17.42,28.95,919.8772,-104,3.75,-104.0,3.75
3,2026-09-16 19:30:17,0.64,0.96,4.89,40.61,0.00,16.73,32.04,919.4338,0,0.00,-104.0,3.75
4,2026-09-16 20:00:17,0.12,0.76,6.66,35.30,327.67,16.87,29.42,920.0219,-102,4.75,-102.0,4.75
3,2026-09-16 20:00:17,0.99,1.37,6.04,81.17,0.00,16.59,31.99,919.5034,0,0.00,-102.0,4.75
4,2026-09-16 20:10:17,0.10,0.52,5.54,58.13,327.67,16.54,30.37,920.1872,-101,4.25,-101.0,4.25
3,2026-09-16 20:10:17,0.72,1.08,4.40,29.41,0.00,16.48,32.74,919.5633,0,0.00,-101.0,4.25
4,2026-09-16 20:20:13,0.08,0.25,2.06,27.69,327.67,16.43,29.24,920.2246,-104,1.25,-104.0,1.25
4,2026-09-16 20:50:17,0.12,0.64,6.15,39.21,327.67,15.26,31.98,920.5036,-101,4.25,-101.0,4.25
3,2026-09-16 20:50:17,0.89,1.48,9.42,53.19,0.00,16.77,31.03,919.9475,0,0.00,-101.0,4.25
4,2026-09-16 21:00:17,0.14,0.79,7.89,48.49,327.67,15.87,30.86,920.4990,-101,5.00,-101.0,5.0
3,2026-09-16 21:00:17,0.78,1.20,8.43,47.17,0.00,16.14,31.02,920.1006,0,0.00,-101.0,5.0
4,2026-09-16 21:20:13,0.30,2.54,26.95,327.67,327.67,15.90,30.16,920.6319,-102,2.50,-102.0,2.5
3,2026-09-16 21:20:17,0.62,1.11,8.54,126.81,0.00,15.78,33.39,920.1618,0,0.00,-103.0,3.5
4,2026-09-16 21:40:13,0.54,5.09,31.54,327.67,327.67,15.38,31.43,921.0055,-102,2.25,-102.0,2.25
4,2026-09-16 22:00:13,7.62,86.41,327.67,327.67,327.67,14.50,33.61,921.0190,-102,0.50,-102.0,0.5
4,2026-09-16 22:10:13,12.34,142.01,327.67,327.67,327.67,13.94,35.18,921.0752,-103,1.50,-103.0,1.5
3,2026-09-16 22:10:17,1.15,4.49,30.60,143.93,0.00,14.29,36.86,920.6922,0,0.00,-101.0,4.75
4,2026-09-16 22:40:13,20.69,244.97,327.67,327.67,327.67,13.16,37.36,921.3242,-102,1.00,-102.0,1.0
3,2026-09-16 22:40:17,1.26,4.97,29.92,107.98,0.00,13.59,38.52,920.9186,0,0.00,-99.0,5.75
4,2026-09-16 22:50:13,22.70,266.42,327.67,327.67,327.67,13.09,37.37,921.4302,-102,1.25,-102.0,1.25
4,2026-09-16 23:00:13,23.11,269.83,327.67,327.67,327.67,13.00,37.45,921.5499,-101,3.50,-101.0,3.5
4,2026-09-16 23:10:13,16.88,196.43,327.67,327.67,327.67,12.68,38.33,921.6723,-101,2.25,-101.0,2.25
3,2026-09-16 23:10:17,1.18,4.71,32.02,147.16,0.00,13.05,39.79,921.2934,0,0.00,-101.0,4.75
4,2026-09-16 23:20:13,15.12,174.33,327.67,327.67,327.67,12.65,38.52,921.8565,-101,1.50,-101.0,1.5
3,2026-09-16 23:20:17,1.16,4.19,24.07,92.50,0.00,12.76,40.31,921.4400,0,0.00,-102.0,4.75
4,2026-09-16 23:30:13,18.27,214.19,327.67,327.67,327.67,12.28,39.39,921.9486,-102,2.00,-102.0,2.0
4,2026-09-16 23:50:13,16.06,187.05,327.67,327.67,327.67,12.28,39.18,922.0360,-101,3.00,-101.0,3.0
3,2026-09-16 23:50:17,0.94,2.27,11.04,41.66,0.00,12.84,39.92,921.6782,0,0.00,-102.0,4.75
4,2026-09-17 00:00:13,12.21,140.08,327.67,327.67,327.67,12.26,39.40,922.1593,-100,2.25,-100.0,2.25
4,2026-09-17 00:10:13,13.23,151.99,327.67,327.67,327.67,12.00,40.30,922.3029,-102,1.25,-102.0,1.25
4,2026-09-17 00:20:13,8.40,92.30,327.67,327.67,327.67,12.05,39.77,922.4475,-101,3.25,-101.0,3.25
3,2026-09-17 00:20:17,0.93,2.32,8.51,47.96,0.00,12.29,42.21,921.9374,0,0.00,-100.0,5.5
4,2026-09-17 00:40:13,0.68,4.81,22.87,227.04,327.67,12.47,39.34,922.8490,-102,2.25,-102.0,2.25
4,2026-09-17 00:50:13,0.50,2.49,11.00,97.03,327.67,12.55,39.45,922.9057,-101,3.25,-101.0,3.25
3,2026-09-17 00:50:17,1.04,2.45,9.67,35.91,0.00,12.13,42.83,922.3215,0,0.00,-100.0,5.0
4,2026-09-17 01:00:13,0.82,6.62,29.76,327.67,327.67,12.25,40.00,922.9779,-101,2.50,-101.0,2.5
4,2026-09-17 01:10:13,1.48,13.67,61.31,327.67,327.67,12.25,40.19,923.0736,-101,3.00,-101.0,3.0
3,2026-09-17 01:10:17,0.90,2.41,10.47,43.10,0.00,10.96,46.34,922.6245,0,0.00,-100.0,5.5
4,2026-09-17 01:20:13,1.09,8.57,36.35,327.67,327.67,11.89,40.95,923.1790,-101,3.00,-101.0,3.0
3,2026-09-17 01:20:17,0.97,2.41,10.86,94.08,0.00,10.90,46.53,922.7643,0,0.00,-101.0,4.25
4,2026-09-17 01:30:17,0.85,6.50,30.56,278.00,327.67,11.76,41.66,923.2348,-100,4.50,-100.0,4.5
3,2026-09-17 01:30:17,0.82,2.01,8.49,85.23,0.00,10.52,47.69,922.8719,0,0.00,-100.0,4.5
4,2026-09-17 01:40:17,0.47,2.45,13.03,163.03,327.67,11.79,41.96,923.3878,-102,4.25,-102.0,4.25
3,2026-09-17 01:40:17,0.90,2.22,10.44,58.57,0.00,10.63,47.47,922.9235,0,0.00,-102.0,4.25
4,2026-09-17 01:50:13,1.42,13.07,58.95,327.67,327.67,11.08,43.38,923.5282,-100,3.50,-100.0,3.5
3,2026-09-17 01:50:17,0.94,2.19,8.16,35.92,0.00,10.33,48.94,923.1578,0,0.00,-100.0,5.25
4,2026-09-17 02:00:13,0.46,2.07,8.93,56.30,327.67,11.00,44.33,923.6604,-101,3.25,-101.0,3.25
3,2026-09-17 02:00:17,1.00,2.33,10.05,48.62,0.00,10.22,48.96,923.3214,0,0.00,-101.0,4.75
4,2026-09-17 02:10:13,0.37,1.51,6.81,34.51,327.67,11.27,43.82,923.7921,-100,3.75,-100.0,3.75
3,2026-09-17 02:10:17,0.94,2.22,10.92,58.42,0.00,10.48,47.69,923.4113,0,0.00,-101.0,4.75
4,2026-09-17 02:30:17,0.38,1.54,7.91,55.67,327.67,11.16,43.68,923.9879,-100,5.25,-100.0,5.25
3,2026-09-17 02:30:17,0.89,2.34,12.62,106.67,0.00,9.48,51.49,923.6378,0,0.00,-100.0,5.25
4,2026-09-17 02:40:17,0.41,1.69,9.76,43.07,327.67,10.32,46.56,924.1154,-101,4.75,-101.0,4.75
3,2026-09-17 02:40:17,0.93,2.42,14.01,74.45,0.00,9.05,53.21,923.7579,0,0.00,-101.0,4.75
4,2026-09-17 02:50:13,0.45,1.81,10.69,83.82,327.67,8.63,52.26,924.2420,-102,2.00,-102.0,2.0
3,2026-09-17 02:50:17,0.87,2.36,13.43,49.98,0.00,8.89,54.19,923.8558,0,0.00,-101.0,4.5
4,2026-09-17 03:00:17,0.47,1.79,11.06,63.27,327.67,8.57,51.85,924.3003,-101,4.25,-101.0,4.25
3,2026-09-17 03:00:17,0.89,2.29,10.62,83.68,0.00,9.08,51.46,923.9276,0,0.00,-101.0,4.25
4,2026-09-17 03:10:13,0.40,1.69,10.04,48.28,327.67,8.82,50.71,924.4554,-101,2.25,-101.0,2.25
3,2026-09-17 03:10:17,0.89,2.36,10.84,61.45,0.00,8.59,54.56,924.0846,0,0.00,-101.0,5.0
4,2026-09-17 03:20:13,0.39,1.64,11.84,54.67,327.67,8.79,50.43,924.5536,-101,2.75,-101.0,2.75
3,2026-09-17 03:20:17,0.81,2.17,11.64,51.84,0.00,7.90,56.74,924.2161,0,0.00,-101.0,4.0
4,2026-09-17 03:30:13,0.39,1.55,7.32,46.38,327.67,8.54,51.67,924.6940,-101,2.25,-101.0,2.25
3,2026-09-17 03:30:17,0.85,2.30,12.29,53.65,0.00,7.60,56.78,924.3719,0,0.00,-100.0,5.25
4,2026-09-17 03:40:13,0.44,1.70,8.49,56.38,327.67,7.56,55.98,924.7559,-101,3.00,-101.0,3.0
3,2026-09-17 03:40:17,0.87,2.37,14.44,68.14,0.00,7.95,55.97,924.3939,0,0.00,-100.0,5.0
4,2026-09-17 03:50:13,0.42,1.59,9.32,51.68,327.67,7.04,57.16,924.8159,-101,3.00,-101.0,3.0
3,2026-09-17 03:50:17,0.81,2.12,8.29,52.91,0.00,7.82,57.19,924.4697,0,0.00,-101.0,4.5
4,2026-09-17 04:00:13,0.48,1.83,10.62,64.60,327.67,7.05,57.22,924.8032,-102,2.50,-102.0,2.5
3,2026-09-17 04:00:17,0.84,2.19,11.75,56.53,0.00,7.54,58.92,924.4924,0,0.00,-100.0,5.0
4,2026-09-17 04:10:13,0.44,1.53,7.55,48.01,327.67,6.26,59.47,924.8581,-101,3.00,-101.0,3.0
3,2026-09-17 04:10:17,0.83,2.19,10.19,140.48,0.00,7.20,61.31,924.6382,0,0.00,-101.0,5.5
4,2026-09-17 04:20:17,0.40,1.36,5.20,45.06,327.67,6.37,59.08,924.9878,-100,5.00,-100.0,5.0
3,2026-09-17 04:20:17,0.89,2.31,9.31,61.26,0.00,6.88,59.97,924.7354,0,0.00,-100.0,5.0
4,2026-09-17 04:30:13,0.39,1.45,6.84,51.72,327.67,7.03,57.24,925.1141,-102,2.00,-102.0,2.0
3,2026-09-17 04:30:17,0.70,1.80,8.42,58.48,0.00,6.90,59.81,924.8235,0,0.00,-101.0,4.0
4,2026-09-17 04:40:13,0.38,1.33,5.38,55.99,327.67,6.85,57.56,925.1793,-102,2.50,-102.0,2.5
3,2026-09-17 04:40:17,0.69,1.68,7.34,49.46,0.00,7.84,56.98,924.8864,0,0.00,-101.0,4.25
4,2026-09-17 05:00:17,0.24,0.76,2.99,28.05,327.67,7.92,54.61,925.1841,-101,4.25,-101.0,4.25
3,2026-09-17 05:00:17,0.82,1.66,6.23,31.26,0.00,9.67,51.08,924.8323,0,0.00,-101.0,4.25
4,2026-09-17 05:10:17,0.26,1.02,3.91,28.13,327.67,9.02,51.69,925.2857,-101,5.00,-101.0,5.0
3,2026-09-17 05:10:17,0.76,1.59,5.87,52.02,0.00,8.72,56.15,925.0281,0,0.00,-101.0,5.0
4,2026-09-17 05:20:13,0.31,1.03,5.01,53.48,327.67,8.03,55.78,925.4249,-102,2.25,-102.0,2.25
3,2026-09-17 05:20:17,0.76,1.50,6.06,73.13,0.00,8.41,55.42,924.9850,0,0.00,-101.0,4.5
4,2026-09-17 05:30:17,0.31,1.14,6.24,46.45,327.67,7.49,56.90,925.5087,-101,4.25,-101.0,4.25
3,2026-09-17 05:30:17,0.77,1.41,5.24,56.78,0.00,8.43,56.24,925.0664,0,0.00,-101.0,4.25
4,2026-09-17 05:40:13,0.29,0.97,4.53,39.73,327.67,7.62,55.43,925.6756,-101,2.75,-101.0,2.75
3,2026-09-17 05:40:17,0.74,1.44,5.21,42.19,0.00,7.98,56.77,925.2924,0,0.00,-101.0,4.25
4,2026-09-17 05:50:13,0.32,1.09,4.87,37.92,327.67,7.31,57.83,925.8028,-101,2.50,-101.0,2.5
3,2026-09-17 05:50:17,0.73,1.37,4.16,55.02,0.00,8.76,52.86,925.3030,0,0.00,-102.0,4.0
4,2026-09-17 06:00:17,0.28,0.92,4.43,58.31,327.67,7.24,56.48,925.8988,-102,4.25,-102.0,4.25
3,2026-09-17 06:00:17,0.70,1.26,4.99,45.59,0.00,9.52,50.02,925.3919,0,0.00,-102.0,4.25
4,2026-09-17 06:10:17,0.26,0.88,4.32,42.12,327.67,7.48,55.50,925.9611,-101,4.00,-101.0,4.0
3,2026-09-17 06:10:17,0.66,1.27,4.89,45.61,0.00,8.40,54.57,925.5247,0,0.00,-101.0,4.0
4,2026-09-17 06:20:13,0.28,0.96,4.20,41.47,327.67,7.92,54.03,926.0678,-101,2.75,-101.0,2.75
4,2026-09-17 06:30:13,0.25,0.75,4.67,35.61,327.67,7.44,55.24,926.0519,-102,1.75,-102.0,1.75
3,2026-09-17 06:30:17,0.74,1.63,4.49,35.92,0.00,7.63,58.04,925.6757,0,0.00,-100.0,5.25
4,2026-09-17 06:40:13,0.23,0.75,3.26,31.30,327.67,7.00,56.45,926.1318,-101,3.25,-101.0,3.25
3,2026-09-17 06:40:17,0.69,1.52,5.02,29.94,0.00,7.06,60.37,925.7313,0,0.00,-101.0,5.25
4,2026-09-17 06:50:13,0.28,0.88,4.28,38.88,327.67,6.63,59.05,926.1249,-101,2.75,-101.0,2.75
3,2026-09-17 06:50:17,0.73,1.47,5.52,40.32,0.00,6.57,60.01,925.7651,0,0.00,-100.0,5.25
4,2026-09-17 07:00:13,0.26,0.79,3.95,32.94,327.67,6.19,59.74,926.1980,-102,3.00,-102.0,3.0
3,2026-09-17 07:00:17,0.63,1.38,3.80,28.40,0.00,6.40,59.55,925.8457,0,0.00,-101.0,5.0
4,2026-09-17 07:10:13,0.27,0.84,2.78,27.36,327.67,5.99,60.06,926.2573,-101,2.50,-101.0,2.5
3,2026-09-17 07:10:17,0.63,1.43,5.90,31.89,0.00,6.39,61.40,925.8814,0,0.00,-100.0,5.0
4,2026-09-17 07:20:13,0.25,0.87,3.02,28.05,327.67,5.70,60.60,926.3256,-102,2.50,-102.0,2.5
3,2026-09-17 07:20:17,0.70,1.31,4.36,34.60,0.00,7.05,58.23,925.9271,0,0.00,-102.0,4.5
4,2026-09-17 07:30:13,0.22,0.74,2.74,29.24,327.67,6.44,58.54,926.3308,-101,2.75,-101.0,2.75
4,2026-09-17 07:40:13,0.23,0.68,2.62,31.89,327.67,6.19,60.14,926.4234,-101,3.50,-101.0,3.5
4,2026-09-17 07:50:17,0.25,0.79,2.94,32.38,327.67,5.75,61.54,926.5150,-102,4.00,-102.0,4.0
3,2026-09-17 07:50:17,0.80,1.58,4.26,29.35,0.00,6.96,60.27,926.2248,0,0.00,-102.0,4.0
4,2026-09-17 08:10:13,0.23,0.71,7.83,327.67,327.67,5.30,63.39,926.6848,-101,4.00,-101.0,4.0
3,2026-09-17 08:10:17,0.79,1.67,5.09,51.73,0.00,6.75,60.70,926.4096,0,0.00,-101.0,5.0
4,2026-09-17 08:20:13,0.26,0.77,2.45,33.24,327.67,5.00,64.28,926.8444,-102,2.50,-102.0,2.5
3,2026-09-17 08:20:17,0.74,1.58,4.18,27.04,0.00,7.15,59.18,926.4992,0,0.00,-101.0,4.25
4,2026-09-17 08:30:17,0.21,0.70,2.81,25.07,327.67,6.20,60.61,926.9612,-101,4.75,-101.0,4.75
3,2026-09-17 08:30:17,0.72,1.39,3.31,24.35,0.00,8.43,55.22,926.6095,0,0.00,-101.0,4.75
4,2026-09-17 08:40:13,0.25,0.77,3.19,31.96,327.67,7.23,57.59,927.0441,-101,3.25,-101.0,3.25
4,2026-09-17 08:50:13,0.27,0.91,2.83,25.21,327.67,7.60,57.12,927.1531,-101,3.50,-101.0,3.5
4,2026-09-17 09:20:13,0.24,0.84,3.71,31.26,327.67,8.51,54.16,927.3771,-101,4.00,-101.0,4.0
4,2026-09-17 09:30:13,0.27,0.84,2.06,27.05,327.67,9.19,53.20,927.4139,-100,4.25,-100.0,4.25
4,2026-09-17 09:40:13,0.29,0.81,2.86,39.65,327.67,7.71,58.11,927.4937,-100,3.75,-100.0,3.75
3,2026-09-17 09:40:17,0.91,1.59,4.34,32.05,0.00,9.99,53.90,927.1636,0,0.00,-102.0,4.25
4,2026-09-17 09:50:13,0.29,0.90,2.83,25.98,327.67,6.89,59.55,927.5774,-101,3.75,-101.0,3.75
3,2026-09-17 09:50:17,0.86,1.62,4.41,36.90,0.00,9.54,54.98,927.2341,0,0.00,-102.0,4.75
4,2026-09-17 10:10:13,0.28,0.86,2.68,16.71,327.67,7.72,58.29,927.6870,-101,3.50,-101.0,3.5
3,2026-09-17 10:10:17,0.88,1.60,3.36,23.37,0.00,10.33,53.16,927.3067,0,0.00,-102.0,4.25
4,2026-09-17 10:20:17,0.26,0.87,3.60,51.10,327.67,8.86,55.49,927.7560,-101,5.00,-101.0,5.0
3,2026-09-17 10:20:17,0.92,1.53,4.42,35.94,0.00,12.19,47.33,927.3262,0,0.00,-101.0,5.0
4,2026-09-17 10:30:13,0.23,0.68,1.84,23.99,327.67,10.80,50.54,927.8092,-101,3.75,-101.0,3.75
4,2026-09-17 10:40:13,0.26,0.89,2.41,24.50,327.67,13.20,44.23,927.7840,-101,3.50,-101.0,3.5
4,2026-09-17 11:00:13,0.86,7.51,33.07,175.93,327.67,14.37,39.88,927.6222,-101,3.00,-101.0,3.0
4,2026-09-17 11:10:13,0.64,5.09,20.43,140.61,327.67,12.22,44.69,927.6625,-101,1.50,-101.0,1.5
3,2026-09-17 11:10:17,0.87,1.63,3.10,25.12,0.00,13.22,45.46,927.4410,0,0.00,-102.0,4.25
4,2026-09-17 11:20:13,0.28,1.07,2.79,37.46,327.67,12.80,43.91,927.8534,-101,3.25,-101.0,3.25
3,2026-09-17 11:20:17,0.79,1.43,2.92,28.36,0.00,13.79,44.94,927.4526,0,0.00,-102.0,4.5
4,2026-09-17 11:30:17,0.27,0.81,2.48,30.26,327.67,13.63,41.70,927.8928,-103,3.75,-103.0,3.75
3,2026-09-17 11:30:17,0.85,1.46,3.09,31.97,0.00,14.17,44.18,927.4785,0,0.00,-103.0,3.75
4,2026-09-17 11:40:17,0.27,0.78,1.74,9.92,327.67,14.88,39.43,927.8358,-102,4.00,-102.0,4.0
3,2026-09-17 11:40:17,0.99,1.72,3.32,25.09,0.00,15.58,40.75,927.4621,0,0.00,-102.0,4.0
4,2026-09-17 11:50:17,0.25,0.77,2.24,28.58,327.67,14.88,39.12,927.8684,-101,4.00,-101.0,4.0
3,2026-09-17 11:50:17,0.80,1.39,3.03,33.48,0.00,16.18,38.69,927.5448,0,0.00,-101.0,4.0
4,2026-09-17 12:10:13,0.22,0.63,2.38,33.06,327.67,15.86,36.87,928.0044,-101,2.75,-101.0,2.75
4,2026-09-17 12:20:17,0.20,0.67,2.50,29.09,327.67,16.17,36.06,927.9558,-102,3.25,-102.0,3.25
3,2026-09-17 12:20:17,0.79,1.28,2.65,27.51,0.00,17.02,36.79,927.5346,0,0.00,-102.0,3.25
4,2026-09-17 12:30:13,0.24,0.71,2.86,83.40,327.67,16.89,34.66,927.9115,-102,2.00,-102.0,2.0
3,2026-09-17 12:30:17,0.93,1.43,3.68,37.46,0.00,17.68,35.26,927.5225,0,0.00,-102.0,4.25
4,2026-09-17 12:40:17,0.20,0.56,1.65,27.54,327.67,18.18,31.54,927.9022,-103,3.75,-103.0,3.75
3,2026-09-17 12:40:17,0.81,1.31,3.37,28.99,0.00,18.10,34.76,927.5335,0,0.00,-103.0,3.75
4,2026-09-17 12:50:17,0.18,0.53,2.23,32.21,327.67,17.97,31.81,927.8788,-103,3.50,-103.0,3.5
3,2026-09-17 12:50:17,0.89,1.47,3.07,38.65,0.00,17.57,35.73,927.5029,0,0.00,-103.0,3.5
4,2026-09-17 13:00:13,0.18,0.50,2.47,32.40,327.67,18.59,30.94,927.8762,-102,2.75,-102.0,2.75
4,2026-09-17 13:20:17,0.18,0.52,2.11,28.16,327.67,18.69,30.76,927.8254,-102,4.25,-102.0,4.25
3,2026-09-17 13:20:17,0.83,1.27,1.97,13.81,0.00,19.51,30.49,927.4588,0,0.00,-102.0,4.25
4,2026-09-17 13:30:13,0.19,0.52,1.94,28.29,327.67,18.99,30.48,927.7394,-103,2.50,-103.0,2.5
4,2026-09-17 13:50:17,0.19,0.55,1.82,28.53,327.67,18.69,31.39,927.6672,-103,3.25,-103.0,3.25
3,2026-09-17 13:50:17,0.87,1.31,3.12,35.76,0.00,20.18,31.05,927.3017,0,0.00,-103.0,3.25
4,2026-09-17 14:00:17,0.19,0.54,1.53,26.43,327.67,18.74,31.68,927.6169,-102,4.25,-102.0,4.25
3,2026-09-17 14:00:17,0.96,1.45,2.27,33.54,0.00,19.41,32.76,927.2462,0,0.00,-102.0,4.25
4,2026-09-17 14:10:13,0.20,0.59,1.83,29.88,327.67,18.67,31.43,927.5664,-103,2.25,-103.0,2.25
3,2026-09-17 14:10:17,0.89,1.48,3.78,33.36,0.00,18.56,35.41,927.1835,0,0.00,-102.0,4.25
4,2026-09-17 14:20:13,0.19,0.50,1.35,20.47,327.67,19.45,30.08,927.4606,-102,3.75,-102.0,3.75
3,2026-09-17 14:20:17,0.78,1.19,2.13,16.93,0.00,18.61,34.38,927.1152,0,0.00,-102.0,4.0
4,2026-09-17 14:30:13,0.21,0.58,1.43,27.36,327.67,18.81,30.94,927.4294,-101,2.75,-101.0,2.75
3,2026-09-17 14:30:17,0.83,1.35,2.57,21.90,0.00,19.30,33.38,927.0683,0,0.00,-102.0,4.25
4,2026-09-17 14:50:13,0.19,0.44,1.84,26.66,327.67,19.87,28.38,927.2276,-102,2.50,-102.0,2.5
3,2026-09-17 14:50:17,0.96,1.51,3.11,34.71,0.00,20.15,32.25,926.8810,0,0.00,-102.0,4.0
4,2026-09-17 15:00:17,0.20,0.48,1.18,25.65,327.67,19.85,29.20,927.1224,-102,3.50,-102.0,3.5
3,2026-09-17 15:00:17,0.80,1.24,2.64,30.46,0.00,20.23,31.80,926.7184,0,0.00,-102.0,3.5
4,2026-09-17 15:10:17,0.20,0.49,1.88,34.28,327.67,20.36,28.37,927.0103,-103,4.00,-103.0,4.0
3,2026-09-17 15:10:17,0.90,1.51,3.72,31.94,0.00,20.22,32.52,926.6284,0,0.00,-103.0,4.0
4,2026-09-17 15:30:17,0.18,0.41,1.66,26.49,327.67,20.88,27.49,926.9584,-102,3.75,-102.0,3.75
3,2026-09-17 15:30:17,0.85,1.35,4.10,33.48,0.00,20.46,31.32,926.5424,0,0.00,-102.0,3.75
4,2026-09-17 15:40:13,0.18,0.45,1.14,22.76,327.67,21.36,26.68,926.9081,-102,2.00,-102.0,2.0
3,2026-09-17 15:40:17,0.89,1.35,3.29,29.91,0.00,21.50,30.07,926.5273,0,0.00,-102.0,4.0
4,2026-09-17 15:50:13,0.20,0.47,1.93,29.64,327.67,20.76,27.58,926.8406,-102,2.00,-102.0,2.0
4,2026-09-17 16:00:13,0.19,0.45,2.12,28.29,327.67,21.61,26.44,926.7197,-102,3.25,-102.0,3.25
3,2026-09-17 16:00:17,0.88,1.41,3.45,30.86,0.00,20.90,30.85,926.3103,0,0.00,-103.0,3.0
4,2026-09-17 16:10:17,0.21,0.67,2.82,48.11,327.67,21.46,26.68,926.6064,-103,4.25,-103.0,4.25
3,2026-09-17 16:10:17,0.91,1.43,4.69,39.76,0.00,19.79,33.65,926.1960,0,0.00,-103.0,4.25
4,2026-09-17 16:30:17,0.21,0.59,1.95,23.54,327.67,21.34,27.10,926.4272,-104,3.00,-104.0,3.0
3,2026-09-17 16:30:17,0.78,1.26,4.75,124.21,0.00,19.43,34.89,926.0260,0,0.00,-104.0,3.0
4,2026-09-17 16:50:17,0.23,0.72,3.33,28.67,327.67,20.22,28.80,926.2560,-103,3.00,-103.0,3.0
3,2026-09-17 16:50:17,0.74,1.31,3.89,33.67,0.00,19.23,35.10,925.7930,0,0.00,-103.0,3.0
4,2026-09-17 17:40:13,6.76,70.25,282.83,327.67,327.67,18.55,32.42,925.6675,-102,2.50,-102.0,2.5
4,2026-09-17 17:50:17,2.51,26.12,113.53,327.67,327.67,17.85,33.30,925.6808,-104,3.25,-104.0,3.25
3,2026-09-17 17:50:17,0.88,1.69,5.96,53.91,0.00,17.28,38.60,925.2638,0,0.00,-104.0,3.25
4,2026-09-17 18:00:13,0.57,4.23,20.87,244.79,327.67,18.06,31.86,925.7770,-101,3.75,-101.0,3.75
3,2026-09-17 18:00:17,0.84,1.96,8.88,37.61,0.00,17.34,38.56,925.2958,0,0.00,-103.0,3.25
4,2026-09-17 18:10:17,0.90,8.10,36.31,327.67,327.67,18.23,31.67,925.7113,-101,4.75,-101.0,4.75
3,2026-09-17 18:10:17,0.93,2.41,12.65,73.40,0.00,17.55,37.90,925.3269,0,0.00,-101.0,4.75
4,2026-09-17 18:20:17,2.28,23.15,97.25,327.67,327.67,18.16,32.66,925.6936,-103,3.75,-103.0,3.75
3,2026-09-17 18:20:17,0.97,2.43,11.60,57.47,0.00,17.09,38.54,925.2959,0,0.00,-103.0,3.75
4,2026-09-17 18:30:13,0.33,1.70,9.73,90.29,327.67,17.69,32.87,925.7468,-102,2.75,-102.0,2.75
3,2026-09-17 18:30:17,0.88,2.32,11.95,47.90,0.00,16.22,40.37,925.3175,0,0.00,-101.0,4.0
4,2026-09-17 18:40:13,1.28,12.36,54.52,327.67,327.67,16.78,34.48,925.6841,-100,4.75,-100.0,4.75
4,2026-09-17 18:50:13,0.62,5.00,26.55,285.86,327.67,15.55,36.50,925.7760,-101,3.75,-101.0,3.75
3,2026-09-17 18:50:17,1.01,2.89,16.69,72.92,0.00,16.22,39.73,925.3385,0,0.00,-103.0,3.75
4,2026-09-17 19:00:13,1.43,13.87,64.01,327.67,327.67,15.38,36.65,925.7398,-100,4.00,-100.0,4.0
3,2026-09-17 19:00:17,1.05,2.56,11.92,46.65,0.00,15.51,40.71,925.3455,0,0.00,-102.0,4.0
4,2026-09-17 19:10:13,1.01,8.82,41.04,327.67,327.67,15.71,35.47,925.8616,-101,4.00,-101.0,4.0
4,2026-09-17 19:20:13,1.65,15.93,69.10,327.67,327.67,15.55,35.64,925.8233,-102,2.50,-102.0,2.5
4,2026-09-17 19:30:17,0.31,1.39,7.13,50.32,327.67,15.58,35.16,925.9538,-101,4.25,-101.0,4.25
3,2026-09-17 19:30:17,0.97,2.17,7.27,46.52,0.00,12.77,45.50,925.4524,0,0.00,-101.0,4.25
4,2026-09-17 19:40:13,0.90,7.83,35.29,327.67,327.67,14.62,37.35,925.8587,-101,3.50,-101.0,3.5
4,2026-09-17 19:50:17,0.60,4.81,23.10,231.91,327.67,13.46,39.65,925.9074,-101,4.75,-101.0,4.75
3,2026-09-17 19:50:17,0.92,1.74,6.65,43.21,0.00,12.09,46.30,925.5728,0,0.00,-101.0,4.75
4,2026-09-17 20:10:13,0.44,2.58,11.15,298.35,327.67,12.49,41.49,926.1052,-101,3.50,-101.0,3.5
3,2026-09-17 20:10:17,0.87,1.60,4.27,34.86,0.00,12.25,45.44,925.7052,0,0.00,-100.0,5.0
4,2026-09-17 20:20:13,0.45,2.71,10.68,264.06,327.67,12.29,41.86,926.1617,-101,3.50,-101.0,3.5
4,2026-09-17 21:00:13,0.94,8.58,38.95,327.67,327.67,11.61,43.70,926.2723,-102,3.75,-102.0,3.75
4,2026-09-17 21:30:16,0.29,1.03,3.33,51.40,327.67,11.05,45.11,926.4580,-102,4.25,-102.0,4.25
3,2026-09-17 21:30:16,0.88,1.70,4.03,42.84,0.00,11.09,47.59,926.0467,0,0.00,-102.0,4.25
4,2026-09-17 21:40:13,1.38,13.22,60.56,327.67,327.67,10.90,45.28,926.5032,-102,3.75,-102.0,3.75
4,2026-09-17 21:50:16,1.01,9.62,49.03,327.67,327.67,10.65,46.08,926.5882,-101,4.75,-101.0,4.75
3,2026-09-17 21:50:16,0.82,1.47,2.85,25.28,0.00,10.70,48.68,926.2168,0,0.00,-101.0,4.75
4,2026-09-17 22:20:13,1.78,19.70,94.16,327.67,327.67,10.23,47.69,926.6197,-102,3.50,-102.0,3.5
3,2026-09-17 22:20:16,0.81,1.45,3.59,29.37,0.00,10.54,49.56,926.3537,0,0.00,-102.0,4.0
4,2026-09-17 22:30:16,1.87,20.08,91.34,327.67,327.67,10.12,48.07,926.6275,-102,4.75,-102.0,4.75
3,2026-09-17 22:30:16,0.86,1.58,2.67,29.81,0.00,10.66,49.19,926.3344,0,0.00,-102.0,4.75
4,2026-09-17 22:50:13,3.23,34.90,158.21,327.67,327.67,10.06,48.25,926.6456,-102,2.75,-102.0,2.75
4,2026-09-17 23:00:17,1.33,13.47,70.41,327.67,327.67,9.94,48.61,926.6798,-101,5.25,-101.0,5.25
3,2026-09-17 23:00:17,0.77,1.56,3.87,29.54,0.00,10.33,50.33,926.4101,0,0.00,-101.0,5.25
4,2026-09-17 23:20:17,0.91,8.10,38.93,327.67,327.67,9.82,49.24,926.7274,-101,5.00,-101.0,5.0
3,2026-09-17 23:20:17,0.88,1.81,3.96,33.68,0.00,9.88,51.75,926.4645,0,0.00,-101.0,5.0
4,2026-09-17 23:50:17,0.45,2.43,9.82,77.97,327.67,9.44,50.59,926.8152,-102,4.75,-102.0,4.75
3,2026-09-17 23:50:17,0.77,1.62,3.68,34.30,0.00,9.09,54.29,926.5082,0,0.00,-102.0,4.75
4,2026-09-18 00:00:17,0.39,1.70,6.36,156.43,327.67,9.26,51.55,926.8800,-101,4.75,-101.0,4.75
3,2026-09-18 00:00:17,0.81,1.73,4.16,26.90,0.00,9.13,54.45,926.5496,0,0.00,-101.0,4.75
4,2026-09-18 00:10:16,0.51,3.31,12.39,151.71,327.67,9.00,52.54,926.8984,-101,4.00,-101.0,4.0
3,2026-09-18 00:10:16,0.81,1.80,3.51,23.36,0.00,9.18,54.54,926.5188,0,0.00,-101.0,4.0
4,2026-09-18 00:30:13,0.35,1.13,2.82,26.56,327.67,9.15,52.17,926.8911,-101,3.75,-101.0,3.75
4,2026-09-18 00:40:17,0.33,1.03,2.24,20.76,327.67,9.08,52.30,926.8639,-102,4.25,-102.0,4.25
3,2026-09-18 00:40:17,0.93,2.06,3.90,28.26,0.00,8.79,55.61,926.4967,0,0.00,-102.0,4.25
4,2026-09-18 00:50:16,0.36,1.28,3.31,52.96,327.67,8.91,52.92,926.8661,-100,5.50,-100.0,5.5
3,2026-09-18 00:50:16,0.81,1.83,4.29,26.95,0.00,7.17,60.95,926.5866,0,0.00,-100.0,5.5
4,2026-09-18 01:10:16,0.37,1.12,2.97,29.86,327.67,5.90,63.26,926.8906,-101,5.00,-101.0,5.0
3,2026-09-18 01:10:16,0.95,2.11,4.94,73.25,0.00,8.30,57.34,926.5014,0,0.00,-101.0,5.0
4,2026-09-18 01:20:16,0.36,1.14,2.45,21.56,327.67,7.58,58.12,926.8797,-101,5.00,-101.0,5.0
3,2026-09-18 01:20:16,0.93,2.06,4.71,32.87,0.00,6.98,61.64,926.5964,0,0.00,-101.0,5.0
4,2026-09-18 01:30:13,0.38,1.17,2.35,14.86,327.67,6.75,60.62,926.8606,-101,4.25,-101.0,4.25
3,2026-09-18 01:30:17,0.92,2.21,5.61,30.56,0.00,6.13,64.18,926.5989,0,0.00,-100.0,5.25
4,2026-09-18 01:40:16,0.41,1.33,3.97,33.05,327.67,5.28,65.40,926.8190,-100,5.50,-100.0,5.5
3,2026-09-18 01:40:16,0.76,1.75,3.84,27.61,0.00,6.84,61.53,926.5078,0,0.00,-100.0,5.5
4,2026-09-18 01:50:16,0.40,1.30,2.83,25.81,327.67,5.35,65.57,926.7899,-100,5.25,-100.0,5.25
3,2026-09-18 01:50:16,0.74,1.73,3.96,27.66,0.00,7.06,61.08,926.5294,0,0.00,-100.0,5.25
4,2026-09-18 02:00:16,0.39,1.34,3.39,26.72,327.67,5.00,66.82,926.7790,-101,5.25,-101.0,5.25
3,2026-09-18 02:00:16,0.82,2.01,4.90,36.70,0.00,6.36,64.13,926.5276,0,0.00,-101.0,5.25
4,2026-09-18 02:10:17,0.39,1.36,3.79,25.84,327.67,4.89,67.74,926.7660,-101,4.75,-101.0,4.75
3,2026-09-18 02:10:17,0.86,2.06,5.70,49.83,0.00,6.16,64.48,926.4772,0,0.00,-101.0,4.75
4,2026-09-18 02:20:16,0.38,1.29,3.07,37.02,327.67,5.13,66.83,926.8088,-100,4.50,-100.0,4.5
3,2026-09-18 02:20:16,0.76,1.94,4.62,26.27,0.00,5.89,66.26,926.5508,0,0.00,-100.0,4.5
4,2026-09-18 02:30:16,0.42,1.46,3.35,34.08,327.67,4.68,67.76,926.8393,-101,4.75,-101.0,4.75
3,2026-09-18 02:30:16,0.80,1.91,6.13,47.46,0.00,5.37,67.29,926.5758,0,0.00,-101.0,4.75
4,2026-09-18 02:40:16,0.38,1.22,2.60,19.37,327.67,4.50,68.07,926.8603,-100,5.25,-100.0,5.25
3,2026-09-18 02:40:16,0.73,1.78,5.49,49.08,0.00,5.59,66.24,926.5836,0,0.00,-100.0,5.25
4,2026-09-18 02:50:16,0.39,1.25,3.41,26.86,327.67,4.51,67.28,926.9346,-102,5.00,-102.0,5.0
3,2026-09-18 02:50:16,0.81,2.00,4.46,23.55,0.00,5.24,67.53,926.6456,0,0.00,-102.0,5.0
4,2026-09-18 03:10:13,0.36,1.20,2.99,30.97,327.67,4.44,68.62,926.9321,-101,2.25,-101.0,2.25
3,2026-09-18 03:10:16,0.79,1.84,3.90,30.82,0.00,6.54,62.42,926.5764,0,0.00,-100.0,5.25
4,2026-09-18 03:20:13,0.37,1.17,2.91,28.91,327.67,4.39,68.10,926.9099,-101,3.00,-101.0,3.0
3,2026-09-18 03:20:16,0.73,1.78,4.39,28.01,0.00,6.25,64.09,926.6180,0,0.00,-102.0,4.25
4,2026-09-18 03:40:16,0.36,1.22,2.68,21.82,327.67,4.26,69.02,926.9207,-102,4.50,-102.0,4.5
3,2026-09-18 03:40:16,0.77,1.93,4.49,25.62,0.00,5.67,66.06,926.6107,0,0.00,-102.0,4.5
4,2026-09-18 04:10:13,0.34,1.06,2.29,17.49,327.67,5.00,66.54,926.8871,-101,4.75,-101.0,4.75
3,2026-09-18 04:10:16,0.78,1.79,3.71,27.76,0.00,7.04,61.34,926.4910,0,0.00,-101.0,5.0
4,2026-09-18 04:30:16,0.36,1.13,2.10,11.70,327.67,4.52,67.53,926.7022,-102,4.00,-102.0,4.0
3,2026-09-18 04:30:16,0.83,2.05,5.87,41.44,0.00,5.41,67.20,926.3924,0,0.00,-102.0,4.0
4,2026-09-18 04:40:16,0.35,1.07,2.38,17.88,327.67,4.14,68.72,926.6434,-101,4.75,-101.0,4.75
3,2026-09-18 04:40:16,0.76,1.98,5.06,68.04,0.00,4.77,68.64,926.3381,0,0.00,-101.0,4.75
4,2026-09-18 04:50:16,0.37,1.16,2.31,18.11,327.67,3.89,69.11,926.6077,-101,5.25,-101.0,5.25
3,2026-09-18 04:50:16,0.84,2.03,5.07,37.04,0.00,4.43,69.79,926.3411,0,0.00,-101.0,5.25
4,2026-09-18 05:20:16,0.35,1.07,2.43,21.46,327.67,3.86,69.77,926.3959,-101,5.25,-101.0,5.25
3,2026-09-18 05:20:16,0.80,1.83,3.55,16.16,0.00,4.83,68.81,926.1009,0,0.00,-101.0,5.25
4,2026-09-18 05:40:16,0.34,1.03,2.11,19.33,327.67,4.22,68.03,926.2887,-102,4.50,-102.0,4.5
3,2026-09-18 05:40:16,0.79,1.88,5.51,40.53,0.00,4.63,69.25,925.9520,0,0.00,-102.0,4.5
4,2026-09-18 05:50:13,0.36,1.13,2.86,21.94,327.67,3.76,69.68,926.2165,-101,3.25,-101.0,3.25
3,2026-09-18 05:50:16,0.78,1.88,4.54,61.08,0.00,4.56,68.57,925.8795,0,0.00,-101.0,4.5
4,2026-09-18 06:00:13,0.39,1.18,2.51,29.63,327.67,3.65,69.83,926.1930,-101,3.50,-101.0,3.5
3,2026-09-18 06:00:16,0.80,1.85,3.86,33.34,0.00,4.87,67.34,925.8643,0,0.00,-101.0,4.0
4,2026-09-18 06:20:16,0.35,1.11,2.51,17.95,327.67,3.23,70.37,925.9266,-101,5.00,-101.0,5.0
3,2026-09-18 06:20:16,0.84,1.95,4.88,33.20,0.00,4.45,68.26,925.6208,0,0.00,-101.0,5.0
4,2026-09-18 06:30:16,0.34,0.94,2.05,23.56,327.67,2.94,70.21,925.7927,-101,5.50,-101.0,5.5
3,2026-09-18 06:30:16,0.80,1.75,3.55,23.21,0.00,4.10,68.99,925.5440,0,0.00,-101.0,5.5
4,2026-09-18 06:40:13,0.36,0.96,2.04,18.39,327.67,2.78,71.32,925.7034,-101,2.50,-101.0,2.5
3,2026-09-18 06:40:16,0.76,1.78,3.72,31.74,0.00,4.05,69.55,925.5076,0,0.00,-100.0,5.0
4,2026-09-18 07:10:13,0.33,0.94,2.33,23.87,327.67,2.74,71.81,925.8316,-101,3.50,-101.0,3.5
3,2026-09-18 07:10:16,0.72,1.77,4.22,31.04,0.00,3.43,70.39,925.5374,0,0.00,-100.0,5.25
4,2026-09-18 07:20:16,0.33,0.92,2.10,17.06,327.67,3.15,70.30,925.7681,-101,5.00,-101.0,5.0
3,2026-09-18 07:20:16,0.73,1.70,4.34,25.22,0.00,3.67,69.51,925.4443,0,0.00,-101.0,5.0
4,2026-09-18 07:30:16,0.33,0.92,2.59,24.63,327.67,3.33,69.14,925.6428,-101,5.00,-101.0,5.0
3,2026-09-18 07:30:16,0.79,1.78,4.08,34.19,0.00,3.76,69.14,925.3406,0,0.00,-101.0,5.0
4,2026-09-18 07:40:16,0.33,0.96,2.22,30.93,327.67,3.04,69.44,925.5477,-101,5.00,-101.0,5.0
3,2026-09-18 07:40:16,0.73,1.70,4.80,30.47,0.00,3.68,69.44,925.2691,0,0.00,-101.0,5.0
4,2026-09-18 07:50:16,0.35,0.95,2.46,31.07,327.67,2.79,70.92,925.5113,-101,5.00,-101.0,5.0
3,2026-09-18 07:50:16,0.77,1.74,4.34,29.61,0.00,3.36,69.96,925.2599,0,0.00,-101.0,5.0
4,2026-09-18 08:00:16,0.33,0.91,2.29,32.30,327.67,3.10,70.52,925.4669,-101,4.25,-101.0,4.25
3,2026-09-18 08:00:16,0.73,1.56,3.62,22.87,0.00,3.40,69.41,925.2308,0,0.00,-101.0,4.25
4,2026-09-18 08:30:13,0.35,1.00,2.43,28.10,327.67,3.18,69.58,925.2079,-101,3.50,-101.0,3.5
4,2026-09-18 09:00:16,0.33,0.89,2.27,31.70,327.67,3.68,68.68,924.9759,-101,4.50,-101.0,4.5
3,2026-09-18 09:00:16,0.86,1.99,4.94,29.46,0.00,4.12,69.67,924.7255,0,0.00,-101.0,4.5
4,2026-09-18 09:10:13,0.32,0.90,1.85,17.59,327.67,4.10,67.89,924.9030,-101,3.75,-101.0,3.75
4,2026-09-18 09:20:13,0.30,0.80,1.78,18.92,327.67,4.84,65.86,924.8285,-101,4.75,-101.0,4.75
4,2026-09-18 10:00:12,0.30,0.77,1.39,21.77,327.67,6.76,59.76,924.4607,-101,4.25,-101.0,4.25
3,2026-09-18 10:00:16,1.12,1.88,3.74,36.44,0.00,9.27,54.97,924.0754,0,0.00,-102.0,4.25
4,2026-09-18 10:10:16,0.27,0.75,1.48,8.27,327.67,7.51,57.58,924.3330,-102,4.00,-102.0,4.0
3,2026-09-18 10:10:16,0.97,1.71,2.91,20.74,0.00,9.81,53.94,923.9281,0,0.00,-102.0,4.0
4,2026-09-18 10:30:13,0.26,0.66,1.57,22.21,327.67,9.40,51.99,923.9789,-101,3.75,-101.0,3.75
3,2026-09-18 10:30:16,1.03,1.72,3.86,52.54,0.00,9.48,53.64,923.6770,0,0.00,-102.0,4.25
4,2026-09-18 10:40:13,0.26,0.65,1.35,19.37,327.67,7.94,56.00,923.8083,-101,3.50,-101.0,3.5
3,2026-09-18 10:40:16,0.99,1.68,2.69,23.67,0.00,9.50,54.33,923.4746,0,0.00,-102.0,4.5
4,2026-09-18 10:50:13,0.26,0.72,1.49,24.24,327.67,7.70,56.11,923.7752,-101,3.25,-101.0,3.25
3,2026-09-18 10:50:16,0.98,1.62,2.54,17.83,0.00,9.49,53.63,923.4407,0,0.00,-102.0,4.25
4,2026-09-18 11:00:13,0.25,0.60,1.48,24.03,327.67,7.92,55.53,923.7781,-100,2.50,-100.0,2.5
3,2026-09-18 11:00:16,0.99,1.60,2.84,34.83,0.00,9.66,52.57,923.3869,0,0.00,-100.0,5.0
4,2026-09-18 11:10:16,0.26,0.62,1.46,21.06,327.67,9.02,52.52,923.7370,-102,4.50,-102.0,4.5
3,2026-09-18 11:10:16,0.99,1.63,2.75,27.82,0.00,9.82,52.69,923.3421,0,0.00,-102.0,4.5
4,2026-09-18 11:20:16,0.26,0.61,1.45,15.71,327.67,9.46,50.46,923.5668,-102,4.25,-102.0,4.25
3,2026-09-18 11:20:16,0.97,1.62,3.32,34.70,0.00,10.12,52.15,923.2167,0,0.00,-102.0,4.25
4,2026-09-18 11:30:13,0.26,0.69,1.81,53.16,327.67,9.01,52.67,923.4424,-101,3.50,-101.0,3.5
3,2026-09-18 11:30:16,0.96,1.57,2.84,27.29,0.00,9.62,53.46,923.0456,0,0.00,-102.0,3.5
4,2026-09-18 11:40:12,0.26,0.61,1.39,28.17,327.67,8.96,52.81,923.2958,-101,4.00,-101.0,4.0
3,2026-09-18 11:40:16,0.87,1.58,3.12,19.80,0.00,9.67,53.95,922.8929,0,0.00,-102.0,4.0
4,2026-09-18 11:50:16,0.27,0.59,0.88,7.44,327.67,8.35,54.22,923.1470,-101,4.25,-101.0,4.25
3,2026-09-18 11:50:16,0.98,1.58,3.40,29.46,0.00,9.47,54.48,922.7993,0,0.00,-101.0,4.25
4,2026-09-18 12:00:12,0.25,0.59,1.47,22.30,327.67,8.25,54.62,923.0920,-101,4.50,-101.0,4.5
3,2026-09-18 12:00:16,0.95,1.57,2.58,29.95,0.00,9.85,53.64,922.7510,0,0.00,-101.0,4.0
4,2026-09-18 12:10:12,0.27,0.66,1.37,14.77,327.67,8.63,53.48,923.0300,-100,3.50,-100.0,3.5
3,2026-09-18 12:10:16,0.88,1.48,2.39,12.53,0.00,10.45,51.44,922.6748,0,0.00,-101.0,4.75
4,2026-09-18 12:20:12,0.26,0.63,1.76,24.41,327.67,8.89,52.67,922.8982,-101,3.00,-101.0,3.0
4,2026-09-18 12:30:16,0.26,0.61,1.51,23.61,327.67,9.06,53.00,922.7922,-103,3.50,-103.0,3.5
3,2026-09-18 12:30:16,0.99,1.64,2.83,18.26,0.00,9.94,52.65,922.5044,0,0.00,-103.0,3.5
4,2026-09-18 12:40:16,0.28,0.63,0.98,8.60,327.67,9.56,51.68,922.6890,-102,4.00,-102.0,4.0
3,2026-09-18 12:40:16,1.10,1.72,2.75,18.83,0.00,10.66,49.97,922.3256,0,0.00,-102.0,4.0
4,2026-09-18 12:50:16,0.26,0.60,1.01,20.87,327.67,10.16,49.67,922.5373,-102,3.75,-102.0,3.75
3,2026-09-18 12:50:16,1.03,1.70,2.82,19.16,0.00,11.76,46.93,922.1329,0,0.00,-102.0,3.75
4,2026-09-18 13:00:12,0.24,0.60,1.37,19.84,327.67,10.57,48.21,922.4051,-101,4.00,-101.0,4.0
3,2026-09-18 13:00:16,0.99,1.59,2.55,25.14,0.00,12.12,46.27,921.9696,0,0.00,-102.0,4.25
4,2026-09-18 13:10:13,0.25,0.63,1.34,25.76,327.67,10.58,48.20,922.2573,-101,3.25,-101.0,3.25
4,2026-09-18 13:30:13,0.25,0.62,1.24,18.57,327.67,10.83,48.10,921.8898,-101,2.50,-101.0,2.5
3,2026-09-18 13:30:16,0.98,1.54,2.18,14.15,0.00,12.23,46.39,921.5534,0,0.00,-102.0,4.25
4,2026-09-18 13:40:12,0.24,0.53,1.15,9.84,327.67,11.00,46.94,921.7267,-101,3.75,-101.0,3.75
4,2026-09-18 13:50:12,0.23,0.54,1.22,9.42,327.67,11.88,45.13,921.6683,-101,4.00,-101.0,4.0
3,2026-09-18 13:50:16,0.92,1.48,2.46,20.77,0.00,14.18,41.69,921.2968,0,0.00,-103.0,4.0
4,2026-09-18 14:00:16,0.22,0.54,1.14,9.39,327.67,13.23,41.64,921.4512,-102,3.75,-102.0,3.75
3,2026-09-18 14:00:16,0.92,1.45,3.07,60.51,0.00,15.10,39.89,921.0544,0,0.00,-102.0,3.75
4,2026-09-18 14:10:16,0.24,0.61,1.51,19.88,327.67,13.64,40.43,921.1906,-102,3.75,-102.0,3.75
3,2026-09-18 14:10:16,1.01,1.54,3.04,44.69,0.00,15.29,38.97,920.7863,0,0.00,-102.0,3.75
4,2026-09-18 14:20:12,0.26,0.60,1.58,19.94,327.67,13.09,41.48,920.9923,-101,3.75,-101.0,3.75
3,2026-09-18 14:20:16,0.92,1.46,2.29,16.39,0.00,14.90,39.88,920.6537,0,0.00,-103.0,3.75
4,2026-09-18 14:40:12,0.25,0.62,0.99,6.08,327.67,12.45,43.16,920.8195,-101,4.25,-101.0,4.25
3,2026-09-18 14:40:16,0.94,1.52,2.64,36.50,0.00,16.47,37.45,920.4335,0,0.00,-102.0,3.75
4,2026-09-18 14:50:12,0.24,0.55,1.19,21.10,327.67,13.07,41.88,920.5949,-101,4.25,-101.0,4.25
3,2026-09-18 14:50:16,0.82,1.36,2.72,27.10,0.00,16.00,38.67,920.1431,0,0.00,-103.0,4.25
4,2026-09-18 15:00:12,0.22,0.49,1.07,19.67,327.67,14.25,39.50,920.3900,-101,3.50,-101.0,3.5
4,2026-09-18 15:20:12,0.25,0.61,1.79,24.52,327.67,16.25,35.94,919.8238,-101,4.50,-101.0,4.5
4,2026-09-18 15:30:12,6.22,69.93,305.91,327.67,327.67,15.77,39.60,919.4433,-102,4.50,-102.0,4.5
4,2026-09-18 15:50:12,3.73,43.02,190.75,327.67,327.67,13.50,45.60,918.8172,-101,4.00,-101.0,4.0
4,2026-09-18 16:00:16,4.90,58.59,279.11,327.67,327.67,12.84,47.23,918.7189,-103,2.75,-103.0,2.75
3,2026-09-18 16:00:16,0.71,1.33,5.38,32.15,0.00,11.34,55.42,918.2426,0,0.00,-103.0,2.75
4,2026-09-18 16:10:12,3.21,35.80,172.02,327.67,327.67,12.56,47.99,918.5464,-99,4.75,-99.0,4.75
3,2026-09-18 16:10:16,0.85,1.58,5.80,35.41,0.00,11.13,55.80,918.1531,0,0.00,-103.0,4.0
4,2026-09-18 16:20:12,8.01,95.09,327.67,327.67,327.67,12.35,49.16,918.3776,-101,4.50,-101.0,4.5
3,2026-09-18 16:20:16,0.83,1.36,3.90,22.11,0.00,11.25,55.92,917.9956,0,0.00,-102.0,3.25
4,2026-09-18 16:30:12,2.68,31.19,139.92,327.67,327.67,12.27,48.93,918.3561,-101,4.50,-101.0,4.5
3,2026-09-18 16:30:16,0.85,1.18,2.55,30.09,0.00,11.18,56.27,917.9283,0,0.00,-103.0,3.0
4,2026-09-18 16:40:12,1.38,14.84,74.28,327.67,327.67,11.79,51.49,918.1293,-99,6.00,-99.0,6.0
4,2026-09-18 16:50:12,0.73,5.47,28.53,327.67,327.67,11.99,50.43,918.0434,-100,5.00,-100.0,5.0
3,2026-09-18 16:50:16,0.81,1.24,4.13,29.99,0.00,11.55,55.25,917.5901,0,0.00,-103.0,4.0
4,2026-09-18 17:00:12,0.79,6.09,25.57,327.67,327.67,12.02,50.47,917.9743,-101,4.75,-101.0,4.75
4,2026-09-18 17:10:12,0.34,1.97,8.40,116.23,327.67,11.70,51.78,917.8128,-100,5.75,-100.0,5.75
4,2026-09-18 17:20:12,0.59,4.96,21.09,327.67,327.67,12.09,51.30,917.7138,-100,3.75,-100.0,3.75
3,2026-09-18 17:20:16,0.79,1.18,2.69,41.20,0.00,11.14,57.56,917.2372,0,0.00,-104.0,3.5
4,2026-09-18 17:30:12,1.26,13.02,59.18,327.67,327.67,12.20,50.88,917.5305,-99,5.75,-99.0,5.75
3,2026-09-18 17:30:16,0.83,1.27,3.29,27.87,0.00,10.77,58.55,917.1523,0,0.00,-103.0,3.75
4,2026-09-18 17:40:12,1.50,15.97,73.94,327.67,327.67,11.66,52.94,917.3771,-100,5.50,-100.0,5.5
3,2026-09-18 17:40:16,0.75,1.45,6.84,39.38,0.00,10.66,59.19,916.9724,0,0.00,-101.0,4.5
4,2026-09-18 17:50:12,0.38,2.62,16.91,165.01,327.67,11.71,52.75,917.2142,-99,5.00,-99.0,5.0
4,2026-09-18 18:00:12,0.34,2.21,15.93,110.15,327.67,11.71,52.20,917.0440,-98,5.75,-98.0,5.75
3,2026-09-18 18:00:16,0.76,1.86,12.24,86.18,0.00,10.77,58.97,916.5201,0,0.00,-103.0,4.25
4,2026-09-18 18:10:12,0.39,2.07,12.40,105.85,327.67,12.10,51.68,916.7912,-100,4.50,-100.0,4.5
3,2026-09-18 18:10:16,0.64,0.93,2.21,31.18,0.00,10.92,59.06,916.3067,0,0.00,-102.0,4.0
4,2026-09-18 18:20:12,0.49,3.90,15.85,249.30,327.67,12.58,50.71,916.6682,-100,6.00,-100.0,6.0
3,2026-09-18 18:20:16,0.72,1.23,6.06,40.64,0.00,10.58,59.73,916.1816,0,0.00,-101.0,3.75
4,2026-09-18 18:30:12,0.24,0.65,2.74,51.77,327.67,11.86,52.32,916.3507,-98,6.00,-98.0,6.0
4,2026-09-18 18:40:12,0.50,4.11,31.41,327.67,327.67,11.07,54.56,916.1139,-100,5.50,-100.0,5.5
4,2026-09-18 18:50:12,0.50,3.54,15.89,327.48,327.67,10.38,56.63,915.9341,-99,6.50,-99.0,6.5
4,2026-09-18 19:00:12,0.28,1.13,5.12,73.00,327.67,10.20,57.41,915.8524,-100,5.75,-100.0,5.75
4,2026-09-18 19:10:12,0.24,0.43,0.75,27.41,327.67,10.05,57.70,915.7802,-100,5.75,-100.0,5.75
3,2026-09-18 19:10:16,0.93,1.24,3.10,51.15,0.00,9.48,62.48,915.2493,0,0.00,-102.0,4.0
4,2026-09-18 19:20:12,0.69,5.74,25.47,327.67,327.67,9.53,59.41,915.6018,-100,4.50,-100.0,4.5
4,2026-09-18 19:30:12,0.34,1.82,8.14,155.06,327.67,9.26,60.25,915.4552,-101,3.50,-101.0,3.5
4,2026-09-18 19:40:16,0.28,0.80,2.23,57.71,327.67,9.20,60.66,915.3235,-102,3.50,-102.0,3.5
3,2026-09-18 19:40:16,0.66,0.91,1.37,13.34,0.00,8.92,64.56,914.8520,0,0.00,-102.0,3.5
4,2026-09-18 19:50:12,0.21,0.40,1.13,28.16,327.67,9.07,61.14,915.1618,-101,5.00,-101.0,5.0
3,2026-09-18 19:50:16,0.64,0.88,1.57,16.15,0.00,8.89,64.91,914.7021,0,0.00,-103.0,4.25
4,2026-09-18 20:00:12,0.33,1.52,6.46,201.03,327.67,8.62,62.66,915.0077,-100,5.50,-100.0,5.5
3,2026-09-18 20:00:16,0.59,0.81,1.38,19.89,0.00,8.85,64.93,914.5660,0,0.00,-102.0,4.25
4,2026-09-18 20:10:12,0.24,0.60,2.76,69.51,327.67,8.65,62.90,914.8124,-100,5.25,-100.0,5.25
3,2026-09-18 20:10:16,0.58,0.75,1.21,19.57,0.00,8.62,65.68,914.3126,0,0.00,-102.0,4.0
4,2026-09-18 20:20:12,0.29,0.90,4.67,126.69,327.67,8.51,63.18,914.5638,-100,4.00,-100.0,4.0
4,2026-09-18 20:30:12,0.22,0.43,0.86,17.42,327.67,8.31,63.94,914.4180,-100,5.00,-100.0,5.0
3,2026-09-18 20:30:16,0.75,0.97,1.44,16.14,0.00,8.75,65.20,914.0215,0,0.00,-102.0,4.75
4,2026-09-18 20:40:12,0.71,7.93,46.63,327.67,327.67,8.27,64.25,914.3232,-100,3.75,-100.0,3.75
4,2026-09-18 20:50:16,0.48,4.68,29.08,327.67,327.67,8.04,64.94,914.3447,-101,4.75,-101.0,4.75
3,2026-09-18 20:50:16,0.96,1.22,3.01,53.22,0.00,8.60,66.06,913.8349,0,0.00,-101.0,4.75
4,2026-09-18 21:00:12,0.49,4.90,26.73,273.64,327.67,8.26,64.56,914.1010,-101,4.75,-101.0,4.75
3,2026-09-18 21:00:16,0.74,1.00,1.93,35.19,0.00,8.19,67.85,913.8142,0,0.00,-102.0,4.25
4,2026-09-18 21:10:12,0.21,0.79,5.10,100.39,327.67,7.96,65.76,914.0625,-101,1.75,-101.0,1.75
3,2026-09-18 21:10:16,0.65,0.86,1.94,28.53,0.00,8.12,68.27,913.6556,0,0.00,-102.0,4.25
4,2026-09-18 21:20:12,0.21,0.62,2.62,106.84,327.67,8.10,65.46,913.9025,-100,4.50,-100.0,4.5
3,2026-09-18 21:20:16,0.66,0.91,2.14,35.57,0.00,8.35,66.76,913.5667,0,0.00,-103.0,3.5
4,2026-09-18 21:30:12,0.33,1.90,8.38,180.07,327.67,7.98,65.35,913.6692,-101,4.50,-101.0,4.5
3,2026-09-18 21:30:16,0.61,0.79,1.59,29.34,0.00,8.56,66.20,913.3674,0,0.00,-103.0,4.5
4,2026-09-18 21:40:12,0.17,0.33,1.08,29.31,327.67,8.02,65.38,913.5787,-100,4.75,-100.0,4.75
3,2026-09-18 21:40:16,0.66,0.81,1.52,26.19,0.00,8.16,68.02,913.1371,0,0.00,-102.0,4.5
4,2026-09-18 21:50:16,0.15,0.25,0.70,30.88,327.67,8.10,65.04,913.5551,-102,4.00,-102.0,4.0
3,2026-09-18 21:50:16,0.72,0.93,1.43,15.33,0.00,7.88,68.49,913.2068,0,0.00,-102.0,4.0
4,2026-09-18 22:00:16,0.18,0.34,0.48,6.96,327.67,7.75,65.95,913.4828,-102,4.75,-102.0,4.75
3,2026-09-18 22:00:16,0.67,0.85,1.80,34.93,0.00,7.99,68.11,913.1372,0,0.00,-102.0,4.75
4,2026-09-18 22:10:16,0.14,0.26,0.47,11.67,327.67,7.71,65.96,913.4027,-101,4.75,-101.0,4.75
3,2026-09-18 22:10:16,0.66,0.83,1.72,28.26,0.00,7.81,68.22,913.1282,0,0.00,-101.0,4.75
4,2026-09-18 22:20:12,0.15,0.24,0.89,21.85,327.67,7.72,65.75,913.4274,-100,4.75,-100.0,4.75
3,2026-09-18 22:20:16,0.73,0.89,3.02,35.25,0.00,7.85,67.07,913.0850,0,0.00,-102.0,4.25
4,2026-09-18 22:30:12,0.13,0.23,0.56,21.38,327.67,7.56,65.88,913.4628,-101,3.50,-101.0,3.5
4,2026-09-18 22:40:12,0.11,0.24,1.28,33.87,327.67,7.21,66.95,913.4234,-101,4.50,-101.0,4.5
4,2026-09-18 22:50:12,0.16,0.29,1.08,34.20,327.67,7.81,64.70,913.3901,-101,5.50,-101.0,5.5
3,2026-09-18 22:50:16,0.67,0.94,2.18,28.50,0.00,7.01,69.95,913.1574,0,0.00,-101.0,4.5
4,2026-09-18 23:00:12,0.15,0.27,1.46,26.83,327.67,7.29,66.41,913.4216,-101,3.50,-101.0,3.5
3,2026-09-18 23:00:16,0.79,1.05,2.78,55.95,0.00,7.31,67.22,912.9389,0,0.00,-101.0,4.0
4,2026-09-18 23:10:12,0.14,0.29,1.99,55.88,327.67,6.89,67.66,913.1794,-100,4.25,-100.0,4.25
4,2026-09-18 23:20:16,0.09,0.19,1.65,30.22,327.67,6.88,67.28,912.7713,-101,5.00,-101.0,5.0
3,2026-09-18 23:20:16,0.85,1.09,1.99,27.45,0.00,6.46,70.28,912.4583,0,0.00,-101.0,5.0
4,2026-09-18 23:30:12,0.09,0.18,1.16,22.93,327.67,7.05,66.13,912.5232,-101,2.50,-101.0,2.5
4,2026-09-18 23:40:16,0.14,0.30,1.38,31.22,327.67,6.62,67.02,912.4006,-102,4.25,-102.0,4.25
3,2026-09-18 23:40:16,0.63,0.89,1.81,20.72,0.00,6.05,71.30,912.0842,0,0.00,-102.0,4.25
4,2026-09-18 23:50:12,0.15,0.27,0.93,23.91,327.67,5.75,68.46,912.5428,-101,3.50,-101.0,3.5
3,2026-09-18 23:50:16,0.61,0.76,1.39,18.96,0.00,7.05,70.16,912.0289,0,0.00,-101.0,4.5
4,2026-09-19 00:00:16,0.09,0.40,2.60,28.26,327.67,6.40,68.64,912.3836,-102,4.50,-102.0,4.5
3,2026-09-19 00:00:16,0.51,0.73,4.48,32.80,0.00,7.65,67.81,912.0511,0,0.00,-102.0,4.5
4,2026-09-19 00:20:16,0.07,0.19,3.49,55.99,327.67,6.79,67.22,912.1920,-103,4.00,-103.0,4.0
3,2026-09-19 00:20:16,0.46,0.64,3.10,21.51,0.00,7.94,66.43,911.6175,0,0.00,-103.0,4.0
4,2026-09-19 00:30:16,0.08,0.22,1.87,28.64,327.67,5.95,68.90,912.0996,-102,4.00,-102.0,4.0
3,2026-09-19 00:30:16,0.40,0.70,4.72,26.36,0.00,8.12,65.06,911.6497,0,0.00,-102.0,4.0
4,2026-09-19 00:40:16,0.07,0.30,3.82,41.53,327.67,5.81,70.55,912.1252,-102,4.25,-102.0,4.25
3,2026-09-19 00:40:16,0.42,0.56,3.58,30.52,0.00,8.40,63.84,911.5394,0,0.00,-102.0,4.25
4,2026-09-19 01:00:12,0.07,0.24,3.39,34.01,327.67,6.76,66.18,911.7648,-101,4.50,-101.0,4.5
3,2026-09-19 01:00:16,0.82,1.36,9.54,177.92,0.00,8.22,64.27,911.1880,0,0.00,-105.0,3.25
4,2026-09-19 02:10:16,0.12,0.77,9.52,50.70,327.67,8.22,59.91,911.9426,-102,4.75,-102.0,4.75
3,2026-09-19 02:10:16,0.60,1.44,12.71,51.00,0.00,7.81,63.65,911.2681,0,0.00,-102.0,4.75
4,2026-09-19 02:30:16,0.13,1.30,15.71,51.11,327.67,7.86,60.46,911.9600,-102,4.00,-102.0,4.0
3,2026-09-19 02:30:16,0.68,1.70,15.66,83.49,0.00,8.06,62.10,911.3592,0,0.00,-102.0,4.0
4,2026-09-19 02:40:16,0.13,1.17,14.63,86.80,327.67,7.46,61.20,912.0427,-101,4.50,-101.0,4.5
3,2026-09-19 02:40:16,0.62,1.45,14.07,49.64,0.00,8.16,61.46,911.5205,0,0.00,-101.0,4.5
4,2026-09-19 02:50:16,0.15,1.18,18.70,117.75,327.67,7.32,61.10,912.1787,-103,4.00,-103.0,4.0
3,2026-09-19 02:50:16,0.71,2.85,28.70,108.56,0.00,8.36,60.31,911.5966,0,0.00,-103.0,4.0
4,2026-09-19 03:00:16,0.16,1.59,21.92,87.21,327.67,7.57,59.59,912.2942,-103,4.00,-103.0,4.0
3,2026-09-19 03:00:16,0.61,1.66,12.93,63.26,0.00,8.50,60.08,911.7130,0,0.00,-103.0,4.0
4,2026-09-19 03:10:16,0.17,1.33,18.84,90.53,327.67,8.31,56.72,912.3313,-101,4.25,-101.0,4.25
3,2026-09-19 03:10:16,0.54,1.23,10.90,44.48,0.00,8.50,60.14,911.7724,0,0.00,-101.0,4.25
4,2026-09-19 03:20:12,0.18,1.34,14.94,114.08,327.67,8.41,56.89,912.2930,-101,2.75,-101.0,2.75
4,2026-09-19 03:30:16,0.15,1.10,15.38,123.54,327.67,8.01,57.62,912.3489,-101,4.25,-101.0,4.25
3,2026-09-19 03:30:16,0.64,1.39,12.62,68.05,0.00,8.30,59.78,911.9758,0,0.00,-101.0,4.25
4,2026-09-19 03:40:12,0.13,0.93,10.83,71.84,327.67,7.04,60.30,912.4214,-101,3.25,-101.0,3.25
3,2026-09-19 03:40:16,0.81,1.41,8.82,56.52,0.00,8.82,57.37,912.0123,0,0.00,-100.0,4.75
4,2026-09-19 03:50:16,0.10,0.70,11.08,62.44,327.67,6.80,61.46,912.4557,-101,4.50,-101.0,4.5
3,2026-09-19 03:50:16,0.69,1.12,9.82,61.71,0.00,8.76,56.85,911.9933,0,0.00,-101.0,4.5
4,2026-09-19 04:00:16,0.12,0.73,9.35,61.27,327.67,6.15,63.65,912.5688,-101,5.00,-101.0,5.0
3,2026-09-19 04:00:16,0.57,0.97,8.04,83.96,0.00,7.61,60.22,912.1841,0,0.00,-101.0,5.0
4,2026-09-19 04:10:16,0.10,0.59,8.44,45.91,327.67,6.08,64.01,912.6012,-99,5.00,-99.0,5.0
3,2026-09-19 04:10:16,0.61,0.99,7.94,71.66,0.00,7.32,61.07,912.1736,0,0.00,-99.0,5.0
4,2026-09-19 04:30:12,0.10,0.37,4.05,52.92,327.67,6.55,62.04,912.5691,-101,2.50,-101.0,2.5
3,2026-09-19 04:30:16,0.64,0.98,6.46,39.28,0.00,6.98,63.02,912.2325,0,0.00,-101.0,5.25
4,2026-09-19 04:40:16,0.12,0.33,2.43,60.77,327.67,7.36,59.57,912.4875,-101,5.00,-101.0,5.0
3,2026-09-19 04:40:16,0.68,0.92,2.81,34.79,0.00,7.51,60.79,912.2710,0,0.00,-101.0,5.0
4,2026-09-19 04:50:12,0.11,0.34,2.97,30.25,327.67,6.99,59.88,912.4799,-102,2.00,-102.0,2.0
3,2026-09-19 04:50:16,0.63,0.82,1.97,26.29,0.00,8.19,58.97,912.2057,0,0.00,-101.0,5.0
4,2026-09-19 05:00:12,0.10,0.33,2.25,34.31,327.67,6.90,60.31,912.5483,-101,3.50,-101.0,3.5
3,2026-09-19 05:00:16,0.77,0.98,3.40,39.11,0.00,8.62,57.61,912.1854,0,0.00,-101.0,5.25
4,2026-09-19 05:10:12,0.10,0.34,2.61,30.05,327.67,5.88,63.50,912.7212,-101,3.00,-101.0,3.0
3,2026-09-19 05:10:16,0.80,1.01,2.37,33.69,0.00,9.07,56.25,912.3046,0,0.00,-102.0,4.75
4,2026-09-19 05:40:12,0.11,0.33,1.35,17.44,327.67,8.31,55.46,912.8297,-102,3.50,-102.0,3.5
4,2026-09-19 05:50:12,0.11,0.36,1.94,31.06,327.67,6.80,60.61,913.0276,-101,3.75,-101.0,3.75
4,2026-09-19 07:20:16,0.12,0.28,1.06,16.42,327.67,4.96,67.48,913.1570,-103,4.50,-103.0,4.5
3,2026-09-19 07:20:16,0.53,0.77,1.80,36.18,0.00,5.47,66.74,912.9700,0,0.00,-103.0,4.5
4,2026-09-19 07:30:16,0.14,0.35,1.16,33.05,327.67,5.90,65.08,913.2259,-103,4.00,-103.0,4.0
3,2026-09-19 07:30:16,0.49,0.73,2.11,33.26,0.00,6.93,66.91,912.8443,0,0.00,-103.0,4.0
4,2026-09-19 07:50:12,0.12,0.34,1.71,27.12,327.67,5.88,65.71,913.3674,-101,2.50,-101.0,2.5
3,2026-09-19 07:50:16,0.67,0.94,2.06,28.79,0.00,7.86,63.43,912.7345,0,0.00,-102.0,4.25
4,2026-09-19 08:20:12,0.71,11.33,116.39,327.67,327.67,7.86,61.08,912.7834,-101,2.50,-101.0,2.5
4,2026-09-19 08:30:12,1.87,32.30,290.94,327.67,327.67,7.67,61.98,912.6958,-103,2.50,-103.0,2.5
4,2026-09-19 08:40:12,1.94,34.03,310.68,327.67,327.67,7.71,61.96,912.6568,-100,5.25,-100.0,5.25
4,2026-09-19 08:50:16,1.72,30.47,246.27,327.67,327.67,7.77,61.55,912.7203,-101,4.75,-101.0,4.75
3,2026-09-19 08:50:16,0.67,1.07,3.59,71.75,0.00,7.89,63.09,912.4779,0,0.00,-101.0,4.75
4,2026-09-19 09:00:16,1.35,23.44,184.62,327.67,327.67,9.31,57.57,912.9150,-101,4.75,-101.0,4.75
3,2026-09-19 09:00:16,0.77,1.19,4.74,55.52,0.00,7.87,64.01,912.4342,0,0.00,-101.0,4.75
4,2026-09-19 09:10:12,0.15,0.64,4.64,54.45,327.67,9.43,56.55,913.0553,-101,4.00,-101.0,4.0
3,2026-09-19 09:10:16,0.43,0.71,2.15,24.88,0.00,8.06,63.72,912.3774,0,0.00,-104.0,3.5
4,2026-09-19 09:20:16,0.17,1.03,6.28,223.12,327.67,11.08,51.73,912.9720,-102,4.75,-102.0,4.75
3,2026-09-19 09:20:16,0.71,1.07,2.43,24.26,0.00,8.58,61.97,912.3390,0,0.00,-102.0,4.75
4,2026-09-19 09:40:16,0.70,9.53,73.78,327.67,327.67,10.68,53.40,913.1608,-102,4.50,-102.0,4.5
3,2026-09-19 09:40:16,0.90,1.32,2.93,22.56,0.00,11.06,54.93,912.6006,0,0.00,-102.0,4.5
4,2026-09-19 10:00:12,0.32,3.46,25.72,327.67,327.67,11.03,52.26,913.4461,-100,2.00,-100.0,2.0
4,2026-09-19 10:10:12,0.22,1.40,13.27,90.13,327.67,10.74,52.98,913.6406,-101,3.25,-101.0,3.25
4,2026-09-19 10:50:12,0.18,1.20,11.72,83.12,327.67,13.16,47.03,913.8068,-101,1.75,-101.0,1.75
4,2026-09-19 11:00:16,0.22,2.00,20.21,105.49,327.67,13.25,46.69,913.8212,-102,4.50,-102.0,4.5
3,2026-09-19 11:00:16,0.87,1.27,2.47,29.94,0.00,11.17,55.98,913.3619,0,0.00,-102.0,4.5
4,2026-09-19 11:20:12,0.17,0.59,3.08,36.84,327.67,13.03,47.12,913.8950,-100,2.75,-100.0,2.75
4,2026-09-19 11:30:12,0.18,0.89,5.13,46.28,327.67,12.54,48.25,913.9998,-100,4.50,-100.0,4.5
3,2026-09-19 11:30:16,0.75,1.00,1.71,22.06,0.00,10.95,55.36,913.5627,0,0.00,-101.0,4.5
4,2026-09-19 11:50:12,0.35,2.70,14.54,145.30,327.67,12.78,46.99,913.7969,-100,4.25,-100.0,4.25
4,2026-09-19 12:00:12,0.69,6.81,35.85,327.67,327.67,12.67,47.00,913.8479,-100,4.00,-100.0,4.0
3,2026-09-19 12:00:16,0.88,1.35,4.30,59.39,0.00,12.39,50.79,913.5150,0,0.00,-100.0,4.5
4,2026-09-19 12:10:12,0.60,5.91,34.02,327.67,327.67,12.09,48.84,913.8109,-101,4.50,-101.0,4.5
3,2026-09-19 12:10:16,0.69,0.99,2.26,19.94,0.00,11.85,52.48,913.4672,0,0.00,-101.0,5.25
4,2026-09-19 12:20:12,1.24,16.45,90.79,327.67,327.67,12.06,49.00,913.8109,-101,2.50,-101.0,2.5
3,2026-09-19 12:20:16,0.84,1.20,3.58,31.62,0.00,11.72,52.40,913.4682,0,0.00,-101.0,4.5
4,2026-09-19 12:30:12,0.16,0.70,4.26,30.22,327.67,12.27,48.65,914.0109,-100,3.75,-100.0,3.75
4,2026-09-19 12:40:12,0.13,0.54,2.08,24.55,327.67,12.74,47.60,914.0119,-101,4.00,-101.0,4.0
4,2026-09-19 12:50:12,0.14,0.58,3.74,28.84,327.67,12.50,48.98,914.1074,-101,3.75,-101.0,3.75
4,2026-09-19 13:00:12,0.13,0.55,2.99,42.63,327.67,13.46,45.31,913.9400,-101,2.50,-101.0,2.5
3,2026-09-19 13:00:16,0.65,0.85,1.66,19.18,0.00,12.86,48.89,913.6274,0,0.00,-101.0,5.25
4,2026-09-19 13:10:12,0.12,0.28,1.66,38.00,327.67,13.38,45.33,913.9290,-102,2.75,-102.0,2.75
4,2026-09-19 13:20:12,0.19,1.62,8.37,96.01,327.67,13.65,45.00,913.8760,-101,3.00,-101.0,3.0
4,2026-09-19 13:50:16,0.44,5.00,27.90,327.67,327.67,13.69,43.42,913.7972,-103,3.75,-103.0,3.75
3,2026-09-19 13:50:16,0.76,1.03,2.92,21.21,0.00,12.82,47.85,913.4504,0,0.00,-103.0,3.75
4,2026-09-19 14:30:16,0.22,1.66,8.30,327.67,327.67,15.28,39.68,913.5761,-102,4.25,-102.0,4.25
3,2026-09-19 14:30:16,0.66,1.01,2.94,31.98,0.00,15.36,41.93,913.0398,0,0.00,-102.0,4.25
4,2026-09-19 14:50:16,2.63,33.11,156.71,327.67,327.67,16.29,35.50,913.1306,-102,3.75,-102.0,3.75
3,2026-09-19 14:50:16,0.59,0.75,1.66,20.04,0.00,14.64,42.23,912.7475,0,0.00,-102.0,3.75
4,2026-09-19 15:00:16,0.69,8.03,40.69,327.67,327.67,16.07,37.42,913.1017,-101,4.75,-101.0,4.75
3,2026-09-19 15:00:16,0.65,0.82,1.78,19.50,0.00,16.00,40.51,912.7112,0,0.00,-101.0,4.75
4,2026-09-19 15:30:12,0.20,1.39,8.32,123.98,327.67,17.07,33.55,912.7075,-100,3.75,-100.0,3.75
4,2026-09-19 15:50:16,0.12,0.46,2.77,39.17,327.67,17.15,33.58,912.5845,-102,4.25,-102.0,4.25
3,2026-09-19 15:50:16,0.89,1.14,1.68,37.78,0.00,16.48,39.29,912.1159,0,0.00,-102.0,4.25
4,2026-09-19 16:00:16,0.13,0.44,1.60,21.71,327.67,18.04,32.15,912.5216,-101,4.50,-101.0,4.5
3,2026-09-19 16:00:16,0.73,0.94,1.76,24.65,0.00,16.62,38.89,911.9763,0,0.00,-101.0,4.5
4,2026-09-19 16:10:12,0.12,0.46,2.33,26.41,327.67,18.46,30.77,912.5158,-102,2.75,-102.0,2.75
3,2026-09-19 16:10:16,0.73,0.91,1.59,20.44,0.00,16.45,38.92,911.9921,0,0.00,-103.0,3.5
4,2026-09-19 17:00:12,0.29,2.01,8.24,117.92,327.67,19.18,28.87,911.9811,-102,1.75,-102.0,1.75
3,2026-09-19 17:00:16,0.85,1.41,4.74,38.47,0.00,17.03,39.01,911.5894,0,0.00,-104.0,3.25
4,2026-09-19 17:10:12,0.62,6.12,28.81,327.67,327.67,18.95,31.67,911.6921,-102,2.25,-102.0,2.25
3,2026-09-19 17:10:16,0.73,1.50,6.18,40.58,0.00,17.74,38.39,911.3799,0,0.00,-104.0,3.5
4,2026-09-19 17:20:12,2.95,35.45,162.49,327.67,327.67,18.92,32.45,911.5344,-102,1.75,-102.0,1.75
4,2026-09-19 17:40:12,0.79,9.08,46.29,327.67,327.67,17.49,33.67,911.2490,-104,1.00,-104.0,1.0
3,2026-09-19 17:40:16,0.90,1.92,11.69,59.84,0.00,16.42,37.41,910.9180,0,0.00,-103.0,3.25
4,2026-09-19 17:50:16,2.27,27.13,120.49,327.67,327.67,16.69,34.74,911.1122,-101,4.50,-101.0,4.5
3,2026-09-19 17:50:16,0.82,1.44,5.61,35.84,0.00,15.33,40.01,910.8254,0,0.00,-101.0,4.5
4,2026-09-19 18:00:12,5.03,63.46,293.01,327.67,327.67,15.85,36.71,910.8396,-103,1.00,-103.0,1.0
3,2026-09-19 18:00:16,0.77,1.32,4.97,48.66,0.00,14.41,42.60,910.5178,0,0.00,-101.0,4.5
4,2026-09-19 18:30:16,5.42,67.68,319.09,327.67,327.67,14.69,40.64,910.5169,-101,5.25,-101.0,5.25
3,2026-09-19 18:30:16,0.69,1.19,5.31,34.54,0.00,13.27,46.45,910.2014,0,0.00,-101.0,5.25
4,2026-09-19 18:40:16,2.62,32.74,150.27,327.67,327.67,14.84,41.24,910.4967,-102,3.75,-102.0,3.75
3,2026-09-19 18:40:16,0.80,1.20,4.10,31.85,0.00,13.32,48.06,910.0667,0,0.00,-102.0,3.75
4,2026-09-19 18:50:12,2.03,27.62,135.63,327.67,327.67,14.39,44.00,910.5000,-102,3.25,-102.0,3.25
4,2026-09-19 19:00:16,4.19,55.56,259.50,327.67,327.67,14.09,44.45,910.3538,-102,4.25,-102.0,4.25
3,2026-09-19 19:00:16,0.70,1.20,5.90,28.20,0.00,12.68,50.26,909.9822,0,0.00,-102.0,4.25
4,2026-09-19 19:30:12,0.38,4.48,26.02,274.75,327.67,12.37,51.41,910.3581,-102,3.50,-102.0,3.5
4,2026-09-19 19:40:12,0.16,0.90,6.01,87.46,327.67,11.37,55.82,910.4412,-101,4.25,-101.0,4.25
4,2026-09-19 20:00:12,1.31,17.29,87.45,327.67,327.67,11.54,54.69,910.2546,-101,3.50,-101.0,3.5
4,2026-09-19 20:10:16,4.48,63.95,327.67,327.67,327.67,10.97,56.56,910.0125,-101,4.75,-101.0,4.75
3,2026-09-19 20:10:16,0.83,1.08,1.65,18.38,0.00,10.48,61.56,909.6533,0,0.00,-101.0,4.75
4,2026-09-19 20:20:16,2.01,26.59,146.09,327.67,327.67,11.02,56.28,909.9962,-102,4.25,-102.0,4.25
3,2026-09-19 20:20:16,0.64,0.89,1.82,15.53,0.00,10.88,58.96,909.6222,0,0.00,-102.0,4.25
4,2026-09-19 20:40:12,0.47,5.58,27.41,327.67,327.67,10.96,57.11,909.9301,-101,4.50,-101.0,4.5
3,2026-09-19 20:40:16,0.79,0.98,1.64,19.38,0.00,10.71,61.52,909.6185,0,0.00,-101.0,4.75
4,2026-09-19 20:50:12,0.26,2.14,10.37,327.67,327.67,10.94,57.41,909.8937,-101,4.00,-101.0,4.0
4,2026-09-19 21:00:12,2.03,24.58,122.60,327.67,327.67,11.00,55.76,909.7310,-101,4.25,-101.0,4.25
4,2026-09-19 21:10:16,0.66,7.55,36.92,327.67,327.67,10.70,56.68,909.6044,-102,3.50,-102.0,3.5
3,2026-09-19 21:10:16,0.68,0.86,1.82,22.59,0.00,10.49,61.30,909.2789,0,0.00,-102.0,3.5
4,2026-09-19 21:30:16,0.58,5.94,28.34,327.67,327.67,10.43,56.83,909.3020,-101,4.75,-101.0,4.75
3,2026-09-19 21:30:16,1.01,1.38,2.83,21.85,0.00,10.73,58.06,908.9166,0,0.00,-101.0,4.75
4,2026-09-19 21:40:12,1.10,14.04,73.08,327.67,327.67,10.48,55.82,909.1828,-100,4.75,-100.0,4.75
4,2026-09-19 21:50:12,0.88,11.24,60.08,327.67,327.67,10.40,56.19,909.0308,-101,5.00,-101.0,5.0
3,2026-09-19 21:50:16,0.87,1.14,2.06,32.32,0.00,11.24,56.22,908.7327,0,0.00,-100.0,5.25
4,2026-09-19 22:00:16,0.26,1.73,8.13,202.27,327.67,10.50,55.28,908.9927,-101,4.75,-101.0,4.75
3,2026-09-19 22:00:16,0.70,0.88,2.20,32.38,0.00,10.73,57.15,908.6101,0,0.00,-101.0,4.75
4,2026-09-19 22:10:12,0.13,0.37,1.39,28.00,327.67,10.56,54.94,909.0052,-101,3.50,-101.0,3.5
3,2026-09-19 22:10:16,0.62,0.82,1.86,25.82,0.00,10.19,58.38,908.6169,0,0.00,-102.0,4.25
4,2026-09-19 22:20:12,0.38,3.49,17.32,218.97,327.67,10.45,54.64,908.8420,-100,5.00,-100.0,5.0
4,2026-09-19 22:40:12,0.27,2.12,10.86,246.06,327.67,10.49,54.15,908.5660,-102,3.25,-102.0,3.25
4,2026-09-19 23:00:12,0.13,0.27,0.78,10.90,327.67,10.28,54.81,908.1619,-101,3.25,-101.0,3.25
4,2026-09-19 23:20:16,0.18,0.90,4.05,89.53,327.67,10.34,54.22,907.8019,-102,4.25,-102.0,4.25
3,2026-09-19 23:20:16,0.80,0.97,2.31,32.79,0.00,10.82,54.81,907.4472,0,0.00,-102.0,4.25
4,2026-09-19 23:40:12,0.12,0.24,0.67,10.40,327.67,10.43,54.32,907.4244,-101,4.50,-101.0,4.5
3,2026-09-19 23:40:16,0.84,0.99,2.71,45.44,0.00,10.13,57.10,907.0297,0,0.00,-101.0,4.0
4,2026-09-19 23:50:16,0.11,0.22,0.46,5.36,327.67,10.09,55.54,907.0394,-102,4.00,-102.0,4.0
3,2026-09-19 23:50:16,0.62,0.77,1.38,27.22,0.00,9.97,57.54,906.7344,0,0.00,-102.0,4.0
4,2026-09-20 00:00:16,0.14,0.28,0.86,27.12,327.67,9.50,57.34,906.9056,-102,3.75,-102.0,3.75
3,2026-09-20 00:00:16,0.57,0.77,1.67,21.94,0.00,9.42,59.22,906.6143,0,0.00,-102.0,3.75
4,2026-09-20 00:30:16,0.12,0.23,0.70,21.36,327.67,9.02,60.46,906.7217,-102,4.50,-102.0,4.5
3,2026-09-20 00:30:16,0.72,0.85,1.29,24.46,0.00,10.00,58.57,906.5446,0,0.00,-102.0,4.5
4,2026-09-20 00:40:12,0.12,0.23,0.44,5.60,327.67,10.42,56.15,906.7948,-101,4.00,-101.0,4.0
4,2026-09-20 00:50:12,0.12,0.22,0.98,26.93,327.67,10.25,57.02,906.7516,-100,4.75,-100.0,4.75
4,2026-09-20 01:00:12,0.12,0.23,0.73,27.53,327.67,10.57,56.26,906.5014,-100,4.25,-100.0,4.25
3,2026-09-20 01:00:16,0.93,1.25,2.36,33.20,0.00,9.76,59.43,906.3077,0,0.00,-101.0,4.25
4,2026-09-20 01:10:12,0.12,0.27,1.20,26.05,327.67,10.67,56.22,906.2920,-101,3.50,-101.0,3.5
4,2026-09-20 01:20:12,0.11,0.24,0.50,9.41,327.67,10.77,56.53,906.3386,-100,3.25,-100.0,3.25
3,2026-09-20 01:20:16,0.74,0.96,1.67,20.37,0.00,9.33,62.08,906.0943,0,0.00,-101.0,4.75
4,2026-09-20 01:30:12,0.12,0.26,1.06,23.49,327.67,10.12,58.98,906.2584,-100,3.50,-100.0,3.5
4,2026-09-20 01:40:12,0.13,0.29,1.26,29.27,327.67,10.14,59.85,906.0760,-101,4.50,-101.0,4.5
3,2026-09-20 01:40:16,0.78,0.96,1.90,25.32,0.00,9.43,65.01,905.7483,0,0.00,-102.0,4.25
4,2026-09-20 02:00:12,0.13,0.27,0.70,13.25,327.67,9.70,62.86,905.6131,-101,4.00,-101.0,4.0
4,2026-09-20 02:10:12,0.15,0.31,1.18,27.45,327.67,8.91,64.48,905.5787,-101,4.50,-101.0,4.5
4,2026-09-20 02:20:12,0.18,0.40,1.50,28.16,327.67,8.06,67.74,905.5735,-101,4.00,-101.0,4.0
4,2026-09-20 02:30:16,0.16,0.36,1.25,23.96,327.67,8.65,67.28,905.4915,-102,4.00,-102.0,4.0
3,2026-09-20 02:30:16,0.59,0.85,2.10,31.38,0.00,8.98,69.13,905.1365,0,0.00,-102.0,4.0
4,2026-09-20 02:40:16,0.17,0.41,1.97,46.63,327.67,8.95,67.11,905.4028,-101,4.50,-101.0,4.5
3,2026-09-20 02:40:16,0.68,0.96,3.09,41.10,0.00,8.49,71.26,905.1376,0,0.00,-101.0,4.5
4,2026-09-20 02:50:12,0.20,0.57,3.16,66.20,327.67,8.21,70.68,905.3114,-100,4.25,-100.0,4.25
3,2026-09-20 02:50:16,0.68,0.93,1.89,26.59,0.00,8.75,70.89,904.9898,0,0.00,-102.0,4.0
4,2026-09-20 03:00:12,0.19,0.52,2.48,31.60,327.67,7.65,74.79,905.3107,-100,4.25,-100.0,4.25
4,2026-09-20 03:10:12,0.21,0.46,2.17,34.06,327.67,7.54,74.99,905.2137,-101,3.50,-101.0,3.5
4,2026-09-20 03:20:12,0.22,0.53,3.11,39.17,327.67,7.96,77.37,905.0570,-101,4.75,-101.0,4.75
3,2026-09-20 03:20:16,0.75,1.12,3.00,28.11,0.00,8.72,72.51,904.7440,0,0.00,-102.0,4.5
4,2026-09-20 03:30:12,0.19,0.52,1.43,34.59,327.67,8.27,76.83,904.9100,-100,4.75,-100.0,4.75
3,2026-09-20 03:30:16,0.79,1.02,2.34,25.85,0.00,9.36,69.79,904.4953,0,0.00,-103.0,3.75
4,2026-09-20 03:40:12,0.15,0.28,0.76,17.01,327.67,8.15,77.36,904.6885,-100,3.25,-100.0,3.25
3,2026-09-20 03:40:16,0.64,0.86,2.06,27.55,0.00,9.29,70.47,904.2063,0,0.00,-102.0,4.5
4,2026-09-20 04:00:12,0.14,0.28,0.51,6.38,327.67,8.11,77.28,904.2655,-101,4.75,-101.0,4.75
4,2026-09-20 04:10:16,0.12,0.23,0.59,15.23,327.67,8.03,76.80,904.1576,-102,4.50,-102.0,4.5
3,2026-09-20 04:10:16,0.73,1.07,2.71,21.44,0.00,7.94,76.38,903.7971,0,0.00,-102.0,4.5
4,2026-09-20 04:20:12,0.14,0.28,0.68,20.81,327.67,7.69,76.50,904.0098,-101,3.75,-101.0,3.75
3,2026-09-20 04:20:16,0.76,1.15,2.74,33.73,0.00,8.10,75.49,903.7170,0,0.00,-102.0,4.75
4,2026-09-20 04:40:16,0.19,0.39,1.07,23.43,327.67,7.12,79.00,903.7318,-101,4.50,-101.0,4.5
3,2026-09-20 04:40:16,0.71,0.98,1.55,22.47,0.00,8.08,74.11,903.4277,0,0.00,-101.0,4.5
4,2026-09-20 04:50:12,0.17,0.34,0.58,7.34,327.67,7.02,78.64,903.5484,-100,4.75,-100.0,4.75
3,2026-09-20 04:50:16,0.68,0.99,1.95,16.37,0.00,8.07,73.74,903.2002,0,0.00,-101.0,4.5
4,2026-09-20 05:00:12,0.23,0.44,1.45,25.71,327.67,6.91,77.69,903.3925,-101,3.75,-101.0,3.75
3,2026-09-20 05:00:16,0.72,1.07,1.89,20.71,0.00,7.66,74.14,903.0365,0,0.00,-102.0,3.5
4,2026-09-20 05:10:16,0.23,0.43,1.70,31.37,327.67,6.96,77.64,903.3476,-102,4.25,-102.0,4.25
3,2026-09-20 05:10:16,0.83,1.22,2.65,27.25,0.00,7.46,75.12,903.0174,0,0.00,-102.0,4.25
4,2026-09-20 05:20:16,0.23,0.45,1.38,22.78,327.67,6.71,78.43,903.2920,-101,4.25,-101.0,4.25
3,2026-09-20 05:20:16,0.71,0.99,1.84,28.42,0.00,7.77,74.01,902.9968,0,0.00,-101.0,4.25
4,2026-09-20 05:30:16,0.17,0.29,0.61,10.87,327.67,6.92,77.59,903.3386,-101,4.50,-101.0,4.5
3,2026-09-20 05:30:16,0.78,1.15,2.35,25.68,0.00,7.41,75.64,903.0155,0,0.00,-101.0,4.5
4,2026-09-20 05:40:12,0.15,0.28,0.63,16.46,327.67,7.08,77.21,903.3865,-100,4.25,-100.0,4.25
3,2026-09-20 05:40:16,0.74,1.04,2.22,23.18,0.00,7.59,75.46,903.0629,0,0.00,-101.0,4.25
4,2026-09-20 05:50:16,0.13,0.24,1.27,39.84,327.67,7.65,76.91,903.2222,-102,4.50,-102.0,4.5
3,2026-09-20 05:50:16,0.78,1.07,2.47,35.94,0.00,7.64,75.69,902.9055,0,0.00,-102.0,4.5
4,2026-09-20 06:00:16,0.13,0.22,0.58,28.32,327.67,7.61,76.04,903.0178,-101,4.25,-101.0,4.25
3,2026-09-20 06:00:16,0.85,1.26,2.04,11.50,0.00,7.74,75.13,902.8058,0,0.00,-101.0,4.25
4,2026-09-20 06:10:16,0.14,0.31,0.81,18.39,327.67,7.22,78.47,903.0417,-101,5.00,-101.0,5.0
3,2026-09-20 06:10:16,0.76,0.92,1.26,12.94,0.00,8.80,70.91,902.6086,0,0.00,-101.0,5.0
4,2026-09-20 06:20:16,0.15,0.25,0.71,23.07,327.67,6.76,77.86,902.9181,-101,4.75,-101.0,4.75
3,2026-09-20 06:20:16,0.79,0.94,1.08,7.34,0.00,8.59,71.90,902.4193,0,0.00,-101.0,4.75
4,2026-09-20 06:40:16,0.12,0.24,0.43,9.99,327.67,6.81,76.85,902.3877,-101,5.00,-101.0,5.0
3,2026-09-20 06:40:16,0.68,0.91,1.51,14.76,0.00,7.49,74.73,902.0380,0,0.00,-101.0,5.0
4,2026-09-20 06:50:16,0.12,0.21,0.34,6.57,327.67,7.19,76.86,902.4664,-102,4.00,-102.0,4.0
3,2026-09-20 06:50:16,0.72,0.96,1.64,28.38,0.00,7.90,73.44,902.0703,0,0.00,-102.0,4.0
4,2026-09-20 07:00:16,0.11,0.18,0.30,9.11,327.67,7.95,72.76,902.4379,-102,4.25,-102.0,4.25
3,2026-09-20 07:00:16,0.86,1.03,1.56,33.75,0.00,8.77,69.82,901.9989,0,0.00,-102.0,4.25
4,2026-09-20 07:20:12,0.07,0.10,0.30,19.82,327.67,8.33,71.84,902.4215,-101,4.00,-101.0,4.0
3,2026-09-20 07:20:16,0.59,0.68,1.27,29.31,0.00,7.62,71.91,901.9794,0,0.00,-100.0,5.5
4,2026-09-20 07:30:16,0.07,0.12,0.39,13.17,327.67,8.11,72.52,902.5412,-101,4.75,-101.0,4.75
3,2026-09-20 07:30:16,0.69,0.79,1.12,12.98,0.00,8.09,69.78,902.1671,0,0.00,-101.0,4.75
4,2026-09-20 08:00:16,0.18,0.59,2.81,34.77,327.67,7.36,73.40,902.2195,-103,4.25,-103.0,4.25
3,2026-09-20 08:00:16,0.62,0.71,1.56,26.33,0.00,7.24,72.58,902.0667,0,0.00,-103.0,4.25
4,2026-09-20 08:10:12,0.19,0.72,2.99,73.19,327.67,7.22,73.81,902.3183,-101,6.00,-101.0,6.0
4,2026-09-20 08:20:12,0.13,0.39,1.28,28.79,327.67,7.42,73.85,902.5438,-100,3.75,-100.0,3.75
4,2026-09-20 08:30:16,0.06,0.15,0.45,16.11,327.67,7.75,72.57,902.7365,-102,3.50,-102.0,3.5
3,2026-09-20 08:30:16,0.47,0.57,0.97,12.02,0.00,7.78,68.44,902.1401,0,0.00,-102.0,3.5
4,2026-09-20 08:40:16,0.15,0.54,1.28,12.83,327.67,8.28,69.81,902.4946,-103,3.25,-103.0,3.25
3,2026-09-20 08:40:16,0.48,0.54,0.72,8.99,0.00,8.08,67.20,902.1166,0,0.00,-103.0,3.25
4,2026-09-20 08:50:16,0.08,0.16,0.29,5.40,327.67,8.16,68.32,902.4922,-103,3.75,-103.0,3.75
3,2026-09-20 08:50:16,0.53,0.63,1.06,18.67,0.00,8.17,66.25,901.8900,0,0.00,-103.0,3.75
4,2026-09-20 09:00:16,0.08,0.15,0.34,8.01,327.67,7.74,68.43,902.6862,-103,1.75,-103.0,1.75
3,2026-09-20 09:00:16,0.53,0.65,1.20,18.72,0.00,8.02,66.66,901.9462,0,0.00,-103.0,1.75
4,2026-09-20 09:10:16,0.08,0.16,0.40,11.61,327.67,9.59,64.35,902.6370,-102,4.00,-102.0,4.0
3,2026-09-20 09:10:16,0.52,0.59,0.96,12.50,0.00,8.40,64.74,902.0262,0,0.00,-102.0,4.0
4,2026-09-20 09:20:12,0.07,0.16,1.22,47.26,327.67,10.58,61.45,902.8012,-101,2.25,-101.0,2.25
3,2026-09-20 09:20:16,0.54,0.62,1.21,18.91,0.00,9.36,59.97,902.4710,0,0.00,-101.0,5.0
4,2026-09-20 09:40:12,0.08,0.15,0.80,30.98,327.67,11.04,56.95,902.9460,-101,1.75,-101.0,1.75
4,2026-09-20 09:50:12,0.07,0.20,0.72,16.45,327.67,10.49,58.46,902.9963,-101,3.75,-101.0,3.75
4,2026-09-20 10:00:12,0.08,0.20,0.92,24.66,327.67,10.82,57.98,902.8389,-100,3.75,-100.0,3.75
3,2026-09-20 10:00:16,0.72,0.85,1.51,21.56,0.00,9.38,61.17,902.6152,0,0.00,-102.0,4.5
4,2026-09-20 10:30:12,0.09,0.45,3.31,58.00,327.67,12.36,52.69,902.7315,-102,3.00,-102.0,3.0
3,2026-09-20 10:30:16,0.77,0.86,1.05,7.16,0.00,10.55,58.06,902.5381,0,0.00,-102.0,4.0
4,2026-09-20 10:40:16,0.33,3.09,25.70,120.44,327.67,12.38,53.08,902.6105,-100,5.00,-100.0,5.0
3,2026-09-20 10:40:16,0.87,0.95,1.33,27.68,0.00,10.80,58.22,902.5278,0,0.00,-100.0,5.0
4,2026-09-20 10:50:12,0.32,4.20,36.06,157.24,327.67,12.32,52.85,902.7873,-102,2.50,-102.0,2.5
4,2026-09-20 11:10:12,0.32,5.17,40.91,225.27,327.67,10.39,57.62,903.0416,-101,3.25,-101.0,3.25
3,2026-09-20 11:10:16,0.99,1.08,1.27,11.16,0.00,10.07,61.07,902.7842,0,0.00,-100.0,5.5
4,2026-09-20 11:20:12,0.51,7.76,71.63,251.31,327.67,10.33,59.06,903.1124,-101,5.00,-101.0,5.0
3,2026-09-20 11:20:16,0.72,0.86,1.08,6.97,0.00,9.49,63.91,902.8371,0,0.00,-101.0,4.0
4,2026-09-20 11:30:12,0.14,1.56,12.65,127.54,327.67,10.28,59.49,903.3740,-101,3.75,-101.0,3.75
4,2026-09-20 11:40:12,0.06,0.12,0.24,4.93,327.67,10.32,58.24,903.5543,-102,3.00,-102.0,3.0
3,2026-09-20 11:40:16,0.54,0.58,0.93,16.87,0.00,10.15,60.02,903.1513,0,0.00,-102.0,3.75
4,2026-09-20 11:50:12,0.31,4.42,35.40,225.49,327.67,11.00,57.27,903.5030,-101,3.00,-101.0,3.0
4,2026-09-20 12:10:16,0.19,2.59,22.83,169.09,327.67,10.92,56.69,903.5514,-101,4.50,-101.0,4.5
3,2026-09-20 12:10:16,0.89,0.94,1.67,37.95,0.00,10.11,60.01,903.3235,0,0.00,-101.0,4.5
4,2026-09-20 12:20:12,0.11,1.05,9.06,69.64,327.67,11.17,56.05,903.7837,-101,3.25,-101.0,3.25
4,2026-09-20 12:30:12,0.13,1.08,8.66,100.24,327.67,10.49,57.71,904.0216,-101,3.75,-101.0,3.75
4,2026-09-20 13:10:12,0.06,0.14,0.54,15.00,327.67,9.52,65.18,904.7847,-100,4.75,-100.0,4.75
4,2026-09-20 13:30:12,0.07,0.18,0.79,26.59,327.67,10.25,68.17,904.8738,-100,3.75,-100.0,3.75
4,2026-09-20 13:40:12,0.08,0.14,0.71,22.96,327.67,9.87,69.05,904.9668,-101,3.00,-101.0,3.0
4,2026-09-20 13:50:12,0.08,0.18,0.76,34.93,327.67,9.92,70.23,905.0780,-101,3.50,-101.0,3.5
3,2026-09-20 13:50:16,0.81,0.90,0.97,5.13,0.00,9.65,64.33,904.7934,0,0.00,-101.0,5.0
4,2026-09-20 14:00:16,0.09,0.22,1.33,31.65,327.67,8.66,69.35,905.1311,-101,4.25,-101.0,4.25
3,2026-09-20 14:00:16,1.08,1.17,1.35,12.29,0.00,9.71,62.67,904.6588,0,0.00,-101.0,4.25
4,2026-09-20 14:20:12,0.07,0.14,0.27,11.12,327.67,10.10,69.68,905.3982,-101,1.50,-101.0,1.5
4,2026-09-20 14:50:12,0.11,0.37,6.14,73.32,327.67,8.70,71.18,906.0699,-101,2.50,-101.0,2.5
4,2026-09-20 15:00:12,0.13,0.48,4.61,56.26,327.67,8.23,72.58,906.0732,-100,3.50,-100.0,3.5
3,2026-09-20 15:00:16,0.68,1.17,5.21,56.26,0.00,8.33,70.20,905.7217,0,0.00,-102.0,4.25
4,2026-09-20 15:10:12,0.11,0.24,0.73,12.59,327.67,8.15,72.53,906.0934,-101,3.50,-101.0,3.5
3,2026-09-20 15:10:16,0.68,1.04,2.48,26.54,0.00,8.11,72.14,905.7419,0,0.00,-102.0,3.5
4,2026-09-20 15:20:16,0.09,0.20,1.08,29.13,327.67,8.05,73.92,906.0394,-102,4.00,-102.0,4.0
3,2026-09-20 15:20:16,0.68,0.87,2.43,26.32,0.00,8.53,70.06,905.7368,0,0.00,-102.0,4.0
4,2026-09-20 15:30:12,0.08,0.18,0.89,24.08,327.67,8.01,74.64,906.0738,-100,2.50,-100.0,2.5
3,2026-09-20 15:30:16,0.59,0.79,2.61,34.96,0.00,8.07,71.92,905.7521,0,0.00,-102.0,4.5
4,2026-09-20 15:40:16,0.09,0.23,0.78,22.55,327.67,7.96,75.93,906.1695,-101,4.75,-101.0,4.75
3,2026-09-20 15:40:16,0.87,1.10,2.73,48.77,0.00,7.99,72.74,905.8486,0,0.00,-101.0,4.75
4,2026-09-20 16:00:16,0.11,0.28,2.80,70.07,327.67,7.76,75.74,906.2536,-102,3.75,-102.0,3.75
3,2026-09-20 16:00:16,0.75,1.06,3.46,42.11,0.00,8.91,69.54,905.9803,0,0.00,-102.0,3.75
4,2026-09-20 16:10:12,0.12,0.27,2.08,33.21,327.67,8.04,76.09,906.4467,-101,3.50,-101.0,3.5
4,2026-09-20 16:20:12,0.12,0.26,1.16,30.97,327.67,7.12,75.26,906.6568,-100,3.25,-100.0,3.25
3,2026-09-20 16:20:16,0.94,1.21,4.01,45.89,0.00,8.38,70.91,906.3396,0,0.00,-102.0,4.25
4,2026-09-20 16:30:12,0.16,0.59,4.92,75.67,327.67,6.97,77.27,906.8878,-101,4.50,-101.0,4.5
3,2026-09-20 16:30:16,0.82,1.14,4.95,63.50,0.00,8.11,72.25,906.5565,0,0.00,-102.0,4.25
4,2026-09-20 16:40:12,0.16,0.73,10.65,126.81,327.67,7.33,78.04,907.1122,-101,3.75,-101.0,3.75
4,2026-09-20 16:50:12,0.20,0.85,13.01,210.53,327.67,7.20,77.00,907.1104,-101,5.00,-101.0,5.0
4,2026-09-20 17:00:12,0.18,0.66,7.99,106.71,327.67,7.02,76.83,907.0447,-101,2.25,-101.0,2.25
4,2026-09-20 17:40:12,0.12,0.33,0.51,6.91,327.67,7.85,75.52,906.5764,-101,3.75,-101.0,3.75
4,2026-09-20 17:50:16,0.08,0.16,0.46,9.55,327.67,8.10,74.05,906.6380,-105,2.75,-105.0,2.75
3,2026-09-20 17:50:16,0.83,0.95,1.84,27.64,0.00,8.01,71.12,906.3244,0,0.00,-105.0,2.75
4,2026-09-20 18:00:16,0.09,0.15,0.28,7.70,327.67,7.70,73.69,906.6020,-104,3.50,-104.0,3.5
3,2026-09-20 18:00:16,0.96,1.07,1.17,5.02,0.00,8.04,70.11,906.3525,0,0.00,-104.0,3.5
4,2026-09-20 18:30:16,0.08,0.11,0.26,11.64,327.67,7.70,72.85,906.7879,-102,3.25,-102.0,3.25
3,2026-09-20 18:30:16,1.30,1.43,2.18,41.86,0.00,8.74,67.88,906.5590,0,0.00,-102.0,3.25
4,2026-09-20 18:40:16,0.06,0.11,0.18,5.86,327.67,8.09,70.77,906.8483,-102,3.00,-102.0,3.0
3,2026-09-20 18:40:16,1.26,1.35,1.52,11.27,0.00,8.03,69.46,906.4760,0,0.00,-102.0,3.0
4,2026-09-20 18:50:12,0.06,0.08,0.22,9.28,327.67,7.75,72.15,906.8670,-101,2.25,-101.0,2.25
3,2026-09-20 18:50:16,0.93,1.03,1.65,32.21,0.00,8.04,69.81,906.6117,0,0.00,-102.0,3.5
4,2026-09-20 19:00:16,0.08,0.13,0.44,20.33,327.67,7.88,74.53,907.0776,-103,3.50,-103.0,3.5
3,2026-09-20 19:00:16,0.79,0.89,1.39,25.35,0.00,8.18,69.36,906.8419,0,0.00,-103.0,3.5
4,2026-09-20 19:10:16,0.08,0.15,0.72,24.87,327.67,7.80,73.54,907.5427,-105,2.50,-105.0,2.5
3,2026-09-20 19:10:16,0.70,0.86,2.00,19.36,0.00,8.05,69.36,907.2097,0,0.00,-105.0,2.5
4,2026-09-20 19:20:16,0.11,0.35,4.16,45.17,327.67,7.59,74.66,907.6777,-102,4.25,-102.0,4.25
3,2026-09-20 19:20:16,0.83,1.23,5.31,170.45,0.00,7.70,70.61,907.4093,0,0.00,-102.0,4.25
4,2026-09-20 19:30:16,0.15,0.69,5.63,61.12,327.67,7.17,75.68,907.7645,-102,4.00,-102.0,4.0
3,2026-09-20 19:30:16,0.81,1.76,8.68,64.16,0.00,7.26,72.94,907.5906,0,0.00,-102.0,4.0
4,2026-09-20 19:40:16,0.19,0.85,7.03,116.69,327.67,6.92,76.12,908.0034,-102,3.50,-102.0,3.5
3,2026-09-20 19:40:16,0.62,1.30,6.23,71.87,0.00,6.44,75.74,907.7186,0,0.00,-102.0,3.5
4,2026-09-20 19:50:16,0.17,0.60,2.72,36.61,327.67,6.69,77.67,908.0640,-103,4.00,-103.0,4.0
3,2026-09-20 19:50:16,0.70,1.26,5.45,48.39,0.00,6.27,77.09,907.8100,0,0.00,-103.0,4.0
4,2026-09-20 20:00:16,0.14,0.50,2.12,23.20,327.67,6.79,77.43,907.8661,-103,3.25,-103.0,3.25
3,2026-09-20 20:00:16,0.79,1.21,3.33,25.25,0.00,6.44,76.15,907.6716,0,0.00,-103.0,3.25
4,2026-09-20 20:10:16,0.12,0.38,1.40,29.92,327.67,6.33,77.40,907.7276,-103,4.00,-103.0,4.0
3,2026-09-20 20:10:16,0.65,0.84,1.63,16.94,0.00,6.10,75.92,907.5134,0,0.00,-103.0,4.0
4,2026-09-20 20:20:16,0.12,0.28,0.68,15.71,327.67,5.77,77.23,907.8035,-103,3.75,-103.0,3.75
3,2026-09-20 20:20:16,0.65,0.80,1.47,19.60,0.00,5.81,75.89,907.5158,0,0.00,-103.0,3.75
4,2026-09-20 20:30:16,0.08,0.16,0.29,4.24,327.67,5.68,77.52,907.8810,-103,4.25,-103.0,4.25
3,2026-09-20 20:30:16,0.61,0.71,1.40,23.47,0.00,5.55,76.45,907.5585,0,0.00,-103.0,4.25
4,2026-09-20 20:40:16,0.09,0.17,0.33,9.66,327.67,5.74,76.73,907.8683,-102,3.25,-102.0,3.25
3,2026-09-20 20:40:16,0.65,0.71,1.01,12.18,0.00,5.53,75.89,907.5232,0,0.00,-102.0,3.25
4,2026-09-20 20:50:16,0.08,0.14,0.21,3.64,327.67,5.76,76.42,907.7958,-104,3.75,-104.0,3.75
3,2026-09-20 20:50:16,0.66,0.71,0.81,3.82,0.00,5.90,73.86,907.5047,0,0.00,-104.0,3.75
4,2026-09-20 21:00:16,0.07,0.11,0.25,13.66,327.67,5.64,76.50,907.9138,-103,4.25,-103.0,4.25
3,2026-09-20 21:00:16,0.70,0.77,1.06,12.37,0.00,5.58,74.63,907.5599,0,0.00,-103.0,4.25
4,2026-09-20 21:10:16,0.05,0.10,0.26,15.08,327.67,5.75,76.24,908.1459,-102,3.50,-102.0,3.5
3,2026-09-20 21:10:16,0.56,0.61,0.83,7.26,0.00,5.43,74.74,907.7703,0,0.00,-102.0,3.5
4,2026-09-20 21:20:16,0.07,0.13,0.21,5.52,327.67,5.45,75.86,908.3458,-102,4.25,-102.0,4.25
3,2026-09-20 21:20:16,0.44,0.57,1.13,17.27,0.00,4.98,76.18,907.7956,0,0.00,-102.0,4.25
4,2026-09-20 21:30:16,0.05,0.10,0.34,16.07,327.67,5.26,76.63,908.3691,-104,3.25,-104.0,3.25
3,2026-09-20 21:30:16,0.50,0.60,1.01,15.04,0.00,4.96,76.50,907.8752,0,0.00,-104.0,3.25
4,2026-09-20 21:40:16,0.06,0.10,0.22,8.80,327.67,5.44,76.86,908.4382,-102,3.75,-102.0,3.75
3,2026-09-20 21:40:16,0.38,0.42,0.71,11.68,0.00,5.06,75.66,908.0074,0,0.00,-102.0,3.75
4,2026-09-20 21:50:16,0.07,0.11,0.48,17.39,327.67,5.03,75.84,908.4035,-102,3.50,-102.0,3.5
3,2026-09-20 21:50:16,0.54,0.60,0.73,5.72,0.00,4.93,75.88,908.0017,0,0.00,-102.0,3.5
4,2026-09-20 22:00:16,0.06,0.09,0.15,3.36,327.67,4.41,77.03,908.4241,-103,3.25,-103.0,3.25
3,2026-09-20 22:00:16,0.54,0.60,0.95,21.55,0.00,4.63,77.10,908.1505,0,0.00,-103.0,3.25
4,2026-09-20 22:10:12,0.09,0.15,0.21,4.12,327.67,4.37,77.53,908.4614,-101,4.00,-101.0,4.0
3,2026-09-20 22:10:16,0.63,0.68,1.12,23.36,0.00,4.64,77.59,908.1980,0,0.00,-102.0,4.0
4,2026-09-20 22:20:16,0.08,0.12,0.65,38.17,327.67,4.34,78.05,908.3190,-102,4.50,-102.0,4.5
3,2026-09-20 22:20:16,0.54,0.64,1.04,13.48,0.00,4.31,78.67,907.9301,0,0.00,-102.0,4.5
4,2026-09-20 22:30:16,0.11,0.24,0.75,15.61,327.67,4.35,78.30,908.1217,-102,4.00,-102.0,4.0
3,2026-09-20 22:30:16,0.48,0.66,1.22,18.78,0.00,4.15,79.73,907.8047,0,0.00,-102.0,4.0
4,2026-09-20 22:40:16,0.10,0.21,0.53,9.38,327.67,4.26,78.46,908.1181,-104,2.75,-104.0,2.75
3,2026-09-20 22:40:16,0.49,0.61,0.96,21.66,0.00,4.21,79.49,907.7962,0,0.00,-104.0,2.75
4,2026-09-20 22:50:16,0.10,0.15,0.25,10.07,327.67,4.30,77.77,908.0261,-102,4.75,-102.0,4.75
3,2026-09-20 22:50:16,0.42,0.48,0.75,16.06,0.00,4.19,79.12,907.6958,0,0.00,-102.0,4.75
4,2026-09-20 23:00:16,0.11,0.19,0.34,9.39,327.67,4.35,77.70,908.0294,-104,3.75,-104.0,3.75
3,2026-09-20 23:00:16,0.57,0.61,0.77,13.15,0.00,4.71,77.11,907.7697,0,0.00,-104.0,3.75
4,2026-09-20 23:40:16,0.05,0.07,0.09,1.76,327.67,4.78,76.01,907.5366,-101,4.50,-101.0,4.5
3,2026-09-20 23:40:16,0.54,0.61,0.79,9.42,0.00,4.56,77.21,907.1411,0,0.00,-101.0,4.5
4,2026-09-20 23:50:11,0.10,0.16,0.50,15.92,327.67,4.96,75.92,907.5632,-101,2.00,-101.0,2.0
4,2026-09-21 00:10:16,0.06,0.10,0.14,2.56,327.67,5.18,74.15,907.5930,-103,4.50,-103.0,4.5
3,2026-09-21 00:10:16,0.58,0.62,0.75,9.98,0.00,5.48,72.74,907.1572,0,0.00,-103.0,4.5
4,2026-09-21 00:20:16,0.05,0.07,0.12,5.17,327.67,5.42,74.75,907.6102,-104,4.00,-104.0,4.0
3,2026-09-21 00:20:16,0.81,0.88,0.99,5.75,0.00,5.68,71.41,907.0212,0,0.00,-104.0,4.0
4,2026-09-21 00:40:16,0.05,0.09,0.13,2.73,327.67,5.48,73.59,907.1944,-103,4.50,-103.0,4.5
3,2026-09-21 00:40:16,0.92,0.99,1.52,39.06,0.00,5.39,72.76,906.8913,0,0.00,-103.0,4.5
4,2026-09-21 00:50:16,0.04,0.07,0.14,6.76,327.67,5.43,72.78,907.0434,-101,4.50,-101.0,4.5
3,2026-09-21 00:50:16,0.98,1.06,1.55,33.12,0.00,5.39,72.54,906.8387,0,0.00,-101.0,4.5
4,2026-09-21 01:00:16,0.19,0.29,0.53,25.59,327.67,5.62,72.21,907.1195,-102,4.50,-102.0,4.5
3,2026-09-21 01:00:16,1.13,1.26,1.52,11.29,0.00,5.59,71.84,906.8369,0,0.00,-102.0,4.5
4,2026-09-21 01:10:16,0.07,0.11,0.40,18.31,327.67,5.76,72.22,907.3334,-103,4.00,-103.0,4.0
3,2026-09-21 01:10:16,1.09,1.18,1.37,9.09,0.00,5.46,72.48,907.0560,0,0.00,-103.0,4.0
4,2026-09-21 01:20:16,0.06,0.10,0.14,2.75,327.67,5.92,71.24,907.4104,-102,4.50,-102.0,4.5
3,2026-09-21 01:20:16,0.85,0.96,1.84,31.61,0.00,5.57,72.09,907.0791,0,0.00,-102.0,4.5
4,2026-09-21 01:30:16,0.13,0.26,1.84,49.16,327.67,4.86,71.87,907.5461,-103,4.25,-103.0,4.25
3,2026-09-21 01:30:16,0.71,0.81,1.33,26.21,0.00,6.06,70.17,907.0785,0,0.00,-103.0,4.25
4,2026-09-21 01:40:16,0.06,0.11,0.21,5.18,327.67,4.94,72.63,907.5396,-101,5.00,-101.0,5.0
3,2026-09-21 01:40:16,0.87,0.95,1.14,11.59,0.00,6.28,68.96,907.0438,0,0.00,-101.0,5.0
4,2026-09-21 02:00:16,0.06,0.11,0.18,6.77,327.67,5.78,69.36,907.7207,-103,4.25,-103.0,4.25
3,2026-09-21 02:00:16,0.67,0.78,1.19,34.48,0.00,6.52,68.29,907.2376,0,0.00,-103.0,4.25
4,2026-09-21 02:10:16,0.07,0.12,0.33,7.23,327.67,6.27,67.92,907.6674,-102,4.00,-102.0,4.0
3,2026-09-21 02:10:16,1.07,1.17,1.37,16.30,0.00,6.71,66.49,907.2400,0,0.00,-102.0,4.0
4,2026-09-21 02:20:16,0.06,0.13,0.29,9.40,327.67,6.23,69.02,907.7326,-101,5.00,-101.0,5.0
3,2026-09-21 02:20:16,0.93,1.06,1.54,17.39,0.00,6.70,66.27,907.3272,0,0.00,-101.0,5.0
4,2026-09-21 02:30:16,0.06,0.11,0.15,2.85,327.67,6.16,68.77,907.6883,-102,4.50,-102.0,4.5
3,2026-09-21 02:30:16,0.85,1.00,1.25,7.42,0.00,6.67,66.35,907.2471,0,0.00,-102.0,4.5
4,2026-09-21 03:00:16,0.08,0.15,0.25,7.65,327.67,6.24,67.37,907.7850,-102,4.00,-102.0,4.0
3,2026-09-21 03:00:16,0.65,0.77,1.04,16.32,0.00,6.28,67.44,907.3821,0,0.00,-102.0,4.0
4,2026-09-21 03:10:16,0.08,0.17,0.35,7.55,327.67,6.24,66.96,907.7145,-102,4.75,-102.0,4.75
3,2026-09-21 03:10:16,0.77,0.89,1.58,27.36,0.00,5.44,70.52,907.4591,0,0.00,-102.0,4.75
4,2026-09-21 03:20:16,0.09,0.20,0.52,14.23,327.67,6.22,66.50,907.7458,-102,4.50,-102.0,4.5
3,2026-09-21 03:20:16,0.74,0.83,0.97,8.71,0.00,4.95,72.08,907.4990,0,0.00,-102.0,4.5
4,2026-09-21 03:30:16,0.11,0.25,0.62,14.94,327.67,5.32,68.92,907.7576,-103,4.25,-103.0,4.25
3,2026-09-21 03:30:16,0.60,0.70,1.02,10.96,0.00,5.20,71.28,907.4348,0,0.00,-103.0,4.25
4,2026-09-21 03:40:16,0.09,0.21,0.30,3.38,327.67,6.24,66.20,907.7416,-101,4.75,-101.0,4.75
3,2026-09-21 03:40:16,0.72,0.84,1.64,35.86,0.00,4.71,72.04,907.5812,0,0.00,-101.0,4.75
4,2026-09-21 03:50:11,0.08,0.17,0.80,24.36,327.67,5.38,68.56,907.8850,-103,3.00,-103.0,3.0
4,2026-09-21 04:00:16,0.09,0.19,5.22,327.67,327.67,5.79,68.02,907.8032,-101,4.50,-101.0,4.5
3,2026-09-21 04:00:16,0.63,0.81,1.27,20.16,0.00,5.26,71.80,907.5057,0,0.00,-101.0,4.5
4,2026-09-21 04:10:16,0.08,0.17,0.41,10.78,327.67,5.00,70.20,907.8249,-102,4.25,-102.0,4.25
3,2026-09-21 04:10:16,0.55,0.70,1.62,29.28,0.00,5.61,70.46,907.4640,0,0.00,-102.0,4.25
4,2026-09-21 04:20:16,0.08,0.17,0.30,6.38,327.67,6.14,66.19,907.7503,-102,5.00,-102.0,5.0
3,2026-09-21 04:20:16,0.66,0.78,1.04,11.22,0.00,6.35,67.64,907.4640,0,0.00,-102.0,5.0
4,2026-09-21 04:40:16,0.10,0.22,0.55,19.17,327.67,6.55,64.08,907.7760,-101,4.50,-101.0,4.5
3,2026-09-21 04:40:16,0.74,0.92,1.31,26.89,0.00,6.10,68.34,907.5044,0,0.00,-101.0,4.5
4,2026-09-21 04:50:16,0.09,0.19,0.39,12.57,327.67,6.35,64.87,907.8830,-101,4.50,-101.0,4.5
3,2026-09-21 04:50:16,0.69,0.86,1.17,6.68,0.00,5.34,70.45,907.7007,0,0.00,-101.0,4.5
4,2026-09-21 05:00:16,0.09,0.23,0.42,6.55,327.67,6.28,65.22,907.9669,-102,4.50,-102.0,4.5
3,2026-09-21 05:00:16,0.67,0.80,0.86,3.14,0.00,5.50,69.30,907.7310,0,0.00,-102.0,4.5
4,2026-09-21 05:10:16,0.10,0.32,1.81,184.93,327.67,6.52,64.41,908.1219,-101,4.75,-101.0,4.75
3,2026-09-21 05:10:16,0.65,0.81,1.64,31.87,0.00,6.06,67.92,907.7762,0,0.00,-101.0,4.75
4,2026-09-21 05:30:16,0.09,0.22,0.38,6.37,327.67,6.53,63.63,908.1130,-102,4.75,-102.0,4.75
3,2026-09-21 05:30:16,0.79,0.97,1.60,29.20,0.00,4.73,71.76,907.9827,0,0.00,-102.0,4.75
4,2026-09-21 05:40:16,0.12,0.27,0.47,7.92,327.67,6.50,63.36,908.2427,-102,4.25,-102.0,4.25
3,2026-09-21 05:40:16,0.72,0.89,1.53,20.42,0.00,4.82,71.47,908.1234,0,0.00,-102.0,4.25
4,2026-09-21 05:50:16,0.11,0.24,0.82,43.34,327.67,5.82,65.58,908.3852,-101,4.50,-101.0,4.5
3,2026-09-21 05:50:16,0.63,0.84,1.52,20.88,0.00,4.96,71.08,908.1329,0,0.00,-101.0,4.5
4,2026-09-21 06:00:16,0.10,0.24,0.92,34.06,327.67,5.55,66.35,908.5206,-101,5.50,-101.0,5.5
3,2026-09-21 06:00:16,0.68,0.88,1.49,12.83,0.00,5.06,70.47,908.2334,0,0.00,-101.0,5.5
4,2026-09-21 06:20:16,0.10,0.23,0.40,6.31,327.67,5.48,66.78,908.7247,-101,4.75,-101.0,4.75
3,2026-09-21 06:20:16,0.62,0.79,1.41,35.38,0.00,4.30,72.95,908.4490,0,0.00,-101.0,4.75
4,2026-09-21 06:30:16,0.09,0.22,0.54,6.77,327.67,5.16,68.12,908.7987,-100,5.25,-100.0,5.25
3,2026-09-21 06:30:16,0.78,1.04,1.77,28.19,0.00,4.40,72.98,908.5287,0,0.00,-100.0,5.25
4,2026-09-21 06:40:16,0.10,0.20,0.43,11.90,327.67,6.03,65.05,908.9350,-100,4.75,-100.0,4.75
3,2026-09-21 06:40:16,0.92,1.17,2.08,40.75,0.00,5.14,71.50,908.6526,0,0.00,-100.0,4.75
4,2026-09-21 06:50:16,0.10,0.23,0.73,12.58,327.67,4.85,68.49,909.0496,-101,4.75,-101.0,4.75
3,2026-09-21 06:50:16,0.71,0.95,1.44,26.29,0.00,4.87,70.93,908.7751,0,0.00,-101.0,4.75
4,2026-09-21 07:10:16,0.10,0.26,0.78,29.79,327.67,4.38,70.18,909.2312,-100,5.00,-100.0,5.0
3,2026-09-21 07:10:16,0.97,1.19,1.64,14.85,0.00,6.72,65.52,908.8187,0,0.00,-100.0,5.0
4,2026-09-21 07:20:16,0.10,0.25,0.55,11.85,327.67,4.00,71.78,909.2619,-100,5.00,-100.0,5.0
3,2026-09-21 07:20:16,1.36,1.63,2.50,34.93,0.00,6.56,65.71,908.9369,0,0.00,-100.0,5.0
4,2026-09-21 07:30:16,0.11,0.29,0.41,6.58,327.67,4.33,70.42,909.3284,-101,5.25,-101.0,5.25
3,2026-09-21 07:30:16,0.76,1.00,1.66,24.72,0.00,5.26,69.40,909.1397,0,0.00,-101.0,5.25
4,2026-09-21 07:40:16,0.10,0.25,0.70,23.76,327.67,4.36,70.10,909.5433,-100,4.75,-100.0,4.75
3,2026-09-21 07:40:16,0.75,0.94,1.45,35.86,0.00,6.00,67.85,909.1432,0,0.00,-100.0,4.75
4,2026-09-21 07:50:16,0.09,0.23,0.49,10.57,327.67,4.28,70.86,909.5554,-101,4.75,-101.0,4.75
3,2026-09-21 07:50:16,1.04,1.30,1.78,13.45,0.00,6.76,65.48,909.2099,0,0.00,-101.0,4.75
4,2026-09-21 08:00:16,0.09,0.20,0.30,6.44,327.67,5.11,68.55,909.5654,-101,4.75,-101.0,4.75
3,2026-09-21 08:00:16,0.98,1.23,2.41,37.56,0.00,6.45,66.59,909.2583,0,0.00,-101.0,4.75
4,2026-09-21 08:10:16,0.11,0.28,0.64,20.78,327.67,5.96,65.87,909.6740,-101,4.75,-101.0,4.75
3,2026-09-21 08:10:16,0.88,1.16,1.73,36.60,0.00,6.79,65.50,909.3120,0,0.00,-101.0,4.75
4,2026-09-21 08:20:16,0.12,0.26,0.44,6.90,327.67,5.54,66.72,909.7251,-102,3.75,-102.0,3.75
3,2026-09-21 08:20:16,0.84,1.08,1.80,32.39,0.00,6.80,65.46,909.3928,0,0.00,-102.0,3.75
4,2026-09-21 08:30:16,0.11,0.25,0.73,18.58,327.67,5.52,67.29,909.8158,-101,5.00,-101.0,5.0
3,2026-09-21 08:30:16,0.84,1.09,1.27,5.20,0.00,6.73,65.95,909.4871,0,0.00,-101.0,5.0
4,2026-09-21 08:40:16,0.10,0.26,0.55,8.82,327.67,5.18,68.46,909.9147,-101,4.50,-101.0,4.5
3,2026-09-21 08:40:16,0.80,1.04,1.80,44.05,0.00,7.10,64.97,909.5211,0,0.00,-101.0,4.5
4,2026-09-21 08:50:11,0.10,0.24,0.39,6.65,327.67,5.44,67.73,909.9725,-102,2.50,-102.0,2.5
3,2026-09-21 08:50:16,0.77,0.99,1.46,12.47,0.00,7.90,62.57,909.5398,0,0.00,-101.0,5.0
4,2026-09-21 09:00:16,0.09,0.22,0.53,11.46,327.67,5.38,68.42,910.0174,-101,4.50,-101.0,4.5
3,2026-09-21 09:00:16,0.96,1.19,1.86,28.94,0.00,8.12,61.94,909.5057,0,0.00,-101.0,4.5
4,2026-09-21 09:10:11,0.09,0.22,0.62,15.04,327.67,6.47,65.56,910.0640,-102,3.50,-102.0,3.5
3,2026-09-21 09:10:16,0.84,1.05,1.56,20.71,0.00,7.75,63.26,909.6891,0,0.00,-101.0,4.75
4,2026-09-21 09:30:16,0.11,0.25,0.61,19.83,327.67,7.03,64.30,910.0808,-103,4.50,-103.0,4.5
3,2026-09-21 09:30:16,0.98,1.18,1.68,22.86,0.00,7.87,63.11,909.7488,0,0.00,-103.0,4.5
4,2026-09-21 09:40:16,0.09,0.21,0.52,23.31,327.67,7.30,63.72,910.1405,-100,5.75,-100.0,5.75
3,2026-09-21 09:40:16,0.89,1.13,1.68,37.83,0.00,7.69,63.67,909.8304,0,0.00,-100.0,5.75
4,2026-09-21 09:50:16,0.08,0.18,0.32,5.55,327.67,7.45,63.63,910.1248,-102,4.25,-102.0,4.25
3,2026-09-21 09:50:16,0.78,0.91,1.40,12.48,0.00,7.93,63.53,909.8913,0,0.00,-102.0,4.25
4,2026-09-21 10:10:11,0.10,0.25,0.90,35.75,327.67,7.58,63.58,909.9442,-101,3.75,-101.0,3.75
3,2026-09-21 10:10:16,0.83,1.00,1.84,21.62,0.00,8.67,62.00,909.8804,0,0.00,-101.0,4.25
4,2026-09-21 10:40:11,0.15,0.59,2.08,28.43,327.67,7.54,65.22,909.7293,-101,4.00,-101.0,4.0
3,2026-09-21 10:40:16,0.81,0.97,1.45,24.89,0.00,7.62,66.63,909.5919,0,0.00,-101.0,5.5
4,2026-09-21 11:20:16,0.17,0.75,4.13,36.23,327.67,8.35,64.11,909.8913,-101,4.75,-101.0,4.75
3,2026-09-21 11:20:16,0.76,0.89,1.65,25.28,0.00,8.52,64.62,909.6326,0,0.00,-101.0,4.75
4,2026-09-21 11:30:16,0.12,0.56,3.28,46.31,327.67,8.68,62.93,910.0032,-102,4.50,-102.0,4.5
3,2026-09-21 11:30:16,0.65,0.82,1.26,10.85,0.00,8.68,64.67,909.5383,0,0.00,-102.0,4.5
4,2026-09-21 11:40:11,0.15,0.94,6.92,80.51,327.67,9.02,62.39,909.9230,-101,2.75,-101.0,2.75
4,2026-09-21 11:50:16,0.20,1.51,9.87,75.83,327.67,8.79,62.85,909.8680,-101,4.50,-101.0,4.5
3,2026-09-21 11:50:16,0.88,1.07,1.72,26.91,0.00,8.83,64.03,909.4643,0,0.00,-101.0,4.5
4,2026-09-21 12:00:16,0.21,1.74,12.62,154.39,327.67,9.40,61.07,909.8131,-102,4.25,-102.0,4.25
3,2026-09-21 12:00:16,0.89,1.11,2.26,25.35,0.00,9.02,63.84,909.3987,0,0.00,-102.0,4.25
4,2026-09-21 12:10:11,0.22,2.18,18.47,118.46,327.67,9.52,61.41,909.8272,-100,4.75,-100.0,4.75
4,2026-09-21 12:20:16,0.40,4.52,33.37,288.57,327.67,9.45,61.85,909.8269,-103,4.00,-103.0,4.0
3,2026-09-21 12:20:16,0.68,0.82,1.42,15.93,0.00,8.95,63.69,909.4407,0,0.00,-103.0,4.0
4,2026-09-21 12:30:11,0.30,3.91,29.07,135.23,327.67,10.00,59.82,909.7880,-101,3.75,-101.0,3.75
3,2026-09-21 12:30:16,0.72,0.86,1.48,25.87,0.00,9.27,62.81,909.4940,0,0.00,-102.0,4.25
4,2026-09-21 12:40:16,0.43,5.66,39.65,254.53,327.67,10.54,57.48,909.9099,-103,3.50,-103.0,3.5
3,2026-09-21 12:40:16,0.58,0.70,1.10,8.83,0.00,9.12,63.49,909.5141,0,0.00,-103.0,3.5
4,2026-09-21 12:50:16,0.60,6.98,47.10,327.67,327.67,10.66,58.10,909.8752,-102,4.50,-102.0,4.5
3,2026-09-21 12:50:16,0.68,0.84,1.83,22.13,0.00,9.03,63.84,909.5497,0,0.00,-102.0,4.5
4,2026-09-21 13:10:16,0.68,9.45,61.42,273.27,327.67,10.69,57.74,910.1444,-102,4.50,-102.0,4.5
3,2026-09-21 13:10:16,0.81,0.97,1.47,21.22,0.00,9.18,63.59,909.7575,0,0.00,-102.0,4.5
4,2026-09-21 13:30:16,0.40,5.89,38.84,215.49,327.67,10.59,56.97,910.2715,-103,4.25,-103.0,4.25
3,2026-09-21 13:30:16,0.88,1.04,2.07,25.23,0.00,9.60,62.08,909.9267,0,0.00,-103.0,4.25
4,2026-09-21 13:40:16,0.29,3.92,25.11,193.12,327.67,10.63,57.20,910.4093,-103,3.25,-103.0,3.25
3,2026-09-21 13:40:16,0.75,0.87,1.32,14.03,0.00,9.57,62.01,909.9851,0,0.00,-103.0,3.25
4,2026-09-21 13:50:16,0.60,8.30,56.06,254.20,327.67,10.74,57.17,910.3600,-103,3.50,-103.0,3.5
3,2026-09-21 13:50:16,0.79,0.96,1.94,31.88,0.00,9.56,61.48,909.9242,0,0.00,-103.0,3.5
4,2026-09-21 14:00:16,0.13,1.10,8.24,122.93,327.67,9.72,57.80,910.5259,-102,4.25,-102.0,4.25
3,2026-09-21 14:00:16,0.61,0.72,1.48,24.23,0.00,9.61,60.94,909.9750,0,0.00,-102.0,4.25
4,2026-09-21 14:10:16,0.08,0.40,3.42,34.46,327.67,10.63,54.48,910.6524,-101,4.50,-101.0,4.5
3,2026-09-21 14:10:16,0.67,0.81,1.64,25.68,0.00,9.77,61.12,910.0529,0,0.00,-101.0,4.5
4,2026-09-21 14:20:16,0.09,0.59,4.45,32.30,327.67,10.81,54.53,910.7428,-102,4.00,-102.0,4.0
3,2026-09-21 14:20:16,0.79,0.91,1.14,10.35,0.00,10.23,59.29,910.1898,0,0.00,-102.0,4.0
4,2026-09-21 14:30:16,0.08,0.54,5.22,44.04,327.67,10.64,56.03,910.8617,-101,5.25,-101.0,5.25
3,2026-09-21 14:30:16,0.98,1.12,2.47,49.22,0.00,11.00,57.11,910.4478,0,0.00,-101.0,5.25
4,2026-09-21 14:40:16,0.08,0.43,4.03,26.48,327.67,10.94,55.38,910.9582,-102,1.75,-102.0,1.75
3,2026-09-21 14:40:16,0.91,1.09,2.62,35.27,0.00,11.04,56.50,910.4820,0,0.00,-102.0,1.75
4,2026-09-21 14:50:16,0.07,0.42,4.72,42.58,327.67,11.71,53.36,911.0803,-101,3.00,-101.0,3.0
3,2026-09-21 14:50:16,0.83,0.97,1.86,29.01,0.00,10.68,58.34,910.5174,0,0.00,-101.0,3.0
4,2026-09-21 15:00:16,0.08,0.38,3.58,31.06,327.67,12.42,52.16,911.1292,-104,1.00,-104.0,1.0
3,2026-09-21 15:00:16,0.83,0.94,1.30,22.71,0.00,11.04,57.04,910.5888,0,0.00,-104.0,1.0
4,2026-09-21 15:10:16,0.07,0.29,3.79,37.82,327.67,12.87,50.40,911.1825,-104,2.00,-104.0,2.0
3,2026-09-21 15:10:16,0.80,0.90,1.39,22.68,0.00,11.13,56.74,910.5665,0,0.00,-104.0,2.0
4,2026-09-21 15:20:16,0.07,0.30,2.35,29.30,327.67,12.74,48.94,911.1225,-102,2.50,-102.0,2.5
3,2026-09-21 15:20:16,0.86,0.98,1.84,31.64,0.00,10.94,56.55,910.4854,0,0.00,-102.0,2.5
4,2026-09-21 15:40:16,0.05,0.13,0.83,20.46,327.67,13.08,46.55,911.1326,-103,3.25,-103.0,3.25
3,2026-09-21 15:40:16,1.14,1.28,2.36,44.14,0.00,13.00,49.93,910.6403,0,0.00,-103.0,3.25
4,2026-09-21 15:50:16,0.20,2.65,17.55,253.74,327.67,13.66,46.49,911.1092,-101,3.50,-101.0,3.5
3,2026-09-21 15:50:16,1.16,1.38,2.44,29.01,0.00,13.06,49.43,910.6980,0,0.00,-101.0,3.5
4,2026-09-21 16:00:11,0.06,0.12,0.73,21.78,327.67,13.72,45.48,911.0811,-103,1.50,-103.0,1.5
3,2026-09-21 16:00:16,1.22,1.37,2.00,19.19,0.00,13.39,46.74,910.7078,0,0.00,-102.0,2.5
4,2026-09-21 16:20:11,0.05,0.10,0.36,14.39,327.67,15.64,38.99,910.8765,-102,1.25,-102.0,1.25
3,2026-09-21 16:20:16,1.05,1.19,2.57,35.34,0.00,15.32,35.72,910.4707,0,0.00,-103.0,3.0
4,2026-09-21 16:30:11,0.06,0.15,0.81,9.57,327.67,15.22,40.24,910.8652,-103,0.00,-103.0,0.0
3,2026-09-21 16:30:16,0.93,1.00,1.56,28.51,0.00,16.09,30.70,910.3468,0,0.00,-101.0,3.75
4,2026-09-21 17:00:11,0.48,7.77,58.62,327.67,327.67,17.42,33.48,910.7790,-103,0.75,-103.0,0.75
3,2026-09-21 17:00:16,0.73,0.82,1.39,31.90,0.00,15.44,38.61,910.3310,0,0.00,-102.0,3.75
4,2026-09-21 17:10:16,2.14,35.68,241.87,327.67,327.67,17.52,33.49,910.5451,-102,3.00,-102.0,3.0
3,2026-09-21 17:10:16,0.66,0.75,0.93,7.77,0.00,14.58,39.85,910.3995,0,0.00,-102.0,3.0
4,2026-09-21 17:40:16,0.78,12.89,88.15,327.67,327.67,14.32,38.27,910.7072,-101,1.50,-101.0,1.5
3,2026-09-21 17:40:16,0.84,0.91,1.05,11.20,0.00,15.57,32.56,910.3976,0,0.00,-101.0,1.5
4,2026-09-21 17:50:16,1.03,15.10,92.49,327.67,327.67,15.99,32.32,910.7225,-102,1.75,-102.0,1.75
3,2026-09-21 17:50:16,0.70,0.78,1.06,17.66,0.00,15.12,32.94,910.4819,0,0.00,-102.0,1.75
4,2026-09-21 18:00:11,1.24,18.52,115.40,327.67,327.67,15.79,32.19,910.7827,-102,2.00,-102.0,2.0
4,2026-09-21 18:10:11,0.58,8.68,58.89,327.67,327.67,14.74,34.44,910.8511,-103,0.50,-103.0,0.5
4,2026-09-21 18:20:11,1.92,31.52,209.51,327.67,327.67,13.21,36.79,910.9101,-103,-1.50,-103.0,-1.5
3,2026-09-21 18:20:16,0.86,0.97,1.38,27.38,0.00,14.04,37.01,910.6487,0,0.00,-101.0,4.25
4,2026-09-21 18:30:11,2.32,36.75,230.79,327.67,327.67,12.75,37.65,910.9453,-101,4.00,-101.0,4.0
4,2026-09-21 18:40:11,1.39,21.94,136.10,327.67,327.67,12.79,37.75,910.9525,-103,2.25,-103.0,2.25
3,2026-09-21 18:40:16,0.91,0.99,1.27,16.42,0.00,13.63,37.42,910.6417,0,0.00,-100.0,4.75
4,2026-09-21 18:50:16,1.46,22.24,137.77,327.67,327.67,12.72,37.53,911.0180,-101,5.00,-101.0,5.0
3,2026-09-21 18:50:16,0.98,1.07,1.13,3.49,0.00,11.66,39.05,910.6517,0,0.00,-101.0,5.0
4,2026-09-21 19:00:11,0.87,12.81,81.16,327.67,327.67,12.23,38.37,911.0784,-102,3.25,-102.0,3.25
3,2026-09-21 19:00:16,0.63,0.70,1.09,17.81,0.00,10.74,42.75,910.6940,0,0.00,-100.0,5.5
4,2026-09-21 19:10:11,1.10,17.51,115.77,327.67,327.67,11.12,41.01,911.1175,-102,3.00,-102.0,3.0
3,2026-09-21 19:10:16,0.69,0.79,1.29,20.69,0.00,10.51,41.98,910.8002,0,0.00,-99.0,6.25
4,2026-09-21 19:20:11,1.52,25.43,174.89,327.67,327.67,10.58,40.54,911.2236,-101,4.75,-101.0,4.75
4,2026-09-21 19:30:11,1.03,15.65,106.53,327.67,327.67,10.34,40.90,911.3414,-102,2.00,-102.0,2.0
4,2026-09-21 19:40:11,0.94,13.85,97.43,327.67,327.67,9.95,42.22,911.4008,-101,3.25,-101.0,3.25
4,2026-09-21 20:20:16,0.97,15.10,91.78,327.67,327.67,9.09,46.17,911.9212,-100,5.25,-100.0,5.25
3,2026-09-21 20:20:16,0.78,0.95,1.48,20.60,0.00,8.92,49.84,911.5630,0,0.00,-100.0,5.25
4,2026-09-21 20:30:16,1.10,17.21,108.33,327.67,327.67,8.51,48.30,912.0570,-101,4.25,-101.0,4.25
3,2026-09-21 20:30:16,0.83,0.98,1.27,14.59,0.00,8.64,50.03,911.7380,0,0.00,-101.0,4.25
4,2026-09-21 21:20:11,0.69,10.07,67.31,293.90,327.67,7.58,51.98,912.6746,-101,2.75,-101.0,2.75
3,2026-09-21 21:20:16,0.91,1.19,2.13,33.94,0.00,8.18,51.89,912.2449,0,0.00,-102.0,2.25
4,2026-09-21 21:30:11,0.47,6.18,38.40,262.19,327.67,7.43,52.43,912.7961,-103,2.25,-103.0,2.25
4,2026-09-21 21:40:16,0.27,2.49,15.29,214.20,327.67,7.53,51.97,912.9417,-102,2.00,-102.0,2.0
3,2026-09-21 21:40:16,0.82,1.06,1.55,16.32,0.00,7.53,53.40,912.6218,0,0.00,-102.0,2.0
4,2026-09-21 21:50:16,0.25,1.68,9.75,137.10,327.67,7.66,50.43,913.1112,-101,2.50,-101.0,2.5
3,2026-09-21 21:50:16,0.79,1.04,1.58,17.24,0.00,7.10,54.14,912.7427,0,0.00,-101.0,2.5
4,2026-09-21 22:00:16,0.17,0.69,3.60,57.77,327.67,7.63,49.90,913.2435,-101,4.00,-101.0,4.0
3,2026-09-21 22:00:16,1.02,1.30,1.78,23.44,0.00,7.47,53.22,912.8969,0,0.00,-101.0,4.0
4,2026-09-21 22:10:16,0.20,1.00,4.95,68.74,327.67,7.52,49.32,913.3389,-101,2.25,-101.0,2.25
3,2026-09-21 22:10:16,0.85,1.10,1.55,20.73,0.00,7.31,52.24,912.9938,0,0.00,-101.0,2.25
4,2026-09-21 22:30:16,0.17,0.80,3.49,75.79,327.67,7.51,49.27,913.4034,-100,3.00,-100.0,3.0
3,2026-09-21 22:30:16,0.67,0.87,1.39,11.84,0.00,7.03,53.42,913.0891,0,0.00,-100.0,3.0
4,2026-09-21 22:50:16,0.17,0.36,1.05,22.08,327.67,7.25,48.78,913.6555,-101,2.25,-101.0,2.25
3,2026-09-21 22:50:16,1.00,1.32,1.98,11.56,0.00,6.90,52.82,913.3076,0,0.00,-101.0,2.25
4,2026-09-21 23:10:16,0.15,0.31,0.60,10.18,327.67,6.45,53.11,913.8689,-101,2.00,-101.0,2.0
3,2026-09-21 23:10:16,1.05,1.47,2.31,22.69,0.00,6.53,55.56,913.4502,0,0.00,-101.0,2.0
4,2026-09-21 23:20:16,0.14,0.32,0.83,19.53,327.67,7.05,52.53,913.9285,-100,2.25,-100.0,2.25
3,2026-09-21 23:20:16,0.94,1.28,1.96,25.51,0.00,6.28,57.14,913.6039,0,0.00,-100.0,2.25
4,2026-09-22 00:10:16,0.19,0.82,3.23,50.75,327.67,6.59,52.26,914.1311,-102,4.25,-102.0,4.25
3,2026-09-22 00:10:16,0.88,1.24,1.78,18.60,0.00,6.71,56.19,913.9398,0,0.00,-102.0,4.25
4,2026-09-22 00:20:11,0.17,0.64,1.83,84.64,327.67,6.71,53.09,914.3052,-103,2.50,-103.0,2.5
3,2026-09-22 00:20:16,0.89,1.20,2.33,30.56,0.00,6.39,56.78,914.1260,0,0.00,-102.0,4.5
4,2026-09-22 00:30:11,0.15,0.34,0.65,6.57,327.67,6.52,52.86,914.4487,-102,4.25,-102.0,4.25
3,2026-09-22 00:30:16,1.03,1.49,2.45,16.97,0.00,6.88,55.53,914.0470,0,0.00,-101.0,4.5
4,2026-09-22 00:40:16,0.17,0.65,2.53,44.60,327.67,6.35,54.17,914.3921,-100,4.25,-100.0,4.25
3,2026-09-22 00:40:16,0.90,1.29,1.86,17.03,0.00,5.54,60.48,914.2295,0,0.00,-100.0,4.25
4,2026-09-22 00:50:16,0.15,0.41,1.06,18.84,327.67,5.17,59.67,914.5082,-101,4.50,-101.0,4.5
3,2026-09-22 00:50:16,0.71,1.04,1.93,12.90,0.00,5.50,59.55,914.2681,0,0.00,-101.0,4.5
4,2026-09-22 01:00:11,0.15,0.39,0.78,12.19,327.67,4.27,62.26,914.6462,-103,2.75,-103.0,2.75
3,2026-09-22 01:00:16,0.93,1.23,1.62,11.85,0.00,6.43,55.30,914.2914,0,0.00,-102.0,4.0
4,2026-09-22 01:10:11,0.16,0.34,0.63,18.87,327.67,4.68,60.31,914.7058,-102,3.00,-102.0,3.0
3,2026-09-22 01:10:16,0.93,1.26,1.76,9.13,0.00,5.85,57.06,914.3205,0,0.00,-101.0,5.25
4,2026-09-22 01:20:11,0.18,0.46,1.14,27.50,327.67,4.24,62.56,914.7579,-102,3.50,-102.0,3.5
4,2026-09-22 01:30:16,0.17,0.38,0.90,27.67,327.67,4.20,62.84,914.8240,-102,4.75,-102.0,4.75
3,2026-09-22 01:30:16,1.00,1.29,1.84,27.19,0.00,6.61,54.05,914.4455,0,0.00,-102.0,4.75
4,2026-09-22 01:40:11,0.16,0.38,0.71,8.98,327.67,4.43,61.80,914.8621,-103,2.75,-103.0,2.75
3,2026-09-22 01:40:16,0.95,1.33,2.23,18.18,0.00,6.68,54.73,914.5001,0,0.00,-100.0,5.0
4,2026-09-22 01:50:16,0.17,0.53,1.98,34.42,327.67,6.01,54.86,914.8342,-103,4.50,-103.0,4.5
3,2026-09-22 01:50:16,0.59,0.88,1.38,15.20,0.00,6.14,55.82,914.6237,0,0.00,-103.0,4.5
4,2026-09-22 02:00:16,0.16,0.40,1.01,14.52,327.67,5.82,55.91,914.8471,-102,4.50,-102.0,4.5
3,2026-09-22 02:00:16,0.70,0.97,1.28,11.02,0.00,5.91,55.56,914.6217,0,0.00,-102.0,4.5
4,2026-09-22 02:10:16,0.18,0.44,1.17,25.65,327.67,4.30,61.36,914.9669,-102,4.75,-102.0,4.75
3,2026-09-22 02:10:16,0.71,0.98,1.62,29.86,0.00,6.60,52.86,914.6171,0,0.00,-102.0,4.75
4,2026-09-22 02:20:11,0.15,0.30,0.48,10.51,327.67,5.37,55.50,914.8867,-103,3.50,-103.0,3.5
4,2026-09-22 02:30:11,0.16,0.31,0.61,18.16,327.67,5.69,50.96,914.9738,-102,3.25,-102.0,3.25
4,2026-09-22 02:40:16,0.16,0.31,0.63,16.16,327.67,5.77,51.24,914.9882,-101,4.75,-101.0,4.75
3,2026-09-22 02:40:16,0.66,0.89,1.20,10.37,0.00,6.32,49.93,914.6690,0,0.00,-101.0,4.75
4,2026-09-22 03:00:11,0.17,0.33,0.55,9.82,327.67,3.58,59.18,915.2755,-102,2.50,-102.0,2.5
3,2026-09-22 03:00:16,0.52,0.71,1.16,16.54,0.00,6.14,49.72,914.8041,0,0.00,-102.0,4.25
4,2026-09-22 03:10:16,0.17,0.31,0.53,11.85,327.67,3.52,58.37,915.2708,-102,4.25,-102.0,4.25
3,2026-09-22 03:10:16,0.53,0.69,1.04,12.66,0.00,5.61,50.96,914.7985,0,0.00,-102.0,4.25
4,2026-09-22 03:30:11,0.18,0.37,0.50,6.35,327.67,3.32,60.07,915.2866,-102,3.25,-102.0,3.25
3,2026-09-22 03:30:16,0.73,1.03,1.88,18.77,0.00,5.12,54.35,914.9123,0,0.00,-102.0,4.5
4,2026-09-22 03:40:16,0.16,0.30,0.67,11.47,327.67,3.33,59.48,915.3007,-102,4.00,-102.0,4.0
3,2026-09-22 03:40:16,0.70,0.94,1.35,19.18,0.00,5.78,51.80,914.9282,0,0.00,-102.0,4.0
4,2026-09-22 03:50:11,0.15,0.29,0.46,9.79,327.67,3.32,58.92,915.3350,-101,4.25,-101.0,4.25
3,2026-09-22 03:50:16,0.57,0.85,1.68,25.24,0.00,4.61,57.25,915.0272,0,0.00,-101.0,5.25
4,2026-09-22 04:00:11,0.17,0.32,1.07,22.87,327.67,2.85,61.43,915.4431,-102,3.75,-102.0,3.75
3,2026-09-22 04:00:16,0.56,0.84,1.34,18.35,0.00,4.19,59.21,915.0857,0,0.00,-101.0,3.25
4,2026-09-22 04:10:11,0.17,0.37,0.77,9.98,327.67,3.57,59.33,915.4963,-102,2.75,-102.0,2.75
3,2026-09-22 04:10:16,0.53,0.77,1.30,22.96,0.00,3.81,61.85,915.2716,0,0.00,-100.0,4.75
4,2026-09-22 04:20:16,0.18,0.37,0.56,5.74,327.67,2.48,63.37,915.6213,-100,5.25,-100.0,5.25
3,2026-09-22 04:20:16,0.67,1.04,1.82,26.30,0.00,3.28,63.24,915.4140,0,0.00,-100.0,5.25
4,2026-09-22 04:30:11,0.17,0.35,0.97,17.26,327.67,2.12,63.53,915.7837,-102,3.50,-102.0,3.5
3,2026-09-22 04:30:16,0.61,0.93,1.59,15.63,0.00,3.64,60.27,915.4876,0,0.00,-101.0,4.75
4,2026-09-22 04:40:11,0.16,0.33,0.76,27.98,327.67,2.38,62.29,915.7855,-102,3.25,-102.0,3.25
4,2026-09-22 04:50:11,0.17,0.41,0.97,17.33,327.67,2.34,62.54,915.7562,-101,4.50,-101.0,4.5
4,2026-09-22 05:00:16,0.16,0.35,0.74,16.89,327.67,2.88,61.50,915.7549,-100,5.00,-100.0,5.0
3,2026-09-22 05:00:16,0.50,0.71,1.25,21.03,0.00,3.44,59.83,915.5852,0,0.00,-100.0,5.0
4,2026-09-22 05:20:11,0.16,0.29,0.73,26.75,327.67,2.49,60.58,915.8386,-102,2.75,-102.0,2.75
4,2026-09-22 05:30:11,0.17,0.33,0.69,13.53,327.67,2.70,61.48,915.9085,-102,3.75,-102.0,3.75
4,2026-09-22 05:40:11,0.18,0.41,0.86,8.65,327.67,2.01,63.13,915.9691,-101,0.50,-101.0,0.5
4,2026-09-22 05:50:16,0.19,0.35,0.83,15.68,327.67,1.70,63.47,916.1002,-100,3.25,-100.0,3.25
3,2026-09-22 05:50:16,0.64,0.94,1.70,23.91,0.00,2.62,64.00,915.8366,0,0.00,-100.0,3.25
4,2026-09-22 06:00:16,0.18,0.34,0.85,21.62,327.67,1.57,64.62,916.1213,-100,3.50,-100.0,3.5
3,2026-09-22 06:00:16,0.57,0.83,1.67,24.77,0.00,2.52,62.58,915.9060,0,0.00,-100.0,3.5
4,2026-09-22 06:50:16,0.17,0.31,0.77,25.11,327.67,1.61,62.63,916.1303,-100,5.25,-100.0,5.25
3,2026-09-22 06:50:16,0.62,0.85,1.43,18.94,0.00,3.14,56.82,915.9067,0,0.00,-100.0,5.25
4,2026-09-22 07:10:11,0.17,0.30,0.53,10.74,327.67,1.64,60.83,916.2239,-101,0.50,-101.0,0.5
4,2026-09-22 07:40:16,0.17,0.33,0.82,29.46,327.67,1.48,60.72,916.3848,-100,3.25,-100.0,3.25
3,2026-09-22 07:40:16,0.56,0.79,1.29,12.19,0.00,2.12,61.65,916.1259,0,0.00,-100.0,3.25
4,2026-09-22 08:00:11,0.19,0.34,0.85,21.64,327.67,1.49,61.18,916.4659,-100,2.25,-100.0,2.25
4,2026-09-22 08:20:16,0.19,0.33,0.46,6.38,327.67,1.16,63.54,916.5260,-101,4.00,-101.0,4.0
3,2026-09-22 08:20:16,0.68,0.90,1.23,9.42,0.00,2.56,58.87,916.3107,0,0.00,-101.0,4.0
