station_id,timestamp,opc_pm1,opc_pm25,opc_pm10,opc_pm10_max,pms_pm25,temperature,humidity,pressure,rssi,snr,hub_rssi,hub_snr
4,2026-08-03 13:20:28,1.82,19.50,101.40,327.67,327.67,23.91,33.62,929.8598,-102,4.00,-102.0,4.0
4,2026-08-03 13:40:28,0.84,7.78,42.05,327.67,327.67,24.04,33.11,929.8831,-103,2.75,-103.0,2.75
4,2026-08-03 14:20:28,2.09,22.63,116.99,327.67,327.67,25.66,31.40,929.2709,-102,3.75,-102.0,3.75
4,2026-08-03 14:30:28,5.18,54.23,232.98,327.67,327.67,25.60,30.63,929.2260,-103,3.75,-103.0,3.75
4,2026-08-03 15:00:28,2.93,29.26,135.27,327.67,327.67,26.51,29.07,929.0282,-103,4.00,-103.0,4.0
4,2026-08-03 15:10:28,1.22,10.92,51.09,327.67,327.67,26.98,28.60,928.9432,-102,4.25,-102.0,4.25
4,2026-08-03 15:20:28,1.04,9.38,52.15,327.67,327.67,27.26,27.94,928.9049,-102,5.25,-102.0,5.25
4,2026-08-03 15:30:28,0.21,0.94,8.09,59.82,327.67,27.59,27.03,929.0026,-102,4.50,-102.0,4.5
4,2026-08-03 15:50:28,2.17,19.67,93.12,327.67,327.67,28.00,26.26,928.7296,-101,5.25,-101.0,5.25
4,2026-08-03 16:10:28,0.99,8.26,40.85,327.67,327.67,28.42,25.96,928.7932,-102,4.25,-102.0,4.25
4,2026-08-03 16:20:28,5.20,50.97,224.00,327.67,327.67,29.17,24.71,928.6764,-103,3.75,-103.0,3.75
4,2026-08-03 17:30:28,19.25,201.75,327.67,327.67,327.67,26.57,27.97,928.0803,-102,5.00,-102.0,5.0
4,2026-08-07 07:10:27,0.28,0.60,3.88,30.93,327.67,12.32,61.89,927.5196,-101,5.25,-101.0,5.25
4,2026-08-07 08:00:27,0.25,0.53,2.82,39.89,327.67,13.08,59.92,927.6822,-101,4.50,-101.0,4.5
4,2026-08-07 08:10:27,0.27,0.60,2.79,28.36,327.67,13.80,57.76,927.7979,-101,5.00,-101.0,5.0
4,2026-08-07 08:50:27,0.25,0.57,2.46,25.71,327.67,14.16,56.62,927.9349,-100,5.25,-100.0,5.25
4,2026-08-07 09:10:27,0.26,0.64,2.55,34.44,327.67,14.10,57.58,927.9917,-101,5.25,-101.0,5.25
4,2026-08-07 09:20:27,0.24,0.53,1.92,24.92,327.67,14.45,56.76,928.0215,-101,5.00,-101.0,5.0
4,2026-08-07 10:10:27,0.23,0.60,2.72,26.58,327.67,17.02,50.61,927.9279,-100,5.00,-100.0,5.0
4,2026-08-07 10:40:27,0.22,0.52,3.09,32.37,327.67,17.45,49.63,927.8722,-100,5.50,-100.0,5.5
4,2026-08-07 10:50:27,0.21,0.51,2.26,24.16,327.67,19.34,45.37,927.9766,-100,5.50,-100.0,5.5
4,2026-08-07 11:00:27,0.21,0.53,2.28,24.02,327.67,18.76,45.83,927.9293,-100,5.75,-100.0,5.75
4,2026-08-07 11:10:27,0.21,0.50,1.84,24.47,327.67,20.24,42.82,927.9198,-100,5.25,-100.0,5.25
4,2026-08-07 11:40:27,0.21,0.51,2.59,23.14,327.67,21.86,38.55,927.8009,-101,4.75,-101.0,4.75
4,2026-08-07 12:20:27,0.25,0.54,2.64,25.42,327.67,26.07,32.10,927.5789,-102,4.75,-102.0,4.75
4,2026-08-07 12:30:27,0.26,0.66,2.97,29.33,327.67,26.90,30.55,927.4427,-102,4.00,-102.0,4.0
4,2026-08-07 12:40:27,0.29,0.81,3.81,27.56,327.67,25.58,32.89,927.3336,-102,4.00,-102.0,4.0
4,2026-08-07 12:50:27,0.29,0.74,4.49,38.99,327.67,25.96,33.02,927.3222,-102,3.25,-102.0,3.25
4,2026-08-07 13:20:27,0.34,0.63,2.00,24.02,327.67,26.07,32.70,927.0718,-102,3.25,-102.0,3.25
4,2026-08-07 13:50:27,0.31,0.60,2.29,24.63,327.67,27.67,30.27,926.8194,-102,3.75,-102.0,3.75
4,2026-08-07 15:10:27,0.29,0.53,1.99,28.67,327.67,31.44,26.12,926.2907,-103,3.00,-103.0,3.0
4,2026-08-07 15:30:27,0.28,0.45,1.47,23.21,327.67,30.79,26.61,926.0890,-103,2.50,-103.0,2.5
4,2026-08-07 15:40:27,0.28,0.57,2.17,30.91,327.67,31.01,25.92,926.0156,-103,3.25,-103.0,3.25
4,2026-08-07 16:30:27,0.27,0.48,1.78,24.75,327.67,32.28,24.34,925.6940,-101,2.75,-101.0,2.75
4,2026-08-07 16:40:27,0.28,0.45,1.39,16.43,327.67,31.92,25.26,925.5824,-104,0.50,-104.0,0.5
4,2026-08-07 17:10:27,0.32,0.77,3.50,99.87,327.67,32.04,24.15,925.3733,-98,4.50,-98.0,4.5
4,2026-08-07 17:20:27,0.29,0.47,1.44,19.82,327.67,32.01,24.52,925.2699,-99,3.75,-99.0,3.75
4,2026-08-07 17:30:27,0.27,0.43,1.10,19.66,327.67,32.92,23.78,925.1801,-97,4.25,-97.0,4.25
4,2026-08-07 17:40:27,0.29,0.49,1.46,31.03,327.67,32.35,25.27,925.1536,-97,4.75,-97.0,4.75
4,2026-08-07 19:00:27,0.29,0.54,1.32,22.62,327.67,32.11,24.50,925.1072,-99,3.50,-99.0,3.5
4,2026-08-07 19:10:27,0.37,0.65,2.14,26.96,327.67,32.11,22.97,925.1636,-100,4.50,-100.0,4.5
4,2026-08-07 19:20:27,0.36,0.59,2.18,32.05,327.67,31.76,22.67,925.2366,-101,3.00,-101.0,3.0
4,2026-08-07 19:40:27,0.40,1.55,10.33,290.84,327.67,27.74,31.28,925.4361,-102,2.75,-102.0,2.75
4,2026-08-07 20:10:27,0.65,4.72,29.24,327.67,327.67,24.55,35.91,925.5542,-102,3.00,-102.0,3.0
4,2026-08-07 20:30:27,0.30,0.43,0.85,20.83,327.67,24.23,35.04,925.8252,-102,1.75,-102.0,1.75
4,2026-08-07 20:40:27,0.42,1.34,6.87,70.88,327.67,24.58,36.07,926.0043,-102,2.50,-102.0,2.5
4,2026-08-07 21:00:27,0.49,0.99,3.18,55.59,327.67,22.90,38.83,926.2734,-103,2.25,-103.0,2.25
4,2026-08-07 21:10:27,0.37,0.78,2.96,97.44,327.67,22.82,38.57,926.3403,-100,1.25,-100.0,1.25
4,2026-08-07 21:40:27,0.25,0.39,0.58,4.63,327.67,20.51,46.61,926.6129,-103,1.25,-103.0,1.25
4,2026-08-07 22:00:27,0.33,0.58,1.45,21.64,327.67,20.84,47.04,926.8625,-100,3.75,-100.0,3.75
4,2026-08-07 22:10:27,0.33,0.63,2.39,25.14,327.67,20.30,48.43,926.9065,-101,2.50,-101.0,2.5
4,2026-08-07 22:50:27,1.20,11.99,66.08,327.67,327.67,18.49,54.66,927.2672,-100,2.50,-100.0,2.5
4,2026-08-07 23:00:27,1.65,18.03,108.09,327.67,327.67,18.25,54.82,927.3157,-101,1.25,-101.0,1.25
4,2026-08-07 23:20:27,3.94,48.25,275.18,327.67,327.67,18.34,54.13,927.3666,-100,3.00,-100.0,3.0
4,2026-08-07 23:30:27,2.82,33.20,187.25,327.67,327.67,18.31,54.53,927.3817,-99,5.00,-99.0,5.0
4,2026-08-07 23:40:27,2.67,31.97,169.51,327.67,327.67,18.43,54.36,927.4378,-101,3.25,-101.0,3.25
4,2026-08-07 23:50:27,0.48,2.94,17.39,153.33,327.67,18.68,53.91,927.5146,-101,1.75,-101.0,1.75
4,2026-08-08 00:10:27,0.39,1.38,6.19,128.88,327.67,18.24,55.05,927.5018,-100,2.00,-100.0,2.0
4,2026-08-08 00:30:27,0.37,0.67,1.65,13.60,327.67,16.40,61.92,927.5768,-100,1.50,-100.0,1.5
4,2026-08-08 00:40:27,0.36,0.61,1.72,18.32,327.67,15.84,63.60,927.6056,-102,2.50,-102.0,2.5
4,2026-08-08 00:50:27,0.35,0.63,1.78,20.94,327.67,16.57,60.55,927.6889,-101,3.25,-101.0,3.25
4,2026-08-08 01:00:27,0.37,0.64,1.58,22.14,327.67,16.18,61.48,927.7825,-100,2.50,-100.0,2.5
4,2026-08-08 01:10:27,0.41,1.93,12.31,104.31,327.67,17.10,57.41,927.7781,-101,2.25,-101.0,2.25
4,2026-08-08 01:20:27,0.45,2.65,18.12,327.67,327.67,17.19,55.32,927.8686,-100,1.50,-100.0,1.5
4,2026-08-08 01:30:27,0.40,1.69,8.92,111.37,327.67,17.00,54.93,927.9657,-99,0.50,-99.0,0.5
4,2026-08-08 01:40:27,0.33,0.61,2.32,45.87,327.67,16.39,56.43,928.1617,-101,3.00,-101.0,3.0
4,2026-08-08 01:50:27,0.35,1.54,8.45,95.55,327.67,16.73,54.35,928.1963,-99,2.50,-99.0,2.5
4,2026-08-08 02:00:27,0.34,2.01,11.60,137.28,327.67,16.70,53.53,928.3030,-100,1.50,-100.0,1.5
4,2026-08-08 02:10:27,3.66,49.55,305.00,327.67,327.67,15.88,55.19,928.2457,-100,2.50,-100.0,2.5
4,2026-08-08 02:20:27,0.38,2.63,15.82,178.28,327.67,16.14,54.68,928.3936,-100,1.25,-100.0,1.25
4,2026-08-08 02:30:27,0.60,5.89,38.70,327.67,327.67,16.22,54.27,928.4107,-100,1.25,-100.0,1.25
4,2026-08-08 02:40:26,0.24,0.61,1.88,21.65,327.67,16.23,54.17,928.5357,-100,0.75,-100.0,0.75
4,2026-08-08 02:50:27,0.25,0.59,2.21,20.87,327.67,15.92,54.80,928.6218,-100,3.00,-100.0,3.0
4,2026-08-08 03:00:27,0.25,0.54,2.39,26.07,327.67,15.85,55.24,928.7283,-99,2.00,-99.0,2.0
4,2026-08-08 03:10:26,0.23,0.54,2.22,28.60,327.67,14.42,60.89,928.8729,-100,0.75,-100.0,0.75
4,2026-08-08 03:20:26,0.24,0.54,2.17,23.39,327.67,13.70,63.56,928.9640,-100,1.00,-100.0,1.0
4,2026-08-08 03:30:27,0.23,0.51,1.37,10.49,327.67,14.19,61.32,929.0264,-99,1.75,-99.0,1.75
4,2026-08-08 03:40:26,0.23,0.46,1.63,17.81,327.67,14.64,59.50,929.0732,-100,0.75,-100.0,0.75
4,2026-08-08 03:50:26,0.22,0.46,1.37,11.02,327.67,15.08,57.50,929.0194,-100,0.75,-100.0,0.75
4,2026-08-08 04:00:27,0.21,0.49,1.76,22.27,327.67,15.21,56.40,929.0834,-100,2.50,-100.0,2.5
4,2026-08-08 04:10:26,0.23,0.48,1.65,26.37,327.67,14.94,57.15,929.1428,-99,2.00,-99.0,2.0
4,2026-08-08 04:20:27,0.21,0.48,1.76,17.79,327.67,14.57,58.08,929.2333,-99,3.00,-99.0,3.0
4,2026-08-08 04:30:27,0.22,0.47,2.58,20.05,327.67,14.12,59.77,929.3044,-99,3.00,-99.0,3.0
4,2026-08-08 04:40:26,0.23,0.49,2.02,19.63,327.67,14.22,59.28,929.3561,-99,2.00,-99.0,2.0
4,2026-08-08 04:50:26,0.25,0.58,2.11,17.16,327.67,14.32,58.67,929.4134,-99,2.75,-99.0,2.75
4,2026-08-08 05:00:26,0.22,0.47,1.75,22.00,327.67,14.42,57.92,929.4637,-99,2.75,-99.0,2.75
4,2026-08-08 05:10:26,0.22,0.50,1.61,18.78,327.67,14.25,58.33,929.5213,-99,1.75,-99.0,1.75
4,2026-08-08 05:20:26,0.21,0.46,1.89,21.01,327.67,14.07,59.00,929.5718,-99,2.25,-99.0,2.25
4,2026-08-08 05:30:26,0.23,0.52,1.62,22.69,327.67,14.09,58.83,929.6182,-100,1.50,-100.0,1.5
4,2026-08-08 05:40:26,0.21,0.41,1.90,24.56,327.67,14.10,58.82,929.6696,-99,3.00,-99.0,3.0
4,2026-08-08 05:50:26,0.22,0.47,1.60,24.90,327.67,14.12,58.68,929.6553,-99,2.00,-99.0,2.0
4,2026-08-08 06:00:26,0.23,0.53,3.20,26.12,327.67,13.64,60.51,929.6221,-99,2.50,-99.0,2.5
4,2026-08-08 06:10:26,0.23,0.50,1.97,25.59,327.67,13.50,60.94,929.6311,-99,2.25,-99.0,2.25
4,2026-08-08 06:20:26,0.22,0.47,2.05,44.41,327.67,13.70,60.00,929.6477,-99,2.25,-99.0,2.25
4,2026-08-08 06:30:26,0.23,0.45,2.09,34.50,327.67,13.12,62.40,929.7056,-99,1.75,-99.0,1.75
4,2026-08-08 06:40:26,0.24,0.50,2.30,24.86,327.67,13.74,60.32,929.6972,-99,1.75,-99.0,1.75
4,2026-08-08 06:50:26,0.22,0.49,2.12,23.85,327.67,14.04,59.30,929.6532,-99,1.50,-99.0,1.5
4,2026-08-08 07:00:26,0.23,0.48,1.75,22.83,327.67,13.49,61.05,929.7163,-100,2.25,-100.0,2.25
4,2026-08-08 07:10:26,0.23,0.50,2.08,29.43,327.67,13.42,61.42,929.7531,-100,1.75,-100.0,1.75
4,2026-08-08 07:20:26,0.24,0.51,1.43,20.33,327.67,13.48,61.32,929.8364,-100,2.00,-100.0,2.0
4,2026-08-08 07:30:26,0.24,0.52,1.79,24.61,327.67,12.83,64.12,929.9000,-100,2.25,-100.0,2.25
4,2026-08-08 07:40:26,0.24,0.49,2.16,25.01,327.67,13.05,63.28,929.9253,-99,2.00,-99.0,2.0
4,2026-08-08 07:50:26,0.27,0.53,2.29,27.16,327.67,12.51,65.84,930.0757,-100,1.25,-100.0,1.25
4,2026-08-08 08:10:26,0.26,0.54,2.21,30.78,327.67,13.34,62.27,930.1400,-100,1.25,-100.0,1.25
4,2026-08-08 08:20:26,0.27,0.55,2.29,30.18,327.67,13.68,61.16,930.1440,-100,2.00,-100.0,2.0
4,2026-08-08 08:30:26,0.26,0.53,1.78,26.87,327.67,13.50,62.64,930.1207,-100,2.00,-100.0,2.0
4,2026-08-08 08:40:26,0.24,0.49,1.80,25.98,327.67,13.78,61.01,930.1673,-100,2.00,-100.0,2.0
4,2026-08-08 08:50:26,0.22,0.43,2.25,25.65,327.67,14.08,60.34,930.2165,-100,1.75,-100.0,1.75
4,2026-08-08 09:00:26,0.25,0.51,1.69,15.06,327.67,13.90,60.78,930.2643,-99,1.50,-99.0,1.5
4,2026-08-08 09:10:26,0.25,0.52,3.00,25.41,327.67,13.93,60.64,930.3171,-100,2.00,-100.0,2.0
4,2026-08-08 09:20:26,0.23,0.46,1.19,24.75,327.67,14.39,59.02,930.3180,-100,1.75,-100.0,1.75
4,2026-08-08 09:30:26,0.24,0.47,1.39,19.93,327.67,14.74,58.23,930.3427,-100,2.00,-100.0,2.0
4,2026-08-08 09:40:26,0.25,0.49,2.37,30.09,327.67,14.95,57.35,930.3854,-100,1.50,-100.0,1.5
4,2026-08-08 09:50:26,0.23,0.45,2.16,25.46,327.67,14.90,57.75,930.4408,-99,2.25,-99.0,2.25
4,2026-08-08 10:00:26,0.23,0.46,1.43,21.86,327.67,14.93,57.55,930.4754,-100,1.25,-100.0,1.25
4,2026-08-08 10:10:26,0.23,0.48,1.36,14.66,327.67,14.99,57.76,930.4987,-100,1.75,-100.0,1.75
4,2026-08-08 10:20:26,0.22,0.51,1.55,18.57,327.67,15.06,57.79,930.4895,-100,1.25,-100.0,1.25
4,2026-08-08 10:30:26,0.22,0.48,1.30,15.53,327.67,15.05,57.96,930.5467,-100,2.25,-100.0,2.25
4,2026-08-08 10:40:26,0.21,0.44,1.53,20.56,327.67,15.22,57.54,930.6012,-99,2.50,-99.0,2.5
4,2026-08-08 10:50:26,0.21,0.40,4.89,327.67,327.67,15.41,57.22,930.6179,-100,1.50,-100.0,1.5
4,2026-08-08 11:00:26,0.23,0.46,1.16,14.75,327.67,15.45,57.97,930.5863,-99,1.75,-99.0,1.75
4,2026-08-08 11:10:26,0.23,0.47,0.96,8.99,327.67,15.06,59.78,930.5883,-100,2.50,-100.0,2.5
4,2026-08-08 11:20:26,0.24,0.48,1.18,18.50,327.67,15.49,58.35,930.5858,-99,1.25,-99.0,1.25
4,2026-08-08 11:40:26,0.27,0.54,1.48,20.43,327.67,16.43,56.40,930.5096,-100,1.75,-100.0,1.75
4,2026-08-08 11:50:26,0.26,0.48,0.98,18.70,327.67,16.50,56.35,930.4798,-100,1.75,-100.0,1.75
4,2026-08-08 12:00:26,0.27,0.46,1.03,13.96,327.67,17.29,53.96,930.4684,-99,2.50,-99.0,2.5
4,2026-08-08 12:10:26,0.34,2.02,12.79,183.16,327.67,19.27,49.17,930.4510,-100,3.00,-100.0,3.0
4,2026-08-08 12:20:26,0.28,1.16,6.88,55.46,327.67,19.96,47.26,930.4636,-100,3.25,-100.0,3.25
4,2026-08-08 12:30:26,0.25,0.48,1.36,22.41,327.67,20.24,46.66,930.4197,-100,2.75,-100.0,2.75
4,2026-08-08 12:40:26,0.25,0.44,0.91,11.43,327.67,19.78,48.05,930.3902,-99,0.75,-99.0,0.75
4,2026-08-08 12:50:26,0.26,0.46,1.17,21.94,327.67,19.47,49.13,930.3492,-99,2.75,-99.0,2.75
4,2026-08-08 13:00:26,0.27,0.47,1.24,23.94,327.67,19.46,49.60,930.3129,-99,2.75,-99.0,2.75
4,2026-08-08 13:10:26,0.28,0.51,1.35,17.55,327.67,20.18,48.01,930.3176,-100,2.25,-100.0,2.25
4,2026-08-08 13:20:26,0.28,0.46,1.19,14.56,327.67,20.60,47.35,930.2527,-100,2.00,-100.0,2.0
4,2026-08-08 13:30:26,0.28,0.51,1.15,19.00,327.67,21.04,46.91,930.1814,-100,2.00,-100.0,2.0
4,2026-08-08 13:40:26,0.29,0.49,0.90,17.37,327.67,20.52,48.50,930.1247,-100,2.25,-100.0,2.25
4,2026-08-08 13:50:26,0.29,0.51,1.05,18.78,327.67,20.10,50.36,930.1196,-100,1.75,-100.0,1.75
4,2026-08-08 14:00:26,0.30,0.52,1.70,14.89,327.67,20.52,49.23,930.0725,-100,2.50,-100.0,2.5
4,2026-08-08 14:10:26,0.30,0.51,1.15,11.14,327.67,20.79,48.47,930.0241,-100,1.25,-100.0,1.25
4,2026-08-08 14:20:26,0.29,0.45,1.42,24.41,327.67,21.16,47.52,929.9713,-101,1.50,-101.0,1.5
4,2026-08-08 14:30:26,0.30,0.49,1.46,25.77,327.67,21.68,46.84,929.8863,-101,1.75,-101.0,1.75
4,2026-08-08 14:40:26,0.29,0.49,1.82,29.66,327.67,22.19,46.05,929.8530,-101,1.75,-101.0,1.75
4,2026-08-08 14:50:26,0.29,0.47,1.49,21.11,327.67,23.14,44.34,929.8967,-101,2.00,-101.0,2.0
4,2026-08-08 15:00:26,0.29,0.52,2.47,24.68,327.67,25.93,39.02,929.8441,-101,1.75,-101.0,1.75
4,2026-08-08 15:10:26,0.27,0.43,0.84,14.48,327.67,26.91,37.70,929.8045,-102,1.00,-102.0,1.0
4,2026-08-08 15:20:26,0.31,0.58,1.89,21.01,327.67,27.04,37.04,929.6859,-101,1.50,-101.0,1.5
4,2026-08-08 15:30:26,0.41,1.03,4.05,53.31,327.67,25.83,39.10,929.6599,-102,1.75,-102.0,1.75
4,2026-08-08 15:40:26,0.69,4.71,29.50,327.67,327.67,24.93,41.09,929.6164,-102,2.25,-102.0,2.25
4,2026-08-08 15:50:26,0.69,4.11,22.96,201.55,327.67,26.49,37.78,929.4979,-101,0.75,-101.0,0.75
4,2026-08-08 16:00:26,0.38,0.55,0.96,10.01,327.67,25.92,38.60,929.4738,-101,1.75,-101.0,1.75
4,2026-08-08 16:10:26,0.39,0.59,1.97,24.58,327.67,26.34,37.70,929.5204,-101,0.50,-101.0,0.5
4,2026-08-08 16:20:26,0.39,0.60,1.71,28.13,327.67,26.57,37.06,929.4091,-101,1.50,-101.0,1.5
4,2026-08-08 16:30:26,0.37,0.56,1.10,14.67,327.67,27.44,35.76,929.3318,-101,1.50,-101.0,1.5
4,2026-08-08 16:40:26,0.34,0.53,1.80,23.86,327.67,29.84,31.78,929.2175,-101,0.75,-101.0,0.75
4,2026-08-08 17:00:26,0.30,0.47,1.17,19.94,327.67,32.22,26.73,929.0389,-101,0.75,-101.0,0.75
4,2026-08-08 17:20:26,0.27,0.47,1.75,24.74,327.67,30.46,27.75,928.8843,-101,1.00,-101.0,1.0
4,2026-08-08 17:40:26,0.35,0.55,1.09,28.37,327.67,26.33,36.29,928.8438,-101,1.75,-101.0,1.75
4,2026-08-08 17:50:26,0.37,0.54,1.25,11.00,327.67,25.44,38.02,928.8588,-101,0.25,-101.0,0.25
4,2026-08-08 18:00:26,0.38,0.55,1.28,21.16,327.67,25.46,37.89,928.8031,-101,0.50,-101.0,0.5
4,2026-08-08 18:10:26,0.41,0.63,2.03,17.26,327.67,25.49,37.68,928.7561,-102,0.25,-102.0,0.25
4,2026-08-08 18:20:26,0.39,0.62,1.59,23.02,327.67,26.88,35.71,928.6636,-101,2.25,-101.0,2.25
4,2026-08-08 18:30:26,0.28,0.38,1.20,18.23,327.67,29.12,30.81,928.5998,-102,2.25,-102.0,2.25
4,2026-08-08 18:40:26,0.27,0.41,1.13,25.28,327.67,29.63,28.55,928.5784,-102,1.25,-102.0,1.25
4,2026-08-08 18:50:26,0.24,0.35,0.51,5.79,327.67,29.25,28.12,928.5580,-101,0.75,-101.0,0.75
4,2026-08-08 19:10:26,0.28,0.42,0.98,14.36,327.67,28.10,31.23,928.6405,-101,1.25,-101.0,1.25
4,2026-08-08 19:20:26,0.27,0.39,0.90,25.81,327.67,27.82,31.24,928.6319,-100,0.50,-100.0,0.5
4,2026-08-08 19:30:26,0.29,0.42,1.22,19.66,327.67,25.51,36.05,928.6236,-100,-1.00,-100.0,-1.0
4,2026-08-08 19:40:26,0.32,0.50,0.90,9.48,327.67,23.93,41.39,928.6505,-99,0.50,-99.0,0.5
4,2026-08-08 19:50:26,0.33,0.50,1.26,19.90,327.67,23.51,41.57,928.6697,-100,1.75,-100.0,1.75
4,2026-08-08 20:00:26,0.36,0.49,1.18,19.23,327.67,25.27,38.51,928.6453,-100,0.75,-100.0,0.75
4,2026-08-08 20:10:26,0.39,0.59,1.10,13.37,327.67,24.34,40.18,928.5764,-99,1.00,-99.0,1.0
4,2026-08-08 20:20:26,0.43,0.63,1.17,11.88,327.67,23.11,43.37,928.5301,-101,0.00,-101.0,0.0
4,2026-08-08 20:30:26,0.43,0.67,1.65,25.32,327.67,22.74,44.39,928.6470,-101,0.75,-101.0,0.75
4,2026-08-08 20:40:26,0.47,0.71,1.39,17.37,327.67,21.65,47.83,928.7865,-100,1.25,-100.0,1.25
4,2026-08-08 20:50:26,0.50,0.79,2.91,26.30,327.67,20.71,51.35,928.9126,-100,0.25,-100.0,0.25
4,2026-08-08 21:00:26,0.50,0.73,1.46,20.93,327.67,20.33,52.84,929.0489,-101,0.00,-101.0,0.0
4,2026-08-08 21:30:26,0.51,0.79,1.83,21.49,327.67,19.99,54.41,929.1824,-100,1.25,-100.0,1.25
4,2026-08-08 21:40:26,0.28,0.51,2.42,21.97,327.67,19.77,54.93,929.2866,-100,1.25,-100.0,1.25
4,2026-08-08 21:50:26,0.28,0.55,1.20,24.43,327.67,18.87,57.33,929.3558,-100,0.75,-100.0,0.75
4,2026-08-08 22:00:26,0.28,0.48,1.15,22.83,327.67,19.59,54.21,929.3777,-99,1.75,-99.0,1.75
4,2026-08-08 22:10:26,0.27,0.47,1.44,23.87,327.67,19.38,53.76,929.3851,-99,2.25,-99.0,2.25
4,2026-08-08 22:20:26,0.27,0.43,1.31,25.79,327.67,19.31,53.64,929.3552,-99,1.75,-99.0,1.75
4,2026-08-08 22:30:26,0.27,0.48,1.58,32.49,327.67,19.00,54.69,929.4152,-99,1.75,-99.0,1.75
4,2026-08-08 22:40:26,0.27,0.49,1.19,12.86,327.67,18.32,57.06,929.5244,-99,1.00,-99.0,1.0
4,2026-08-08 22:50:26,0.26,0.48,1.45,23.03,327.67,17.49,59.66,929.6104,-100,1.00,-100.0,1.0
4,2026-08-08 23:00:26,0.28,0.48,1.50,24.52,327.67,17.66,58.71,929.6603,-100,2.50,-100.0,2.5
4,2026-08-08 23:10:26,0.26,0.46,0.92,13.81,327.67,18.42,55.86,929.6261,-100,1.50,-100.0,1.5
4,2026-08-08 23:20:26,0.28,0.55,1.37,13.65,327.67,18.25,56.23,929.6274,-100,1.00,-100.0,1.0
4,2026-08-08 23:30:26,0.27,0.46,1.05,20.73,327.67,18.01,56.91,929.6655,-99,2.00,-99.0,2.0
4,2026-08-08 23:40:26,0.26,0.51,1.25,32.54,327.67,17.99,56.46,929.6638,-100,1.50,-100.0,1.5
4,2026-08-08 23:50:26,0.29,0.46,1.23,19.57,327.67,17.79,56.46,929.7182,-100,0.00,-100.0,0.0
4,2026-08-09 00:00:26,0.29,0.52,1.22,13.07,327.67,16.72,59.92,929.8545,-100,1.25,-100.0,1.25
4,2026-08-09 00:10:26,0.32,0.54,1.19,20.84,327.67,16.11,62.01,929.8869,-100,0.75,-100.0,0.75
4,2026-08-09 00:20:26,0.32,0.55,1.36,13.42,327.67,17.00,58.48,929.8791,-100,1.75,-100.0,1.75
4,2026-08-09 00:30:26,0.30,0.52,0.91,10.54,327.67,16.88,58.55,930.0069,-100,1.75,-100.0,1.75
4,2026-08-09 00:40:26,0.31,0.49,1.45,23.76,327.67,15.74,62.40,930.2957,-100,2.25,-100.0,2.25
4,2026-08-09 00:50:26,0.33,0.58,1.11,10.34,327.67,14.94,64.91,930.3364,-100,1.25,-100.0,1.25
4,2026-08-09 01:00:26,0.31,0.51,1.24,24.56,327.67,14.83,64.21,930.5019,-101,1.25,-101.0,1.25
4,2026-08-09 01:10:26,0.33,0.54,1.46,18.82,327.67,15.28,61.97,930.5336,-100,1.75,-100.0,1.75
4,2026-08-09 01:20:26,0.33,0.57,2.24,27.15,327.67,15.54,60.85,930.6240,-100,1.75,-100.0,1.75
4,2026-08-09 01:30:26,0.34,0.62,2.12,22.47,327.67,15.05,62.84,930.6469,-100,1.50,-100.0,1.5
4,2026-08-09 01:40:26,0.34,0.54,1.44,32.34,327.67,14.43,65.04,930.6617,-100,2.00,-100.0,2.0
4,2026-08-09 01:50:26,0.35,0.58,1.51,24.64,327.67,14.37,64.95,930.6933,-100,2.00,-100.0,2.0
4,2026-08-09 02:00:26,0.34,0.55,1.79,22.22,327.67,14.51,64.50,930.7682,-101,2.00,-101.0,2.0
4,2026-08-09 02:10:26,0.36,0.59,1.21,15.78,327.67,14.54,64.78,930.8161,-100,1.00,-100.0,1.0
4,2026-08-09 02:20:26,0.35,0.59,1.43,26.27,327.67,14.28,65.30,930.8420,-100,1.00,-100.0,1.0
4,2026-08-09 02:30:26,0.36,0.59,1.07,9.51,327.67,14.44,66.10,930.8492,-100,0.75,-100.0,0.75
4,2026-08-09 02:40:26,0.36,0.65,1.91,27.87,327.67,14.23,66.90,930.8805,-100,1.25,-100.0,1.25
4,2026-08-09 02:50:26,0.37,0.64,1.74,17.31,327.67,13.93,67.79,931.0407,-100,1.00,-100.0,1.0
4,2026-08-09 03:00:26,0.34,0.56,2.11,25.55,327.67,14.15,67.37,931.2432,-100,1.00,-100.0,1.0
4,2026-08-09 03:10:26,0.37,0.63,1.51,21.88,327.67,14.22,67.22,931.3205,-100,0.75,-100.0,0.75
4,2026-08-09 03:20:26,0.35,0.58,1.80,29.09,327.67,14.41,66.74,931.3465,-100,1.00,-100.0,1.0
4,2026-08-09 03:30:26,0.36,0.64,1.57,16.69,327.67,14.55,66.19,931.3210,-100,1.00,-100.0,1.0
4,2026-08-09 03:40:26,0.37,0.65,2.23,40.05,327.67,14.28,67.65,931.3927,-100,1.25,-100.0,1.25
4,2026-08-09 03:50:26,0.38,0.61,2.51,28.95,327.67,14.23,67.06,931.4341,-99,2.00,-99.0,2.0
4,2026-08-09 04:00:26,0.35,0.60,1.51,18.80,327.67,14.03,67.83,931.4624,-101,1.75,-101.0,1.75
4,2026-08-09 04:10:26,0.37,0.65,2.75,27.28,327.67,14.08,67.81,931.4324,-100,1.50,-100.0,1.5
4,2026-08-09 04:20:26,0.39,0.85,2.56,24.59,327.67,13.93,68.58,931.4861,-100,1.25,-100.0,1.25
4,2026-08-09 04:30:26,0.38,0.84,2.88,30.12,327.67,13.81,69.39,931.4831,-100,1.75,-100.0,1.75
4,2026-08-09 04:40:26,0.44,1.04,3.76,30.58,327.67,13.67,70.06,931.5102,-100,1.00,-100.0,1.0
4,2026-08-09 04:50:26,0.45,1.02,2.94,29.71,327.67,13.83,69.92,931.5340,-100,1.50,-100.0,1.5
4,2026-08-09 05:00:26,0.48,1.08,2.55,27.26,327.67,13.57,70.75,931.5302,-100,0.75,-100.0,0.75
4,2026-08-09 05:10:26,0.50,1.06,2.17,19.19,327.67,13.13,72.48,931.5769,-100,0.75,-100.0,0.75
4,2026-08-09 05:20:26,0.50,1.02,2.37,29.17,327.67,12.96,72.69,931.5512,-100,1.25,-100.0,1.25
4,2026-08-09 05:30:26,0.43,0.74,1.47,11.73,327.67,13.30,71.33,931.5680,-101,1.25,-101.0,1.25
4,2026-08-09 05:40:26,0.47,0.88,2.48,24.22,327.67,12.98,72.41,931.5921,-100,1.75,-100.0,1.75
4,2026-08-09 05:50:26,0.45,0.79,1.34,10.74,327.67,12.72,73.33,931.6057,-101,0.50,-101.0,0.5
4,2026-08-09 06:00:26,0.48,0.83,1.76,24.95,327.67,12.68,73.92,931.6074,-100,2.00,-100.0,2.0
4,2026-08-09 06:10:26,0.49,0.92,1.97,16.07,327.67,12.77,74.02,931.6261,-100,2.25,-100.0,2.25
4,2026-08-09 06:20:26,0.48,0.88,1.70,12.76,327.67,12.87,73.72,931.6302,-100,0.75,-100.0,0.75
4,2026-08-09 06:30:26,0.49,0.92,2.53,26.16,327.67,12.97,73.71,931.6803,-100,1.75,-100.0,1.75
4,2026-08-09 06:40:26,0.51,0.99,2.30,15.66,327.67,13.47,71.83,931.6773,-100,1.50,-100.0,1.5
4,2026-08-09 06:50:26,0.45,0.84,2.03,25.51,327.67,14.08,69.56,931.6642,-101,0.75,-101.0,0.75
4,2026-08-09 07:00:26,0.43,0.75,1.37,15.68,327.67,13.82,69.80,931.6779,-101,1.50,-101.0,1.5
4,2026-08-09 07:10:26,0.51,0.99,2.43,30.85,327.67,13.31,72.11,931.6982,-101,1.25,-101.0,1.25
4,2026-08-09 07:20:26,0.53,0.96,2.56,41.62,327.67,12.83,74.85,931.7549,-101,2.25,-101.0,2.25
4,2026-08-09 07:30:26,0.57,0.98,1.96,25.95,327.67,12.88,75.18,931.7259,-101,1.25,-101.0,1.25
4,2026-08-09 07:40:26,0.60,0.99,2.38,45.41,327.67,12.96,74.92,931.7453,-100,1.25,-100.0,1.25
4,2026-08-09 07:50:26,0.60,0.97,2.21,24.57,327.67,12.93,75.52,931.7656,-101,0.25,-101.0,0.25
4,2026-08-09 08:00:26,0.56,1.01,2.75,22.70,327.67,12.98,75.24,931.7792,-101,0.75,-101.0,0.75
4,2026-08-09 08:10:26,0.59,0.97,2.49,27.00,327.67,13.15,75.02,931.8416,-101,0.50,-101.0,0.5
4,2026-08-09 08:20:26,0.56,0.90,2.72,29.16,327.67,13.21,74.30,931.8550,-102,1.50,-102.0,1.5
4,2026-08-09 08:30:26,0.51,0.81,2.10,16.13,327.67,12.98,73.61,931.9057,-102,1.25,-102.0,1.25
4,2026-08-09 08:40:26,0.49,0.79,1.84,26.62,327.67,13.12,73.45,931.9382,-102,1.25,-102.0,1.25
4,2026-08-09 08:50:26,0.49,0.83,2.30,21.53,327.67,13.33,72.74,931.9616,-102,2.00,-102.0,2.0
4,2026-08-09 09:10:26,0.48,0.82,1.78,16.20,327.67,13.67,72.31,932.0892,-102,1.00,-102.0,1.0
4,2026-08-09 09:20:26,0.54,0.91,4.00,63.81,327.67,14.02,71.59,932.1427,-101,2.00,-101.0,2.0
4,2026-08-09 09:30:26,0.62,1.12,4.63,29.81,327.67,13.97,72.75,932.1595,-102,1.00,-102.0,1.0
4,2026-08-09 09:40:26,0.63,1.16,4.36,105.82,327.67,14.05,73.18,932.2019,-102,0.75,-102.0,0.75
4,2026-08-09 09:50:26,0.79,1.18,3.60,40.58,327.67,14.29,73.28,932.2499,-102,0.50,-102.0,0.5
4,2026-08-09 10:40:26,2.33,3.22,5.66,30.28,327.67,14.29,76.68,932.1273,-102,1.25,-102.0,1.25
4,2026-08-09 11:30:26,2.55,3.45,4.26,19.34,327.67,14.26,77.73,932.2457,-102,2.50,-102.0,2.5
4,2026-08-09 11:50:26,2.38,3.15,4.18,25.55,327.67,15.11,74.54,932.2837,-102,1.50,-102.0,1.5
4,2026-08-09 12:00:26,2.22,2.99,4.25,20.24,327.67,15.28,73.56,932.2882,-102,0.25,-102.0,0.25
4,2026-08-09 12:20:26,2.18,2.90,4.00,23.42,327.67,15.84,71.55,932.2442,-102,1.00,-102.0,1.0
4,2026-08-09 12:30:26,2.41,3.21,4.51,22.98,327.67,15.90,71.10,932.2636,-102,2.00,-102.0,2.0
4,2026-08-09 12:40:26,2.36,3.17,4.35,23.67,327.67,16.02,70.79,932.2864,-103,1.50,-103.0,1.5
4,2026-08-09 13:20:26,2.30,3.05,4.49,27.23,327.67,16.82,67.54,932.2911,-103,1.25,-103.0,1.25
4,2026-08-09 13:30:26,2.09,2.73,4.33,29.75,327.67,16.97,67.27,932.2579,-102,1.50,-102.0,1.5
4,2026-08-09 13:40:26,2.08,2.74,4.56,24.01,327.67,17.14,66.68,932.2171,-102,0.25,-102.0,0.25
4,2026-08-09 14:30:26,2.00,2.65,4.85,33.99,327.67,18.00,63.67,932.0201,-101,3.00,-101.0,3.0
4,2026-08-09 14:40:26,1.89,2.51,4.11,23.65,327.67,18.42,62.18,931.9542,-102,1.75,-102.0,1.75
4,2026-08-09 14:50:26,1.87,2.49,5.50,31.44,327.67,18.90,60.29,931.8682,-102,2.50,-102.0,2.5
4,2026-08-09 15:00:26,1.76,2.31,4.95,46.18,327.67,19.42,58.18,931.8215,-101,2.25,-101.0,2.25
4,2026-08-09 15:10:26,1.76,2.32,4.30,25.04,327.67,19.74,56.46,931.7293,-101,1.25,-101.0,1.25
4,2026-08-09 15:20:26,1.71,2.26,3.70,26.51,327.67,19.67,56.58,931.6506,-102,1.75,-102.0,1.75
4,2026-08-09 15:30:26,1.72,2.28,4.11,26.06,327.67,19.88,56.06,931.5582,-101,1.00,-101.0,1.0
4,2026-08-09 15:40:26,1.58,2.08,3.67,24.22,327.67,20.62,54.00,931.4677,-102,1.00,-102.0,1.0
4,2026-08-09 15:50:26,1.59,2.11,3.46,24.14,327.67,20.58,54.42,931.3537,-101,1.75,-101.0,1.75
4,2026-08-09 16:20:26,1.58,2.07,4.05,30.61,327.67,21.16,50.47,931.1102,-101,1.75,-101.0,1.75
4,2026-08-09 16:30:26,1.46,1.91,3.59,19.10,327.67,21.36,50.04,931.0292,-102,1.50,-102.0,1.5
4,2026-08-09 16:40:26,1.41,1.86,4.04,26.87,327.67,21.38,49.36,930.9642,-101,1.75,-101.0,1.75
4,2026-08-09 16:50:26,1.38,1.85,3.53,24.53,327.67,20.97,50.52,930.9017,-101,1.00,-101.0,1.0
4,2026-08-09 17:00:26,1.44,1.90,4.36,35.76,327.67,20.67,50.95,930.8737,-102,0.75,-102.0,0.75
4,2026-08-09 17:10:26,1.52,2.00,3.25,24.84,327.67,20.38,51.93,930.8876,-102,1.75,-102.0,1.75
4,2026-08-09 17:20:26,1.57,2.11,5.07,34.94,327.67,19.85,54.08,930.8707,-101,1.50,-101.0,1.5
4,2026-08-09 17:30:26,1.62,2.13,3.80,26.39,327.67,19.46,56.09,930.8211,-101,1.00,-101.0,1.0
4,2026-08-09 17:40:26,1.61,2.15,3.22,11.96,327.67,19.60,55.95,930.8182,-102,2.25,-102.0,2.25
4,2026-08-09 17:50:26,1.62,2.15,3.86,115.46,327.67,19.76,55.64,930.7977,-101,-0.25,-101.0,-0.25
4,2026-08-09 18:00:26,1.55,1.99,4.01,25.09,327.67,20.57,52.86,930.7831,-102,0.50,-102.0,0.5
4,2026-08-09 18:10:26,1.53,2.03,3.67,26.63,327.67,20.84,51.63,930.7121,-102,1.50,-102.0,1.5
4,2026-08-09 18:20:26,1.55,2.04,4.04,24.34,327.67,20.62,52.94,930.6406,-101,2.00,-101.0,2.0
4,2026-08-09 18:30:26,1.58,2.07,3.17,25.41,327.67,20.22,53.54,930.6643,-101,1.50,-101.0,1.5
4,2026-08-09 18:40:26,1.48,1.93,3.06,20.45,327.67,20.36,52.50,930.5801,-102,0.25,-102.0,0.25
4,2026-08-09 18:50:26,1.48,1.93,3.92,28.10,327.67,21.11,50.60,930.5428,-102,0.75,-102.0,0.75
4,2026-08-09 19:00:26,1.53,2.04,4.09,39.87,327.67,20.96,50.73,930.5220,-101,1.25,-101.0,1.25
4,2026-08-09 19:10:26,1.67,2.26,3.92,28.87,327.67,20.11,54.72,930.5092,-101,0.50,-101.0,0.5
4,2026-08-09 19:20:26,1.91,2.65,5.47,32.35,327.67,19.23,57.45,930.5103,-101,1.25,-101.0,1.25
4,2026-08-09 19:30:26,1.79,2.43,4.15,28.42,327.67,17.96,61.10,930.5162,-101,0.75,-101.0,0.75
4,2026-08-09 19:40:26,1.91,2.58,4.37,77.83,327.67,17.65,63.41,930.5111,-100,1.00,-100.0,1.0
4,2026-08-09 19:50:26,2.01,2.77,5.28,33.65,327.67,17.67,65.23,930.5316,-100,1.00,-100.0,1.0
4,2026-08-09 20:00:26,1.99,2.69,4.98,32.64,327.67,17.60,65.62,930.5888,-101,1.00,-101.0,1.0
4,2026-08-09 20:10:26,1.71,2.37,4.11,40.06,327.67,17.33,67.30,930.6608,-99,1.50,-99.0,1.5
4,2026-08-09 20:20:26,1.95,2.78,4.53,46.37,327.67,16.91,70.14,930.6678,-101,0.25,-101.0,0.25
4,2026-08-09 20:30:26,1.99,2.71,3.94,23.48,327.67,16.98,70.04,930.6445,-100,1.50,-100.0,1.5
4,2026-08-09 20:40:26,2.03,2.77,3.76,24.95,327.67,16.92,70.17,930.6404,-99,1.50,-99.0,1.5
4,2026-08-09 20:50:26,2.28,3.17,4.91,25.00,327.67,17.00,70.94,930.6474,-99,1.75,-99.0,1.75
4,2026-08-09 21:00:26,2.14,2.97,4.71,24.45,327.67,16.88,71.44,930.5957,-99,0.75,-99.0,0.75
4,2026-08-09 21:10:26,2.15,2.94,4.48,23.80,327.67,16.82,71.47,930.6266,-100,1.75,-100.0,1.75
4,2026-08-09 21:20:26,2.14,2.92,4.55,26.35,327.67,16.57,71.75,930.6447,-100,1.50,-100.0,1.5
4,2026-08-09 21:30:26,2.19,3.07,6.47,33.04,327.67,16.52,72.10,930.7324,-100,0.00,-100.0,0.0
4,2026-08-09 21:40:26,2.56,3.60,5.82,30.04,327.67,16.24,73.88,930.8496,-100,1.00,-100.0,1.0
4,2026-08-09 21:50:26,2.54,3.49,5.73,30.01,327.67,15.87,75.09,930.9327,-100,1.50,-100.0,1.5
4,2026-08-09 22:00:26,2.47,3.53,5.21,18.58,327.67,16.11,74.44,931.0024,-99,2.00,-99.0,2.0
4,2026-08-09 22:10:26,2.63,3.80,6.47,30.79,327.67,15.64,75.95,931.0461,-99,1.00,-99.0,1.0
4,2026-08-09 22:20:26,2.68,3.82,6.17,45.76,327.67,15.34,77.06,931.1065,-99,1.50,-99.0,1.5
4,2026-08-09 22:40:26,3.12,4.52,6.88,37.88,327.67,15.54,76.80,931.2089,-98,1.50,-98.0,1.5
4,2026-08-09 22:50:26,3.14,4.98,8.19,31.92,327.67,15.42,77.34,931.2152,-99,1.00,-99.0,1.0
4,2026-08-09 23:00:26,3.54,5.47,9.41,34.86,327.67,15.24,78.04,931.2129,-99,1.50,-99.0,1.5
4,2026-08-09 23:10:26,3.47,5.16,7.47,40.31,327.67,15.46,77.18,931.2100,-98,0.00,-98.0,0.0
4,2026-08-09 23:20:26,3.92,5.89,9.00,34.12,327.67,15.60,76.71,931.1972,-98,0.75,-98.0,0.75
4,2026-08-09 23:40:26,3.98,6.11,8.27,33.05,327.67,15.42,77.52,931.1653,-99,0.25,-99.0,0.25
4,2026-08-09 23:50:26,2.98,4.32,6.64,38.27,327.67,15.06,77.10,931.1322,-100,0.25,-100.0,0.25
4,2026-08-10 00:00:26,3.46,5.10,7.78,38.00,327.67,15.03,77.12,931.1000,-99,-0.25,-99.0,-0.25
4,2026-08-10 00:10:26,4.30,6.77,9.79,38.97,327.67,15.06,77.38,931.0441,-100,0.75,-100.0,0.75
4,2026-08-10 00:20:26,4.63,7.42,10.27,39.46,327.67,15.06,77.48,930.9788,-101,-0.25,-101.0,-0.25
4,2026-08-10 00:30:26,5.74,9.73,14.18,43.05,327.67,14.82,78.69,930.9628,-101,-0.50,-101.0,-0.5
4,2026-08-10 00:40:26,5.04,8.16,11.22,31.28,327.67,14.74,78.86,930.9824,-99,1.25,-99.0,1.25
4,2026-08-10 00:50:26,4.07,6.44,8.66,35.49,327.67,14.94,77.58,931.0532,-100,1.00,-100.0,1.0
4,2026-08-10 01:00:26,5.63,9.49,13.07,43.90,327.67,15.27,76.25,931.1704,-100,1.50,-100.0,1.5
4,2026-08-10 01:10:26,3.88,5.97,8.45,39.83,327.67,15.10,76.92,931.2157,-101,0.75,-101.0,0.75
4,2026-08-10 01:20:26,2.06,2.69,4.16,26.37,327.67,15.23,73.62,931.1610,-101,1.50,-101.0,1.5
4,2026-08-10 01:40:26,1.99,2.70,3.60,20.77,327.67,15.82,68.69,931.1427,-101,-0.25,-101.0,-0.25
4,2026-08-10 01:50:26,2.21,3.03,4.55,29.59,327.67,15.66,70.00,931.1508,-100,1.25,-100.0,1.25
4,2026-08-10 02:00:26,2.42,3.31,4.72,26.74,327.67,15.26,72.22,931.1908,-100,1.50,-100.0,1.5
4,2026-08-10 02:10:26,2.30,3.16,4.43,26.16,327.67,15.06,73.00,931.1980,-100,1.25,-100.0,1.25
4,2026-08-10 02:20:26,2.31,3.11,5.26,33.33,327.67,14.82,73.05,931.1925,-100,1.00,-100.0,1.0
4,2026-08-10 02:30:26,1.99,2.62,3.96,24.53,327.67,15.24,71.29,931.1624,-101,0.25,-101.0,0.25
4,2026-08-10 02:40:26,2.27,3.00,4.09,20.00,327.67,15.66,69.32,931.2279,-100,1.00,-100.0,1.0
4,2026-08-10 02:50:26,2.34,3.05,4.02,15.12,327.67,15.57,70.33,931.2322,-101,0.75,-101.0,0.75
4,2026-08-10 03:00:26,2.43,3.19,4.33,24.65,327.67,15.03,71.92,931.2289,-101,-0.25,-101.0,-0.25
4,2026-08-10 03:10:26,1.80,2.30,3.13,20.62,327.67,14.98,69.41,931.1574,-101,2.00,-101.0,2.0
4,2026-08-10 03:20:26,1.76,2.27,3.64,26.36,327.67,15.74,64.90,931.1445,-101,2.00,-101.0,2.0
4,2026-08-10 03:30:26,1.75,2.23,3.31,22.99,327.67,15.92,62.91,931.1586,-102,0.75,-102.0,0.75
4,2026-08-10 03:40:26,1.73,2.26,3.57,25.62,327.67,16.20,60.82,931.1907,-102,1.00,-102.0,1.0
4,2026-08-10 03:50:26,1.75,2.24,3.35,19.37,327.67,16.38,61.10,931.2730,-101,1.25,-101.0,1.25
4,2026-08-10 04:00:26,1.89,2.49,4.11,28.79,327.67,16.01,62.70,931.2781,-101,1.25,-101.0,1.25
4,2026-08-10 04:10:26,1.97,2.57,3.63,24.03,327.67,15.81,63.54,931.2339,-101,0.25,-101.0,0.25
4,2026-08-10 04:20:26,2.00,2.61,3.76,22.86,327.67,15.69,65.04,931.2128,-101,0.50,-101.0,0.5
4,2026-08-10 04:30:26,2.09,2.84,5.26,42.66,327.67,15.61,64.39,931.1936,-101,1.25,-101.0,1.25
4,2026-08-10 04:40:26,1.82,2.37,3.81,25.14,327.67,15.50,64.29,931.2180,-100,1.00,-100.0,1.0
4,2026-08-10 04:50:26,1.82,2.34,3.83,28.96,327.67,15.41,64.34,931.1881,-101,1.75,-101.0,1.75
4,2026-08-10 05:00:26,1.66,2.14,3.27,18.25,327.67,15.42,63.52,931.1653,-101,2.00,-101.0,2.0
4,2026-08-10 05:10:26,1.86,2.39,3.68,28.64,327.67,15.45,64.20,931.1882,-101,1.75,-101.0,1.75
4,2026-08-10 05:20:26,1.64,2.08,3.42,28.75,327.67,15.43,62.76,931.2191,-101,1.00,-101.0,1.0
4,2026-08-10 05:30:26,1.46,1.86,2.54,16.02,327.67,15.44,61.49,931.1907,-101,2.00,-101.0,2.0
4,2026-08-10 05:40:26,1.41,1.80,3.03,18.20,327.67,15.49,60.46,931.1547,-101,2.00,-101.0,2.0
4,2026-08-10 05:50:26,1.45,1.84,3.07,20.72,327.67,15.47,60.22,931.1634,-101,2.00,-101.0,2.0
4,2026-08-10 06:00:26,1.52,1.94,2.99,25.81,327.67,15.50,60.64,931.1588,-101,1.00,-101.0,1.0
4,2026-08-10 06:20:26,1.48,1.89,3.50,22.62,327.67,15.47,59.76,931.0913,-102,0.00,-102.0,0.0
4,2026-08-10 06:30:26,1.47,1.83,3.13,24.74,327.67,15.55,59.55,931.1046,-102,0.25,-102.0,0.25
4,2026-08-10 06:40:26,1.72,2.15,3.30,24.72,327.67,15.59,60.36,931.1115,-101,0.50,-101.0,0.5
4,2026-08-10 06:50:26,1.69,2.10,3.11,22.82,327.67,15.33,61.95,931.0974,-101,0.50,-101.0,0.5
4,2026-08-10 07:10:26,1.99,2.61,3.79,30.73,327.67,15.24,64.79,931.0263,-101,0.25,-101.0,0.25
4,2026-08-10 07:20:26,1.95,2.49,3.74,24.49,327.67,15.37,64.71,931.0247,-101,0.50,-101.0,0.5
4,2026-08-10 07:30:26,1.88,2.43,3.67,17.32,327.67,15.81,64.20,931.0471,-101,1.00,-101.0,1.0
4,2026-08-10 07:40:26,1.78,2.29,3.61,23.53,327.67,16.79,60.59,930.9997,-101,0.50,-101.0,0.5
4,2026-08-10 07:50:26,1.79,2.26,3.43,19.43,327.67,17.26,57.80,930.9300,-102,0.75,-102.0,0.75
4,2026-08-10 08:10:26,1.64,2.06,3.01,26.51,327.67,16.31,58.36,930.9467,-101,-1.00,-101.0,-1.0
4,2026-08-10 08:20:26,1.78,2.27,3.59,26.30,327.67,16.16,60.02,930.9555,-102,0.75,-102.0,0.75
4,2026-08-10 08:30:26,1.62,2.03,2.85,23.19,327.67,16.17,60.49,930.9678,-101,0.50,-101.0,0.5
4,2026-08-10 08:40:26,1.63,2.02,2.59,16.97,327.67,16.29,58.67,931.0098,-101,1.25,-101.0,1.25
4,2026-08-10 08:50:26,1.64,2.05,2.95,27.84,327.67,16.39,58.73,931.0271,-101,1.50,-101.0,1.5
4,2026-08-10 09:00:26,1.60,2.00,3.24,23.97,327.67,16.42,57.50,931.0246,-102,1.75,-102.0,1.75
4,2026-08-10 09:10:26,1.64,2.04,2.91,27.45,327.67,16.40,57.85,931.0020,-103,1.75,-103.0,1.75
4,2026-08-10 09:20:26,1.72,2.15,3.07,17.62,327.67,16.49,58.22,931.0141,-101,2.00,-101.0,2.0
4,2026-08-10 09:30:26,1.69,2.11,2.78,25.83,327.67,16.71,57.91,931.0202,-102,1.25,-102.0,1.25
4,2026-08-10 09:40:26,1.78,2.22,2.68,9.05,327.67,17.00,57.49,930.9750,-102,1.00,-102.0,1.0
4,2026-08-10 09:50:26,1.66,2.07,2.95,20.13,327.67,17.21,57.19,930.9691,-101,1.25,-101.0,1.25
4,2026-08-10 10:00:26,1.74,2.20,3.54,23.98,327.67,17.25,56.33,930.9293,-102,-1.00,-102.0,-1.0
4,2026-08-10 10:10:26,1.63,2.03,2.90,23.77,327.67,17.62,55.30,930.9004,-102,0.25,-102.0,0.25
4,2026-08-10 10:20:26,1.65,2.06,2.90,25.98,327.67,17.97,54.18,930.8788,-102,-0.50,-102.0,-0.5
4,2026-08-10 10:30:26,1.62,2.04,2.66,11.57,327.67,18.28,52.76,930.8424,-101,0.50,-101.0,0.5
4,2026-08-10 10:40:26,1.55,1.95,2.62,17.72,327.67,18.83,50.98,930.7962,-102,0.50,-102.0,0.5
4,2026-08-10 10:50:26,1.65,2.04,2.98,21.20,327.67,19.78,48.85,930.6812,-102,0.75,-102.0,0.75
4,2026-08-10 11:10:26,1.70,2.13,3.24,24.99,327.67,20.59,47.28,930.5536,-101,2.00,-101.0,2.0
4,2026-08-10 11:20:26,1.60,2.02,3.00,27.36,327.67,21.80,43.58,930.4645,-102,1.75,-102.0,1.75
4,2026-08-10 11:30:26,1.53,1.88,2.72,20.39,327.67,21.74,44.12,930.3989,-102,1.00,-102.0,1.0
4,2026-08-10 11:40:26,1.53,1.90,2.61,18.31,327.67,21.85,43.95,930.3307,-102,-0.50,-102.0,-0.5
4,2026-08-10 11:50:26,1.61,1.99,2.84,22.74,327.67,21.72,43.60,930.2920,-102,2.50,-102.0,2.5
4,2026-08-10 12:00:26,1.52,1.87,2.96,27.35,327.67,20.34,46.18,930.3244,-102,1.00,-102.0,1.0
4,2026-08-10 12:10:26,1.57,1.98,3.17,20.17,327.67,19.65,48.08,930.2609,-101,0.50,-101.0,0.5
4,2026-08-10 12:20:26,1.51,1.86,2.85,31.05,327.67,19.87,47.48,930.2344,-102,2.25,-102.0,2.25
4,2026-08-10 12:30:26,1.40,1.75,2.84,23.89,327.67,20.08,46.10,930.2045,-101,2.75,-101.0,2.75
4,2026-08-10 12:40:26,1.25,1.56,2.20,9.87,327.67,20.02,45.25,930.1661,-101,2.00,-101.0,2.0
4,2026-08-10 12:50:26,1.24,1.53,2.50,25.41,327.67,19.96,45.14,930.1647,-101,1.50,-101.0,1.5
4,2026-08-10 13:00:26,1.15,1.40,2.02,13.34,327.67,19.84,44.91,930.1311,-102,1.25,-102.0,1.25
4,2026-08-10 13:10:26,1.19,1.48,1.86,9.37,327.67,19.32,45.53,930.1350,-102,2.00,-102.0,2.0
4,2026-08-10 13:20:26,1.10,1.35,1.86,12.15,327.67,19.06,46.27,930.1522,-101,1.75,-101.0,1.75
4,2026-08-10 13:30:26,1.16,1.46,2.23,13.21,327.67,18.83,46.77,930.1287,-101,0.50,-101.0,0.5
4,2026-08-10 13:40:26,1.21,1.47,2.24,28.39,327.67,19.26,46.27,930.1332,-102,1.75,-102.0,1.75
4,2026-08-10 13:50:26,1.14,1.37,1.76,10.61,327.67,19.76,45.18,930.0937,-102,2.25,-102.0,2.25
4,2026-08-10 14:10:26,1.11,1.33,2.10,21.94,327.67,21.72,40.88,930.0357,-102,1.75,-102.0,1.75
4,2026-08-10 14:30:26,1.08,1.32,1.90,22.58,327.67,20.96,41.58,929.9750,-101,1.00,-101.0,1.0
4,2026-08-10 14:40:26,1.08,1.33,2.26,22.31,327.67,21.22,41.99,929.9295,-99,4.00,-99.0,4.0
4,2026-08-10 14:50:26,1.14,1.44,2.03,12.09,327.67,21.52,43.11,929.8831,-99,1.75,-99.0,1.75
4,2026-08-10 15:00:26,1.33,1.66,2.90,23.51,327.67,21.81,42.78,929.8742,-100,1.75,-100.0,1.75
4,2026-08-10 15:10:26,1.22,1.52,2.51,19.52,327.67,21.72,42.22,929.8262,-101,0.75,-101.0,0.75
4,2026-08-10 15:20:26,1.28,1.61,2.34,19.53,327.67,22.21,39.63,929.8169,-101,1.25,-101.0,1.25
4,2026-08-10 15:30:26,1.16,1.45,2.74,22.89,327.67,22.09,40.83,929.7504,-102,2.25,-102.0,2.25
4,2026-08-10 15:40:26,1.16,1.41,2.08,18.87,327.67,22.29,40.25,929.7257,-102,1.00,-102.0,1.0
4,2026-08-10 15:50:26,1.18,1.48,2.53,20.72,327.67,23.22,38.41,929.6968,-101,1.75,-101.0,1.75
4,2026-08-10 16:00:26,1.19,1.48,2.41,19.17,327.67,22.72,39.49,929.6628,-102,2.25,-102.0,2.25
4,2026-08-10 16:10:26,1.14,1.39,2.28,22.08,327.67,23.98,36.84,929.6087,-102,0.75,-102.0,0.75
4,2026-08-10 16:20:26,1.19,1.46,2.38,19.52,327.67,24.34,35.55,929.5406,-102,0.25,-102.0,0.25
4,2026-08-10 16:50:26,1.17,1.45,2.42,20.17,327.67,26.76,31.02,929.2512,-100,1.75,-100.0,1.75
4,2026-08-10 17:00:26,1.18,1.51,2.72,24.78,327.67,25.20,33.04,929.1054,-100,1.00,-100.0,1.0
4,2026-08-10 17:10:26,1.23,1.52,2.32,16.48,327.67,23.92,35.14,929.0176,-100,1.00,-100.0,1.0
4,2026-08-10 17:20:26,1.27,1.52,2.28,16.65,327.67,23.04,36.45,928.9626,-102,2.25,-102.0,2.25
4,2026-08-10 17:30:26,1.19,1.47,2.27,28.71,327.67,24.74,33.91,928.9647,-101,2.00,-101.0,2.0
4,2026-08-10 17:40:26,1.21,1.50,2.50,19.94,327.67,26.68,30.82,928.9092,-101,2.75,-101.0,2.75
4,2026-08-10 17:50:26,1.22,1.49,1.77,7.22,327.67,27.70,29.11,928.8297,-101,0.25,-101.0,0.25
4,2026-08-10 18:00:26,1.23,1.50,2.24,25.68,327.67,28.34,28.04,928.7513,-103,0.25,-103.0,0.25
4,2026-08-10 18:10:26,1.22,1.47,2.12,21.11,327.67,27.66,29.24,928.7096,-102,1.00,-102.0,1.0
4,2026-08-10 18:30:26,1.18,1.41,2.45,20.46,327.67,27.61,29.65,928.6127,-102,2.50,-102.0,2.5
4,2026-08-10 18:50:26,1.21,1.51,2.19,21.79,327.67,25.49,32.05,928.6230,-101,1.25,-101.0,1.25
4,2026-08-10 19:00:26,1.23,1.52,2.46,16.18,327.67,23.39,35.74,928.6423,-101,1.25,-101.0,1.25
4,2026-08-10 19:10:26,1.26,1.56,2.62,20.29,327.67,22.78,36.96,928.6689,-101,1.00,-101.0,1.0
4,2026-08-10 19:20:26,1.27,1.56,2.05,11.32,327.67,23.08,36.47,928.6373,-101,1.25,-101.0,1.25
4,2026-08-10 19:40:26,1.29,1.60,2.55,27.23,327.67,22.32,38.67,928.6836,-101,1.75,-101.0,1.75
4,2026-08-10 19:50:26,1.24,1.49,1.97,14.99,327.67,22.00,39.74,928.7212,-101,2.25,-101.0,2.25
4,2026-08-10 20:00:26,1.37,1.67,2.42,15.44,327.67,21.42,42.30,928.7085,-101,1.25,-101.0,1.25
4,2026-08-10 20:10:26,1.50,1.90,3.38,22.48,327.67,20.63,48.79,928.8082,-100,4.00,-100.0,4.0
4,2026-08-10 20:20:26,1.39,1.69,2.62,22.43,327.67,20.64,46.95,928.8407,-100,2.75,-100.0,2.75
4,2026-08-10 20:30:26,1.45,1.78,2.61,24.82,327.67,20.15,50.51,928.8974,-100,3.75,-100.0,3.75
4,2026-08-10 20:40:26,1.42,1.77,2.98,21.11,327.67,20.45,47.98,928.8863,-100,3.75,-100.0,3.75
4,2026-08-10 20:50:26,1.38,1.70,3.03,25.35,327.67,20.21,48.03,928.9258,-99,2.75,-99.0,2.75
4,2026-08-10 21:00:26,1.43,1.80,3.13,23.65,327.67,19.60,49.96,928.9889,-100,3.25,-100.0,3.25
4,2026-08-10 21:10:26,1.32,1.68,3.02,26.35,327.67,19.24,51.29,929.0666,-100,4.00,-100.0,4.0
4,2026-08-10 21:20:26,1.34,1.64,2.80,18.90,327.67,18.62,55.32,929.0862,-99,3.00,-99.0,3.0
4,2026-08-10 21:30:26,1.47,1.78,2.78,25.29,327.67,17.54,58.13,929.1501,-99,1.75,-99.0,1.75
4,2026-08-10 21:40:26,1.64,2.00,3.12,41.49,327.67,17.72,57.78,929.1505,-100,1.75,-100.0,1.75
4,2026-08-10 21:50:26,1.72,2.11,2.78,17.41,327.67,17.42,60.29,929.2219,-99,2.00,-99.0,2.0
4,2026-08-10 22:00:26,1.68,2.09,3.26,26.83,327.67,18.27,55.90,929.2439,-99,3.75,-99.0,3.75
4,2026-08-10 22:10:26,1.64,1.99,2.59,15.42,327.67,18.54,53.84,929.3263,-100,3.00,-100.0,3.0
4,2026-08-10 22:20:26,1.63,1.99,2.73,20.15,327.67,18.80,52.90,929.3030,-100,4.75,-100.0,4.75
4,2026-08-10 22:30:26,1.75,2.16,2.79,21.74,327.67,18.69,53.53,929.3952,-100,6.25,-100.0,6.25
4,2026-08-10 22:40:26,1.80,2.21,3.08,24.23,327.67,17.92,57.65,929.5221,-101,5.50,-101.0,5.5
4,2026-08-10 22:50:26,1.89,2.34,3.59,28.79,327.67,16.51,62.81,929.6070,-101,5.50,-101.0,5.5
4,2026-08-10 23:00:26,1.85,2.32,3.21,21.45,327.67,16.19,64.40,929.6645,-100,4.50,-100.0,4.5
4,2026-08-10 23:10:26,2.00,2.54,3.26,12.13,327.67,16.04,66.15,929.7224,-99,3.00,-99.0,3.0
4,2026-08-10 23:20:26,2.13,2.78,3.90,20.88,327.67,16.25,66.05,929.8233,-99,6.00,-99.0,6.0
4,2026-08-10 23:30:26,1.84,2.29,3.26,22.40,327.67,17.22,61.46,929.8679,-99,3.50,-99.0,3.5
4,2026-08-10 23:40:26,1.78,2.25,2.92,15.32,327.67,16.99,61.65,929.9214,-100,1.75,-100.0,1.75
4,2026-08-10 23:50:26,1.88,2.42,3.92,26.55,327.67,15.50,67.31,930.0003,-100,3.00,-100.0,3.0
4,2026-08-11 00:00:26,1.65,2.06,2.69,15.25,327.67,15.82,65.33,929.9420,-98,3.00,-98.0,3.0
4,2026-08-11 00:10:26,1.78,2.22,3.51,34.13,327.67,15.52,66.17,929.9884,-99,3.00,-99.0,3.0
4,2026-08-11 00:20:26,1.76,2.25,3.54,25.08,327.67,14.76,69.03,930.0663,-99,3.50,-99.0,3.5
4,2026-08-11 00:30:26,1.73,2.18,2.72,24.70,327.67,15.10,68.47,930.0774,-102,3.50,-102.0,3.5
4,2026-08-11 00:40:26,1.87,2.39,3.07,11.53,327.67,14.82,70.48,930.1745,-100,5.00,-100.0,5.0
4,2026-08-11 00:50:26,1.82,2.34,3.17,24.30,327.67,15.07,69.26,930.2154,-100,4.25,-100.0,4.25
4,2026-08-11 01:00:26,1.32,1.66,2.23,24.15,327.67,16.36,61.96,930.2038,-99,3.25,-99.0,3.25
4,2026-08-11 01:10:26,1.07,1.35,1.74,21.30,327.67,16.86,58.12,930.1816,-100,5.50,-100.0,5.5
4,2026-08-11 01:20:26,0.95,1.21,1.55,6.79,327.67,16.81,56.77,930.1532,-99,6.25,-99.0,6.25
4,2026-08-11 01:30:26,0.85,1.08,1.44,20.53,327.67,16.92,55.39,930.1611,-99,5.00,-99.0,5.0
4,2026-08-11 01:40:26,0.79,0.99,1.24,10.68,327.67,16.92,54.99,930.2579,-99,3.75,-99.0,3.75
4,2026-08-11 01:50:26,0.89,1.14,2.03,20.04,327.67,15.26,61.50,930.3982,-101,5.50,-101.0,5.5
4,2026-08-11 02:00:26,1.10,1.39,2.20,23.93,327.67,14.30,66.35,930.4289,-100,6.00,-100.0,6.0
4,2026-08-11 02:10:26,1.15,1.47,2.11,20.97,327.67,14.07,67.60,930.4591,-100,5.75,-100.0,5.75
4,2026-08-11 02:20:26,1.08,1.38,2.54,24.91,327.67,13.71,69.34,930.4711,-101,3.25,-101.0,3.25
4,2026-08-11 02:30:26,1.02,1.33,2.38,25.94,327.67,14.62,66.45,930.3924,-101,4.25,-101.0,4.25
4,2026-08-11 02:40:26,0.98,1.25,1.50,5.91,327.67,15.44,62.99,930.4204,-100,2.75,-100.0,2.75
4,2026-08-11 02:50:26,1.07,1.43,2.07,10.60,327.67,14.39,66.47,930.4460,-101,4.75,-101.0,4.75
4,2026-08-11 03:00:26,1.01,1.32,1.74,10.78,327.67,13.36,69.87,930.4747,-101,6.00,-101.0,6.0
4,2026-08-11 03:10:26,1.10,1.40,1.96,18.34,327.67,13.08,70.94,930.4596,-102,5.00,-102.0,5.0
4,2026-08-11 03:20:26,1.30,1.70,2.66,23.35,327.67,12.93,72.13,930.5005,-101,4.75,-101.0,4.75
4,2026-08-11 03:30:26,1.31,1.72,2.74,22.83,327.67,12.65,72.87,930.4917,-101,5.00,-101.0,5.0
4,2026-08-11 03:40:26,1.17,1.51,2.28,16.72,327.67,12.74,71.72,930.5557,-102,3.75,-102.0,3.75
4,2026-08-11 03:50:26,1.27,1.67,3.00,33.52,327.67,12.79,71.44,930.5703,-102,5.25,-102.0,5.25
4,2026-08-11 04:00:26,1.27,1.64,2.34,16.88,327.67,12.88,70.57,930.5842,-102,4.25,-102.0,4.25
4,2026-08-11 04:10:26,1.16,1.50,1.97,17.35,327.67,12.97,69.86,930.5391,-102,5.00,-102.0,5.0
4,2026-08-11 04:20:26,1.18,1.49,2.29,21.84,327.67,12.90,69.46,930.5705,-102,4.25,-102.0,4.25
4,2026-08-11 04:30:26,1.29,1.67,3.16,31.27,327.67,13.33,68.29,930.6759,-102,5.25,-102.0,5.25
4,2026-08-11 04:40:26,1.13,1.46,2.08,12.29,327.67,13.64,65.93,930.7083,-102,5.00,-102.0,5.0
4,2026-08-11 04:50:26,1.20,1.52,2.07,22.59,327.67,13.73,66.08,930.7823,-100,5.00,-100.0,5.0
4,2026-08-11 05:00:26,1.44,1.89,2.67,17.43,327.67,13.50,68.73,930.8608,-101,5.75,-101.0,5.75
4,2026-08-11 05:10:26,1.40,1.79,2.70,26.79,327.67,13.87,67.63,930.8734,-100,6.00,-100.0,6.0
4,2026-08-11 05:20:26,1.47,1.87,2.96,25.77,327.67,13.92,67.84,930.8920,-101,5.75,-101.0,5.75
4,2026-08-11 05:30:26,1.26,1.61,2.56,22.60,327.67,13.81,67.06,930.9188,-101,5.75,-101.0,5.75
4,2026-08-11 05:40:26,1.39,1.79,2.38,17.16,327.67,13.76,67.45,931.0075,-102,5.00,-102.0,5.0
4,2026-08-11 05:50:26,1.33,1.71,2.99,29.77,327.67,13.91,66.45,931.0077,-102,6.00,-102.0,6.0
4,2026-08-11 06:00:26,1.33,1.70,2.85,27.49,327.67,13.99,66.92,931.0538,-102,5.25,-102.0,5.25
4,2026-08-11 06:10:26,1.53,1.99,3.25,34.36,327.67,13.71,68.30,931.1316,-101,5.75,-101.0,5.75
4,2026-08-11 06:20:26,1.52,1.96,2.98,18.41,327.67,13.65,68.86,931.1747,-102,5.50,-102.0,5.5
4,2026-08-11 06:30:26,1.57,2.05,3.18,28.91,327.67,13.57,69.81,931.1678,-101,5.00,-101.0,5.0
4,2026-08-11 06:40:26,1.46,1.93,2.76,13.30,327.67,13.68,68.87,931.1995,-102,5.75,-102.0,5.75
4,2026-08-11 06:50:26,1.42,1.80,2.50,19.91,327.67,13.85,68.02,931.2530,-101,5.00,-101.0,5.0
4,2026-08-11 07:00:26,1.45,1.82,2.36,17.48,327.67,13.71,69.69,931.2500,-102,3.75,-102.0,3.75
4,2026-08-11 07:10:26,1.52,1.94,2.98,23.60,327.67,13.95,69.61,931.2790,-101,4.25,-101.0,4.25
4,2026-08-11 07:20:26,1.56,2.04,3.62,24.29,327.67,14.31,69.61,931.2768,-102,4.00,-102.0,4.0
4,2026-08-11 07:30:26,1.61,2.17,3.56,36.61,327.67,14.18,69.78,931.3033,-101,4.75,-101.0,4.75
4,2026-08-11 07:40:26,1.52,1.96,3.39,28.45,327.67,14.02,70.79,931.3434,-102,4.75,-102.0,4.75
4,2026-08-11 07:50:26,1.37,1.82,3.05,25.91,327.67,14.19,70.17,931.3484,-102,4.25,-102.0,4.25
4,2026-08-11 08:00:26,1.38,1.78,2.88,27.60,327.67,14.52,68.03,931.3818,-101,4.25,-101.0,4.25
4,2026-08-11 08:10:26,1.44,1.85,2.73,23.89,327.67,14.60,68.08,931.4713,-101,5.00,-101.0,5.0
4,2026-08-11 08:20:26,1.61,2.08,3.36,26.10,327.67,14.16,69.93,931.5664,-102,4.75,-102.0,4.75
4,2026-08-11 08:30:26,1.63,2.11,3.40,37.17,327.67,14.32,69.82,931.6041,-101,5.00,-101.0,5.0
4,2026-08-11 08:40:26,1.57,2.01,2.72,27.64,327.67,14.31,68.68,931.6677,-101,6.00,-101.0,6.0
4,2026-08-11 08:50:26,1.67,2.13,3.15,27.23,327.67,13.95,70.57,931.7178,-101,6.00,-101.0,6.0
4,2026-08-11 09:00:26,1.52,1.95,3.12,25.51,327.67,14.01,70.20,931.7510,-101,5.00,-101.0,5.0
4,2026-08-11 09:10:26,1.52,1.93,3.15,28.03,327.67,14.32,68.39,931.7313,-101,5.75,-101.0,5.75
4,2026-08-11 09:20:26,1.52,1.91,2.82,12.07,327.67,14.52,66.78,931.7641,-101,5.25,-101.0,5.25
4,2026-08-11 09:30:26,1.47,1.90,2.51,12.80,327.67,14.89,65.61,931.7526,-101,5.25,-101.0,5.25
4,2026-08-11 09:40:26,1.38,1.78,3.18,24.47,327.67,15.47,63.86,931.7554,-101,5.00,-101.0,5.0
4,2026-08-11 09:50:26,1.28,1.61,2.92,27.36,327.67,16.16,60.87,931.7742,-101,5.25,-101.0,5.25
4,2026-08-11 10:00:26,1.19,1.54,2.79,25.56,327.67,16.57,57.74,931.7994,-101,5.25,-101.0,5.25
4,2026-08-11 10:10:26,1.07,1.37,2.51,25.46,327.67,17.44,54.54,931.9028,-101,4.50,-101.0,4.5
4,2026-08-11 10:20:26,1.14,1.46,2.42,21.71,327.67,17.90,53.40,931.9440,-100,5.25,-100.0,5.25
4,2026-08-11 10:30:26,1.10,1.40,2.35,20.30,327.67,17.95,53.12,931.9238,-101,5.00,-101.0,5.0
4,2026-08-11 10:40:26,1.06,1.40,2.60,36.04,327.67,18.51,51.78,931.9122,-101,5.25,-101.0,5.25
4,2026-08-11 10:50:26,1.07,1.42,2.17,22.34,327.67,19.16,50.42,931.9537,-101,3.75,-101.0,3.75
4,2026-08-11 11:00:26,1.01,1.37,2.30,22.67,327.67,19.46,49.86,932.0058,-101,5.75,-101.0,5.75
4,2026-08-11 11:10:26,1.05,1.38,2.36,20.52,327.67,19.81,49.05,932.0312,-101,5.25,-101.0,5.25
4,2026-08-11 11:20:26,0.93,1.21,1.99,15.83,327.67,22.22,43.57,932.0071,-101,4.75,-101.0,4.75
4,2026-08-11 11:30:26,0.86,1.12,1.84,14.58,327.67,23.53,40.68,931.9752,-102,4.50,-102.0,4.5
4,2026-08-11 11:40:26,0.80,1.02,2.42,23.66,327.67,24.58,38.57,931.9866,-102,4.50,-102.0,4.5
4,2026-08-11 11:50:26,0.80,1.08,1.94,14.52,327.67,25.17,37.35,931.9481,-102,5.00,-102.0,5.0
4,2026-08-11 12:00:26,0.84,1.13,2.58,20.82,327.67,24.97,37.01,931.8747,-100,5.25,-100.0,5.25
4,2026-08-11 12:10:26,0.76,1.00,1.62,20.39,327.67,25.10,36.59,931.8501,-102,4.00,-102.0,4.0
4,2026-08-11 12:20:26,0.76,1.01,2.05,21.75,327.67,25.80,35.65,931.7849,-101,4.50,-101.0,4.5
4,2026-08-11 12:30:26,0.74,0.95,1.55,24.45,327.67,26.45,33.55,931.8076,-102,4.00,-102.0,4.0
4,2026-08-11 12:40:26,0.69,0.89,1.33,9.62,327.67,27.84,30.78,931.8079,-101,4.50,-101.0,4.5
4,2026-08-11 12:50:26,0.64,0.85,1.45,15.53,327.67,29.18,28.41,931.8060,-102,4.50,-102.0,4.5
4,2026-08-11 13:00:26,0.64,0.85,1.52,14.34,327.67,29.24,28.86,931.7707,-102,4.50,-102.0,4.5
4,2026-08-11 13:10:26,0.61,0.78,1.36,15.55,327.67,28.65,29.55,931.6629,-101,5.00,-101.0,5.0
4,2026-08-11 13:20:26,0.58,0.76,1.38,20.60,327.67,27.90,29.47,931.6421,-101,6.00,-101.0,6.0
4,2026-08-11 13:30:26,0.57,0.73,1.54,15.40,327.67,29.63,27.24,931.5685,-101,4.75,-101.0,4.75
4,2026-08-11 13:40:26,0.55,0.70,1.42,14.57,327.67,30.87,26.13,931.5282,-101,5.50,-101.0,5.5
4,2026-08-11 13:50:26,0.57,0.73,0.91,5.40,327.67,29.30,27.40,931.5366,-101,5.25,-101.0,5.25
4,2026-08-11 14:00:26,0.59,0.73,1.54,23.35,327.67,29.72,26.99,931.4945,-101,5.25,-101.0,5.25
4,2026-08-11 14:10:26,0.67,0.83,1.07,8.55,327.67,28.34,30.01,931.4569,-101,5.00,-101.0,5.0
4,2026-08-11 14:20:26,0.70,0.87,1.27,8.62,327.67,26.83,33.00,931.5088,-100,5.50,-100.0,5.5
4,2026-08-11 14:30:26,0.71,0.89,1.46,21.06,327.67,25.74,34.49,931.4569,-99,5.25,-99.0,5.25
4,2026-08-11 14:40:26,0.75,0.94,2.01,31.51,327.67,26.07,34.37,931.4856,-99,4.75,-99.0,4.75
4,2026-08-11 14:50:26,0.70,0.85,1.20,13.27,327.67,27.25,31.47,931.4247,-101,5.75,-101.0,5.75
4,2026-08-11 15:00:25,0.70,0.88,1.43,12.42,327.67,26.44,33.48,931.4300,-100,5.25,-100.0,5.25
4,2026-08-11 15:10:25,0.73,0.92,1.51,19.28,327.67,24.29,37.76,931.5452,-100,5.50,-100.0,5.5
4,2026-08-11 15:20:25,0.72,0.90,1.50,23.89,327.67,23.68,38.12,931.5899,-101,5.50,-101.0,5.5
4,2026-08-11 15:30:25,0.75,0.93,2.02,21.31,327.67,24.02,37.64,931.6036,-100,5.50,-100.0,5.5
4,2026-08-11 15:40:25,0.70,0.88,1.51,14.51,327.67,24.58,36.27,931.5742,-100,6.25,-100.0,6.25
4,2026-08-11 15:50:25,0.68,0.85,1.79,19.49,327.67,25.84,32.22,931.4797,-101,6.25,-101.0,6.25
4,2026-08-11 16:00:25,0.64,0.82,1.79,23.52,327.67,25.30,31.00,931.3874,-101,4.50,-101.0,4.5
4,2026-08-11 16:10:25,0.65,0.86,1.74,25.57,327.67,24.20,35.87,931.4235,-102,4.75,-102.0,4.75
4,2026-08-11 16:20:25,0.69,0.91,2.30,25.81,327.67,22.28,42.33,931.4520,-101,5.00,-101.0,5.0
4,2026-08-11 16:30:25,0.66,0.82,1.33,21.63,327.67,22.40,40.20,931.3577,-100,6.25,-100.0,6.25
4,2026-08-11 16:40:25,0.64,0.80,1.26,17.60,327.67,23.01,38.67,931.3570,-100,5.25,-100.0,5.25
4,2026-08-11 16:50:25,0.64,0.79,1.17,18.04,327.67,22.61,41.25,931.4458,-100,4.75,-100.0,4.75
4,2026-08-11 17:00:25,0.66,0.82,1.17,9.30,327.67,23.66,39.64,931.4894,-100,6.00,-100.0,6.0
4,2026-08-11 17:10:25,0.59,0.75,1.12,13.21,327.67,26.09,33.08,931.4729,-102,5.25,-102.0,5.25
4,2026-08-11 17:20:25,0.57,0.69,1.00,18.20,327.67,25.05,33.84,931.4215,-101,5.25,-101.0,5.25
4,2026-08-11 17:30:25,0.59,0.74,1.18,18.59,327.67,24.90,34.28,931.4001,-101,4.75,-101.0,4.75
4,2026-08-11 17:40:25,0.59,0.72,0.99,8.94,327.67,25.98,32.59,931.3953,-100,5.00,-100.0,5.0
4,2026-08-11 17:50:25,0.55,0.68,1.18,13.79,327.67,27.96,29.31,931.3539,-101,5.00,-101.0,5.0
4,2026-08-11 18:00:25,0.55,0.70,1.07,9.23,327.67,27.76,28.54,931.2422,-101,5.25,-101.0,5.25
4,2026-08-11 18:10:25,0.57,0.71,1.03,14.74,327.67,26.37,30.44,931.2338,-101,4.50,-101.0,4.5
4,2026-08-11 18:20:25,0.59,0.78,1.41,22.86,327.67,26.40,30.25,931.2319,-101,5.25,-101.0,5.25
4,2026-08-11 18:30:25,0.57,0.69,1.13,17.82,327.67,26.24,30.52,931.2331,-100,5.25,-100.0,5.25
4,2026-08-11 18:40:25,0.56,0.72,1.15,9.01,327.67,25.32,32.56,931.1791,-100,5.50,-100.0,5.5
4,2026-08-11 18:50:25,0.58,0.76,1.07,9.27,327.67,26.50,31.52,931.1542,-101,4.75,-101.0,4.75
4,2026-08-11 19:00:25,0.55,0.70,1.13,8.77,327.67,26.62,32.31,931.0822,-101,5.25,-101.0,5.25
4,2026-08-11 19:10:25,0.58,0.71,1.10,17.98,327.67,24.72,34.99,931.0517,-100,5.75,-100.0,5.75
4,2026-08-11 19:20:25,0.65,0.82,1.01,9.07,327.67,24.09,38.48,931.0998,-101,5.00,-101.0,5.0
4,2026-08-11 19:30:25,0.63,0.78,1.25,22.59,327.67,25.25,35.81,931.1142,-101,5.75,-101.0,5.75
4,2026-08-11 19:40:25,0.66,0.81,1.47,14.89,327.67,24.06,36.62,931.1928,-99,6.75,-99.0,6.75
4,2026-08-11 19:50:25,0.68,0.86,1.59,21.67,327.67,22.83,38.95,931.2156,-100,5.75,-100.0,5.75
4,2026-08-11 20:00:25,0.71,0.90,2.06,26.37,327.67,23.31,38.21,931.2473,-100,6.25,-100.0,6.25
4,2026-08-11 20:10:25,0.71,0.95,2.19,23.76,327.67,23.81,37.05,931.2199,-98,5.50,-98.0,5.5
4,2026-08-11 20:20:25,0.78,1.02,1.90,23.70,327.67,23.08,38.74,931.2741,-99,6.00,-99.0,6.0
4,2026-08-11 20:30:25,0.80,1.06,2.12,21.46,327.67,23.58,37.94,931.3100,-99,5.25,-99.0,5.25
4,2026-08-11 20:40:25,0.79,1.02,1.89,24.25,327.67,23.21,38.67,931.3479,-100,6.50,-100.0,6.5
4,2026-08-11 20:50:25,0.77,1.00,1.61,9.92,327.67,22.14,41.06,931.4306,-101,6.00,-101.0,6.0
4,2026-08-11 21:00:25,0.83,1.11,2.09,27.04,327.67,21.61,41.50,931.4615,-100,5.25,-100.0,5.25
4,2026-08-11 21:10:25,0.82,1.11,1.98,23.37,327.67,21.46,41.71,931.5346,-99,6.75,-99.0,6.75
4,2026-08-11 21:20:25,0.73,0.92,1.88,17.19,327.67,21.30,41.70,931.6049,-100,6.25,-100.0,6.25
4,2026-08-11 21:30:25,0.70,0.93,1.67,22.33,327.67,21.08,40.65,931.6388,-99,6.25,-99.0,6.25
4,2026-08-11 21:40:25,0.70,0.97,1.73,19.76,327.67,20.98,40.16,931.6637,-100,5.50,-100.0,5.5
4,2026-08-11 21:50:25,0.71,1.01,1.63,21.26,327.67,20.43,41.31,931.6592,-101,5.25,-101.0,5.25
4,2026-08-11 22:00:25,0.74,1.00,1.81,13.64,327.67,20.28,41.62,931.6934,-100,5.75,-100.0,5.75
4,2026-08-11 22:10:25,0.73,0.95,1.78,23.68,327.67,19.98,42.24,931.8109,-101,5.25,-101.0,5.25
4,2026-08-11 22:20:25,0.76,1.01,1.85,22.95,327.67,20.20,43.17,931.9303,-102,4.00,-102.0,4.0
4,2026-08-11 22:30:25,0.72,0.96,2.21,24.05,327.67,19.34,46.10,932.0317,-102,4.50,-102.0,4.5
4,2026-08-11 22:40:25,0.68,0.94,1.78,20.57,327.67,17.73,50.40,932.1900,-102,4.75,-102.0,4.75
4,2026-08-11 22:50:26,0.68,0.93,1.87,21.78,327.67,16.51,53.86,932.3452,-102,5.25,-102.0,5.25
4,2026-08-11 23:00:26,0.69,0.92,1.92,21.42,327.67,15.76,55.42,932.4595,-102,5.25,-102.0,5.25
4,2026-08-11 23:10:26,0.68,0.88,1.36,10.36,327.67,15.81,55.18,932.5141,-103,3.75,-103.0,3.75
4,2026-08-11 23:20:25,0.72,0.98,1.67,14.42,327.67,15.84,56.29,932.6454,-102,4.00,-102.0,4.0
4,2026-08-11 23:30:25,0.77,1.04,1.87,14.29,327.67,15.31,58.85,932.8077,-103,4.50,-103.0,4.5
4,2026-08-11 23:40:25,0.80,1.10,1.85,15.56,327.67,14.71,60.34,932.9043,-102,4.00,-102.0,4.0
4,2026-08-11 23:50:25,0.84,1.17,2.73,20.93,327.67,14.32,61.37,932.8753,-102,4.50,-102.0,4.5
4,2026-08-12 00:00:25,0.86,1.18,2.61,22.87,327.67,14.29,60.61,932.9559,-104,2.75,-104.0,2.75
4,2026-08-12 00:10:25,0.87,1.18,2.00,22.43,327.67,14.27,60.65,932.9968,-104,3.25,-104.0,3.25
4,2026-08-12 00:20:25,0.86,1.16,2.51,25.96,327.67,14.21,60.26,933.1189,-102,4.75,-102.0,4.75
4,2026-08-12 00:30:25,0.95,1.32,2.72,20.08,327.67,14.32,58.22,933.1537,-103,4.50,-103.0,4.5
4,2026-08-12 00:40:25,0.92,1.22,2.62,20.63,327.67,14.62,58.27,933.2086,-102,5.00,-102.0,5.0
4,2026-08-12 00:50:25,0.91,1.27,2.22,18.80,327.67,15.76,54.43,933.1930,-101,5.25,-101.0,5.25
4,2026-08-12 01:00:25,1.01,1.34,2.56,23.10,327.67,14.65,58.60,933.3804,-102,4.75,-102.0,4.75
4,2026-08-12 01:10:25,0.90,1.25,2.46,14.82,327.67,13.96,60.42,933.4676,-103,3.25,-103.0,3.25
4,2026-08-12 01:20:25,0.98,1.37,3.11,25.10,327.67,14.40,58.51,933.5389,-102,5.00,-102.0,5.0
4,2026-08-12 01:30:25,1.06,1.45,3.44,31.90,327.67,14.23,59.23,933.6671,-101,5.75,-101.0,5.75
4,2026-08-12 01:40:25,1.04,1.40,3.12,21.85,327.67,13.55,61.75,933.7538,-101,4.50,-101.0,4.5
4,2026-08-12 01:50:25,1.08,1.49,3.08,26.09,327.67,13.02,63.51,933.7944,-102,5.50,-102.0,5.5
4,2026-08-12 02:00:25,1.11,1.56,3.09,25.47,327.67,12.51,65.53,933.8414,-102,5.50,-102.0,5.5
4,2026-08-12 02:10:25,1.08,1.47,2.64,26.55,327.67,12.36,66.04,933.8958,-102,5.50,-102.0,5.5
4,2026-08-12 02:20:25,1.09,1.50,3.04,44.63,327.67,12.39,66.08,933.9786,-102,5.75,-102.0,5.75
4,2026-08-12 02:30:25,1.05,1.43,2.59,28.43,327.67,12.93,64.36,933.9760,-101,5.75,-101.0,5.75
4,2026-08-12 02:40:25,0.97,1.33,2.66,20.40,327.67,13.68,61.28,933.9940,-101,5.50,-101.0,5.5
4,2026-08-12 02:50:25,1.07,1.45,3.00,27.41,327.67,13.83,60.91,934.0273,-104,4.00,-104.0,4.0
4,2026-08-12 03:00:25,0.98,1.37,2.87,18.99,327.67,13.05,63.66,934.0387,-102,5.50,-102.0,5.5
4,2026-08-12 03:10:25,0.97,1.32,2.29,21.65,327.67,14.20,59.17,934.0111,-101,5.50,-101.0,5.5
4,2026-08-12 03:20:25,1.07,1.43,2.33,14.31,327.67,12.32,65.07,934.0580,-102,4.50,-102.0,4.5
4,2026-08-12 03:30:25,0.94,1.29,2.59,19.62,327.67,13.19,62.44,934.0389,-103,4.25,-103.0,4.25
4,2026-08-12 03:40:25,1.06,1.45,2.49,17.87,327.67,12.89,63.60,934.1047,-101,5.50,-101.0,5.5
4,2026-08-12 03:50:25,1.04,1.45,2.75,21.02,327.67,12.84,63.75,934.1491,-104,3.00,-104.0,3.0
4,2026-08-12 04:00:25,1.10,1.51,3.20,34.47,327.67,11.73,66.98,934.2935,-102,5.00,-102.0,5.0
4,2026-08-12 04:10:25,1.06,1.46,3.46,44.05,327.67,11.99,65.34,934.3812,-102,5.00,-102.0,5.0
4,2026-08-12 04:20:25,1.11,1.48,3.28,29.43,327.67,12.06,64.52,934.4136,-101,5.75,-101.0,5.75
4,2026-08-12 04:30:25,1.15,1.53,2.69,22.74,327.67,11.84,64.95,934.4915,-101,6.00,-101.0,6.0
4,2026-08-12 04:40:25,1.13,1.56,2.98,32.07,327.67,11.32,67.70,934.5865,-101,5.50,-101.0,5.5
4,2026-08-12 04:50:25,1.08,1.51,3.49,23.00,327.67,11.58,66.55,934.5546,-101,5.25,-101.0,5.25
4,2026-08-12 05:00:25,1.15,1.57,4.11,27.21,327.67,11.44,66.94,934.6597,-102,4.50,-102.0,4.5
4,2026-08-12 05:10:25,1.16,1.66,3.35,45.37,327.67,11.35,66.50,934.7336,-101,4.00,-101.0,4.0
4,2026-08-12 05:20:25,1.17,1.61,3.48,25.36,327.67,11.39,66.36,934.8222,-102,5.25,-102.0,5.25
4,2026-08-12 05:30:25,1.18,1.59,2.73,43.73,327.67,11.65,66.09,934.8505,-100,5.50,-100.0,5.5
4,2026-08-12 05:40:25,1.18,1.54,3.37,26.29,327.67,11.26,67.24,934.9427,-100,5.50,-100.0,5.5
4,2026-08-12 05:50:25,1.19,1.61,3.31,23.99,327.67,10.63,69.26,934.9740,-100,5.75,-100.0,5.75
4,2026-08-12 06:00:25,1.17,1.69,4.15,25.18,327.67,10.56,69.33,935.0270,-101,4.50,-101.0,4.5
4,2026-08-12 06:10:25,1.15,1.62,3.44,42.81,327.67,10.48,69.49,935.0306,-101,5.00,-101.0,5.0
4,2026-08-12 06:20:25,1.17,1.63,3.42,28.19,327.67,10.34,69.49,935.0442,-102,5.25,-102.0,5.25
4,2026-08-12 06:30:25,1.26,1.74,2.99,16.42,327.67,10.02,70.70,935.1281,-101,5.25,-101.0,5.25
4,2026-08-12 06:40:25,1.23,1.69,3.34,26.17,327.67,9.98,71.25,935.0977,-101,5.50,-101.0,5.5
4,2026-08-12 06:50:25,1.29,1.73,3.42,33.16,327.67,9.86,71.66,935.1565,-100,6.00,-100.0,6.0
4,2026-08-12 07:00:25,1.15,1.52,2.87,25.38,327.67,10.50,69.39,935.2175,-101,5.25,-101.0,5.25
4,2026-08-12 07:10:25,1.23,1.68,3.19,16.22,327.67,10.94,68.69,935.1898,-101,5.00,-101.0,5.0
4,2026-08-12 07:20:25,1.32,1.86,3.82,27.04,327.67,10.96,69.08,935.2793,-102,4.50,-102.0,4.5
4,2026-08-12 07:30:25,1.26,1.74,2.94,26.33,327.67,11.43,67.62,935.3176,-101,5.25,-101.0,5.25
4,2026-08-12 07:40:25,1.29,1.79,3.74,26.98,327.67,11.56,67.56,935.3549,-101,5.00,-101.0,5.0
4,2026-08-12 07:50:25,1.20,1.70,4.18,43.39,327.67,12.20,65.58,935.4750,-101,5.00,-101.0,5.0
4,2026-08-12 08:00:25,1.11,1.49,3.81,25.52,327.67,13.20,62.08,935.4276,-101,6.25,-101.0,6.25
4,2026-08-12 08:10:25,1.05,1.45,2.46,21.12,327.67,14.29,58.58,935.4789,-100,5.50,-100.0,5.5
4,2026-08-12 08:20:25,1.13,1.61,3.86,31.57,327.67,13.61,60.27,935.5653,-100,5.25,-100.0,5.25
4,2026-08-12 08:30:25,1.10,1.54,3.79,33.88,327.67,14.00,60.04,935.6594,-100,5.75,-100.0,5.75
4,2026-08-12 08:40:25,1.07,1.48,3.06,16.77,327.67,14.39,58.26,935.7278,-101,5.75,-101.0,5.75
4,2026-08-12 08:50:25,0.99,1.39,3.08,28.71,327.67,14.67,57.24,935.6974,-100,5.25,-100.0,5.25
4,2026-08-12 09:00:25,1.04,1.46,3.35,41.52,327.67,15.15,56.15,935.6738,-100,5.75,-100.0,5.75
4,2026-08-12 09:10:25,0.97,1.30,2.47,17.90,327.67,15.63,53.85,935.6776,-100,6.00,-100.0,6.0
4,2026-08-12 09:20:25,0.99,1.38,3.37,23.06,327.67,15.28,54.44,935.7529,-100,5.75,-100.0,5.75
4,2026-08-12 09:30:25,1.02,1.41,3.60,35.50,327.67,15.04,56.49,935.7465,-101,5.00,-101.0,5.0
4,2026-08-12 09:40:25,1.02,1.44,4.10,26.28,327.67,15.30,56.35,935.7372,-100,6.00,-100.0,6.0
4,2026-08-12 09:50:25,1.04,1.50,3.12,36.45,327.67,16.78,53.48,935.6410,-101,5.25,-101.0,5.25
4,2026-08-12 10:00:25,0.91,1.28,2.88,21.74,327.67,17.69,50.45,935.5796,-100,6.00,-100.0,6.0
4,2026-08-12 10:10:25,0.90,1.25,3.58,22.24,327.67,17.99,48.66,935.5514,-100,5.50,-100.0,5.5
4,2026-08-12 10:20:25,0.86,1.18,2.56,18.51,327.67,19.15,46.21,935.4908,-100,5.75,-100.0,5.75
4,2026-08-12 10:30:25,0.86,1.23,2.57,18.57,327.67,19.79,45.02,935.4924,-100,5.50,-100.0,5.5
4,2026-08-12 10:40:25,0.88,1.27,3.02,24.78,327.67,19.89,45.16,935.5051,-101,4.00,-101.0,4.0
4,2026-08-12 10:50:25,0.84,1.20,3.02,25.48,327.67,19.72,43.86,935.5462,-101,4.50,-101.0,4.5
4,2026-08-12 11:00:25,0.82,1.18,2.94,32.21,327.67,22.02,37.76,935.4923,-101,4.25,-101.0,4.25
4,2026-08-12 11:10:25,0.84,1.14,2.09,22.74,327.67,22.10,37.94,935.5578,-101,5.25,-101.0,5.25
4,2026-08-12 11:20:25,0.85,1.18,2.57,28.54,327.67,21.40,39.88,935.5335,-101,4.75,-101.0,4.75
4,2026-08-12 11:30:25,0.81,1.16,2.27,20.45,327.67,23.05,36.24,935.4261,-102,4.25,-102.0,4.25
4,2026-08-12 11:40:25,0.82,1.18,2.60,21.93,327.67,23.36,35.73,935.3308,-101,5.75,-101.0,5.75
4,2026-08-12 11:50:25,0.81,1.11,2.44,31.12,327.67,24.05,34.89,935.2559,-101,5.75,-101.0,5.75
4,2026-08-12 12:00:25,0.79,1.08,2.19,21.06,327.67,24.43,33.78,935.2264,-100,6.00,-100.0,6.0
4,2026-08-12 12:10:25,0.79,1.08,2.09,24.19,327.67,24.33,33.48,935.2206,-101,5.50,-101.0,5.5
4,2026-08-12 12:20:25,0.76,1.07,2.76,24.26,327.67,24.31,33.64,935.1843,-101,5.00,-101.0,5.0
4,2026-08-12 12:30:25,0.78,1.08,2.12,22.25,327.67,24.32,34.27,935.1207,-101,5.50,-101.0,5.5
4,2026-08-12 12:40:25,0.74,0.98,1.89,23.52,327.67,24.82,33.40,935.0867,-100,5.25,-100.0,5.25
4,2026-08-12 12:50:25,0.77,1.04,2.17,22.37,327.67,25.00,32.76,935.0653,-100,5.75,-100.0,5.75
4,2026-08-12 13:00:25,0.76,1.02,1.85,18.95,327.67,24.87,32.56,935.0408,-101,4.75,-101.0,4.75
4,2026-08-12 13:10:25,0.73,0.97,2.03,22.38,327.67,25.43,31.68,935.0515,-100,5.50,-100.0,5.5
4,2026-08-12 13:20:25,0.76,1.01,2.21,31.17,327.67,25.57,31.21,934.9972,-101,5.00,-101.0,5.0
4,2026-08-12 13:30:25,0.75,1.01,2.50,29.60,327.67,26.16,30.33,934.9534,-100,5.25,-100.0,5.25
4,2026-08-12 13:40:25,0.75,1.00,1.94,19.97,327.67,26.58,29.33,934.8755,-100,4.50,-100.0,4.5
4,2026-08-12 13:50:25,0.73,0.96,1.56,24.66,327.67,26.22,29.81,934.8266,-102,4.75,-102.0,4.75
4,2026-08-12 14:00:25,0.73,0.96,1.55,13.44,327.67,26.41,29.78,934.7948,-101,5.00,-101.0,5.0
4,2026-08-12 14:10:25,0.74,0.95,2.03,26.70,327.67,26.89,29.01,934.6860,-101,4.50,-101.0,4.5
4,2026-08-12 14:20:25,0.70,0.91,1.74,23.46,327.67,27.81,27.59,934.5935,-101,5.25,-101.0,5.25
4,2026-08-12 14:30:25,0.71,0.92,1.95,24.88,327.67,27.90,26.76,934.5115,-101,5.50,-101.0,5.5
4,2026-08-12 14:40:25,0.70,0.91,1.99,25.09,327.67,28.18,26.26,934.5174,-100,5.75,-100.0,5.75
4,2026-08-12 14:50:25,0.72,0.93,1.74,13.95,327.67,27.95,27.10,934.4402,-101,5.00,-101.0,5.0
4,2026-08-12 15:00:25,0.72,0.96,1.94,31.78,327.67,27.23,28.42,934.4113,-100,5.75,-100.0,5.75
4,2026-08-12 15:10:25,0.73,0.93,1.81,23.04,327.67,29.16,25.71,934.3302,-102,4.50,-102.0,4.5
4,2026-08-12 15:20:25,0.70,0.91,1.80,22.88,327.67,29.68,24.83,934.2277,-101,5.25,-101.0,5.25
4,2026-08-12 15:30:25,0.70,0.92,1.82,13.09,327.67,29.16,25.33,934.2487,-101,5.00,-101.0,5.0
4,2026-08-12 15:40:25,0.70,0.90,1.71,19.59,327.67,30.66,23.58,934.1736,-101,5.00,-101.0,5.0
4,2026-08-12 15:50:25,0.69,0.89,1.70,21.22,327.67,30.36,24.02,934.0682,-102,4.75,-102.0,4.75
4,2026-08-12 16:00:25,0.70,0.86,1.29,13.54,327.67,31.06,22.44,934.0028,-101,4.75,-101.0,4.75
4,2026-08-12 16:10:25,0.73,0.94,2.06,21.58,327.67,30.44,22.74,933.9544,-103,3.50,-103.0,3.5
4,2026-08-12 16:20:25,0.72,0.90,1.46,16.48,327.67,32.03,20.82,933.8949,-102,4.00,-102.0,4.0
4,2026-08-12 16:30:25,0.73,0.93,1.55,28.70,327.67,32.53,20.18,933.8374,-102,4.25,-102.0,4.25
4,2026-08-12 16:40:25,0.72,0.84,1.61,23.51,327.67,32.98,19.63,933.7983,-103,3.50,-103.0,3.5
4,2026-08-12 16:50:25,0.70,0.91,1.89,25.85,327.67,34.43,18.27,933.7659,-100,4.00,-100.0,4.0
4,2026-08-12 17:10:25,1.54,8.10,39.71,327.67,327.67,30.98,22.61,933.7127,-104,2.25,-104.0,2.25
4,2026-08-12 17:20:25,1.03,2.95,12.37,241.33,327.67,30.42,23.65,933.6832,-104,3.50,-104.0,3.5
4,2026-08-12 17:30:25,0.75,1.40,4.32,135.85,327.67,30.42,24.13,933.7126,-103,3.25,-103.0,3.25
4,2026-08-12 17:40:25,0.88,3.21,15.76,109.77,327.67,30.32,23.86,933.6269,-103,4.00,-103.0,4.0
4,2026-08-12 17:50:25,0.67,1.28,5.40,50.76,327.67,30.89,23.04,933.5823,-103,1.25,-103.0,1.25
4,2026-08-12 18:00:25,0.87,2.87,12.50,259.42,327.67,31.70,22.15,933.5130,-103,2.25,-103.0,2.25
4,2026-08-12 18:10:25,0.65,0.90,1.86,21.19,327.67,31.51,22.69,933.4489,-103,1.75,-103.0,1.75
4,2026-08-12 18:20:25,0.64,0.83,2.12,23.70,327.67,31.87,21.84,933.3652,-104,2.00,-104.0,2.0
4,2026-08-12 18:30:25,0.64,0.85,1.93,15.75,327.67,30.45,23.37,933.3170,-103,4.25,-103.0,4.25
4,2026-08-12 18:40:25,0.73,1.03,2.17,27.02,327.67,29.09,24.35,933.2737,-103,4.00,-103.0,4.0
4,2026-08-12 18:50:25,0.73,1.01,3.02,34.19,327.67,30.12,22.97,933.2150,-104,2.25,-104.0,2.25
4,2026-08-12 19:10:25,0.73,0.97,1.66,25.85,327.67,30.25,22.38,933.0944,-103,3.00,-103.0,3.0
4,2026-08-12 19:20:25,0.78,1.04,1.75,23.63,327.67,30.30,22.24,933.0817,-103,2.00,-103.0,2.0
4,2026-08-12 19:40:25,0.69,0.93,1.48,11.63,327.67,30.31,22.30,933.0766,-103,3.75,-103.0,3.75
4,2026-08-12 20:00:25,0.74,0.95,1.69,24.86,327.67,30.19,22.54,933.0004,-104,2.25,-104.0,2.25
4,2026-08-12 20:10:25,0.68,0.84,1.47,31.65,327.67,30.09,22.70,932.9598,-103,3.00,-103.0,3.0
4,2026-08-12 20:30:25,0.75,0.97,2.38,24.83,327.67,29.31,23.53,932.8517,-102,3.50,-102.0,3.5
4,2026-08-12 20:40:25,0.76,0.98,2.10,24.45,327.67,28.66,24.36,932.8593,-101,4.25,-101.0,4.25
4,2026-08-12 20:50:25,0.74,0.94,1.85,25.77,327.67,27.96,26.08,932.8706,-103,3.75,-103.0,3.75
4,2026-08-12 21:00:25,0.75,1.03,2.09,33.89,327.67,27.50,26.38,932.9080,-102,4.00,-102.0,4.0
4,2026-08-12 21:10:25,0.71,0.89,2.00,21.14,327.67,26.86,27.63,932.9863,-101,4.75,-101.0,4.75
4,2026-08-12 21:20:25,0.82,1.04,2.26,24.86,327.67,24.39,35.50,933.1176,-101,5.00,-101.0,5.0
4,2026-08-12 21:30:25,0.83,1.02,1.83,19.90,327.67,22.30,40.49,933.1615,-102,3.50,-102.0,3.5
4,2026-08-12 21:40:25,0.82,1.08,2.54,23.12,327.67,20.72,44.07,933.2421,-101,4.75,-101.0,4.75
4,2026-08-12 21:50:25,0.85,1.15,1.66,15.96,327.67,19.36,46.85,933.2722,-101,5.00,-101.0,5.0
4,2026-08-12 22:00:25,0.89,1.19,2.89,33.02,327.67,19.01,46.82,933.3200,-101,4.75,-101.0,4.75
4,2026-08-12 22:10:25,0.83,1.06,1.68,14.10,327.67,18.76,46.09,933.3628,-101,4.50,-101.0,4.5
4,2026-08-12 22:20:25,0.81,1.08,2.34,20.70,327.67,18.23,47.02,933.2771,-102,4.75,-102.0,4.75
4,2026-08-12 22:30:25,0.83,1.08,2.71,22.57,327.67,17.72,48.38,933.2740,-100,4.25,-100.0,4.25
4,2026-08-12 22:40:25,0.85,1.11,2.01,23.59,327.67,17.46,49.87,933.3506,-101,4.25,-101.0,4.25
4,2026-08-12 22:50:25,0.82,1.05,2.18,21.30,327.67,17.35,47.99,933.3716,-101,5.25,-101.0,5.25
4,2026-08-12 23:00:25,0.82,1.06,2.06,21.04,327.67,16.89,48.44,933.3805,-101,5.25,-101.0,5.25
4,2026-08-12 23:10:25,0.81,1.04,2.01,18.04,327.67,16.51,49.14,933.4085,-101,5.25,-101.0,5.25
4,2026-08-12 23:20:25,0.82,1.04,1.87,18.01,327.67,16.42,49.46,933.4482,-102,4.25,-102.0,4.25
4,2026-08-12 23:30:25,0.81,1.10,2.33,22.35,327.67,16.21,49.73,933.4492,-103,4.00,-103.0,4.0
4,2026-08-12 23:40:25,0.83,1.09,2.50,22.88,327.67,15.79,50.67,933.5225,-103,4.00,-103.0,4.0
4,2026-08-12 23:50:25,0.80,1.07,2.01,13.80,327.67,15.73,50.72,933.5558,-100,5.00,-100.0,5.0
4,2026-08-13 00:00:25,0.80,1.05,2.40,25.05,327.67,15.26,52.87,933.6113,-102,4.50,-102.0,4.5
4,2026-08-13 00:10:25,0.84,1.09,2.41,20.54,327.67,14.87,54.13,933.6434,-102,4.00,-102.0,4.0
4,2026-08-13 00:20:25,0.79,1.04,1.92,22.38,327.67,14.92,51.70,933.6599,-100,5.25,-100.0,5.25
4,2026-08-13 00:30:25,0.82,1.05,2.43,24.21,327.67,14.88,50.99,933.7347,-102,4.25,-102.0,4.25
4,2026-08-13 00:40:25,0.83,1.08,1.68,18.86,327.67,14.71,50.53,933.8112,-102,5.00,-102.0,5.0
4,2026-08-13 00:50:25,0.81,1.07,2.34,22.59,327.67,14.71,50.22,933.8612,-102,4.50,-102.0,4.5
4,2026-08-13 01:00:25,0.81,1.07,2.92,36.04,327.67,14.96,50.63,933.8980,-100,6.00,-100.0,6.0
4,2026-08-13 01:10:25,0.84,1.13,3.06,22.17,327.67,14.67,53.23,933.9330,-100,5.25,-100.0,5.25
4,2026-08-13 01:20:25,0.88,1.15,3.00,25.88,327.67,13.74,56.07,934.0373,-101,5.25,-101.0,5.25
4,2026-08-13 01:30:25,0.84,1.09,1.68,22.13,327.67,14.10,53.19,934.0096,-102,4.50,-102.0,4.5
4,2026-08-13 01:40:25,0.89,1.17,2.89,24.60,327.67,14.17,53.93,934.0773,-101,4.75,-101.0,4.75
4,2026-08-13 01:50:25,0.89,1.19,2.76,26.74,327.67,13.71,54.68,934.1868,-101,4.00,-101.0,4.0
4,2026-08-13 02:00:25,0.86,1.18,3.24,26.33,327.67,13.81,52.70,934.2075,-102,4.00,-102.0,4.0
4,2026-08-13 02:10:25,0.89,1.23,3.16,26.41,327.67,14.16,52.34,934.1552,-101,5.25,-101.0,5.25
4,2026-08-13 02:20:25,0.90,1.22,2.36,26.23,327.67,14.51,52.58,934.1153,-101,5.00,-101.0,5.0
4,2026-08-13 02:30:25,0.90,1.20,3.22,25.47,327.67,13.85,54.52,934.1475,-101,5.50,-101.0,5.5
4,2026-08-13 02:40:25,0.83,1.04,1.76,21.93,327.67,13.58,52.46,934.1614,-101,4.50,-101.0,4.5
4,2026-08-13 02:50:25,0.90,1.18,2.66,43.55,327.67,14.41,51.55,934.2415,-101,5.25,-101.0,5.25
4,2026-08-13 03:00:25,0.90,1.16,2.58,29.42,327.67,13.65,53.56,934.2725,-102,4.50,-102.0,4.5
4,2026-08-13 03:10:25,0.92,1.19,2.60,32.45,327.67,13.32,54.40,934.3492,-100,5.50,-100.0,5.5
4,2026-08-13 03:20:25,0.94,1.18,3.29,28.99,327.67,13.09,56.16,934.3836,-101,4.25,-101.0,4.25
4,2026-08-13 03:30:25,0.89,1.19,2.28,29.84,327.67,13.22,55.31,934.4140,-100,4.75,-100.0,4.75
4,2026-08-13 03:40:25,0.87,1.13,2.69,28.52,327.67,13.62,52.23,934.4000,-99,4.75,-99.0,4.75
4,2026-08-13 03:50:25,0.87,1.09,1.98,26.23,327.67,14.19,49.58,934.3725,-99,5.25,-99.0,5.25
4,2026-08-13 04:00:25,0.99,1.30,3.39,26.81,327.67,13.19,55.67,934.3936,-100,4.75,-100.0,4.75
4,2026-08-13 04:10:25,1.12,1.48,3.21,28.55,327.67,12.47,59.47,934.3618,-101,4.25,-101.0,4.25
4,2026-08-13 04:20:25,1.12,1.42,3.79,37.34,327.67,12.21,59.95,934.3456,-100,3.25,-100.0,3.25
4,2026-08-13 04:30:25,0.92,1.24,2.56,15.61,327.67,12.36,57.68,934.2756,-99,4.50,-99.0,4.5
4,2026-08-13 04:40:25,1.04,1.38,2.34,23.50,327.67,12.83,56.43,934.3618,-99,5.25,-99.0,5.25
4,2026-08-13 04:50:25,1.15,1.57,4.06,42.39,327.67,11.86,60.80,934.4686,-100,4.75,-100.0,4.75
4,2026-08-13 05:00:25,1.10,1.45,3.43,27.02,327.67,11.30,62.88,934.5043,-99,4.75,-99.0,4.75
4,2026-08-13 05:10:25,1.15,1.49,2.82,36.81,327.67,11.63,60.67,934.4800,-100,4.50,-100.0,4.5
4,2026-08-13 05:20:25,1.02,1.33,2.98,32.52,327.67,11.48,59.69,934.5138,-100,5.75,-100.0,5.75
4,2026-08-13 05:30:25,0.97,1.31,2.93,28.35,327.67,11.88,57.38,934.4940,-100,5.50,-100.0,5.5
4,2026-08-13 05:40:25,1.00,1.28,2.75,23.83,327.67,11.80,58.40,934.4697,-100,5.75,-100.0,5.75
4,2026-08-13 05:50:25,1.06,1.35,3.37,29.72,327.67,11.44,58.80,934.4818,-100,5.75,-100.0,5.75
4,2026-08-13 06:00:25,1.21,1.56,3.13,35.92,327.67,11.54,60.95,934.5001,-99,5.50,-99.0,5.5
4,2026-08-13 06:10:25,1.30,1.65,3.13,34.25,327.67,11.39,64.09,934.5543,-99,4.75,-99.0,4.75
4,2026-08-13 06:20:25,1.27,1.68,3.13,24.33,327.67,11.35,63.00,934.5783,-99,4.50,-99.0,4.5
4,2026-08-13 06:30:25,1.39,1.80,3.98,36.54,327.67,10.75,66.20,934.6003,-98,5.75,-98.0,5.75
4,2026-08-13 06:40:25,1.24,1.58,2.49,25.49,327.67,10.42,65.72,934.5825,-98,5.25,-98.0,5.25
4,2026-08-13 06:50:25,1.23,1.58,3.72,31.19,327.67,10.49,65.39,934.5535,-99,5.00,-99.0,5.0
4,2026-08-13 07:00:25,1.32,1.72,3.15,26.58,327.67,10.81,65.87,934.6064,-99,5.50,-99.0,5.5
4,2026-08-13 07:10:25,1.42,1.84,3.15,23.12,327.67,11.06,65.12,934.6323,-101,5.00,-101.0,5.0
4,2026-08-13 07:20:25,1.16,1.51,2.91,25.76,327.67,11.71,62.19,934.6580,-99,5.75,-99.0,5.75
4,2026-08-13 07:30:25,0.98,1.26,2.55,26.60,327.67,12.78,56.56,934.6335,-100,5.25,-100.0,5.25
4,2026-08-13 07:40:25,1.05,1.32,1.86,19.44,327.67,13.24,56.36,934.6197,-100,5.25,-100.0,5.25
4,2026-08-13 07:50:25,1.05,1.36,2.62,27.82,327.67,14.01,54.86,934.6695,-99,5.00,-99.0,5.0
4,2026-08-13 08:00:25,1.05,1.36,3.55,24.55,327.67,14.65,53.49,934.6582,-99,5.00,-99.0,5.0
4,2026-08-13 08:10:25,1.00,1.28,1.91,16.68,327.67,15.55,51.56,934.6663,-100,5.25,-100.0,5.25
4,2026-08-13 08:20:25,0.95,1.22,2.88,25.37,327.67,15.65,49.88,934.6076,-101,5.00,-101.0,5.0
4,2026-08-13 08:30:25,0.92,1.23,2.50,27.95,327.67,16.27,48.05,934.5679,-101,5.00,-101.0,5.0
4,2026-08-13 08:40:25,0.91,1.19,2.33,26.42,327.67,17.00,48.45,934.5352,-101,5.00,-101.0,5.0
4,2026-08-13 08:50:25,0.82,1.12,2.79,22.85,327.67,17.45,43.90,934.5056,-100,5.50,-100.0,5.5
4,2026-08-13 09:00:25,0.79,1.02,2.31,27.49,327.67,18.05,41.63,934.4932,-101,5.25,-101.0,5.25
4,2026-08-13 09:10:25,0.75,0.99,2.40,28.97,327.67,18.85,38.64,934.4577,-100,4.75,-100.0,4.75
4,2026-08-13 09:20:25,0.77,1.02,2.37,24.85,327.67,20.08,36.82,934.3591,-100,4.75,-100.0,4.75
4,2026-08-13 09:30:25,0.75,0.97,2.06,25.63,327.67,21.52,35.34,934.3310,-100,5.00,-100.0,5.0
4,2026-08-13 09:40:25,0.74,0.98,2.43,24.22,327.67,22.38,33.66,934.2611,-100,5.25,-100.0,5.25
4,2026-08-13 09:50:25,0.75,0.96,2.37,23.90,327.67,23.20,32.05,934.2376,-100,5.25,-100.0,5.25
4,2026-08-13 10:00:25,0.73,0.95,2.63,30.47,327.67,23.41,32.44,934.1852,-101,5.00,-101.0,5.0
4,2026-08-13 10:10:25,0.74,0.96,2.73,29.91,327.67,24.01,32.05,934.0410,-101,5.25,-101.0,5.25
4,2026-08-13 10:20:25,0.72,0.94,1.99,26.78,327.67,24.59,31.04,933.9392,-101,4.75,-101.0,4.75
4,2026-08-13 10:30:25,0.71,0.94,1.90,22.25,327.67,24.69,30.67,933.8834,-100,4.50,-100.0,4.5
4,2026-08-13 10:40:25,0.68,0.89,1.60,22.34,327.67,25.02,30.58,933.7136,-99,5.75,-99.0,5.75
4,2026-08-13 10:50:25,0.68,0.86,1.55,10.17,327.67,24.86,30.13,933.6153,-99,5.25,-99.0,5.25
4,2026-08-13 11:00:25,0.68,0.87,1.65,24.57,327.67,23.56,31.93,933.5666,-100,4.75,-100.0,4.75
4,2026-08-13 11:10:25,0.69,0.88,1.47,19.74,327.67,23.20,32.11,933.5105,-99,5.00,-99.0,5.0
4,2026-08-13 11:20:25,0.69,0.86,1.97,30.86,327.67,23.45,31.46,933.4292,-99,4.50,-99.0,4.5
4,2026-08-13 11:30:25,0.71,0.93,1.69,24.57,327.67,24.20,30.03,933.3700,-100,3.50,-100.0,3.5
4,2026-08-13 11:40:25,0.68,0.87,1.37,13.81,327.67,24.76,30.13,933.3193,-100,4.00,-100.0,4.0
4,2026-08-13 11:50:25,0.68,0.88,2.38,41.77,327.67,24.65,30.26,933.2017,-100,4.50,-100.0,4.5
4,2026-08-13 12:00:25,0.68,0.89,2.11,20.46,327.67,24.60,30.30,933.1227,-100,4.50,-100.0,4.5
4,2026-08-13 12:10:25,0.65,0.86,7.19,327.67,327.67,25.07,28.99,933.0878,-99,5.75,-99.0,5.75
4,2026-08-13 12:20:25,0.65,0.84,1.97,23.14,327.67,25.69,28.42,932.9549,-100,5.25,-100.0,5.25
4,2026-08-13 12:30:25,0.65,0.82,1.62,21.63,327.67,25.92,28.00,932.8490,-100,5.00,-100.0,5.0
4,2026-08-13 12:40:25,0.64,0.83,1.54,13.64,327.67,26.43,27.74,932.7626,-100,5.50,-100.0,5.5
4,2026-08-13 12:50:25,0.64,0.80,1.46,18.36,327.67,26.52,28.01,932.6529,-100,5.00,-100.0,5.0
4,2026-08-13 13:00:25,0.62,0.77,1.48,19.41,327.67,26.89,26.80,932.5599,-101,5.00,-101.0,5.0
4,2026-08-13 13:10:25,0.64,0.82,1.50,30.07,327.67,27.36,26.21,932.4345,-100,5.25,-100.0,5.25
4,2026-08-13 13:20:25,0.64,0.79,1.75,23.06,327.67,27.76,25.86,932.3100,-101,5.00,-101.0,5.0
4,2026-08-13 13:30:25,0.72,0.91,1.60,22.36,327.67,28.17,25.68,932.1954,-101,5.25,-101.0,5.25
4,2026-08-13 13:40:25,0.68,0.86,1.58,22.35,327.67,28.24,26.18,932.0964,-100,5.00,-100.0,5.0
4,2026-08-13 13:50:25,0.66,0.84,1.63,20.20,327.67,28.95,25.13,931.9694,-101,5.00,-101.0,5.0
4,2026-08-13 14:00:25,0.69,0.88,1.60,19.68,327.67,29.67,24.12,931.8678,-99,5.25,-99.0,5.25
4,2026-08-13 14:10:25,0.67,0.84,1.83,19.18,327.67,30.99,22.71,931.7367,-100,4.75,-100.0,4.75
4,2026-08-13 14:20:25,0.71,0.90,1.82,20.07,327.67,30.96,23.30,931.6312,-101,4.75,-101.0,4.75
4,2026-08-13 14:30:25,0.69,0.91,1.45,13.54,327.67,31.84,21.77,931.5508,-101,4.25,-101.0,4.25
4,2026-08-13 14:40:25,0.73,0.90,1.37,13.72,327.67,32.72,20.58,931.4408,-101,5.00,-101.0,5.0
4,2026-08-13 14:50:25,0.68,0.83,1.14,5.68,327.67,32.51,20.83,931.3435,-100,4.25,-100.0,4.25
4,2026-08-13 15:00:25,0.73,0.91,1.83,23.36,327.67,32.19,20.69,931.2516,-100,4.50,-100.0,4.5
4,2026-08-13 15:10:25,0.74,0.90,1.83,13.96,327.67,33.18,19.31,931.1829,-100,5.00,-100.0,5.0
4,2026-08-13 15:20:25,0.72,0.85,1.57,19.71,327.67,33.45,19.34,931.0951,-102,4.25,-102.0,4.25
4,2026-08-13 15:30:25,0.73,0.90,1.82,23.08,327.67,33.59,18.64,930.9484,-102,4.25,-102.0,4.25
4,2026-08-13 15:40:25,0.75,0.93,1.27,13.72,327.67,35.02,16.84,930.8106,-102,4.50,-102.0,4.5
4,2026-08-13 15:50:25,0.76,0.94,1.82,19.89,327.67,34.21,17.42,930.7674,-102,4.25,-102.0,4.25
4,2026-08-13 16:00:25,0.76,0.91,1.71,25.39,327.67,33.78,17.97,930.7136,-102,5.00,-102.0,5.0
4,2026-08-13 16:10:25,0.79,0.97,1.54,16.38,327.67,34.34,17.30,930.5880,-102,3.50,-102.0,3.5
4,2026-08-13 16:20:25,0.76,0.91,1.50,23.86,327.67,34.90,16.91,930.4821,-103,3.75,-103.0,3.75
4,2026-08-13 16:30:25,0.77,0.92,1.28,9.54,327.67,35.61,16.05,930.4208,-102,4.00,-102.0,4.0
4,2026-08-13 16:40:25,0.76,0.92,1.54,26.43,327.67,36.54,15.31,930.3712,-102,3.75,-102.0,3.75
4,2026-08-13 16:50:25,0.78,0.97,2.11,43.87,327.67,35.83,15.67,930.2971,-102,3.25,-102.0,3.25
4,2026-08-13 17:00:25,0.74,0.92,1.58,18.78,327.67,34.70,16.88,930.2173,-103,4.00,-103.0,4.0
4,2026-08-13 17:10:25,0.79,0.97,1.66,21.34,327.67,34.57,16.57,930.1421,-103,3.00,-103.0,3.0
4,2026-08-13 17:30:25,0.83,1.00,2.05,25.31,327.67,36.27,15.09,929.9348,-104,2.75,-104.0,2.75
4,2026-08-13 17:40:25,0.82,1.03,1.61,13.70,327.67,35.41,15.74,929.8207,-103,3.25,-103.0,3.25
4,2026-08-13 17:50:25,0.79,0.97,1.50,19.76,327.67,35.94,14.88,929.7136,-103,3.50,-103.0,3.5
4,2026-08-13 18:00:25,0.78,0.93,1.34,9.52,327.67,35.94,14.92,929.6296,-103,3.50,-103.0,3.5
4,2026-08-13 18:10:25,0.79,0.93,1.20,13.48,327.67,33.90,17.13,929.5710,-103,3.00,-103.0,3.0
4,2026-08-13 18:20:25,0.78,0.95,1.58,21.79,327.67,33.03,17.72,929.5690,-102,4.00,-102.0,4.0
4,2026-08-13 18:30:25,0.77,0.93,1.36,20.34,327.67,33.65,16.66,929.5275,-102,4.00,-102.0,4.0
4,2026-08-13 18:40:25,0.77,0.92,1.20,9.86,327.67,32.53,17.74,929.5086,-103,2.50,-103.0,2.5
4,2026-08-13 18:50:25,0.77,0.96,1.60,22.55,327.67,33.63,16.60,929.4082,-103,3.25,-103.0,3.25
4,2026-08-13 19:10:25,0.82,1.00,1.65,19.70,327.67,33.48,16.89,929.3174,-103,3.00,-103.0,3.0
4,2026-08-13 19:20:25,0.78,0.93,1.52,23.77,327.67,34.18,16.10,929.2677,-104,2.50,-104.0,2.5
4,2026-08-13 19:30:25,0.78,0.94,1.30,15.67,327.67,33.56,17.48,929.2524,-104,2.50,-104.0,2.5
4,2026-08-13 19:40:25,0.73,0.88,1.44,23.31,327.67,32.63,19.12,929.2083,-103,2.50,-103.0,2.5
4,2026-08-13 19:50:25,0.71,0.85,1.39,19.14,327.67,29.87,23.76,929.1460,-102,3.50,-102.0,3.5
4,2026-08-13 20:00:25,0.78,0.99,1.74,19.49,327.67,30.23,22.10,929.1298,-103,2.50,-103.0,2.5
4,2026-08-13 20:10:25,0.76,0.93,1.17,8.86,327.67,30.02,21.13,929.1505,-102,4.00,-102.0,4.0
4,2026-08-13 20:20:25,0.78,0.95,1.37,13.86,327.67,29.72,21.05,929.1641,-101,3.75,-101.0,3.75
4,2026-08-13 20:30:25,0.76,0.91,1.25,9.45,327.67,29.36,21.65,929.1343,-100,5.50,-100.0,5.5
4,2026-08-13 20:40:25,0.78,0.95,1.66,20.30,327.67,28.17,22.79,929.1031,-101,4.25,-101.0,4.25
4,2026-08-13 20:50:25,0.83,1.03,1.52,10.18,327.67,26.89,26.77,929.1292,-102,3.00,-102.0,3.0
4,2026-08-13 21:00:25,0.80,0.99,1.99,20.12,327.67,24.03,36.41,929.2408,-101,3.50,-101.0,3.5
4,2026-08-13 21:10:25,0.86,1.06,1.87,19.60,327.67,22.71,36.05,929.2892,-102,3.00,-102.0,3.0
4,2026-08-13 21:20:25,0.82,1.02,1.76,14.18,327.67,21.81,37.38,929.3089,-101,4.50,-101.0,4.5
4,2026-08-13 21:30:25,0.83,1.05,2.03,23.09,327.67,21.13,38.44,929.3300,-101,3.75,-101.0,3.75
4,2026-08-13 21:40:25,0.82,1.05,2.47,25.31,327.67,20.95,39.57,929.3145,-101,4.25,-101.0,4.25
4,2026-08-13 21:50:25,0.84,1.06,1.85,10.67,327.67,19.96,39.82,929.2998,-101,3.50,-101.0,3.5
4,2026-08-13 22:00:25,0.87,1.10,1.87,13.89,327.67,19.62,40.28,929.3741,-101,4.00,-101.0,4.0
4,2026-08-13 22:20:25,0.85,1.13,2.30,22.16,327.67,19.04,42.48,929.3519,-102,2.75,-102.0,2.75
4,2026-08-13 22:40:25,0.87,1.10,2.04,19.28,327.67,18.13,46.72,929.4387,-103,2.50,-103.0,2.5
4,2026-08-13 22:50:25,0.89,1.14,2.33,13.69,327.67,18.04,47.53,929.4526,-102,3.00,-102.0,3.0
4,2026-08-13 23:00:25,0.83,1.07,2.10,19.36,327.67,17.58,46.86,929.4619,-103,2.25,-103.0,2.25
4,2026-08-13 23:10:25,0.85,1.10,2.06,30.83,327.67,17.51,45.99,929.4878,-101,3.25,-101.0,3.25
4,2026-08-13 23:40:25,0.96,1.22,2.35,18.32,327.67,16.69,50.45,929.6328,-100,3.50,-100.0,3.5
4,2026-08-14 00:00:25,0.88,1.12,2.15,20.80,327.67,17.63,44.87,929.7001,-101,4.00,-101.0,4.0
4,2026-08-14 00:10:25,0.91,1.21,2.97,24.69,327.67,17.54,45.40,929.7288,-102,3.00,-102.0,3.0
4,2026-08-14 00:40:25,0.94,1.20,2.08,22.49,327.67,16.48,47.57,929.8516,-101,4.00,-101.0,4.0
4,2026-08-14 00:50:25,0.92,1.18,2.34,22.12,327.67,16.31,47.92,929.8867,-101,3.25,-101.0,3.25
4,2026-08-14 01:00:25,0.92,1.17,1.95,21.93,327.67,15.76,48.57,929.9557,-101,3.75,-101.0,3.75
4,2026-08-14 01:10:25,0.97,1.27,2.65,41.94,327.67,15.32,51.10,930.0270,-101,4.25,-101.0,4.25
4,2026-08-14 01:20:25,0.84,1.08,2.52,33.31,327.67,16.15,45.73,930.0035,-101,3.75,-101.0,3.75
4,2026-08-14 01:30:25,0.89,1.18,2.71,21.53,327.67,15.58,48.99,930.0751,-100,3.75,-100.0,3.75
4,2026-08-14 01:40:25,0.98,1.27,2.87,21.92,327.67,14.76,51.92,930.1077,-101,4.25,-101.0,4.25
4,2026-08-14 01:50:25,1.02,1.33,2.98,24.10,327.67,14.62,52.70,930.1248,-101,3.75,-101.0,3.75
4,2026-08-14 02:00:25,1.00,1.31,2.56,25.16,327.67,13.84,56.08,930.1861,-100,4.00,-100.0,4.0
4,2026-08-14 02:10:25,1.00,1.26,2.67,21.85,327.67,14.04,53.48,930.2032,-100,4.00,-100.0,4.0
4,2026-08-14 02:20:25,0.97,1.23,2.54,23.01,327.67,14.22,52.31,930.2371,-100,4.50,-100.0,4.5
4,2026-08-14 02:30:25,1.02,1.34,2.80,19.89,327.67,13.97,53.52,930.2732,-100,3.75,-100.0,3.75
4,2026-08-14 02:40:25,1.04,1.38,3.36,24.63,327.67,13.61,53.85,930.3048,-100,3.00,-100.0,3.0
4,2026-08-14 03:00:25,1.01,1.35,3.05,29.26,327.67,13.21,55.30,930.3804,-100,4.00,-100.0,4.0
4,2026-08-14 03:20:25,0.97,1.25,2.12,14.81,327.67,13.03,55.27,930.4387,-100,3.50,-100.0,3.5
4,2026-08-14 03:30:25,1.00,1.29,3.09,24.68,327.67,13.42,54.09,930.4274,-100,4.25,-100.0,4.25
4,2026-08-14 03:40:25,1.01,1.34,3.07,25.73,327.67,13.74,53.21,930.4748,-101,3.75,-101.0,3.75
4,2026-08-14 04:10:25,1.04,1.33,2.58,23.60,327.67,13.35,51.34,930.6226,-101,3.50,-101.0,3.5
4,2026-08-14 04:20:25,1.03,1.31,3.03,28.15,327.67,13.60,50.78,930.6036,-100,3.50,-100.0,3.5
4,2026-08-14 04:30:25,1.21,1.55,3.67,28.57,327.67,13.29,54.34,930.6078,-100,5.00,-100.0,5.0
4,2026-08-14 04:40:25,1.40,1.77,2.87,26.82,327.67,12.32,59.20,930.5980,-99,3.50,-99.0,3.5
4,2026-08-14 04:50:25,1.28,1.60,6.78,327.67,327.67,11.85,59.49,930.6158,-100,4.25,-100.0,4.25
4,2026-08-14 05:10:25,1.36,1.70,2.90,26.62,327.67,11.61,60.18,930.6830,-99,3.50,-99.0,3.5
4,2026-08-14 05:20:25,1.51,1.88,2.99,33.37,327.67,11.27,62.24,930.7205,-99,4.00,-99.0,4.0
4,2026-08-14 05:40:25,1.55,1.95,3.22,22.39,327.67,10.34,65.53,930.7550,-100,3.50,-100.0,3.5
4,2026-08-14 06:00:25,1.75,2.21,3.24,18.67,327.67,9.83,67.29,930.7697,-101,3.25,-101.0,3.25
4,2026-08-14 06:20:25,1.82,2.26,3.70,29.58,327.67,9.90,66.81,930.7149,-101,3.50,-101.0,3.5
4,2026-08-14 06:50:25,1.78,2.26,4.22,26.00,327.67,9.52,67.10,930.8483,-102,4.00,-102.0,4.0
4,2026-08-14 07:30:25,1.65,2.10,3.58,28.01,327.67,12.01,61.81,930.9337,-99,4.00,-99.0,4.0
4,2026-08-14 07:50:25,1.56,1.98,4.26,29.42,327.67,13.11,59.98,931.0150,-102,4.00,-102.0,4.0
4,2026-08-14 08:00:25,1.55,1.93,3.05,21.54,327.67,14.18,57.39,931.0730,-102,3.50,-102.0,3.5
4,2026-08-14 08:10:25,1.37,1.72,3.32,25.90,327.67,15.41,53.39,931.0877,-104,3.25,-104.0,3.25
4,2026-08-14 09:30:25,1.02,1.29,2.64,21.37,327.67,22.76,35.46,930.8873,-100,4.00,-100.0,4.0
4,2026-08-14 09:40:25,0.99,1.25,2.44,28.78,327.67,23.31,33.18,930.8851,-99,4.50,-99.0,4.5
4,2026-08-14 09:50:25,0.97,1.18,2.85,23.86,327.67,23.77,31.16,930.8678,-99,4.50,-99.0,4.5
4,2026-08-14 10:00:25,0.94,1.17,2.87,25.76,327.67,24.28,30.76,930.7781,-101,3.75,-101.0,3.75
4,2026-08-14 10:10:25,0.92,1.17,2.74,21.78,327.67,24.15,30.01,930.6956,-100,3.25,-100.0,3.25
4,2026-08-14 10:20:25,0.85,1.08,2.93,34.63,327.67,24.76,28.74,930.6675,-97,6.00,-97.0,6.0
4,2026-08-14 10:30:25,0.95,1.20,1.79,14.47,327.67,25.07,29.15,930.6339,-98,4.50,-98.0,4.5
4,2026-08-14 10:50:25,1.00,1.26,2.73,25.12,327.67,26.12,28.93,930.4976,-100,3.75,-100.0,3.75
4,2026-08-14 11:00:25,0.91,1.14,2.05,25.66,327.67,26.69,28.40,930.3831,-99,5.00,-99.0,5.0
4,2026-08-14 11:10:25,0.91,1.17,2.71,25.19,327.67,26.61,27.56,930.3407,-100,3.75,-100.0,3.75
4,2026-08-14 11:20:25,0.93,1.17,2.33,24.70,327.67,27.20,26.28,930.2702,-98,5.75,-98.0,5.75
4,2026-08-14 11:30:25,0.88,1.08,1.83,23.52,327.67,27.48,25.48,930.2158,-98,5.50,-98.0,5.5
4,2026-08-14 11:50:25,0.88,1.11,2.21,23.56,327.67,28.11,24.01,930.0834,-98,5.00,-98.0,5.0
4,2026-08-14 12:00:25,0.86,1.06,2.15,35.90,327.67,29.71,23.25,930.0281,-97,5.00,-97.0,5.0
4,2026-08-14 12:10:25,0.99,1.24,2.27,29.40,327.67,28.70,27.35,930.0193,-98,5.25,-98.0,5.25
4,2026-08-14 12:20:25,1.00,1.29,2.82,23.17,327.67,27.06,28.98,929.9865,-97,5.00,-97.0,5.0
4,2026-08-14 12:30:25,1.01,1.32,2.74,28.35,327.67,26.51,29.27,929.9884,-97,4.75,-97.0,4.75
4,2026-08-14 12:40:25,0.99,1.22,2.27,23.79,327.67,26.26,28.86,929.9822,-99,3.50,-99.0,3.5
4,2026-08-14 12:50:25,1.02,1.30,2.49,23.46,327.67,26.04,29.49,929.9537,-98,5.25,-98.0,5.25
4,2026-08-14 13:00:25,1.04,1.35,2.40,23.20,327.67,26.85,28.90,929.8592,-99,3.75,-99.0,3.75
4,2026-08-14 13:10:25,0.99,1.22,2.71,31.81,327.67,27.57,28.09,929.8074,-98,4.50,-98.0,4.5
4,2026-08-14 13:20:25,0.90,1.11,2.23,23.23,327.67,28.68,26.26,929.6962,-100,4.25,-100.0,4.25
4,2026-08-14 13:30:25,0.91,1.10,2.07,23.95,327.67,30.01,23.64,929.6021,-98,4.75,-98.0,4.75
4,2026-08-14 13:40:25,0.87,1.07,2.89,29.21,327.67,31.01,22.77,929.4832,-99,5.50,-99.0,5.5
4,2026-08-14 14:20:25,0.97,1.18,1.88,20.46,327.67,28.58,26.69,929.2236,-98,4.75,-98.0,4.75
4,2026-08-14 14:40:25,1.00,1.21,1.90,19.00,327.67,27.93,29.56,929.1576,-96,5.25,-96.0,5.25
4,2026-08-14 15:00:25,0.98,1.19,1.89,23.42,327.67,28.42,25.55,928.9962,-99,4.25,-99.0,4.25
4,2026-08-14 15:10:25,1.01,1.23,1.93,19.97,327.67,28.97,24.54,928.9413,-102,4.00,-102.0,4.0
4,2026-08-14 15:20:25,1.01,1.23,1.85,19.98,327.67,30.03,22.42,928.8807,-103,3.50,-103.0,3.5
4,2026-08-14 15:30:25,1.01,1.25,1.92,16.20,327.67,31.34,20.92,928.7768,-102,2.75,-102.0,2.75
4,2026-08-14 15:40:25,0.97,1.20,2.73,27.38,327.67,32.59,19.91,928.7197,-102,4.25,-102.0,4.25
4,2026-08-14 15:50:25,0.96,1.20,1.96,24.29,327.67,33.90,18.97,928.6606,-103,4.25,-103.0,4.25
4,2026-08-14 16:00:25,0.94,1.19,1.67,13.27,327.67,34.27,18.89,928.5906,-102,4.00,-102.0,4.0
4,2026-08-14 16:10:25,0.99,1.19,1.69,9.85,327.67,33.65,19.98,928.6055,-102,4.25,-102.0,4.25
4,2026-08-14 16:20:25,0.96,1.18,1.55,10.10,327.67,33.93,19.53,928.5739,-103,3.75,-103.0,3.75
4,2026-08-14 16:30:25,0.97,1.20,2.47,25.55,327.67,34.01,19.07,928.4887,-102,3.75,-102.0,3.75
4,2026-08-14 16:50:25,0.96,1.17,1.71,23.12,327.67,31.22,21.33,928.2745,-102,3.75,-102.0,3.75
4,2026-08-14 17:00:25,0.95,1.13,1.44,9.43,327.67,31.41,21.16,928.2396,-102,3.75,-102.0,3.75
4,2026-08-14 17:10:25,0.98,1.20,2.09,21.40,327.67,33.05,19.83,928.1904,-102,4.25,-102.0,4.25
4,2026-08-14 17:20:25,0.95,1.17,2.14,18.95,327.67,34.21,19.26,928.1230,-102,4.00,-102.0,4.0
4,2026-08-14 17:50:25,0.93,1.12,1.41,9.31,327.67,33.17,19.36,927.9616,-102,4.50,-102.0,4.5
4,2026-08-14 18:00:25,0.97,1.16,1.76,24.92,327.67,34.01,18.82,927.9048,-102,3.50,-102.0,3.5
4,2026-08-14 18:10:25,0.95,1.15,1.61,15.44,327.67,34.36,18.59,927.8373,-102,3.25,-102.0,3.25
4,2026-08-14 18:30:25,1.01,1.21,1.91,21.16,327.67,31.04,21.04,927.7818,-101,3.25,-101.0,3.25
4,2026-08-14 18:40:25,1.01,1.18,1.64,20.12,327.67,30.11,22.31,927.7944,-99,4.50,-99.0,4.5
4,2026-08-14 18:50:25,1.07,1.27,1.96,24.30,327.67,30.09,22.46,927.8012,-100,3.75,-100.0,3.75
4,2026-08-14 19:10:25,0.94,1.12,1.66,13.42,327.67,30.48,23.58,927.8193,-102,2.75,-102.0,2.75
4,2026-08-14 19:20:25,0.99,1.19,1.74,10.34,327.67,31.54,21.37,927.8236,-99,4.75,-99.0,4.75
4,2026-08-14 19:30:25,0.95,1.14,1.85,25.25,327.67,32.99,20.20,927.8048,-100,4.50,-100.0,4.5
4,2026-08-14 19:40:25,0.97,1.13,1.50,25.02,327.67,33.25,20.34,927.7890,-101,5.00,-101.0,5.0
4,2026-08-14 19:50:25,0.96,1.13,1.49,18.63,327.67,33.84,19.49,927.7678,-101,4.75,-101.0,4.75
4,2026-08-14 20:00:25,0.93,1.08,1.32,14.28,327.67,33.82,19.06,927.7608,-100,4.50,-100.0,4.5
4,2026-08-14 20:10:25,0.96,1.14,1.65,22.16,327.67,33.14,19.42,927.6889,-101,4.50,-101.0,4.5
4,2026-08-14 20:20:25,0.94,1.13,1.77,21.16,327.67,31.89,22.07,927.7200,-101,4.50,-101.0,4.5
4,2026-08-14 20:30:25,0.89,1.07,1.47,10.57,327.67,29.56,24.23,927.6776,-101,4.50,-101.0,4.5
4,2026-08-14 20:40:25,0.90,1.11,2.05,23.64,327.67,26.76,31.60,927.7604,-100,4.75,-100.0,4.75
4,2026-08-14 20:50:25,0.93,1.17,2.34,23.37,327.67,25.14,33.01,927.7638,-101,4.75,-101.0,4.75
4,2026-08-14 21:00:25,0.99,1.24,2.16,14.81,327.67,24.20,34.75,927.8194,-101,3.75,-101.0,3.75
4,2026-08-14 21:10:25,1.01,1.25,2.69,24.43,327.67,23.77,34.90,927.8667,-100,4.50,-100.0,4.5
4,2026-08-14 21:20:25,0.99,1.21,2.48,27.61,327.67,23.26,35.71,927.8586,-100,4.75,-100.0,4.75
4,2026-08-14 21:30:25,0.99,1.23,2.41,21.81,327.67,22.87,36.39,927.8548,-100,4.00,-100.0,4.0
4,2026-08-14 21:40:25,0.98,1.22,2.09,18.58,327.67,22.75,36.50,927.8435,-101,4.25,-101.0,4.25
4,2026-08-14 21:50:25,0.98,1.24,2.42,38.16,327.67,22.29,37.85,927.8840,-103,2.75,-103.0,2.75
4,2026-08-14 22:00:25,0.99,1.28,2.37,19.99,327.67,21.53,38.45,927.9630,-102,4.00,-102.0,4.0
4,2026-08-14 22:20:25,0.99,1.31,2.88,30.94,327.67,20.67,40.15,928.0289,-102,2.75,-102.0,2.75
4,2026-08-14 22:30:25,0.98,1.28,3.44,32.50,327.67,20.15,41.08,928.1015,-102,2.75,-102.0,2.75
4,2026-08-14 22:40:25,0.92,1.20,2.64,29.41,327.67,19.93,40.21,928.0687,-101,3.50,-101.0,3.5
4,2026-08-14 23:00:25,0.96,1.21,2.50,19.78,327.67,19.52,40.75,928.0179,-101,4.25,-101.0,4.25
4,2026-08-14 23:10:25,0.95,1.26,3.14,22.21,327.67,19.36,41.20,928.0301,-103,2.75,-103.0,2.75
4,2026-08-14 23:20:25,0.94,1.24,3.41,32.96,327.67,19.33,41.06,928.0151,-103,3.00,-103.0,3.0
4,2026-08-14 23:30:25,0.98,1.28,2.79,20.45,327.67,19.17,41.55,928.0482,-105,1.00,-105.0,1.0
4,2026-08-14 23:40:25,0.98,1.30,2.86,28.15,327.67,18.73,41.84,928.0667,-100,2.50,-100.0,2.5
4,2026-08-14 23:50:25,0.91,1.19,2.55,24.97,327.67,18.86,42.22,928.0397,-102,2.50,-102.0,2.5
4,2026-08-15 00:00:25,1.01,1.32,3.16,21.00,327.67,18.35,42.56,928.0909,-101,3.00,-101.0,3.0
4,2026-08-15 00:10:25,0.99,1.37,4.14,27.48,327.67,18.48,43.99,928.1980,-102,3.25,-102.0,3.25
4,2026-08-15 00:20:25,1.03,1.36,4.41,34.25,327.67,18.32,43.71,928.2474,-103,3.25,-103.0,3.25
4,2026-08-15 00:30:25,1.08,1.46,4.19,26.33,327.67,18.39,43.32,928.3056,-104,2.50,-104.0,2.5
4,2026-08-15 00:40:25,1.05,1.44,4.97,29.66,327.67,18.35,44.35,928.3042,-103,3.50,-103.0,3.5
4,2026-08-15 00:50:25,0.94,1.23,3.71,33.13,327.67,18.55,42.49,928.2951,-102,4.00,-102.0,4.0
4,2026-08-15 01:00:25,0.94,1.21,2.55,28.87,327.67,19.16,39.58,928.3739,-101,4.25,-101.0,4.25
4,2026-08-15 01:10:25,1.01,1.36,3.57,22.65,327.67,18.72,39.73,928.4287,-102,4.25,-102.0,4.25
4,2026-08-15 01:20:25,1.00,1.42,3.98,26.29,327.67,18.03,41.76,928.4551,-103,2.50,-103.0,2.5
4,2026-08-15 01:30:25,1.08,1.46,4.52,36.19,327.67,18.08,40.82,928.4190,-101,4.50,-101.0,4.5
4,2026-08-15 01:40:25,1.04,1.47,4.87,44.11,327.67,18.06,42.16,928.4516,-101,4.25,-101.0,4.25
4,2026-08-15 01:50:25,1.03,1.43,4.38,53.22,327.67,17.62,44.45,928.5073,-101,4.00,-101.0,4.0
4,2026-08-15 02:00:25,1.11,1.47,5.13,33.78,327.67,17.30,43.91,928.6098,-103,3.00,-103.0,3.0
4,2026-08-15 02:10:25,1.12,1.50,4.57,40.30,327.67,17.36,43.86,928.5706,-103,2.50,-103.0,2.5
4,2026-08-15 02:20:25,1.09,1.45,4.72,28.17,327.67,17.05,44.89,928.5599,-102,4.25,-102.0,4.25
4,2026-08-15 02:30:25,1.08,1.49,4.59,27.73,327.67,17.26,43.36,928.5399,-102,4.75,-102.0,4.75
4,2026-08-15 02:40:25,1.12,1.52,5.47,26.09,327.67,17.09,43.72,928.4917,-101,3.75,-101.0,3.75
4,2026-08-15 02:50:25,1.03,1.44,4.09,22.87,327.67,16.76,43.26,928.4321,-103,2.75,-103.0,2.75
4,2026-08-15 03:00:25,1.02,1.48,4.33,22.89,327.67,16.63,44.23,928.4264,-104,1.75,-104.0,1.75
4,2026-08-15 03:10:25,1.01,1.38,4.42,37.14,327.67,16.40,44.08,928.4518,-103,3.00,-103.0,3.0
4,2026-08-15 03:20:25,1.04,1.45,4.03,24.35,327.67,16.62,44.18,928.4661,-100,4.25,-100.0,4.25
4,2026-08-15 03:30:25,0.97,1.34,3.64,22.75,327.67,16.19,45.90,928.4220,-101,4.50,-101.0,4.5
4,2026-08-15 03:40:25,1.06,1.50,4.32,33.00,327.67,16.14,46.30,928.4643,-100,3.75,-100.0,3.75
4,2026-08-15 03:50:25,1.05,1.43,4.14,26.50,327.67,15.81,48.21,928.5023,-102,4.00,-102.0,4.0
4,2026-08-15 04:00:25,1.09,1.48,4.21,31.36,327.67,15.70,47.58,928.5751,-101,4.25,-101.0,4.25
4,2026-08-15 04:10:25,1.04,1.49,5.48,29.89,327.67,16.02,44.96,928.5422,-101,4.50,-101.0,4.5
4,2026-08-15 04:20:25,1.06,1.55,6.79,37.20,327.67,16.71,42.21,928.5268,-101,3.75,-101.0,3.75
4,2026-08-15 04:30:25,1.02,1.43,5.21,31.28,327.67,16.41,43.88,928.4582,-100,4.00,-100.0,4.0
4,2026-08-15 04:40:25,1.00,1.44,4.56,23.23,327.67,15.99,45.92,928.4388,-101,3.25,-101.0,3.25
4,2026-08-15 05:00:25,1.03,1.43,4.04,28.00,327.67,15.65,47.10,928.6195,-102,4.00,-102.0,4.0
4,2026-08-15 05:10:25,1.07,1.50,4.84,34.18,327.67,15.83,47.23,928.7419,-102,3.75,-102.0,3.75
4,2026-08-15 05:20:25,1.03,1.45,4.56,33.20,327.67,15.95,45.02,928.6744,-101,4.25,-101.0,4.25
4,2026-08-15 05:30:25,1.01,1.42,4.79,33.25,327.67,16.04,45.67,928.6900,-102,3.75,-102.0,3.75
4,2026-08-15 05:40:25,0.98,1.38,4.67,31.19,327.67,15.41,46.34,928.7049,-104,2.00,-104.0,2.0
4,2026-08-15 05:50:25,1.03,1.44,5.17,43.24,327.67,15.12,47.73,928.7284,-102,3.75,-102.0,3.75
4,2026-08-15 06:00:25,1.08,1.59,6.60,45.35,327.67,14.95,47.67,928.7504,-102,4.25,-102.0,4.25
4,2026-08-15 06:10:25,1.09,1.56,5.19,36.19,327.67,15.07,46.69,928.7383,-102,3.50,-102.0,3.5
4,2026-08-15 06:20:25,1.06,1.46,4.59,28.62,327.67,14.80,48.93,928.8101,-102,4.25,-102.0,4.25
4,2026-08-15 06:30:25,1.10,1.49,5.56,36.64,327.67,14.84,48.47,928.8848,-101,4.25,-101.0,4.25
4,2026-08-15 06:40:25,1.06,1.44,3.70,22.91,327.67,14.82,48.30,928.8412,-101,4.00,-101.0,4.0
4,2026-08-15 06:50:25,0.99,1.40,4.59,35.70,327.67,14.90,48.38,928.8223,-101,4.25,-101.0,4.25
4,2026-08-15 07:00:25,1.02,1.43,4.19,25.31,327.67,15.10,47.65,928.8358,-102,3.75,-102.0,3.75
4,2026-08-15 07:10:25,1.00,1.38,4.12,26.90,327.67,15.71,45.76,928.8943,-101,4.50,-101.0,4.5
4,2026-08-15 07:20:25,1.05,1.48,5.85,35.96,327.67,15.18,47.35,928.9688,-102,4.25,-102.0,4.25
4,2026-08-15 07:30:25,1.07,1.53,4.62,23.74,327.67,15.02,48.09,929.0493,-100,5.50,-100.0,5.5
4,2026-08-15 07:40:25,1.09,1.49,3.76,25.90,327.67,14.94,48.45,929.0785,-102,4.25,-102.0,4.25
4,2026-08-15 07:50:25,1.07,1.46,4.82,38.58,327.67,15.00,48.30,929.0971,-102,4.75,-102.0,4.75
4,2026-08-15 08:00:25,1.09,1.48,3.97,35.88,327.67,15.63,47.67,929.0131,-100,4.50,-100.0,4.5
4,2026-08-15 08:10:25,1.09,1.49,4.08,29.49,327.67,14.88,49.85,929.0109,-100,5.25,-100.0,5.25
4,2026-08-15 08:20:25,1.05,1.41,3.72,26.00,327.67,15.69,47.29,928.9693,-101,5.25,-101.0,5.25
4,2026-08-15 08:30:25,1.02,1.38,4.17,35.94,327.67,14.86,49.02,929.0393,-100,5.25,-100.0,5.25
4,2026-08-15 08:40:25,1.02,1.38,4.03,43.85,327.67,14.66,48.81,929.0382,-100,4.75,-100.0,4.75
4,2026-08-15 08:50:25,1.08,1.44,3.27,22.42,327.67,14.10,51.58,929.0949,-102,3.00,-102.0,3.0
4,2026-08-15 09:00:25,1.07,1.48,3.97,33.11,327.67,14.08,51.34,929.1655,-101,3.75,-101.0,3.75
4,2026-08-15 09:10:25,1.10,1.49,3.93,24.06,327.67,14.18,51.11,929.2152,-99,5.25,-99.0,5.25
4,2026-08-15 09:20:25,1.02,1.38,4.40,36.96,327.67,15.71,48.02,929.1920,-101,4.25,-101.0,4.25
4,2026-08-15 09:30:25,1.02,1.43,4.19,22.85,327.67,17.93,43.62,929.1463,-100,4.75,-100.0,4.75
4,2026-08-15 09:40:24,0.98,1.33,3.69,22.07,327.67,19.32,40.06,929.1308,-100,3.75,-100.0,3.75
4,2026-08-15 09:50:24,0.96,1.32,3.45,20.62,327.67,19.98,38.11,929.1128,-101,4.75,-101.0,4.75
4,2026-08-15 10:00:25,0.93,1.28,3.51,37.70,327.67,21.15,35.52,929.0470,-100,4.75,-100.0,4.75
4,2026-08-15 10:10:25,1.00,1.33,3.79,24.77,327.67,20.86,37.08,928.9695,-100,5.00,-100.0,5.0
4,2026-08-15 10:20:24,0.93,1.42,4.79,51.42,327.67,23.32,31.97,928.8017,-101,5.00,-101.0,5.0
4,2026-08-15 10:30:25,0.96,1.26,2.71,21.98,327.67,22.95,32.81,928.8236,-100,5.25,-100.0,5.25
4,2026-08-15 10:40:25,0.90,1.26,2.79,20.81,327.67,25.13,27.74,928.8181,-101,4.50,-101.0,4.5
4,2026-08-15 10:50:25,0.96,1.29,3.38,29.09,327.67,24.34,30.25,928.8274,-101,5.00,-101.0,5.0
4,2026-08-15 11:00:25,0.97,1.28,3.63,42.02,327.67,22.54,33.43,928.8297,-101,5.75,-101.0,5.75
4,2026-08-15 11:10:25,0.95,1.29,3.51,19.01,327.67,23.37,32.13,928.7285,-101,5.00,-101.0,5.0
4,2026-08-15 11:20:24,0.90,1.23,3.44,28.87,327.67,25.36,28.98,928.6406,-101,4.75,-101.0,4.75
4,2026-08-15 11:30:25,0.99,1.31,3.59,24.11,327.67,24.18,30.43,928.6486,-101,4.50,-101.0,4.5
4,2026-08-15 11:40:25,0.98,1.34,3.37,24.36,327.67,24.13,31.07,928.6689,-101,5.00,-101.0,5.0
4,2026-08-15 11:50:24,0.96,1.29,3.15,25.27,327.67,25.21,28.76,928.6143,-103,3.75,-103.0,3.75
4,2026-08-15 12:00:24,0.96,1.32,3.30,23.47,327.67,26.21,26.69,928.5471,-102,4.25,-102.0,4.25
4,2026-08-15 12:10:24,0.95,1.31,4.35,22.53,327.67,25.71,27.54,928.5098,-102,4.00,-102.0,4.0
4,2026-08-15 12:20:24,0.89,1.26,5.08,42.34,327.67,26.41,27.18,928.4190,-102,4.00,-102.0,4.0
4,2026-08-15 12:30:25,0.98,1.38,4.77,29.34,327.67,27.09,26.32,928.3970,-102,4.00,-102.0,4.0
4,2026-08-15 12:40:25,0.94,1.25,3.21,26.17,327.67,27.35,26.48,928.3619,-102,4.25,-102.0,4.25
4,2026-08-15 12:50:25,0.91,1.24,3.57,27.43,327.67,27.89,24.72,928.2406,-102,4.25,-102.0,4.25
4,2026-08-15 13:00:25,0.93,1.28,3.90,26.10,327.67,27.71,25.04,928.2383,-101,4.25,-101.0,4.25
4,2026-08-15 13:10:24,0.90,1.26,4.66,39.31,327.67,27.97,25.20,928.1886,-102,4.25,-102.0,4.25
4,2026-08-15 13:20:24,0.90,1.24,3.53,23.59,327.67,28.02,24.83,928.1247,-101,4.50,-101.0,4.5
4,2026-08-15 13:30:24,0.89,1.20,4.55,26.66,327.67,28.73,24.13,928.0527,-100,4.50,-100.0,4.5
4,2026-08-15 13:40:24,0.88,1.21,4.00,35.50,327.67,28.78,24.60,927.9766,-102,4.25,-102.0,4.25
4,2026-08-15 13:50:24,0.86,1.20,3.60,19.35,327.67,28.54,24.82,927.9021,-100,1.75,-100.0,1.75
4,2026-08-15 14:00:24,0.85,1.19,3.19,19.33,327.67,28.78,25.15,927.8472,-102,4.75,-102.0,4.75
4,2026-08-15 14:10:24,0.83,1.19,3.73,24.31,327.67,28.74,25.16,927.8028,-101,4.50,-101.0,4.5
4,2026-08-15 14:20:24,0.80,1.17,4.25,31.56,327.67,29.60,22.72,927.7329,-102,4.00,-102.0,4.0
4,2026-08-15 14:30:24,0.84,1.21,3.81,26.58,327.67,29.71,23.05,927.6576,-101,4.50,-101.0,4.5
4,2026-08-15 14:40:24,0.79,1.19,5.12,29.77,327.67,29.90,22.65,927.5677,-102,3.25,-102.0,3.25
4,2026-08-15 14:50:24,0.81,1.19,4.41,34.00,327.67,31.47,19.89,927.4628,-101,4.25,-101.0,4.25
4,2026-08-15 15:00:24,0.82,1.18,4.33,32.16,327.67,31.95,19.62,927.3653,-101,4.25,-101.0,4.25
4,2026-08-15 15:10:24,0.79,1.17,4.55,40.06,327.67,32.28,19.49,927.2547,-102,4.00,-102.0,4.0
4,2026-08-15 15:20:24,0.81,1.21,4.64,35.27,327.67,32.60,19.47,927.1463,-101,4.00,-101.0,4.0
4,2026-08-15 15:30:24,0.77,1.14,5.44,44.24,327.67,32.40,19.97,927.0957,-101,5.50,-101.0,5.5
4,2026-08-15 15:40:24,0.78,1.20,5.00,30.25,327.67,32.82,19.29,927.0394,-102,4.50,-102.0,4.5
4,2026-08-15 15:50:24,0.78,1.17,4.78,29.11,327.67,33.30,18.51,926.9734,-101,4.00,-101.0,4.0
4,2026-08-15 16:00:24,0.78,1.17,5.32,29.56,327.67,33.86,18.23,926.8620,-102,4.00,-102.0,4.0
4,2026-08-15 16:10:24,0.72,1.09,5.96,30.65,327.67,34.10,18.06,926.7342,-102,4.50,-102.0,4.5
4,2026-08-15 16:20:24,0.77,1.21,5.90,42.31,327.67,34.54,17.30,926.6402,-101,4.50,-101.0,4.5
4,2026-08-15 16:30:24,0.82,1.35,6.70,58.41,327.67,35.19,16.52,926.5772,-103,3.50,-103.0,3.5
4,2026-08-15 16:40:24,0.75,1.18,4.91,29.25,327.67,34.33,17.68,926.5308,-102,4.25,-102.0,4.25
4,2026-08-15 16:50:24,0.74,1.23,5.80,44.13,327.67,33.99,17.79,926.4659,-102,3.50,-102.0,3.5
4,2026-08-15 17:00:25,0.76,1.21,6.15,37.31,327.67,34.20,17.43,926.3686,-102,3.75,-102.0,3.75
4,2026-08-15 17:10:25,0.74,1.20,4.85,46.80,327.67,33.58,18.26,926.3348,-101,4.25,-101.0,4.25
4,2026-08-15 17:20:24,1.28,7.03,37.99,327.67,327.67,34.14,17.24,926.2960,-101,4.50,-101.0,4.5
4,2026-08-15 17:30:24,0.73,1.19,5.25,28.21,327.67,33.65,17.60,926.2547,-102,3.75,-102.0,3.75
4,2026-08-15 17:40:24,2.97,25.80,139.81,327.67,327.67,33.23,18.09,926.1270,-103,3.25,-103.0,3.25
4,2026-08-15 17:50:24,1.38,7.43,34.81,327.67,327.67,31.95,19.26,926.0204,-102,3.75,-102.0,3.75
4,2026-08-15 18:00:24,2.27,16.11,79.24,327.67,327.67,31.10,19.55,926.0179,-100,4.25,-100.0,4.25
4,2026-08-15 18:10:24,6.57,59.74,280.71,327.67,327.67,30.50,20.10,925.9454,-101,4.50,-101.0,4.5
4,2026-08-15 18:20:24,11.79,114.04,327.67,327.67,327.67,29.58,20.68,925.8894,-101,4.00,-101.0,4.0
4,2026-08-15 18:30:24,21.27,218.45,327.67,327.67,327.67,28.71,20.33,925.8148,-101,4.00,-101.0,4.0
4,2026-08-15 18:40:24,23.95,255.10,327.67,327.67,327.67,28.08,21.40,925.8432,-101,4.00,-101.0,4.0
4,2026-08-15 18:50:24,15.08,144.47,327.67,327.67,327.67,27.63,21.34,925.9422,-100,4.50,-100.0,4.5
4,2026-08-15 19:00:24,23.08,229.79,327.67,327.67,327.67,27.36,21.90,925.8713,-101,3.50,-101.0,3.5
4,2026-08-15 19:10:24,23.30,234.28,327.67,327.67,327.67,26.86,21.74,925.8619,-101,3.75,-101.0,3.75
4,2026-08-15 19:20:24,20.92,201.20,327.67,327.67,327.67,26.90,21.41,925.8236,-100,4.50,-100.0,4.5
4,2026-08-15 19:30:24,14.81,136.20,327.67,327.67,327.67,26.69,21.46,925.8898,-101,4.25,-101.0,4.25
4,2026-08-15 19:40:24,27.85,285.28,327.67,327.67,327.67,26.67,21.72,925.9821,-102,3.50,-102.0,3.5
4,2026-08-15 19:50:24,20.56,196.84,327.67,327.67,327.67,25.81,22.27,925.9815,-102,3.75,-102.0,3.75
4,2026-08-15 20:00:24,9.15,80.61,327.67,327.67,327.67,25.62,22.54,926.1222,-101,3.50,-101.0,3.5
4,2026-08-15 20:10:24,16.08,151.01,327.67,327.67,327.67,25.86,22.70,926.1753,-101,4.00,-101.0,4.0
4,2026-08-15 20:20:24,9.82,87.31,327.67,327.67,327.67,25.24,23.83,926.2774,-103,2.25,-103.0,2.25
4,2026-08-15 20:30:24,5.45,45.57,189.81,327.67,327.67,24.70,24.16,926.1689,-101,5.00,-101.0,5.0
4,2026-08-15 20:40:24,4.81,40.99,188.21,327.67,327.67,24.57,24.30,926.2877,-102,3.50,-102.0,3.5
4,2026-08-15 20:50:24,6.43,56.50,254.38,327.67,327.67,24.00,25.15,926.4286,-102,3.75,-102.0,3.75
4,2026-08-15 21:00:24,8.68,78.45,327.67,327.67,327.67,23.54,26.05,926.4928,-100,5.00,-100.0,5.0
4,2026-08-15 21:10:24,16.32,160.12,327.67,327.67,327.67,23.10,26.17,926.4644,-102,3.00,-102.0,3.0
4,2026-08-15 21:20:24,17.13,171.09,327.67,327.67,327.67,22.83,26.56,926.4942,-103,2.25,-103.0,2.25
4,2026-08-15 21:30:24,4.39,36.31,154.07,327.67,327.67,22.74,26.45,926.5840,-102,3.75,-102.0,3.75
4,2026-08-15 21:40:24,7.30,65.78,294.14,327.67,327.67,22.59,26.23,926.6097,-101,4.75,-101.0,4.75
4,2026-08-15 21:50:24,10.53,100.49,327.67,327.67,327.67,22.24,27.09,926.6998,-101,4.50,-101.0,4.5
4,2026-08-15 22:00:24,14.76,147.30,327.67,327.67,327.67,21.70,28.48,926.7628,-101,4.25,-101.0,4.25
4,2026-08-15 22:10:24,13.54,137.91,327.67,327.67,327.67,21.56,28.37,926.9114,-102,2.75,-102.0,2.75
4,2026-08-15 22:20:24,12.57,127.58,327.67,327.67,327.67,21.37,28.15,927.0352,-102,3.50,-102.0,3.5
4,2026-08-15 22:30:24,4.02,34.96,155.16,327.67,327.67,21.32,28.56,927.1680,-101,4.50,-101.0,4.5
4,2026-08-15 22:40:24,3.17,25.79,116.01,327.67,327.67,21.33,28.17,927.2227,-101,4.00,-101.0,4.0
4,2026-08-15 22:50:24,2.37,18.11,83.37,327.67,327.67,21.28,28.39,927.2459,-101,4.00,-101.0,4.0
4,2026-08-15 23:00:24,4.30,38.55,175.66,327.67,327.67,20.88,29.73,927.1930,-101,4.25,-101.0,4.25
4,2026-08-15 23:10:24,3.68,31.67,150.03,327.67,327.67,20.67,30.80,927.2710,-101,4.00,-101.0,4.0
4,2026-08-15 23:20:24,1.94,13.21,56.95,327.67,327.67,20.55,29.62,927.2622,-102,4.00,-102.0,4.0
4,2026-08-15 23:30:24,1.06,4.76,20.41,327.67,327.67,20.48,29.95,927.3085,-101,4.00,-101.0,4.0
4,2026-08-15 23:40:24,3.32,28.32,125.79,327.67,327.67,20.25,30.19,927.2485,-102,3.25,-102.0,3.25
4,2026-08-15 23:50:24,6.74,65.51,293.21,327.67,327.67,19.95,30.73,927.2724,-102,4.00,-102.0,4.0
4,2026-08-16 00:00:24,2.60,20.60,93.74,327.67,327.67,19.99,30.74,927.3771,-103,3.25,-103.0,3.25
4,2026-08-16 00:10:24,7.08,71.41,327.67,327.67,327.67,19.99,30.88,927.3908,-101,4.25,-101.0,4.25
4,2026-08-16 00:20:24,8.98,89.91,327.67,327.67,327.67,19.89,31.37,927.3987,-101,4.25,-101.0,4.25
4,2026-08-16 00:30:24,5.66,54.99,256.46,327.67,327.67,19.70,31.68,927.5463,-101,4.00,-101.0,4.0
4,2026-08-16 00:40:24,1.36,7.44,36.24,327.67,327.67,20.10,31.08,927.6410,-102,3.50,-102.0,3.5
4,2026-08-16 00:50:24,1.97,13.57,62.78,327.67,327.67,20.16,30.90,927.6548,-102,3.50,-102.0,3.5
4,2026-08-16 01:00:24,0.70,1.51,7.57,42.62,327.67,19.96,32.25,927.7479,-103,3.25,-103.0,3.25
4,2026-08-16 01:10:24,0.71,1.42,7.85,37.79,327.67,19.45,32.73,927.8285,-102,3.50,-102.0,3.5
4,2026-08-16 01:20:24,0.95,3.90,17.18,123.03,327.67,20.08,31.52,927.8058,-102,4.25,-102.0,4.25
4,2026-08-16 01:30:24,1.69,11.90,53.05,327.67,327.67,19.73,32.36,927.8834,-102,4.00,-102.0,4.0
4,2026-08-16 01:40:24,3.75,34.50,176.63,327.67,327.67,19.62,32.54,927.8858,-101,4.25,-101.0,4.25
4,2026-08-16 01:50:24,5.64,55.35,265.23,327.67,327.67,19.32,33.12,927.9017,-102,4.00,-102.0,4.0
4,2026-08-16 02:00:24,10.87,112.78,327.67,327.67,327.67,18.71,33.82,927.8975,-101,4.75,-101.0,4.75
4,2026-08-16 02:10:24,1.90,13.92,66.16,327.67,327.67,18.83,33.84,928.0798,-101,4.00,-101.0,4.0
4,2026-08-16 02:20:24,2.59,21.49,99.16,327.67,327.67,19.20,33.07,928.0925,-101,4.75,-101.0,4.75
4,2026-08-16 02:30:24,1.36,7.61,35.85,327.67,327.67,19.18,33.09,928.1259,-101,4.25,-101.0,4.25
4,2026-08-16 02:40:24,0.99,4.23,19.70,207.66,327.67,19.13,33.73,928.1237,-100,4.25,-100.0,4.25
4,2026-08-16 02:50:24,1.31,7.94,38.39,290.34,327.67,18.96,33.87,928.1343,-103,3.25,-103.0,3.25
4,2026-08-16 03:00:24,3.72,33.10,151.04,327.67,327.67,18.92,33.65,928.1162,-101,4.50,-101.0,4.5
4,2026-08-16 03:10:24,0.71,1.55,6.27,78.11,327.67,18.84,34.25,928.1054,-102,4.00,-102.0,4.0
4,2026-08-16 03:20:24,2.85,25.69,124.65,327.67,327.67,18.76,33.81,928.0204,-102,4.25,-102.0,4.25
4,2026-08-16 03:30:24,4.47,41.17,198.43,327.67,327.67,18.07,35.24,927.9263,-101,5.00,-101.0,5.0
4,2026-08-16 03:40:24,1.26,6.49,31.01,327.67,327.67,18.16,34.88,927.9616,-101,4.50,-101.0,4.5
4,2026-08-16 03:50:24,2.49,20.53,104.92,327.67,327.67,18.30,34.61,928.0292,-101,5.00,-101.0,5.0
4,2026-08-16 04:00:24,3.75,34.08,161.77,327.67,327.67,18.27,34.59,928.0461,-101,4.50,-101.0,4.5
4,2026-08-16 04:10:24,5.18,49.40,233.25,327.67,327.67,17.63,35.94,928.0909,-101,5.50,-101.0,5.5
4,2026-08-16 04:20:24,1.33,6.96,29.04,327.67,327.67,17.83,35.61,928.1163,-101,4.75,-101.0,4.75
4,2026-08-16 04:30:24,4.05,38.00,172.31,327.67,327.67,17.45,36.32,928.0534,-100,4.75,-100.0,4.75
4,2026-08-16 04:40:24,10.71,116.62,327.67,327.67,327.67,17.23,36.79,927.9288,-99,5.00,-99.0,5.0
4,2026-08-16 04:50:24,1.64,10.48,50.10,327.67,327.67,17.55,36.46,928.0379,-101,4.50,-101.0,4.5
4,2026-08-16 05:00:24,1.20,5.86,25.32,327.67,327.67,17.59,36.21,928.1380,-101,4.00,-101.0,4.0
4,2026-08-16 05:10:24,0.68,1.11,3.64,24.43,327.67,17.81,36.00,928.1823,-100,5.00,-100.0,5.0
4,2026-08-16 05:20:24,1.21,6.18,29.36,293.14,327.67,17.87,35.96,928.1142,-100,4.75,-100.0,4.75
4,2026-08-16 05:30:24,5.68,55.62,262.06,327.67,327.67,17.14,37.20,928.0851,-102,4.25,-102.0,4.25
4,2026-08-16 05:40:24,7.82,80.43,327.67,327.67,327.67,16.90,37.45,928.0901,-102,4.00,-102.0,4.0
4,2026-08-16 05:50:24,4.75,45.17,205.01,327.67,327.67,16.92,37.34,928.2009,-101,5.00,-101.0,5.0
4,2026-08-16 06:00:24,0.79,1.86,7.69,88.63,327.67,17.29,36.44,928.2351,-101,4.50,-101.0,4.5
4,2026-08-16 06:10:24,1.54,10.03,45.14,327.67,327.67,17.47,35.93,928.2595,-102,4.50,-102.0,4.5
4,2026-08-16 06:20:24,1.60,10.34,45.74,327.67,327.67,16.61,41.35,928.3857,-100,4.00,-100.0,4.0
4,2026-08-16 06:30:24,1.79,12.32,56.21,327.67,327.67,15.99,40.75,928.3016,-100,5.75,-100.0,5.75
4,2026-08-16 06:40:24,1.62,10.85,51.26,327.67,327.67,17.03,37.11,928.2900,-101,4.50,-101.0,4.5
4,2026-08-16 06:50:24,0.81,1.94,7.41,123.18,327.67,17.47,36.99,928.2720,-102,4.50,-102.0,4.5
4,2026-08-16 07:00:24,1.57,9.69,46.20,327.67,327.67,16.37,40.73,928.3166,-100,5.25,-100.0,5.25
4,2026-08-16 07:10:24,1.05,4.29,16.23,327.67,327.67,16.90,38.42,928.3439,-101,4.75,-101.0,4.75
4,2026-08-16 07:20:24,0.68,1.08,4.36,43.07,327.67,16.13,40.51,928.3282,-100,4.50,-100.0,4.5
4,2026-08-16 07:30:24,1.45,9.58,44.15,327.67,327.67,17.08,37.84,928.2249,-100,5.50,-100.0,5.5
4,2026-08-16 07:40:24,2.68,25.40,125.42,327.67,327.67,17.34,37.27,928.2210,-101,4.25,-101.0,4.25
4,2026-08-16 07:50:24,0.71,1.16,4.23,36.80,327.67,16.10,41.35,928.3252,-101,4.75,-101.0,4.75
4,2026-08-16 08:00:24,1.07,5.37,27.92,327.67,327.67,17.32,37.21,928.1980,-101,4.50,-101.0,4.5
4,2026-08-16 08:10:24,0.93,3.91,17.21,327.67,327.67,16.56,39.64,928.3111,-101,4.50,-101.0,4.5
4,2026-08-16 08:20:24,1.26,7.45,34.20,327.67,327.67,17.08,37.42,928.4457,-100,5.25,-100.0,5.25
4,2026-08-16 08:30:24,0.79,2.33,9.03,104.73,327.67,17.82,37.21,928.5592,-100,5.75,-100.0,5.75
4,2026-08-16 08:40:24,0.64,1.14,3.76,40.73,327.67,18.68,35.05,928.5492,-101,4.50,-101.0,4.5
4,2026-08-16 08:50:24,0.75,2.16,9.50,166.76,327.67,18.71,35.04,928.5326,-101,5.00,-101.0,5.0
4,2026-08-16 09:00:24,0.60,0.95,3.79,31.24,327.67,20.55,32.20,928.5148,-101,5.00,-101.0,5.0
4,2026-08-16 09:10:24,0.68,1.13,3.52,27.25,327.67,19.73,34.99,928.5166,-101,5.00,-101.0,5.0
4,2026-08-16 09:20:24,0.68,1.14,4.17,30.94,327.67,19.39,34.92,928.5004,-101,4.00,-101.0,4.0
4,2026-08-16 09:30:24,0.62,1.02,3.10,24.25,327.67,20.72,32.26,928.3787,-100,4.75,-100.0,4.75
4,2026-08-16 09:40:24,0.56,0.91,4.43,42.37,327.67,21.47,30.83,928.2266,-100,4.75,-100.0,4.75
4,2026-08-16 09:50:24,0.58,0.96,3.04,26.02,327.67,21.90,29.78,928.1535,-101,5.50,-101.0,5.5
4,2026-08-16 10:00:24,0.64,1.85,9.63,134.50,327.67,21.66,28.43,927.9048,-101,5.25,-101.0,5.25
4,2026-08-16 10:10:24,3.16,26.81,128.72,327.67,327.67,20.54,30.69,927.7140,-100,5.00,-100.0,5.0
4,2026-08-16 10:20:24,0.62,1.60,7.16,83.77,327.67,20.13,31.19,927.7425,-101,4.50,-101.0,4.5
4,2026-08-16 10:30:24,1.20,6.92,30.43,327.67,327.67,20.50,30.81,927.7520,-101,5.50,-101.0,5.5
4,2026-08-16 10:40:24,1.48,10.44,42.51,327.67,327.67,20.82,29.70,927.7719,-100,6.00,-100.0,6.0
4,2026-08-16 10:50:24,0.83,3.56,17.30,198.07,327.67,20.71,29.99,927.6054,-100,5.00,-100.0,5.0
4,2026-08-16 11:00:24,4.09,36.55,162.31,327.67,327.67,21.50,29.12,927.5206,-100,5.50,-100.0,5.5
4,2026-08-16 11:10:24,2.12,16.06,72.45,327.67,327.67,21.40,28.95,927.3800,-101,5.00,-101.0,5.0
4,2026-08-16 11:20:24,0.70,2.28,9.41,165.62,327.67,21.67,29.88,927.3156,-102,4.00,-102.0,4.0
4,2026-08-16 11:30:24,0.65,2.07,8.18,325.34,327.67,21.64,28.67,927.3519,-102,3.75,-102.0,3.75
4,2026-08-16 11:40:24,0.52,0.91,4.13,58.20,327.67,21.72,28.40,927.2933,-101,5.00,-101.0,5.0
4,2026-08-16 11:50:24,0.49,0.90,3.67,32.82,327.67,22.88,26.78,927.1057,-102,3.75,-102.0,3.75
4,2026-08-16 12:00:24,0.66,2.43,11.06,327.67,327.67,23.25,26.44,926.9100,-101,4.50,-101.0,4.5
4,2026-08-16 12:10:24,0.50,0.96,5.08,28.55,327.67,22.56,27.71,926.8062,-101,4.25,-101.0,4.25
4,2026-08-16 12:20:24,0.54,0.90,3.42,42.04,327.67,23.37,26.24,926.8382,-102,4.25,-102.0,4.25
4,2026-08-16 12:30:24,0.49,0.89,4.68,35.28,327.67,23.82,25.53,926.7637,-102,4.00,-102.0,4.0
4,2026-08-16 12:40:24,0.48,0.85,3.85,52.81,327.67,24.95,24.21,926.7156,-101,5.00,-101.0,5.0
4,2026-08-16 12:50:24,0.48,0.89,5.06,39.23,327.67,25.78,23.71,926.5030,-102,4.00,-102.0,4.0
4,2026-08-16 13:00:24,0.46,0.88,4.44,34.28,327.67,26.54,23.07,926.4004,-101,4.50,-101.0,4.5
4,2026-08-16 13:10:24,0.50,0.89,4.55,30.75,327.67,26.96,22.61,926.3268,-103,3.50,-103.0,3.5
4,2026-08-16 13:20:24,0.48,0.95,5.42,32.63,327.67,27.04,22.46,926.0976,-101,3.75,-101.0,3.75
4,2026-08-16 13:30:24,0.47,0.95,5.26,52.82,327.67,25.75,24.14,926.0457,-101,4.50,-101.0,4.5
4,2026-08-16 13:40:24,0.48,1.01,5.83,32.22,327.67,25.71,24.18,926.0014,-103,2.75,-103.0,2.75
4,2026-08-16 13:50:24,0.48,1.12,8.33,43.70,327.67,25.63,23.89,925.9335,-102,3.75,-102.0,3.75
4,2026-08-16 14:00:24,0.44,0.97,7.54,88.00,327.67,25.53,24.59,925.9088,-102,3.25,-102.0,3.25
4,2026-08-16 14:10:24,1.12,6.47,29.56,327.67,327.67,25.81,23.43,925.8358,-101,4.50,-101.0,4.5
4,2026-08-16 14:20:24,0.44,1.00,6.85,47.66,327.67,26.00,23.16,925.8297,-101,4.75,-101.0,4.75
4,2026-08-16 14:30:24,0.42,1.01,8.70,42.84,327.67,26.79,22.77,925.8899,-102,3.50,-102.0,3.5
4,2026-08-16 14:40:24,2.53,20.46,90.63,327.67,327.67,27.06,22.52,925.8236,-101,4.75,-101.0,4.75
4,2026-08-16 14:50:24,0.80,4.42,21.26,236.94,327.67,26.91,22.94,925.6981,-101,4.00,-101.0,4.0
4,2026-08-16 15:00:24,3.87,34.47,163.93,327.67,327.67,26.37,23.58,925.5436,-102,3.50,-102.0,3.5
4,2026-08-16 15:10:24,11.59,114.94,327.67,327.67,327.67,25.33,23.91,925.2537,-100,5.75,-100.0,5.75
4,2026-08-16 15:20:24,17.37,173.60,327.67,327.67,327.67,25.22,24.96,925.1876,-101,4.00,-101.0,4.0
4,2026-08-16 15:30:24,15.41,153.78,327.67,327.67,327.67,25.03,25.34,925.2026,-103,3.75,-103.0,3.75
4,2026-08-16 15:40:24,6.34,59.44,268.22,327.67,327.67,24.96,26.09,925.1227,-103,3.50,-103.0,3.5
4,2026-08-16 15:50:24,12.92,136.34,327.67,327.67,327.67,24.70,26.24,925.0740,-102,3.50,-102.0,3.5
4,2026-08-16 16:00:24,6.35,63.17,277.31,327.67,327.67,24.80,26.69,925.0987,-102,4.00,-102.0,4.0
4,2026-08-16 16:10:24,8.95,86.28,327.67,327.67,327.67,25.32,26.49,925.0124,-101,4.75,-101.0,4.75
4,2026-08-16 16:20:24,8.43,78.88,327.67,327.67,327.67,24.71,26.85,924.8968,-102,3.75,-102.0,3.75
4,2026-08-16 16:30:24,5.56,51.47,220.64,327.67,327.67,25.38,27.09,924.8680,-101,5.25,-101.0,5.25
4,2026-08-16 16:40:24,11.89,126.17,327.67,327.67,327.67,25.02,26.74,924.7528,-102,4.50,-102.0,4.5
4,2026-08-16 16:50:24,13.04,126.01,327.67,327.67,327.67,24.48,27.34,924.6692,-102,4.75,-102.0,4.75
4,2026-08-16 17:00:24,6.72,65.14,305.01,327.67,327.67,24.65,28.42,924.7851,-103,3.25,-103.0,3.25
4,2026-08-16 17:10:24,21.64,230.13,327.67,327.67,327.67,24.13,29.04,924.7169,-104,3.00,-104.0,3.0
4,2026-08-16 17:20:24,18.28,182.88,327.67,327.67,327.67,22.90,31.32,924.6900,-102,5.00,-102.0,5.0
4,2026-08-16 17:30:24,21.18,225.02,327.67,327.67,327.67,22.52,32.19,924.5362,-101,4.50,-101.0,4.5
4,2026-08-16 17:40:24,21.70,224.66,327.67,327.67,327.67,22.49,32.17,924.5631,-102,5.25,-102.0,5.25
4,2026-08-16 17:50:24,17.73,185.03,327.67,327.67,327.67,22.32,33.10,924.5641,-101,5.00,-101.0,5.0
4,2026-08-16 18:00:24,9.74,100.20,327.67,327.67,327.67,22.41,33.79,924.4144,-102,5.00,-102.0,5.0
4,2026-08-16 18:10:24,9.99,103.18,327.67,327.67,327.67,23.00,33.32,924.3752,-101,5.50,-101.0,5.5
4,2026-08-16 18:20:24,6.54,64.08,280.09,327.67,327.67,22.77,33.21,924.4288,-101,5.25,-101.0,5.25
4,2026-08-16 18:30:24,43.99,327.67,327.67,327.67,327.67,22.69,33.01,924.2183,-100,6.25,-100.0,6.25
4,2026-08-16 18:40:24,30.97,327.67,327.67,327.67,327.67,22.95,33.04,924.1908,-101,4.50,-101.0,4.5
4,2026-08-16 18:50:24,20.61,209.88,327.67,327.67,327.67,23.73,31.48,924.1886,-100,6.00,-100.0,6.0
4,2026-08-16 19:00:24,41.50,327.67,327.67,327.67,327.67,23.04,32.26,923.9541,-101,5.50,-101.0,5.5
4,2026-08-16 19:10:24,10.18,123.73,327.67,327.67,327.67,22.50,32.33,923.8887,-102,4.75,-102.0,4.75
4,2026-08-16 19:20:24,21.60,239.35,327.67,327.67,327.67,22.59,33.16,923.8383,-102,4.50,-102.0,4.5
4,2026-08-16 19:30:24,17.43,191.55,327.67,327.67,327.67,21.82,35.45,923.7024,-102,4.25,-102.0,4.25
4,2026-08-16 19:40:24,14.22,154.37,327.67,327.67,327.67,20.62,37.94,923.5446,-101,5.00,-101.0,5.0
4,2026-08-16 19:50:24,23.99,281.73,327.67,327.67,327.67,20.34,39.60,923.2939,-101,4.25,-101.0,4.25
4,2026-08-16 20:00:24,32.92,327.67,327.67,327.67,327.67,19.82,41.34,922.9536,-102,5.25,-102.0,5.25
4,2026-08-16 20:10:24,35.14,327.67,327.67,327.67,327.67,19.39,42.48,922.7363,-104,3.25,-104.0,3.25
4,2026-08-16 20:20:24,37.97,327.67,327.67,327.67,327.67,18.99,43.38,922.6159,-105,2.75,-105.0,2.75
4,2026-08-16 20:30:24,27.52,327.67,327.67,327.67,327.67,18.82,43.72,922.6444,-104,2.50,-104.0,2.5
4,2026-08-16 20:40:24,34.21,327.67,327.67,327.67,327.67,18.72,44.04,922.4323,-102,4.00,-102.0,4.0
4,2026-08-16 20:50:24,38.71,327.67,327.67,327.67,327.67,18.25,45.18,922.3337,-103,4.50,-103.0,4.5
4,2026-08-16 21:00:24,38.62,327.67,327.67,327.67,327.67,18.24,44.89,922.2123,-101,5.50,-101.0,5.5
4,2026-08-16 21:10:24,27.29,327.67,327.67,327.67,327.67,18.02,46.28,922.2435,-101,5.25,-101.0,5.25
4,2026-08-16 21:20:24,21.86,285.50,327.67,327.67,327.67,17.83,47.08,922.2781,-104,2.25,-104.0,2.25
4,2026-08-16 21:30:24,29.86,327.67,327.67,327.67,327.67,17.50,47.63,922.2511,-102,4.25,-102.0,4.25
4,2026-08-16 21:40:24,34.22,327.67,327.67,327.67,327.67,17.24,48.36,922.0700,-101,5.25,-101.0,5.25
4,2026-08-16 21:50:24,22.43,286.87,327.67,327.67,327.67,17.43,47.85,922.2019,-102,3.75,-102.0,3.75
4,2026-08-16 22:00:24,5.50,71.25,327.67,327.67,327.67,17.15,48.45,922.3840,-102,5.25,-102.0,5.25
4,2026-08-16 22:20:24,8.61,111.68,327.67,327.67,327.67,17.47,47.15,922.2136,-102,5.75,-102.0,5.75
4,2026-08-16 22:30:24,6.80,87.07,327.67,327.67,327.67,17.44,46.95,922.0665,-103,3.75,-103.0,3.75
4,2026-08-16 22:40:24,5.52,70.58,327.67,327.67,327.67,17.31,47.00,922.0122,-102,4.75,-102.0,4.75
4,2026-08-16 22:50:24,5.49,69.71,327.67,327.67,327.67,17.37,46.70,921.9222,-101,4.50,-101.0,4.5
4,2026-08-16 23:00:24,12.53,170.18,327.67,327.67,327.67,17.27,47.26,921.7865,-102,4.50,-102.0,4.5
4,2026-08-16 23:10:24,20.96,289.12,327.67,327.67,327.67,16.96,47.82,921.6717,-102,5.00,-102.0,5.0
4,2026-08-16 23:20:24,18.35,250.65,327.67,327.67,327.67,16.72,48.75,921.5760,-102,3.75,-102.0,3.75
4,2026-08-16 23:30:24,6.45,86.88,327.67,327.67,327.67,16.79,49.06,921.6064,-101,4.75,-101.0,4.75
4,2026-08-16 23:40:24,5.98,81.20,327.67,327.67,327.67,16.96,48.64,921.5535,-102,4.50,-102.0,4.5
4,2026-08-16 23:50:24,0.73,7.85,49.11,327.67,327.67,17.04,47.54,921.6353,-101,5.75,-101.0,5.75
4,2026-08-17 00:00:24,0.51,5.30,31.16,327.67,327.67,17.16,47.25,921.4642,-103,3.50,-103.0,3.5
4,2026-08-17 00:10:24,0.49,4.77,36.17,137.62,327.67,17.03,48.03,921.3236,-101,5.50,-101.0,5.5
4,2026-08-17 00:20:24,0.37,3.38,27.57,118.76,327.67,16.97,48.14,921.1964,-99,6.50,-99.0,6.5
4,2026-08-17 00:30:24,0.40,3.83,36.97,327.67,327.67,16.58,49.72,921.2226,-101,4.25,-101.0,4.25
4,2026-08-17 00:40:24,0.32,2.90,24.01,109.81,327.67,16.76,48.36,921.1812,-101,5.25,-101.0,5.25
4,2026-08-17 00:50:24,0.31,2.91,24.40,115.96,327.67,17.20,47.77,921.1343,-101,4.50,-101.0,4.5
4,2026-08-17 01:00:24,0.54,5.63,33.89,327.67,327.67,17.34,47.79,921.1044,-101,4.50,-101.0,4.5
4,2026-08-17 01:20:24,0.23,1.93,15.98,65.08,327.67,16.83,49.37,920.8672,-101,5.25,-101.0,5.25
4,2026-08-17 01:30:24,0.45,4.86,30.82,327.67,327.67,17.13,48.77,920.9376,-100,6.25,-100.0,6.25
4,2026-08-17 01:40:24,2.00,26.87,149.91,327.67,327.67,16.40,51.26,920.7079,-101,4.75,-101.0,4.75
4,2026-08-17 01:50:24,1.43,19.19,105.83,327.67,327.67,16.44,51.02,920.7276,-101,4.50,-101.0,4.5
4,2026-08-17 02:00:24,2.12,29.98,163.18,327.67,327.67,16.67,50.97,920.4315,-101,5.75,-101.0,5.75
4,2026-08-17 02:10:24,0.29,2.57,22.47,88.54,327.67,15.64,53.99,920.6069,-101,5.50,-101.0,5.5
4,2026-08-17 02:20:24,0.79,10.89,64.15,327.67,327.67,16.68,51.53,920.4077,-101,6.00,-101.0,6.0
4,2026-08-17 02:30:24,0.28,2.78,16.91,265.57,327.67,16.10,52.36,920.2354,-102,5.50,-102.0,5.5
4,2026-08-17 02:40:24,0.17,1.59,15.25,58.83,327.67,16.12,52.29,920.1470,-100,5.75,-100.0,5.75
4,2026-08-17 02:50:24,0.74,9.36,61.57,327.67,327.67,15.81,53.01,920.0794,-101,6.00,-101.0,6.0
4,2026-08-17 03:00:24,0.20,1.97,19.65,92.29,327.67,15.63,53.24,919.9708,-101,6.25,-101.0,6.25
4,2026-08-17 03:10:24,0.26,2.56,23.79,185.09,327.67,15.95,52.30,919.7810,-102,5.00,-102.0,5.0
4,2026-08-17 03:20:24,3.34,50.18,306.71,327.67,327.67,16.30,51.94,919.5483,-101,5.50,-101.0,5.5
4,2026-08-17 03:30:24,0.26,2.66,24.60,100.09,327.67,15.37,55.23,919.4665,-101,5.25,-101.0,5.25
4,2026-08-17 03:40:24,0.30,3.23,26.90,125.87,327.67,14.98,56.66,919.4085,-100,5.25,-100.0,5.25
4,2026-08-17 03:50:24,0.27,2.91,32.74,107.25,327.67,14.97,56.26,919.1099,-100,5.75,-100.0,5.75
4,2026-08-17 04:00:24,0.29,3.29,26.19,120.50,327.67,15.22,55.99,919.1027,-100,5.00,-100.0,5.0
4,2026-08-17 04:10:24,0.20,2.36,24.09,93.27,327.67,15.99,52.70,918.7641,-102,5.25,-102.0,5.25
4,2026-08-17 04:20:24,0.26,2.86,27.47,145.25,327.67,15.38,55.24,918.7152,-102,5.00,-102.0,5.0
4,2026-08-17 04:30:24,0.23,2.65,29.22,94.61,327.67,15.50,54.10,918.4852,-100,6.00,-100.0,6.0
4,2026-08-17 04:40:24,0.26,2.85,26.67,91.96,327.67,15.42,54.87,918.4806,-102,5.00,-102.0,5.0
4,2026-08-17 04:50:24,0.32,4.25,41.60,290.17,327.67,16.08,52.57,918.2579,-103,2.00,-103.0,2.0
4,2026-08-17 05:10:24,3.36,49.85,297.99,327.67,327.67,16.11,52.57,917.9232,-104,3.00,-104.0,3.0
4,2026-08-17 05:30:24,0.45,5.53,38.99,327.67,327.67,16.33,50.89,918.0129,-102,5.25,-102.0,5.25
4,2026-08-17 05:50:24,10.27,156.08,327.67,327.67,327.67,15.65,53.10,917.8694,-102,4.25,-102.0,4.25
4,2026-08-17 06:00:24,7.36,107.07,327.67,327.67,327.67,15.10,54.93,917.6492,-101,5.50,-101.0,5.5
4,2026-08-17 06:10:24,14.15,219.27,327.67,327.67,327.67,15.24,54.12,917.7050,-101,5.25,-101.0,5.25
4,2026-08-17 06:20:24,16.84,263.38,327.67,327.67,327.67,15.22,53.92,917.6415,-100,5.75,-100.0,5.75
4,2026-08-17 06:30:24,23.54,327.67,327.67,327.67,327.67,15.28,53.90,917.1931,-100,4.75,-100.0,4.75
4,2026-08-17 06:40:24,28.28,327.67,327.67,327.67,327.67,15.56,51.99,917.1124,-100,5.50,-100.0,5.5
4,2026-08-17 06:50:24,19.11,301.68,327.67,327.67,327.67,16.05,50.34,917.4766,-101,4.75,-101.0,4.75
4,2026-08-17 07:00:24,14.85,235.13,327.67,327.67,327.67,15.98,51.09,917.4057,-102,5.25,-102.0,5.25
4,2026-08-17 07:10:24,1.43,20.09,110.31,327.67,327.67,16.43,49.32,917.5511,-103,3.75,-103.0,3.75
4,2026-08-17 07:30:24,28.60,327.67,327.67,327.67,327.67,16.27,48.98,917.0098,-102,4.00,-102.0,4.0
4,2026-08-17 07:40:24,24.71,327.67,327.67,327.67,327.67,16.19,49.03,917.0879,-101,5.25,-101.0,5.25
4,2026-08-17 07:50:24,26.91,327.67,327.67,327.67,327.67,16.27,49.07,917.0004,-100,5.50,-100.0,5.5
4,2026-08-17 08:00:24,19.39,306.82,327.67,327.67,327.67,16.87,47.74,917.0808,-102,4.75,-102.0,4.75
4,2026-08-17 08:10:24,44.94,327.67,327.67,327.67,327.67,16.71,47.70,916.6950,-101,5.00,-101.0,5.0
4,2026-08-17 08:20:24,47.80,327.67,327.67,327.67,327.67,16.74,47.92,916.5040,-101,4.75,-101.0,4.75
4,2026-08-17 08:30:24,50.15,327.67,327.67,327.67,327.67,16.52,48.74,916.3501,-101,4.75,-101.0,4.75
4,2026-08-17 08:40:24,52.46,327.67,327.67,327.67,327.67,16.40,50.45,916.4359,-99,5.50,-99.0,5.5
4,2026-08-17 08:50:24,54.49,327.67,327.67,327.67,327.67,17.68,47.41,916.4987,-99,5.75,-99.0,5.75
4,2026-08-17 09:10:24,21.83,302.43,327.67,327.67,327.67,17.47,48.21,916.7046,-100,6.00,-100.0,6.0
4,2026-08-17 09:20:24,36.32,327.67,327.67,327.67,327.67,17.85,47.27,916.8447,-102,4.50,-102.0,4.5
4,2026-08-17 09:30:24,47.88,327.67,327.67,327.67,327.67,18.89,44.77,916.7605,-100,5.50,-100.0,5.5
4,2026-08-17 09:40:24,53.31,327.67,327.67,327.67,327.67,19.63,42.68,916.5620,-102,4.25,-102.0,4.25
4,2026-08-17 10:00:24,79.79,327.67,327.67,327.67,327.67,19.38,43.48,916.2942,-100,5.75,-100.0,5.75
4,2026-08-17 10:10:24,67.51,327.67,327.67,327.67,327.67,19.85,41.98,916.1080,-102,4.50,-102.0,4.5
4,2026-08-17 10:20:24,52.56,327.67,327.67,327.67,327.67,21.02,38.69,916.1846,-103,3.75,-103.0,3.75
4,2026-08-17 10:30:24,33.87,327.67,327.67,327.67,327.67,21.80,36.79,916.3306,-101,4.75,-101.0,4.75
4,2026-08-17 10:40:24,6.83,80.76,327.67,327.67,327.67,21.21,37.92,916.5567,-103,3.75,-103.0,3.75
4,2026-08-17 10:50:24,5.71,68.06,327.67,327.67,327.67,23.01,34.74,916.7348,-103,3.25,-103.0,3.25
4,2026-08-17 11:00:24,16.91,197.55,327.67,327.67,327.67,24.35,30.82,916.5551,-102,3.75,-102.0,3.75
4,2026-08-17 11:10:24,3.08,35.57,253.48,327.67,327.67,24.91,28.18,916.2261,-104,1.75,-104.0,1.75
4,2026-08-17 11:30:24,12.58,130.55,327.67,327.67,327.67,25.84,23.57,916.1856,-100,4.25,-100.0,4.25
4,2026-08-17 11:40:24,14.16,144.67,327.67,327.67,327.67,23.77,24.80,916.1045,-101,4.25,-101.0,4.25
4,2026-08-17 12:00:24,12.32,122.04,327.67,327.67,327.67,24.32,24.62,916.3402,-103,2.25,-103.0,2.25
4,2026-08-17 12:10:24,19.29,200.29,327.67,327.67,327.67,25.33,24.26,916.3065,-100,3.75,-100.0,3.75
4,2026-08-17 12:20:24,24.48,235.73,327.67,327.67,327.67,26.62,22.26,916.2487,-100,3.25,-100.0,3.25
4,2026-08-17 12:30:24,19.03,180.51,327.67,327.67,327.67,27.32,21.15,916.1095,-105,-0.25,-105.0,-0.25
4,2026-08-17 12:40:24,15.73,156.47,327.67,327.67,327.67,25.71,21.81,916.0028,-103,1.25,-103.0,1.25
4,2026-08-17 12:50:24,20.98,213.08,327.67,327.67,327.67,25.96,21.35,915.9104,-101,5.00,-101.0,5.0
4,2026-08-17 13:10:24,6.27,59.37,239.24,327.67,327.67,24.97,23.23,916.1454,-102,4.00,-102.0,4.0
4,2026-08-17 13:20:24,6.99,68.90,283.96,327.67,327.67,24.88,23.40,916.2584,-103,3.50,-103.0,3.5
4,2026-08-17 13:30:24,10.30,94.56,327.67,327.67,327.67,25.83,22.03,916.2476,-101,4.50,-101.0,4.5
4,2026-08-17 13:50:24,4.02,37.84,161.31,327.67,327.67,25.91,22.07,916.3048,-102,2.50,-102.0,2.5
4,2026-08-17 14:00:24,1.73,16.86,78.92,327.67,327.67,26.10,22.39,916.4500,-101,4.25,-101.0,4.25
4,2026-08-17 14:10:24,6.50,60.65,238.76,327.67,327.67,26.40,21.83,916.3914,-102,2.50,-102.0,2.5
4,2026-08-17 14:20:24,4.38,41.41,180.04,327.67,327.67,25.80,22.67,916.2908,-100,4.25,-100.0,4.25
4,2026-08-17 15:20:24,17.39,171.95,327.67,327.67,327.67,25.86,21.83,916.1251,-101,4.25,-101.0,4.25
4,2026-08-17 15:30:24,12.65,122.85,327.67,327.67,327.67,25.47,22.19,916.0469,-98,4.75,-98.0,4.75
4,2026-08-17 16:30:24,20.30,199.76,327.67,327.67,327.67,26.17,20.90,915.3281,-103,1.25,-103.0,1.25
4,2026-08-17 17:00:24,19.21,197.37,327.67,327.67,327.67,26.93,20.22,915.4832,-100,2.75,-100.0,2.75
4,2026-08-17 17:10:24,11.33,109.38,327.67,327.67,327.67,26.56,20.29,915.5813,-102,2.75,-102.0,2.75
4,2026-08-17 17:20:24,19.68,198.83,327.67,327.67,327.67,27.29,19.93,915.5801,-103,4.00,-103.0,4.0
4,2026-08-17 17:40:24,20.26,191.46,327.67,327.67,327.67,27.81,18.80,915.5267,-102,0.00,-102.0,0.0
4,2026-08-17 18:00:24,20.36,196.46,327.67,327.67,327.67,27.25,19.45,915.5676,-100,4.75,-100.0,4.75
4,2026-08-17 19:40:24,8.96,86.41,327.67,327.67,327.67,24.67,22.27,916.0379,-103,3.75,-103.0,3.75
4,2026-08-17 20:10:24,1.95,19.20,100.58,327.67,327.67,25.27,21.50,916.3305,-101,3.25,-101.0,3.25
4,2026-08-17 20:40:24,34.90,327.67,327.67,327.67,327.67,23.95,23.89,916.1630,-103,1.00,-103.0,1.0
4,2026-08-17 20:50:24,11.80,115.45,327.67,327.67,327.67,23.60,24.11,916.4342,-103,2.75,-103.0,2.75
4,2026-08-17 21:00:24,8.25,86.14,327.67,327.67,327.67,23.49,24.18,916.7727,-102,2.25,-102.0,2.25
4,2026-08-17 21:10:24,26.98,296.53,327.67,327.67,327.67,22.50,26.56,916.7864,-103,3.75,-103.0,3.75
4,2026-08-17 21:50:24,10.93,116.60,327.67,327.67,327.67,20.80,28.04,917.4706,-101,3.75,-101.0,3.75
4,2026-08-17 22:00:24,11.97,131.70,327.67,327.67,327.67,20.22,28.46,917.6110,-101,3.25,-101.0,3.25
4,2026-08-17 22:10:24,12.41,132.14,327.67,327.67,327.67,18.98,31.66,917.6867,-101,3.75,-101.0,3.75
4,2026-08-17 22:20:24,22.35,253.95,327.67,327.67,327.67,18.16,33.48,917.8321,-103,3.75,-103.0,3.75
4,2026-08-17 22:30:24,43.95,327.67,327.67,327.67,327.67,17.88,33.85,917.8162,-102,4.25,-102.0,4.25
4,2026-08-17 22:40:24,43.45,327.67,327.67,327.67,327.67,17.69,33.87,917.9229,-102,5.00,-102.0,5.0
4,2026-08-17 22:50:24,53.34,327.67,327.67,327.67,327.67,17.44,34.26,917.9990,-102,3.75,-102.0,3.75
4,2026-08-17 23:00:24,48.43,327.67,327.67,327.67,327.67,17.14,34.65,918.1072,-100,4.50,-100.0,4.5
4,2026-08-17 23:10:24,46.65,327.67,327.67,327.67,327.67,16.94,35.18,918.3673,-101,4.25,-101.0,4.25
4,2026-08-17 23:20:24,50.81,327.67,327.67,327.67,327.67,16.19,36.95,918.5008,-103,3.25,-103.0,3.25
4,2026-08-17 23:40:24,37.34,327.67,327.67,327.67,327.67,15.58,38.03,918.7127,-103,3.00,-103.0,3.0
4,2026-08-17 23:50:24,32.07,327.67,327.67,327.67,327.67,15.74,37.39,918.9074,-104,1.75,-104.0,1.75
4,2026-08-18 00:10:24,20.38,242.88,327.67,327.67,327.67,16.30,36.55,919.1882,-103,3.50,-103.0,3.5
4,2026-08-18 00:20:24,17.59,199.98,327.67,327.67,327.67,15.94,37.30,919.4076,-102,3.00,-102.0,3.0
4,2026-08-18 00:30:24,17.08,194.78,327.67,327.67,327.67,15.68,38.24,919.5633,-103,2.50,-103.0,2.5
4,2026-08-18 00:50:24,17.00,198.10,327.67,327.67,327.67,15.54,38.46,919.7308,-103,3.75,-103.0,3.75
4,2026-08-18 01:00:24,19.05,222.67,327.67,327.67,327.67,14.93,40.10,919.8450,-102,2.50,-102.0,2.5
4,2026-08-18 01:10:24,3.98,42.79,190.90,327.67,327.67,15.13,39.27,920.1462,-102,2.75,-102.0,2.75
4,2026-08-18 01:20:24,9.29,108.71,327.67,327.67,327.67,15.25,39.42,920.2280,-103,2.50,-103.0,2.5
4,2026-08-18 01:40:24,2.44,27.36,135.18,327.67,327.67,13.83,44.24,920.6950,-103,4.00,-103.0,4.0
4,2026-08-18 01:50:24,7.31,85.40,327.67,327.67,327.67,14.60,41.35,920.7669,-103,3.25,-103.0,3.25
4,2026-08-18 02:00:24,9.92,118.48,327.67,327.67,327.67,14.41,41.98,920.8424,-102,2.50,-102.0,2.5
4,2026-08-18 02:10:24,3.10,34.21,159.95,327.67,327.67,14.20,42.40,921.1338,-102,3.75,-102.0,3.75
4,2026-08-18 02:20:24,0.41,2.64,10.75,100.87,327.67,13.89,43.39,921.3501,-102,2.25,-102.0,2.25
4,2026-08-18 02:30:24,0.53,4.10,19.94,218.89,327.67,13.85,43.69,921.4614,-102,3.25,-102.0,3.25
4,2026-08-18 02:40:24,1.11,10.43,52.72,327.67,327.67,13.18,45.89,921.6097,-102,4.25,-102.0,4.25
4,2026-08-18 02:50:24,0.39,2.17,12.21,59.67,327.67,12.31,48.47,921.9664,-101,3.00,-101.0,3.0
4,2026-08-18 03:00:24,0.36,1.69,7.87,60.40,327.67,11.70,49.79,922.0637,-101,5.25,-101.0,5.25
4,2026-08-18 03:20:24,0.33,1.35,8.83,54.33,327.67,11.64,50.14,922.3932,-102,3.75,-102.0,3.75
4,2026-08-18 03:30:24,0.32,1.42,6.46,35.65,327.67,11.80,50.05,922.4206,-103,3.75,-103.0,3.75
4,2026-08-18 03:40:24,0.34,1.49,6.26,42.24,327.67,10.90,53.50,922.3918,-101,5.00,-101.0,5.0
4,2026-08-18 03:50:24,0.31,1.17,5.11,38.14,327.67,11.05,53.18,922.4955,-103,4.00,-103.0,4.0
4,2026-08-18 04:00:24,0.37,1.91,8.68,45.19,327.67,10.75,53.93,922.6212,-102,4.25,-102.0,4.25
4,2026-08-18 04:10:24,0.35,1.55,5.77,31.84,327.67,10.09,55.90,922.8663,-102,3.75,-102.0,3.75
4,2026-08-18 04:20:24,0.29,1.04,5.03,27.75,327.67,10.28,55.03,922.9352,-100,4.75,-100.0,4.75
4,2026-08-18 04:30:24,0.85,7.65,35.49,266.15,327.67,11.94,51.04,922.8645,-102,5.50,-102.0,5.5
4,2026-08-18 04:40:24,0.51,3.60,13.73,143.06,327.67,12.35,50.10,922.7965,-101,5.25,-101.0,5.25
4,2026-08-18 04:50:24,0.30,1.00,3.60,28.27,327.67,12.04,50.93,922.9162,-102,3.25,-102.0,3.25
4,2026-08-18 05:00:24,0.76,7.10,35.65,327.67,327.67,12.16,50.12,922.9566,-103,4.00,-103.0,4.0
4,2026-08-18 05:10:24,1.22,12.64,66.23,327.67,327.67,12.28,49.94,923.1169,-102,3.00,-102.0,3.0
4,2026-08-18 05:20:24,1.59,18.15,95.28,327.67,327.67,12.05,50.50,923.1768,-101,3.25,-101.0,3.25
4,2026-08-18 05:30:24,0.96,9.86,50.20,327.67,327.67,11.65,52.61,923.2757,-101,4.25,-101.0,4.25
4,2026-08-18 05:40:24,0.88,8.51,46.03,327.67,327.67,11.54,52.99,923.3307,-102,4.00,-102.0,4.0
4,2026-08-18 06:00:24,1.33,14.93,77.24,327.67,327.67,11.51,52.81,923.4334,-101,5.25,-101.0,5.25
4,2026-08-18 06:10:24,0.33,1.07,3.40,29.94,327.67,11.37,53.42,923.6890,-102,3.75,-102.0,3.75
4,2026-08-18 06:20:24,0.68,5.67,29.14,327.67,327.67,10.96,54.38,923.7367,-102,3.50,-102.0,3.5
4,2026-08-18 06:30:24,1.03,10.43,53.68,327.67,327.67,11.44,53.20,923.8760,-102,3.50,-102.0,3.5
4,2026-08-18 06:40:24,0.30,0.86,2.59,28.94,327.67,11.58,53.01,923.9470,-102,3.00,-102.0,3.0
4,2026-08-18 06:50:24,0.60,5.08,24.51,323.79,327.67,11.41,53.31,923.8266,-102,4.00,-102.0,4.0
4,2026-08-18 07:00:24,0.43,2.50,11.51,108.89,327.67,11.71,52.43,923.9116,-101,5.50,-101.0,5.5
4,2026-08-18 07:10:24,0.36,1.15,3.60,29.13,327.67,9.50,60.10,924.0658,-102,5.00,-102.0,5.0
4,2026-08-18 07:20:24,0.55,3.87,19.98,327.67,327.67,9.37,61.11,924.1029,-102,4.50,-102.0,4.5
4,2026-08-18 07:30:24,0.34,1.14,3.50,30.21,327.67,10.04,58.45,924.1339,-102,3.50,-102.0,3.5
4,2026-08-18 07:40:24,0.33,1.03,2.57,32.98,327.67,10.12,58.47,924.1411,-101,4.50,-101.0,4.5
4,2026-08-18 07:50:24,0.40,2.45,14.16,327.67,327.67,13.92,48.22,924.1559,-102,3.75,-102.0,3.75
4,2026-08-18 08:00:24,0.30,0.91,2.69,33.42,327.67,11.47,55.26,924.3450,-101,4.50,-101.0,4.5
4,2026-08-18 08:10:24,0.29,0.86,2.54,30.38,327.67,12.56,52.60,924.4589,-102,3.75,-102.0,3.75
4,2026-08-18 08:20:24,0.27,0.81,2.44,26.90,327.67,14.30,47.43,924.5428,-101,3.00,-101.0,3.0
4,2026-08-18 08:30:24,0.43,2.93,12.99,288.18,327.67,13.63,49.20,924.5938,-102,4.00,-102.0,4.0
4,2026-08-18 08:40:24,0.27,0.88,3.21,35.06,327.67,14.13,47.78,924.6053,-102,4.25,-102.0,4.25
4,2026-08-18 08:50:24,0.29,0.95,2.53,38.29,327.67,13.63,49.67,924.6450,-101,4.00,-101.0,4.0
4,2026-08-18 09:00:24,0.28,0.82,2.51,29.39,327.67,15.30,44.82,924.6377,-101,5.25,-101.0,5.25
4,2026-08-18 09:10:24,0.28,0.81,3.22,33.55,327.67,14.96,45.68,924.6858,-101,4.50,-101.0,4.5
4,2026-08-18 09:20:24,0.26,0.79,3.41,49.60,327.67,15.43,44.47,924.7376,-101,5.00,-101.0,5.0
4,2026-08-18 09:30:24,0.27,0.89,3.17,34.31,327.67,15.35,44.87,924.8044,-103,3.75,-103.0,3.75
4,2026-08-18 09:40:24,0.25,0.80,2.45,29.90,327.67,14.84,46.46,924.8378,-103,4.00,-103.0,4.0
4,2026-08-18 09:50:24,0.24,0.75,2.27,22.52,327.67,16.19,43.73,924.7836,-102,4.00,-102.0,4.0
4,2026-08-18 10:00:24,0.24,0.76,3.08,37.59,327.67,16.34,42.90,924.7630,-103,4.25,-103.0,4.25
4,2026-08-18 10:10:24,0.23,0.70,2.49,30.80,327.67,16.69,42.17,924.8241,-101,4.00,-101.0,4.0
4,2026-08-18 10:20:24,0.22,0.69,3.44,42.16,327.67,17.85,39.11,924.8049,-102,4.50,-102.0,4.5
4,2026-08-18 10:30:24,0.23,0.66,2.02,28.92,327.67,18.20,37.93,924.7815,-102,4.25,-102.0,4.25
4,2026-08-18 10:40:24,0.21,0.65,2.25,46.22,327.67,18.33,38.38,924.7778,-102,5.25,-102.0,5.25
4,2026-08-18 10:50:24,0.20,0.49,1.67,27.49,327.67,18.73,37.53,924.7376,-102,4.25,-102.0,4.25
4,2026-08-18 11:00:24,0.21,0.55,2.68,24.67,327.67,18.39,38.59,924.7447,-101,3.75,-101.0,3.75
4,2026-08-18 11:10:24,0.20,0.51,2.10,25.06,327.67,19.42,37.23,924.7253,-102,4.50,-102.0,4.5
4,2026-08-18 11:20:24,0.21,0.48,1.58,24.21,327.67,20.01,35.11,924.6664,-102,3.75,-102.0,3.75
4,2026-08-18 11:30:24,0.21,0.47,1.94,39.98,327.67,20.83,32.74,924.5852,-101,5.25,-101.0,5.25
4,2026-08-18 11:40:24,0.22,0.45,1.35,31.50,327.67,21.06,31.83,924.5104,-102,5.00,-102.0,5.0
4,2026-08-18 11:50:24,0.22,0.46,1.51,21.76,327.67,21.02,32.33,924.4448,-101,5.25,-101.0,5.25
4,2026-08-18 12:00:24,0.20,0.58,1.94,21.25,327.67,21.37,32.21,924.3964,-101,5.50,-101.0,5.5
4,2026-08-18 12:10:24,0.20,0.50,2.17,25.58,327.67,21.17,32.96,924.4066,-102,4.75,-102.0,4.75
4,2026-08-18 12:20:24,0.21,0.55,8.04,327.67,327.67,20.62,34.41,924.3162,-102,4.50,-102.0,4.5
4,2026-08-18 12:30:24,0.22,0.52,1.47,15.82,327.67,21.42,32.68,924.3077,-102,4.50,-102.0,4.5
4,2026-08-18 12:40:24,0.25,0.54,2.44,39.37,327.67,21.82,31.20,924.2753,-102,4.00,-102.0,4.0
4,2026-08-18 12:50:24,0.22,0.49,3.88,52.38,327.67,22.37,30.46,924.2073,-102,3.75,-102.0,3.75
4,2026-08-18 13:00:24,0.28,0.74,2.42,94.82,327.67,22.22,30.03,924.1444,-102,4.00,-102.0,4.0
4,2026-08-18 13:10:24,0.24,0.47,2.18,25.23,327.67,21.99,29.82,924.1579,-103,3.75,-103.0,3.75
4,2026-08-18 13:20:24,0.24,0.49,1.72,38.86,327.67,22.38,29.79,924.1111,-102,4.00,-102.0,4.0
4,2026-08-18 13:30:24,0.25,0.54,2.29,24.86,327.67,22.49,30.25,924.0626,-103,3.75,-103.0,3.75
4,2026-08-18 13:40:24,0.26,0.59,1.84,24.97,327.67,24.14,27.11,924.0426,-102,4.25,-102.0,4.25
4,2026-08-18 13:50:24,0.24,0.47,2.49,28.08,327.67,25.29,25.68,923.9738,-101,4.75,-101.0,4.75
4,2026-08-18 14:10:24,0.25,0.46,1.64,28.48,327.67,25.96,24.40,923.9977,-102,4.00,-102.0,4.0
4,2026-08-18 14:20:24,0.24,0.35,0.98,28.08,327.67,25.88,24.28,923.9620,-103,2.75,-103.0,2.75
4,2026-08-18 14:30:24,0.25,0.43,1.38,26.80,327.67,25.96,24.21,923.9365,-103,3.25,-103.0,3.25
4,2026-08-18 14:40:24,0.27,0.44,1.08,21.98,327.67,25.55,24.44,923.9270,-102,4.00,-102.0,4.0
4,2026-08-18 14:50:24,0.26,0.38,1.75,24.58,327.67,25.72,24.37,923.9352,-103,3.50,-103.0,3.5
4,2026-08-18 15:00:24,0.25,0.39,1.36,27.24,327.67,26.85,23.06,923.9477,-103,2.75,-103.0,2.75
4,2026-08-18 15:10:24,0.24,0.33,1.14,25.51,327.67,27.59,22.32,923.9189,-103,3.75,-103.0,3.75
4,2026-08-18 15:20:24,0.24,0.36,0.98,25.25,327.67,28.19,21.66,923.9607,-102,4.00,-102.0,4.0
4,2026-08-18 15:30:24,0.23,0.38,1.16,20.71,327.67,28.37,21.42,923.9802,-102,3.75,-102.0,3.75
4,2026-08-18 15:40:24,0.27,0.43,1.45,24.85,327.67,29.10,20.15,923.9769,-104,3.00,-104.0,3.0
4,2026-08-18 15:50:24,0.26,0.41,1.35,24.51,327.67,29.82,19.55,923.9269,-105,1.75,-105.0,1.75
4,2026-08-18 16:10:24,0.28,0.44,1.99,25.46,327.67,28.82,20.60,923.8919,-104,2.25,-104.0,2.25
4,2026-08-18 16:20:24,0.29,0.46,1.44,24.39,327.67,29.09,20.46,923.7851,-103,3.75,-103.0,3.75
4,2026-08-18 16:30:24,0.29,0.46,1.82,24.55,327.67,27.90,21.93,923.6735,-104,2.25,-104.0,2.25
4,2026-08-18 16:40:24,0.30,0.48,2.61,25.12,327.67,27.47,21.69,923.7252,-103,3.00,-103.0,3.0
4,2026-08-18 16:50:24,0.30,0.45,2.13,27.49,327.67,29.77,19.36,923.6629,-104,1.50,-104.0,1.5
4,2026-08-18 17:00:24,0.32,0.53,2.79,36.40,327.67,30.61,18.59,923.6409,-103,2.25,-103.0,2.25
4,2026-08-18 17:10:24,0.77,4.37,16.70,327.67,327.67,29.68,18.68,923.4968,-104,2.25,-104.0,2.25
4,2026-08-18 17:20:24,0.98,6.10,24.22,327.67,327.67,27.89,19.84,923.4299,-103,2.75,-103.0,2.75
4,2026-08-18 17:30:24,10.52,93.89,327.67,327.67,327.67,27.09,21.28,923.2692,-103,2.00,-103.0,2.0
4,2026-08-18 17:40:24,3.82,33.39,136.33,327.67,327.67,26.02,23.43,923.2994,-103,2.25,-103.0,2.25
4,2026-08-18 17:50:24,2.55,19.93,79.71,327.67,327.67,26.44,22.86,923.3563,-103,2.00,-103.0,2.0
4,2026-08-18 18:00:24,18.78,166.24,327.67,327.67,327.67,27.04,21.15,923.0696,-104,1.75,-104.0,1.75
4,2026-08-18 18:10:24,13.70,120.09,327.67,327.67,327.67,25.75,22.43,923.1043,-103,3.25,-103.0,3.25
4,2026-08-18 18:20:24,19.05,171.39,327.67,327.67,327.67,25.51,22.94,923.0765,-102,3.50,-102.0,3.5
4,2026-08-18 18:30:24,13.25,116.96,327.67,327.67,327.67,25.30,23.51,923.0665,-102,2.75,-102.0,2.75
4,2026-08-18 18:40:24,17.26,154.50,327.67,327.67,327.67,24.95,23.73,923.0592,-102,2.75,-102.0,2.75
4,2026-08-18 18:50:24,14.42,129.08,327.67,327.67,327.67,24.56,24.08,923.1074,-101,4.75,-101.0,4.75
4,2026-08-18 19:00:24,15.79,143.75,327.67,327.67,327.67,24.20,24.58,923.1211,-102,3.00,-102.0,3.0
4,2026-08-18 19:10:24,15.85,140.23,327.67,327.67,327.67,24.46,24.58,923.1904,-102,3.25,-102.0,3.25
4,2026-08-18 19:20:24,23.27,216.25,327.67,327.67,327.67,23.94,25.20,923.3176,-104,2.75,-104.0,2.75
4,2026-08-18 19:30:24,27.89,269.33,327.67,327.67,327.67,23.49,26.32,923.3887,-103,3.25,-103.0,3.25
4,2026-08-18 19:40:24,22.21,209.82,327.67,327.67,327.67,23.26,26.22,923.4800,-104,3.75,-104.0,3.75
4,2026-08-18 19:50:24,12.11,108.81,327.67,327.67,327.67,22.44,27.52,923.5192,-101,4.00,-101.0,4.0
4,2026-08-18 20:00:24,16.55,154.75,327.67,327.67,327.67,21.82,28.27,923.5832,-102,3.25,-102.0,3.25
4,2026-08-18 20:10:24,11.64,109.94,327.67,327.67,327.67,21.72,28.32,923.6281,-101,4.00,-101.0,4.0
4,2026-08-18 20:20:24,15.66,151.44,327.67,327.67,327.67,21.18,29.58,923.6433,-102,3.75,-102.0,3.75
4,2026-08-18 20:30:24,13.33,128.41,327.67,327.67,327.67,20.21,31.10,923.6995,-101,4.00,-101.0,4.0
4,2026-08-18 20:40:24,14.53,143.17,327.67,327.67,327.67,20.01,31.57,923.7807,-104,3.00,-104.0,3.0
4,2026-08-18 20:50:24,7.33,69.93,302.04,327.67,327.67,19.60,32.14,923.9364,-102,4.00,-102.0,4.0
4,2026-08-18 21:00:24,8.11,82.76,327.67,327.67,327.67,18.25,34.63,924.0808,-103,3.00,-103.0,3.0
4,2026-08-18 21:10:24,14.39,153.43,327.67,327.67,327.67,17.59,36.25,924.1889,-102,4.25,-102.0,4.25
4,2026-08-18 21:20:24,12.56,132.91,327.67,327.67,327.67,16.97,38.11,924.3300,-102,3.75,-102.0,3.75
4,2026-08-18 21:30:24,7.09,71.52,325.45,327.67,327.67,16.50,39.04,924.4730,-103,3.75,-103.0,3.75
4,2026-08-18 21:40:24,7.86,80.67,327.67,327.67,327.67,16.19,39.83,924.5595,-103,2.50,-103.0,2.5
4,2026-08-18 21:50:24,17.72,197.77,327.67,327.67,327.67,15.91,40.86,924.6465,-104,2.75,-104.0,2.75
4,2026-08-18 22:00:24,15.34,175.12,327.67,327.67,327.67,15.62,41.84,924.8290,-103,4.00,-103.0,4.0
4,2026-08-18 22:30:24,23.57,276.73,327.67,327.67,327.67,15.28,41.87,925.2099,-103,4.00,-103.0,4.0
4,2026-08-18 22:40:23,11.96,136.97,327.67,327.67,327.67,14.90,42.97,925.2631,-103,2.00,-103.0,2.0
4,2026-08-18 23:10:25,9.25,105.07,327.67,327.67,327.67,14.44,44.53,925.5234,-102,4.75,-102.0,4.75
3,2026-08-18 23:10:25,0.54,0.99,4.16,46.20,0.00,14.47,47.43,925.1266,0,0.00,-102.0,4.75
4,2026-08-18 23:20:24,11.30,132.38,327.67,327.67,327.67,14.10,45.54,925.6154,-105,2.75,-105.0,2.75
3,2026-08-18 23:20:24,0.49,0.86,3.23,39.39,0.00,14.27,48.04,925.1960,0,0.00,-105.0,2.75
4,2026-08-18 23:30:24,11.87,141.11,327.67,327.67,327.67,14.16,45.05,925.7233,-103,3.50,-103.0,3.5
4,2026-08-18 23:40:25,12.93,155.89,327.67,327.67,327.67,14.07,45.50,925.8658,-102,4.50,-102.0,4.5
3,2026-08-18 23:40:25,0.49,0.78,2.68,25.40,0.00,14.27,48.04,925.5107,0,0.00,-102.0,4.5
4,2026-08-19 00:00:23,9.32,112.21,327.67,327.67,327.67,13.97,45.97,926.1889,-103,3.75,-103.0,3.75
4,2026-08-19 00:10:23,15.06,186.65,327.67,327.67,327.67,13.83,46.23,926.2712,-102,3.50,-102.0,3.5
4,2026-08-19 00:20:23,7.59,88.05,327.67,327.67,327.67,13.64,46.92,926.4444,-103,3.50,-103.0,3.5
4,2026-08-19 00:30:23,4.89,55.28,259.90,327.67,327.67,13.82,46.90,926.4405,-104,3.25,-104.0,3.25
4,2026-08-19 00:40:23,5.97,70.31,327.67,327.67,327.67,13.57,47.56,926.6103,-103,3.25,-103.0,3.25
4,2026-08-19 00:50:23,1.61,15.34,78.24,327.67,327.67,13.65,47.77,926.7457,-103,4.50,-103.0,4.5
4,2026-08-19 01:20:23,10.14,126.19,327.67,327.67,327.67,13.44,48.72,926.8264,-102,5.00,-102.0,5.0
4,2026-08-19 01:30:23,3.63,41.31,200.63,327.67,327.67,13.48,49.12,927.0322,-103,3.50,-103.0,3.5
4,2026-08-19 01:40:23,6.15,74.42,327.67,327.67,327.67,13.25,50.01,926.9640,-103,4.00,-103.0,4.0
4,2026-08-19 02:00:24,4.57,53.65,266.82,327.67,327.67,13.01,51.05,927.1276,-105,2.75,-105.0,2.75
3,2026-08-19 02:00:24,0.44,0.67,1.87,20.87,0.00,12.87,54.17,926.8490,0,0.00,-105.0,2.75
4,2026-08-19 02:20:23,0.86,6.72,33.25,327.67,327.67,13.07,51.50,927.2719,-103,4.50,-103.0,4.5
4,2026-08-19 02:30:23,0.58,2.74,11.16,259.98,327.67,12.90,51.94,927.3002,-103,3.50,-103.0,3.5
4,2026-08-19 02:40:23,0.63,3.87,18.81,283.06,327.67,12.68,52.77,927.4476,-104,4.00,-104.0,4.0
4,2026-08-19 02:50:23,0.90,7.21,37.52,327.67,327.67,12.31,54.09,927.5105,-103,2.50,-103.0,2.5
4,2026-08-19 03:00:23,1.25,11.56,60.27,327.67,327.67,12.30,54.23,927.4718,-103,3.75,-103.0,3.75
4,2026-08-19 03:10:23,1.69,19.25,105.02,327.67,327.67,12.34,54.37,927.4949,-103,4.50,-103.0,4.5
4,2026-08-19 03:20:23,0.52,2.48,11.37,236.98,327.67,12.10,55.30,927.5403,-103,4.50,-103.0,4.5
4,2026-08-19 03:30:23,1.31,13.22,69.22,327.67,327.67,12.40,54.14,927.5537,-103,4.25,-103.0,4.25
4,2026-08-19 03:40:23,0.44,1.02,3.49,181.11,327.67,12.45,54.16,927.6061,-102,4.75,-102.0,4.75
4,2026-08-19 03:50:23,0.48,1.99,9.02,108.40,327.67,12.44,54.17,927.6272,-103,3.50,-103.0,3.5
4,2026-08-19 04:00:23,1.17,11.77,61.73,327.67,327.67,12.60,53.78,927.7001,-103,3.75,-103.0,3.75
4,2026-08-19 04:10:23,0.40,0.65,1.49,26.89,327.67,11.07,58.93,927.8850,-102,4.50,-102.0,4.5
4,2026-08-19 04:20:23,0.42,0.67,1.31,27.71,327.67,11.13,58.94,927.8192,-102,2.50,-102.0,2.5
4,2026-08-19 04:30:23,0.49,0.87,1.94,26.56,327.67,10.39,61.62,927.8492,-103,4.75,-103.0,4.75
4,2026-08-19 04:40:23,0.45,0.74,1.54,15.80,327.67,9.87,63.46,927.9379,-102,4.50,-102.0,4.5
4,2026-08-19 04:50:23,0.40,0.62,1.14,20.67,327.67,11.03,59.78,927.9344,-102,4.75,-102.0,4.75
4,2026-08-19 05:00:23,0.50,0.97,2.35,18.77,327.67,10.70,60.48,928.0813,-102,5.00,-102.0,5.0
4,2026-08-19 05:10:23,0.43,0.75,1.91,23.21,327.67,10.11,62.64,928.1803,-103,4.50,-103.0,4.5
4,2026-08-19 05:20:23,0.39,0.60,0.87,10.93,327.67,11.61,57.98,928.2298,-103,3.50,-103.0,3.5
4,2026-08-19 05:30:23,0.43,0.64,1.23,28.59,327.67,11.38,58.24,928.3058,-102,4.50,-102.0,4.5
4,2026-08-19 05:40:23,0.49,0.83,2.29,24.08,327.67,11.01,60.27,928.4167,-102,5.25,-102.0,5.25
4,2026-08-19 05:50:23,0.45,0.75,1.60,22.12,327.67,10.95,60.26,928.5421,-103,4.25,-103.0,4.25
4,2026-08-19 06:00:23,0.47,0.86,2.38,22.85,327.67,10.50,62.56,928.6282,-103,4.25,-103.0,4.25
4,2026-08-19 06:10:23,0.46,0.79,1.68,18.08,327.67,10.28,61.97,928.6563,-103,4.00,-103.0,4.0
4,2026-08-19 06:20:23,0.44,0.71,1.76,17.97,327.67,10.40,62.35,928.7268,-103,5.25,-103.0,5.25
4,2026-08-19 06:30:23,0.47,0.74,1.36,11.74,327.67,10.43,63.40,928.6941,-102,5.00,-102.0,5.0
4,2026-08-19 06:40:23,0.42,0.63,0.95,10.17,327.67,12.47,57.13,928.5358,-102,5.50,-102.0,5.5
4,2026-08-19 06:50:23,0.46,0.87,2.10,38.91,327.67,11.67,57.91,928.5498,-102,4.50,-102.0,4.5
4,2026-08-19 07:00:23,0.41,0.63,1.31,23.33,327.67,12.07,56.80,928.7053,-102,4.75,-102.0,4.75
4,2026-08-19 07:10:23,0.42,0.62,1.11,15.12,327.67,11.89,57.23,928.7608,-102,5.25,-102.0,5.25
4,2026-08-19 07:20:23,0.42,0.67,1.34,21.38,327.67,12.15,56.56,928.8512,-102,5.00,-102.0,5.0
4,2026-08-19 07:30:23,1.23,11.88,66.11,327.67,327.67,12.55,55.69,928.7836,-102,5.25,-102.0,5.25
4,2026-08-19 07:40:23,0.42,0.75,2.36,88.01,327.67,11.92,57.91,928.8659,-102,5.25,-102.0,5.25
4,2026-08-19 07:50:23,0.45,1.02,2.92,84.97,327.67,11.94,57.83,928.8234,-102,4.25,-102.0,4.25
4,2026-08-19 08:00:23,0.42,0.70,1.15,9.71,327.67,12.40,56.53,928.8712,-102,4.50,-102.0,4.5
4,2026-08-19 08:10:23,0.41,0.61,0.98,15.00,327.67,12.01,58.21,928.9920,-102,5.75,-102.0,5.75
4,2026-08-19 08:20:23,0.42,0.62,0.87,6.08,327.67,11.55,59.19,929.0254,-102,4.50,-102.0,4.5
4,2026-08-19 08:30:23,0.44,0.64,1.26,22.78,327.67,11.84,58.60,929.0910,-101,4.75,-101.0,4.75
4,2026-08-19 08:40:23,0.45,0.65,1.10,20.52,327.67,11.99,59.12,929.2940,-103,4.50,-103.0,4.5
4,2026-08-19 08:50:23,0.49,0.70,1.25,16.73,327.67,10.84,63.49,929.5398,-103,5.25,-103.0,5.25
4,2026-08-19 09:00:23,0.45,0.65,1.45,23.28,327.67,11.12,61.40,929.6955,-103,4.75,-103.0,4.75
4,2026-08-19 09:10:23,0.49,0.73,2.15,39.19,327.67,11.57,60.33,929.8051,-102,5.00,-102.0,5.0
4,2026-08-19 09:20:23,0.49,0.74,1.14,10.22,327.67,12.10,59.12,929.9291,-102,4.50,-102.0,4.5
4,2026-08-19 09:30:23,0.44,0.63,1.52,27.77,327.67,12.36,57.74,929.9751,-102,4.25,-102.0,4.25
4,2026-08-19 09:40:23,0.44,0.65,1.57,23.53,327.67,12.66,56.65,930.0128,-101,5.25,-101.0,5.25
4,2026-08-19 09:50:23,0.45,0.68,1.18,17.27,327.67,12.82,56.04,930.1253,-101,5.50,-101.0,5.5
4,2026-08-19 10:00:23,0.44,0.66,1.57,22.47,327.67,12.87,56.13,930.1915,-101,5.25,-101.0,5.25
4,2026-08-19 10:10:23,0.47,0.66,1.10,27.62,327.67,12.84,56.68,930.1971,-101,5.25,-101.0,5.25
4,2026-08-19 10:20:23,0.47,0.71,1.94,29.48,327.67,12.75,56.99,930.2862,-102,4.50,-102.0,4.5
4,2026-08-19 10:30:23,0.45,0.70,2.29,27.32,327.67,12.86,57.10,930.4115,-102,4.75,-102.0,4.75
4,2026-08-19 10:40:23,0.47,0.72,1.64,22.11,327.67,13.02,56.74,930.4464,-101,5.50,-101.0,5.5
4,2026-08-19 10:50:23,0.45,0.71,1.70,26.12,327.67,13.43,55.66,930.4288,-102,5.75,-102.0,5.75
4,2026-08-19 11:00:23,0.43,0.65,1.80,23.04,327.67,13.55,55.19,930.4639,-102,5.00,-102.0,5.0
4,2026-08-19 11:10:23,0.42,0.61,1.14,15.55,327.67,14.02,53.25,930.4330,-102,5.00,-102.0,5.0
4,2026-08-19 11:20:23,0.44,0.59,1.45,26.26,327.67,14.46,51.73,930.3617,-102,4.50,-102.0,4.5
4,2026-08-19 11:30:23,0.42,0.65,1.29,16.52,327.67,15.54,49.11,930.2836,-102,4.50,-102.0,4.5
4,2026-08-19 11:40:23,0.40,0.61,1.21,24.15,327.67,17.07,45.30,930.2586,-101,5.00,-101.0,5.0
4,2026-08-19 11:50:23,0.39,0.58,1.63,32.69,327.67,16.40,47.13,930.1893,-102,6.25,-102.0,6.25
4,2026-08-19 12:00:23,0.41,0.56,1.17,21.05,327.67,15.86,48.22,930.1299,-101,5.75,-101.0,5.75
4,2026-08-19 12:10:23,0.37,0.51,0.80,13.55,327.67,16.21,46.73,930.0268,-103,4.75,-103.0,4.75
4,2026-08-19 12:20:23,0.40,0.55,0.90,20.26,327.67,16.45,45.95,929.9527,-101,5.75,-101.0,5.75
4,2026-08-19 12:30:23,0.42,0.62,0.95,8.89,327.67,16.91,45.07,929.9044,-102,5.75,-102.0,5.75
4,2026-08-19 12:40:23,0.40,0.54,1.04,20.24,327.67,16.11,47.53,929.9457,-102,5.00,-102.0,5.0
4,2026-08-19 12:50:23,0.36,0.49,0.95,19.34,327.67,17.74,44.17,929.9506,-103,4.75,-103.0,4.75
4,2026-08-19 13:00:23,0.39,0.54,0.86,7.15,327.67,17.80,43.09,929.8822,-103,4.50,-103.0,4.5
4,2026-08-19 13:10:23,0.40,0.57,1.18,25.49,327.67,17.66,42.87,929.8346,-102,5.25,-102.0,5.25
4,2026-08-19 13:20:23,0.39,0.55,1.19,19.63,327.67,18.66,41.37,929.8746,-100,5.25,-100.0,5.25
4,2026-08-19 13:30:23,0.38,0.55,0.88,20.13,327.67,20.44,37.33,929.8094,-102,5.00,-102.0,5.0
4,2026-08-19 13:40:23,0.38,0.54,0.91,14.23,327.67,20.38,37.30,929.6892,-100,5.50,-100.0,5.5
4,2026-08-19 13:50:23,0.36,0.64,2.18,59.14,327.67,20.80,36.50,929.5740,-101,5.75,-101.0,5.75
4,2026-08-19 14:00:23,0.41,0.82,2.37,52.14,327.67,20.99,34.97,929.5325,-101,5.50,-101.0,5.5
4,2026-08-19 14:10:23,0.38,0.56,1.22,38.40,327.67,20.94,35.27,929.5200,-102,5.00,-102.0,5.0
4,2026-08-19 14:20:23,0.38,0.55,1.12,20.11,327.67,21.12,34.78,929.4779,-102,4.75,-102.0,4.75
4,2026-08-19 14:30:23,0.38,0.56,1.50,23.19,327.67,21.46,34.07,929.3789,-102,4.25,-102.0,4.25
4,2026-08-19 14:40:23,0.39,0.53,1.05,21.52,327.67,21.65,34.22,929.2690,-102,4.75,-102.0,4.75
4,2026-08-19 14:50:23,0.40,0.57,1.13,15.80,327.67,22.01,34.50,929.1582,-101,5.50,-101.0,5.5
4,2026-08-19 15:00:23,0.41,0.63,1.42,23.93,327.67,23.12,32.78,929.0083,-102,5.25,-102.0,5.25
